id,post_id,subreddit,domain,text,label,confidence,social_timestamp,lex_liwc_WC,lex_liwc_Analytic,lex_liwc_Clout,lex_liwc_Authentic,lex_liwc_Tone,lex_liwc_WPS,lex_liwc_Sixltr,lex_liwc_Dic,lex_liwc_function,lex_liwc_pronoun,lex_liwc_ppron,lex_liwc_i,lex_liwc_we,lex_liwc_you,lex_liwc_shehe,lex_liwc_they,lex_liwc_ipron,lex_liwc_article,lex_liwc_prep,lex_liwc_auxverb,lex_liwc_adverb,lex_liwc_conj,lex_liwc_negate,lex_liwc_verb,lex_liwc_adj,lex_liwc_compare,lex_liwc_interrog,lex_liwc_number,lex_liwc_quant,lex_liwc_affect,lex_liwc_posemo,lex_liwc_negemo,lex_liwc_anx,lex_liwc_anger,lex_liwc_sad,lex_liwc_social,lex_liwc_family,lex_liwc_friend,lex_liwc_female,lex_liwc_male,lex_liwc_cogproc,lex_liwc_insight,lex_liwc_cause,lex_liwc_discrep,lex_liwc_tentat,lex_liwc_certain,lex_liwc_differ,lex_liwc_percept,lex_liwc_see,lex_liwc_hear,lex_liwc_feel,lex_liwc_bio,lex_liwc_body,lex_liwc_health,lex_liwc_sexual,lex_liwc_ingest,lex_liwc_drives,lex_liwc_affiliation,lex_liwc_achieve,lex_liwc_power,lex_liwc_reward,lex_liwc_risk,lex_liwc_focuspast,lex_liwc_focuspresent,lex_liwc_focusfuture,lex_liwc_relativ,lex_liwc_motion,lex_liwc_space,lex_liwc_time,lex_liwc_work,lex_liwc_leisure,lex_liwc_home,lex_liwc_money,lex_liwc_relig,lex_liwc_death,lex_liwc_informal,lex_liwc_swear,lex_liwc_netspeak,lex_liwc_assent,lex_liwc_nonflu,lex_liwc_filler,lex_liwc_AllPunc,lex_liwc_Period,lex_liwc_Comma,lex_liwc_Colon,lex_liwc_SemiC,lex_liwc_QMark,lex_liwc_Exclam,lex_liwc_Dash,lex_liwc_Quote,lex_liwc_Apostro,lex_liwc_Parenth,lex_liwc_OtherP
17554,7tx7et,relationships,social,"I think he doesn't want to put in the effort for the relationship to work (and we're both so difficult that we have to work on our relationships, doesn't matter with whom) but he can't be without me either. What should I do? I'm afraid this is gonna happen over and over again, because I'm always forgiving him at some point. Am I being strung along? TL;DR: Boyfriend [28,M] broke up with me [23,F] after on-off for 1.5 years, I thought we just got it together and am devastated...don't know what to do, want to keep fighting but should I?",1,1.0,1517274027,105,28.22,46.19,82.75,1.0,21.0,10.48,92.38,63.81,20.95,15.24,8.57,3.81,0.0,2.86,0.0,5.71,1.9,19.05,14.29,2.86,6.67,4.76,25.71,3.81,1.9,2.86,2.86,2.86,5.71,0.95,4.76,0.95,0.95,1.9,13.33,0.0,0.95,0.0,3.81,15.24,3.81,0.95,3.81,0.95,0.95,4.76,0.0,0.0,0.0,0.0,0.95,0.0,0.95,0.0,0.0,16.19,7.62,2.86,3.81,0.95,0.95,1.9,20.95,0.95,16.19,1.9,10.48,3.81,2.86,0.0,0.0,0.0,0.0,0.0,0.95,0.0,0.95,0.0,0.0,0.0,28.57,4.76,5.71,0.95,0.95,2.86,0.0,0.95,0.0,6.67,1.9,3.81
33053,5m3k80,anxiety,anxiety,It cleared up and I was okay but. On Monday I was thinking about humans and how the brain works and it tripped me out I got worried that because I was thinking about how the brain works that I would lose sleep and I did. That night was bad just like last time.   Also yesterday my sleep was bad I woke up like every hour of the night just like last time. I got kind of scared like I did last time but this time I think that this is fake life which is absurd but I just think about it then get really scared then I think rationally then calm down.,1,0.8,1483582174,112,11.24,6.47,99.0,1.0,22.4,8.04,98.21,60.71,21.43,12.5,12.5,0.0,0.0,0.0,0.0,8.93,2.68,11.61,8.93,8.93,12.5,0.0,20.54,4.46,3.57,2.68,0.0,0.89,8.04,1.79,6.25,2.68,0.0,0.89,0.89,0.0,0.0,0.0,0.0,14.29,5.36,3.57,0.89,0.89,0.89,3.57,0.0,0.0,0.0,0.0,4.46,3.57,0.89,0.0,0.0,9.82,0.0,2.68,2.68,2.68,2.68,10.71,8.04,2.68,18.75,0.89,4.46,13.39,1.79,0.0,0.0,0.0,0.0,0.0,0.89,0.0,0.0,0.89,0.0,0.0,4.46,4.46,0.0,0.0,0.0,0.0,0.0,0.0,0.0,0.0,0.0,0.0
1517,61eiq6,assistance,financial,"I just feel like the street life has fucked my head up. There's so much I don't even know how to talk about anymore, I just hold that shit. Only person I can really chat with is a pal I know at the bar. He has PTSD and shit from the military bad, hard up alcoholic nowadays after killing people.. We talk once every few weeks and we are open and it's cool. But normal people?",1,1.0,1490428087,76,24.27,50.0,74.76,1.0,12.67,6.58,97.37,56.58,15.79,11.84,7.89,2.63,0.0,1.32,0.0,3.95,5.26,11.84,10.53,11.84,7.89,1.32,15.79,6.58,2.63,1.32,1.32,3.95,7.89,1.32,6.58,0.0,5.26,0.0,13.16,0.0,1.32,0.0,1.32,9.21,3.95,1.32,0.0,0.0,1.32,2.63,3.95,0.0,0.0,3.95,9.21,3.95,2.63,1.32,2.63,10.53,5.26,0.0,3.95,0.0,1.32,1.32,19.74,0.0,11.84,0.0,6.58,5.26,0.0,3.95,0.0,0.0,0.0,1.32,5.26,3.95,0.0,1.32,0.0,0.0,15.79,7.89,2.63,0.0,0.0,1.32,0.0,0.0,0.0,3.95,0.0,0.0
901,8mqmx3,anxiety,anxiety,"The sensation lasted hours. It seemed like a circulation problem, and I panicked and of course ended up in the ER again. This time a doctor came to see me immediately. He wanted to talk about my anxiety. He said he could run some more tests, but he didn't think it would help.",1,0.8,1527519277,53,59.93,57.49,36.1,1.0,10.6,11.32,100.0,54.72,18.87,13.21,5.66,0.0,0.0,7.55,0.0,5.66,7.55,13.21,5.66,5.66,5.66,1.89,20.75,1.89,3.77,0.0,0.0,3.77,5.66,0.0,5.66,3.77,0.0,0.0,13.21,0.0,0.0,0.0,7.55,16.98,3.77,0.0,7.55,3.77,0.0,3.77,5.66,1.89,1.89,1.89,3.77,1.89,1.89,0.0,0.0,7.55,1.89,0.0,5.66,0.0,1.89,11.32,7.55,0.0,20.75,5.66,3.77,11.32,5.66,0.0,0.0,0.0,0.0,0.0,1.89,0.0,0.0,0.0,1.89,0.0,15.09,9.43,3.77,0.0,0.0,0.0,0.0,0.0,0.0,1.89,0.0,0.0
8594,7rfjom,assistance,financial,"This is helping to get kids in the area tan ability to practice and a strong group of girls to look up to. So if you would please help busboy donating, even a dollar, would be amazing for not only us but the future generations of kids. Thank you so much for taking the time to read this, even if you don't donate, you reading this showed you cared enough to open the link :) Here is also a link to our softball teams website: <url> Now the actual information you'll find on the campaign page is listed here!",0,1.0,1516332924,99,67.51,95.68,16.48,99.0,33.0,11.11,90.91,55.56,11.11,8.08,0.0,2.02,6.06,0.0,0.0,3.03,9.09,14.14,8.08,9.09,7.07,2.02,20.2,2.02,0.0,0.0,0.0,2.02,7.07,7.07,0.0,0.0,0.0,0.0,15.15,0.0,0.0,1.01,0.0,10.1,4.04,0.0,4.04,2.02,0.0,4.04,2.02,2.02,0.0,0.0,0.0,0.0,0.0,0.0,0.0,13.13,6.06,3.03,4.04,2.02,0.0,2.02,13.13,2.02,11.11,0.0,7.07,4.04,3.03,1.01,0.0,3.03,0.0,0.0,1.01,0.0,1.01,0.0,0.0,0.0,12.12,2.02,4.04,1.01,0.0,0.0,1.01,0.0,0.0,2.02,0.0,2.02
1220,9jhgob,ptsd,ptsd,"Through work I have been in some dodgy situations abroad. A number of times my life has been at risk, and I've had to defend myself a few times. I'm a civilian and have only had basic weapon training. &#x200B; We've always had an ex-military security contractor with us, but still had to perform aggressive roles when approached.",1,0.6,1538087875,59,36.24,50.0,67.53,1.0,14.75,16.95,86.44,55.93,11.86,11.86,8.47,3.39,0.0,0.0,0.0,0.0,6.78,11.86,20.34,5.08,6.78,0.0,22.03,5.08,0.0,1.69,0.0,3.39,8.47,1.69,6.78,1.69,3.39,0.0,6.78,0.0,0.0,0.0,0.0,5.08,0.0,0.0,0.0,1.69,1.69,1.69,0.0,0.0,0.0,0.0,1.69,0.0,1.69,0.0,0.0,13.56,3.39,1.69,1.69,1.69,5.08,13.56,10.17,0.0,13.56,1.69,3.39,8.47,3.39,0.0,0.0,0.0,0.0,0.0,1.69,0.0,0.0,0.0,0.0,0.0,22.03,6.78,3.39,0.0,1.69,0.0,0.0,1.69,0.0,5.08,0.0,3.39
1199,7q3gp9,assistance,financial,"You can see the detail on my [update 2 right <url> and here's a link to the [project github <url> So I'm begging you here, literally begging you. If there's anyone out there who would be kind enough to give me a second chance to fix my fuck up and finish my degree, would you please consider giving me some financial aid via [my goFundMe <url> I'm literally in dire need of help right here and I don't know where else to turn other than the people of the internet :( ***Kind regards,",1,0.857142857,1515833619,93,50.2,45.71,78.86,66.47,46.5,10.75,82.8,53.76,17.2,13.98,9.68,0.0,4.3,0.0,0.0,3.23,6.45,12.9,8.6,7.53,5.38,1.08,20.43,1.08,1.08,2.15,2.15,1.08,6.45,4.3,2.15,0.0,1.08,0.0,10.75,0.0,0.0,0.0,0.0,13.98,3.23,0.0,4.3,4.3,0.0,4.3,1.08,1.08,0.0,0.0,1.08,0.0,0.0,1.08,0.0,4.3,1.08,0.0,4.3,0.0,0.0,0.0,15.05,0.0,12.9,1.08,9.68,2.15,2.15,0.0,0.0,3.23,0.0,0.0,2.15,1.08,1.08,0.0,0.0,0.0,22.58,1.08,3.23,0.0,0.0,0.0,0.0,0.0,0.0,5.38,0.0,12.9
891,8b0cas,ptsd,ptsd,"She was seventeen and they met in a hospital, he was in the drug rehab, she was in the mental hospital. She was 17, and he technically kidnapped her, running across the country. She immediately got pregnant with me, and he married her, at which point the law washed their hands of the matter. I was born premature, 5 months and 3 weeks, which in 1981 was very dangerous. I spent 8 months in an incubator, and had heart surgery, but lived, and have not had health problems.",0,1.0,1523295620,88,46.88,81.84,5.43,3.73,17.6,17.05,88.64,57.95,18.18,15.91,3.41,0.0,0.0,10.23,2.27,2.27,7.95,10.23,10.23,2.27,7.95,1.14,18.18,2.27,0.0,2.27,6.82,0.0,2.27,0.0,2.27,0.0,0.0,0.0,15.91,2.27,0.0,6.82,3.41,3.41,0.0,0.0,1.14,0.0,0.0,2.27,1.14,0.0,0.0,1.14,12.5,2.27,10.23,1.14,0.0,6.82,2.27,0.0,1.14,1.14,2.27,15.91,1.14,0.0,17.05,1.14,10.23,5.68,1.14,1.14,0.0,1.14,0.0,0.0,0.0,0.0,0.0,0.0,0.0,0.0,18.18,5.68,12.5,0.0,0.0,0.0,0.0,0.0,0.0,0.0,0.0,0.0
1802,70i0ay,assistance,financial,"Our dog Jett has been diagnosed with diabetes and is now in the hospital to stabilize his blood sugar. Luckily, he seems to be doing well and he will be home with us soon. Unfortunately, his bill is large enough that we just can't cover it on our own (especially with our poor financial situation). We're being evicted from our home soon and trying to find a place with this bill is just too much for us by ourselves. [To help us with the bill, we set up a GoFundMe <url>",1,0.6,1505581379,91,42.69,99.0,2.11,25.77,18.2,13.19,87.91,64.84,19.78,16.48,0.0,12.09,0.0,4.4,0.0,3.3,4.4,16.48,10.99,8.79,3.3,1.1,15.38,2.2,0.0,0.0,0.0,1.1,4.4,2.2,2.2,0.0,0.0,0.0,17.58,0.0,0.0,0.0,4.4,7.69,3.3,0.0,0.0,3.3,1.1,1.1,1.1,0.0,0.0,0.0,5.49,1.1,3.3,0.0,1.1,17.58,13.19,1.1,4.4,0.0,0.0,1.1,12.09,3.3,8.79,0.0,5.49,3.3,1.1,0.0,2.2,5.49,0.0,0.0,1.1,0.0,0.0,0.0,1.1,0.0,15.38,4.4,3.3,0.0,0.0,0.0,0.0,0.0,0.0,2.2,2.2,3.3
396,92wagq,homeless,financial,"I'm pretty healthy and have a silcock key for water but surviving the heat goes beyond just staying hydrated. Not enough food or the salt that comes with it led to bad cramps most mornings. Sleep was but a wishful dream. When the night time lows are still in the mid 90s, you just sortta sweat and doze. Flip your pillow when its soaking wet and repeat.",0,0.8,1532884391,67,48.87,38.25,88.99,53.85,13.4,11.94,82.09,47.76,8.96,4.48,1.49,0.0,2.99,0.0,0.0,4.48,8.96,7.46,5.97,8.96,11.94,1.49,10.45,2.99,1.49,2.99,0.0,1.49,4.48,2.99,1.49,0.0,0.0,0.0,2.99,0.0,0.0,0.0,0.0,10.45,0.0,1.49,0.0,4.48,0.0,5.97,2.99,0.0,0.0,1.49,8.96,2.99,1.49,0.0,4.48,2.99,0.0,1.49,0.0,0.0,1.49,2.99,7.46,0.0,20.9,5.97,5.97,10.45,0.0,1.49,1.49,0.0,0.0,0.0,0.0,0.0,0.0,0.0,0.0,0.0,10.45,7.46,1.49,0.0,0.0,0.0,0.0,0.0,0.0,1.49,0.0,0.0
29353,88ddzu,domesticviolence,abuse,"I just got out of a four year, mostly on but sometimes off relationship. The last interaction we had, he was moving out. The night before, he had strangled me. We've had a toxic relationship, but mostly loving. He truly tried to love me as much as possible, but would get drunk and be verbally abusive.",0,1.0,1522441078,56,47.35,85.81,52.86,87.2,11.2,14.29,96.43,62.5,14.29,14.29,5.36,3.57,0.0,5.36,0.0,0.0,7.14,16.07,12.5,7.14,10.71,0.0,19.64,5.36,5.36,0.0,1.79,1.79,7.14,5.36,1.79,0.0,1.79,0.0,17.86,0.0,0.0,0.0,5.36,16.07,0.0,0.0,1.79,7.14,1.79,5.36,0.0,0.0,0.0,0.0,5.36,0.0,1.79,0.0,1.79,17.86,12.5,1.79,0.0,3.57,0.0,12.5,3.57,0.0,17.86,1.79,7.14,8.93,0.0,1.79,0.0,0.0,0.0,0.0,0.0,0.0,0.0,0.0,0.0,0.0,19.64,8.93,8.93,0.0,0.0,0.0,0.0,0.0,0.0,1.79,0.0,0.0
1442,99qzq1,survivorsofabuse,abuse,"i knew gay was humiliation. i tried bringing up to my dad, and he said he wouldn't care if his son was a fudge packer, nor would he care bout that son anymore. i then had to speak to the bishop of my church and tell him about me possibly being gay. my dad was in the back of the room and another man i had never met wa sitting next to him. He asked me if i had ever had any gay encounters.",1,0.857142857,1535056653,84,12.07,54.73,23.51,47.81,16.8,9.52,94.05,63.1,23.81,20.24,11.9,0.0,0.0,8.33,0.0,3.57,4.76,10.71,11.9,4.76,8.33,3.57,25.0,4.76,0.0,0.0,0.0,2.38,3.57,2.38,1.19,1.19,1.19,0.0,20.24,4.76,0.0,0.0,14.29,11.9,1.19,0.0,4.76,4.76,2.38,3.57,2.38,0.0,2.38,0.0,3.57,0.0,0.0,3.57,0.0,5.95,2.38,1.19,2.38,0.0,0.0,14.29,4.76,1.19,13.1,1.19,5.95,7.14,0.0,0.0,1.19,0.0,2.38,0.0,0.0,0.0,0.0,0.0,0.0,0.0,9.52,5.95,2.38,0.0,0.0,0.0,0.0,0.0,0.0,1.19,0.0,0.0
637,8h1rtk,ptsd,ptsd,"I kept my head up and demanded the respect I deserve. I was very polite and expect the same. She wasn’t, so I put her in her place (she reprimanded me for leaving my gowns hung up in the dressing room). I came back to try on another gown and she goes you could at least bring them back. Mind you I have a one year old in my cart....",0,0.8,1525461049,70,31.77,44.33,95.88,78.19,14.0,10.0,88.57,61.43,27.14,25.71,14.29,0.0,2.86,7.14,1.43,1.43,5.71,12.86,5.71,5.71,5.71,1.43,15.71,4.29,2.86,0.0,1.43,2.86,2.86,2.86,0.0,0.0,0.0,0.0,12.86,0.0,0.0,7.14,0.0,5.71,0.0,0.0,2.86,1.43,0.0,1.43,0.0,0.0,0.0,0.0,1.43,1.43,0.0,0.0,0.0,7.14,0.0,1.43,5.71,0.0,0.0,5.71,5.71,1.43,25.71,7.14,15.71,5.71,0.0,0.0,1.43,0.0,0.0,0.0,0.0,0.0,0.0,0.0,0.0,0.0,17.14,11.43,1.43,0.0,0.0,0.0,0.0,0.0,0.0,1.43,2.86,0.0
1896,5x3dvl,anxiety,anxiety,"> > In recent years, I've noticed that I deal with some post-nasal drip, sneeze a lot throughout the day, deal with headaches, and have itchy, watery eyes. Maybe I have developed some kind of allergy that is influencing this? > > Any help is appreciated.",0,0.571428571,1488463736,42,60.8,31.71,68.01,70.57,14.0,19.05,88.1,42.86,14.29,7.14,7.14,0.0,0.0,0.0,0.0,7.14,4.76,9.52,11.9,2.38,2.38,0.0,16.67,4.76,2.38,0.0,0.0,9.52,2.38,2.38,0.0,0.0,0.0,0.0,2.38,0.0,0.0,0.0,0.0,21.43,4.76,2.38,0.0,14.29,0.0,0.0,7.14,2.38,0.0,2.38,11.9,7.14,7.14,0.0,0.0,4.76,2.38,0.0,4.76,0.0,0.0,2.38,11.9,0.0,11.9,0.0,2.38,7.14,2.38,0.0,0.0,0.0,0.0,0.0,0.0,0.0,0.0,0.0,0.0,0.0,33.33,4.76,11.9,0.0,0.0,2.38,0.0,2.38,0.0,2.38,0.0,9.52
718,9p4ung,ptsd,ptsd,"I'm gonna try and get some sleep as it's the middle of the night here, and I hope I get through tomorrow with a single trigger, like I always wish for before I go to sleep. I hold that hope, and I know one day, it'll happen. Not now, but one day. Edit: Thank you all for your support and kind messages. It's really helped me get through today, and to keep moving forward, no matter how scary it seems, it's still moving forward.",0,0.571428571,1539827412,84,34.21,17.04,95.13,95.81,16.8,9.52,97.62,51.19,19.05,11.9,9.52,0.0,2.38,0.0,0.0,7.14,3.57,13.1,5.95,5.95,9.52,2.38,27.38,5.95,4.76,1.19,3.57,3.57,7.14,5.95,1.19,1.19,0.0,0.0,3.57,0.0,0.0,0.0,0.0,16.67,2.38,2.38,3.57,5.95,2.38,3.57,0.0,0.0,0.0,0.0,2.38,2.38,0.0,0.0,0.0,5.95,1.19,1.19,0.0,3.57,0.0,1.19,22.62,7.14,19.05,7.14,3.57,13.1,1.19,0.0,0.0,0.0,0.0,0.0,1.19,0.0,1.19,0.0,0.0,0.0,22.62,5.95,9.52,1.19,0.0,0.0,0.0,0.0,0.0,5.95,0.0,0.0
2026,8fseme,survivorsofabuse,abuse,"But she says she can't stand hearing it because she's got enough on her plate as she actually suffers with depression herself. I do read other people's posts and think maybe I've actually had it easy. Maybe I'm just over exaggerating thing, but i feel like I need to get it off my chest. Anyway thanks for reading. ( sorry the post is so long ).",1,0.571428571,1525019368,64,4.85,26.6,35.37,7.63,12.8,15.62,92.19,64.06,26.56,18.75,9.38,0.0,0.0,9.38,0.0,7.81,1.56,12.5,9.38,10.94,9.38,1.56,25.0,4.69,3.12,0.0,0.0,0.0,7.81,3.12,4.69,0.0,0.0,4.69,14.06,0.0,0.0,9.38,0.0,18.75,3.12,1.56,1.56,3.12,0.0,9.38,4.69,0.0,3.12,1.56,1.56,1.56,0.0,0.0,0.0,4.69,0.0,0.0,1.56,3.12,0.0,3.12,20.31,0.0,7.81,0.0,6.25,0.0,1.56,0.0,0.0,0.0,0.0,0.0,1.56,0.0,0.0,0.0,0.0,1.56,20.31,7.81,1.56,0.0,0.0,0.0,0.0,0.0,0.0,7.81,3.12,0.0
1212,91xcr4,stress,anxiety,"I'm 24 and have massive amounts of stress going on with job hunting. I live with parents who are constantly on my back and getting angry with me for not having a job. They keep trying to help me by saying ""oh this place is hiring and that place is hiring again."" I have tried all places where I live and every time I don't get an interview let alone hired. Even if they have a sign up that they are hiring, they tell me ""sorry we're not hiring right now.""",1,1.0,1532563934,91,18.66,37.09,89.63,1.0,18.2,7.69,97.8,59.34,19.78,15.38,9.89,1.1,0.0,0.0,4.4,4.4,3.3,10.99,12.09,6.59,5.49,3.3,29.67,4.4,0.0,2.2,1.1,3.3,4.4,0.0,4.4,1.1,1.1,2.2,12.09,1.1,0.0,0.0,0.0,6.59,0.0,0.0,1.1,2.2,2.2,3.3,1.1,0.0,1.1,0.0,2.2,0.0,2.2,0.0,0.0,10.99,3.3,2.2,4.4,2.2,0.0,2.2,17.58,1.1,16.48,1.1,10.99,5.49,8.79,1.1,0.0,0.0,0.0,0.0,1.1,0.0,0.0,0.0,1.1,0.0,14.29,5.49,1.1,0.0,0.0,0.0,0.0,0.0,4.4,3.3,0.0,0.0
19961,7cm97l,ptsd,ptsd,"When I was a kid, I suffered a kind of unlikely injury that basically ruined me mentally, and it seems like I just CAN NOT get away from it, because it's such cheap gory shock value that everyone uses it when they need cheap gory shock value. And if I'm not mentally prepared to see it I have a panic attack or just start crying. A fucking jokey homebrew cursed item on r/DND did that to me today, and I hate that my trauma is so bad that I have to stay guarded even when I'm just reading a funny thread about my favorite hobby. I'm still thinking about that fucking item. I'm so tired.",1,1.0,1510568847,115,4.45,4.93,66.04,1.0,23.0,13.91,92.17,58.26,23.48,13.04,12.17,0.0,0.0,0.0,0.87,10.43,4.35,7.83,9.57,12.17,9.57,1.74,19.13,4.35,0.87,2.61,0.0,0.0,14.78,4.35,10.43,0.87,3.48,2.61,2.61,0.0,0.0,0.0,0.0,10.43,1.74,1.74,1.74,4.35,0.87,3.48,0.87,0.87,0.0,0.0,3.48,0.87,1.74,1.74,0.0,6.09,0.0,0.0,3.48,0.87,1.74,2.61,15.65,0.87,7.83,0.87,2.61,5.22,0.0,2.61,0.0,1.74,0.0,0.0,2.61,1.74,0.87,0.0,0.0,0.0,13.04,4.35,3.48,0.0,0.0,0.0,0.0,0.0,0.0,4.35,0.0,0.87
39786,7y7zh9,homeless,financial,"I looked regular for once and it’s been a while to feel that way. I wanted to show who I was today to the world, it was empowering seeing that face I used to be especially when I saw him just a month ago. I left right away to catch any train heading to North Hollywood and eventually arrived at the area of my work interview. I was early but I know I made a mistake without considering how hard it is to panhandle especially when you don’t look it for the part. I had a sign with me and I asked people to spare me a quarter at most but all I got were weird looks.",0,0.714285714,1518888549,117,40.32,13.32,98.01,6.64,23.4,11.97,94.87,59.83,20.51,14.53,12.82,0.0,0.85,0.85,0.0,5.98,6.84,13.68,8.55,5.98,7.69,1.71,22.22,4.27,0.85,3.42,1.71,3.42,1.71,0.0,1.71,0.0,0.0,0.0,5.13,0.0,0.0,0.0,0.85,13.68,2.56,2.56,1.71,1.71,2.56,2.56,6.84,5.13,0.0,1.71,0.85,0.85,0.0,0.0,0.0,1.71,0.0,0.85,0.0,0.85,0.0,13.68,8.55,1.71,17.95,2.56,7.69,7.69,1.71,0.0,0.0,0.0,0.0,0.0,0.0,0.0,0.0,0.0,0.0,0.0,6.84,4.27,0.85,0.0,0.0,0.0,0.0,0.0,0.0,1.71,0.0,0.0
54618,8myeyu,ptsd,ptsd,"Any help on how to stop ruminating? I work with some pretty toxic people and I can accept when people are ignorant and generally rude about my PTSD. I get it, some people are just really stupid and ignorant and won't understand how the assault affected me. But I spend WEEKS ruminating on all the things they've said, things they might say next... and the grounding techniques that my therapist suggests never stops it. How do you distract yourself from ruminating or arguing with people in your head?",1,1.0,1527593957,88,8.44,71.51,80.39,1.0,14.67,18.18,94.32,55.68,19.32,13.64,7.95,0.0,3.41,0.0,2.27,5.68,3.41,9.09,7.95,10.23,12.5,2.27,14.77,3.41,0.0,4.55,0.0,4.55,10.23,2.27,6.82,0.0,4.55,0.0,15.91,0.0,0.0,0.0,0.0,20.45,3.41,4.55,0.0,7.95,2.27,3.41,2.27,0.0,2.27,0.0,3.41,1.14,2.27,0.0,0.0,9.09,1.14,1.14,4.55,1.14,2.27,3.41,10.23,2.27,11.36,0.0,4.55,6.82,1.14,0.0,0.0,1.14,0.0,0.0,0.0,0.0,0.0,0.0,0.0,0.0,13.64,6.82,2.27,0.0,0.0,2.27,0.0,0.0,0.0,2.27,0.0,0.0
803,7sjxl5,relationships,social,"After college for about 2 years, I focused on my career and wasn't totally putting myself out there. Now, for the last year, I've actively put myself in the dating pool. It never seemed appealing to hang around in clubs or bars to hopefully pick someone up, so I've mostly stuck to online dating. I was mostly pretty casually looking, and would go on there when the mood struck me or I was speaking to someone I saw potential with. Over the course of the last about 2.5 months, I've been on 3 dates.",0,1.0,1516760874,94,53.86,12.1,99.0,82.79,18.8,13.83,92.55,61.7,14.89,11.7,11.7,0.0,0.0,0.0,0.0,3.19,5.32,21.28,8.51,13.83,6.38,2.13,18.09,1.06,1.06,1.06,3.19,0.0,5.32,3.19,0.0,0.0,0.0,0.0,5.32,0.0,0.0,0.0,0.0,15.96,1.06,1.06,2.13,10.64,2.13,3.19,3.19,2.13,1.06,0.0,1.06,0.0,0.0,0.0,1.06,6.38,3.19,1.06,2.13,0.0,0.0,7.45,7.45,2.13,27.66,4.26,10.64,12.77,3.19,3.19,0.0,0.0,0.0,0.0,0.0,0.0,0.0,0.0,0.0,0.0,15.96,5.32,6.38,0.0,0.0,0.0,0.0,0.0,0.0,4.26,0.0,0.0
786,6dfbg8,anxiety,anxiety,"I get anxious because I am worried about bad things that I think may happen in my life. Im worried about losing my job, my girlfriend might leave me for someone more funny, with a better job, that is more self confident etc. You think these things because you perceive yourself to have no value. I get so preoccupied with these worries and it constantly undermines my self esteem that it applies to other areas in your life, even everyday interactions, going to the store, these can be extremely stressful events. You're so unconfident in yourself that you have a million thoughts a second and constantly second guess yourself.",1,1.0,1495780739,109,9.9,79.55,56.75,2.16,21.8,22.94,93.58,60.55,29.36,16.51,9.17,0.0,7.34,0.0,0.0,12.84,3.67,10.09,9.17,7.34,5.5,0.92,16.51,6.42,2.75,0.0,2.75,1.83,10.09,3.67,6.42,4.59,0.0,0.92,11.93,0.0,0.92,0.0,0.0,12.84,3.67,1.83,0.0,3.67,2.75,0.92,0.92,0.0,0.0,0.0,1.83,0.0,1.83,0.0,0.0,7.34,1.83,2.75,0.92,3.67,1.83,0.0,14.68,2.75,8.26,1.83,3.67,2.75,1.83,0.0,0.0,0.92,0.0,0.0,0.0,0.0,0.0,0.0,0.0,0.0,11.01,4.59,5.5,0.0,0.0,0.0,0.0,0.0,0.0,0.92,0.0,0.0
36749,7nj3pj,relationships,social,"(Hurt the ego, but whatever, I guess you're not always gonna be the hottest guy she's ever been with.) Then I found another thing that pretty much destroyed me - an e-mail to her high school boyfriend begging him to come visit her and have sex with her, because of how fantastic it was when they used to have sex. This was probably half a year after we had split up, and the implied comparison with me was pretty clear. Making matters worse is that this guy basically checks all the boxes on shit that makes me insecure - tall, douchey rich guy (in contrast to me - 5'8"", not at all douchey guy with a good but not incredibly glamorous career). Anyway, these pieces of information - that she pretty much opened up to me sexually only when she felt threatened by another woman, and that she has clearly been with other guys who she's had much more sexual interest in than me - pretty much led me to the alternate hypothesis that it wasn't the vaginal pain and the birth control so much as her lack of attraction to me in comparison to past boyfriends.",1,0.8,1514855819,193,40.59,50.0,31.66,55.05,38.6,16.58,95.85,57.51,20.73,11.92,5.18,0.52,0.52,5.18,0.52,8.81,5.18,13.99,8.29,5.18,6.74,2.07,13.99,6.74,4.15,2.59,1.55,5.7,8.81,5.18,3.63,1.04,1.55,0.52,12.44,0.0,3.63,5.18,4.15,17.62,1.55,4.15,0.52,3.63,3.11,4.66,2.59,0.52,0.0,2.07,3.63,1.04,0.52,2.59,0.0,8.29,1.55,0.0,5.18,0.52,1.55,6.74,6.74,1.04,12.44,2.07,5.7,4.66,1.04,0.0,0.0,1.04,0.0,0.0,2.59,1.55,0.52,0.0,0.0,0.52,15.03,2.59,4.15,0.0,0.0,0.0,0.0,3.11,0.52,2.59,2.07,0.0
46984,6smggz,anxiety,anxiety,"There's a TL;DR at the bottom for those who wanna get to the point this gets kinda lengthy. Hi, I'm 19 and this is my first time posting here and I'm hoping at least one person can relate. Before a few months ago I never had to deal with anxiety really, but out of nowhere it hit me like a truck. I guess what's been causing it is relationship issues, but mostly health anxiety. My first major mistake was googling symptoms I started having, not realizing that it was normal for anxiety to cause physical symptoms.",1,1.0,1502294664,97,35.31,15.12,78.69,1.48,19.4,15.46,91.75,55.67,17.53,8.25,8.25,0.0,0.0,0.0,0.0,9.28,5.15,12.37,13.4,5.15,4.12,3.09,19.59,6.19,4.12,2.06,4.12,2.06,5.15,1.03,4.12,3.09,0.0,0.0,5.15,0.0,0.0,0.0,0.0,16.49,2.06,2.06,3.09,4.12,2.06,4.12,0.0,0.0,0.0,0.0,5.15,0.0,5.15,0.0,0.0,8.25,2.06,2.06,2.06,2.06,0.0,6.19,10.31,2.06,14.43,0.0,6.19,8.25,0.0,0.0,0.0,0.0,0.0,0.0,2.06,0.0,1.03,0.0,0.0,0.0,14.43,5.15,4.12,0.0,1.03,0.0,0.0,0.0,0.0,4.12,0.0,0.0
11146,8oj1fd,stress,anxiety,"The simplest breathing technique can help you calm your mind. It's called diaphragmatic breathing. Simply, place your hands on your belly, then ribs, then upper chest and practice breathing into your hands. At the end, you place one hand on your belly and the other on your heart and breath into your belly up to your heart and back out again. By placing my hands on your body, you can choose a certain number of breaths to count and focus on the physical sensation of your hands rising and falling.",0,1.0,1528132606,90,74.89,99.0,82.75,67.75,18.0,14.44,93.33,54.44,17.78,15.56,1.11,0.0,14.44,0.0,0.0,2.22,5.56,16.67,3.33,3.33,8.89,0.0,3.33,4.44,1.11,0.0,1.11,0.0,2.22,2.22,0.0,0.0,0.0,0.0,16.67,0.0,0.0,0.0,0.0,3.33,1.11,0.0,0.0,0.0,1.11,1.11,6.67,0.0,0.0,6.67,22.22,21.11,1.11,0.0,0.0,4.44,1.11,1.11,3.33,0.0,0.0,1.11,4.44,2.22,23.33,2.22,16.67,5.56,1.11,0.0,0.0,0.0,0.0,0.0,0.0,0.0,0.0,0.0,0.0,0.0,12.22,5.56,5.56,0.0,0.0,0.0,0.0,0.0,0.0,1.11,0.0,0.0
2064,6vfkc2,domesticviolence,abuse,"Even when (now talking about other times) I tried to be playful and like scare prank him, he would beat me up for it. And I still looked up to him for some reason. I believe no child should ever experience these kinds of things. They always drag themselves into your future life. In my case, I have sworn to myself to never become like my father, but I still have these... well, issues.",0,0.571428571,1503450563,74,12.68,29.43,95.33,51.03,12.33,6.76,93.24,70.27,27.03,20.27,12.16,0.0,1.35,4.05,2.7,6.76,0.0,18.92,8.11,12.16,5.41,2.7,13.51,1.35,2.7,1.35,0.0,1.35,4.05,2.7,1.35,1.35,0.0,0.0,12.16,1.35,0.0,0.0,5.41,16.22,4.05,1.35,2.7,1.35,4.05,4.05,2.7,1.35,0.0,0.0,1.35,0.0,1.35,0.0,0.0,6.76,0.0,2.7,5.41,0.0,0.0,2.7,8.11,1.35,17.57,0.0,5.41,12.16,0.0,1.35,0.0,0.0,0.0,0.0,1.35,0.0,0.0,0.0,1.35,0.0,18.92,10.81,5.41,0.0,0.0,0.0,0.0,0.0,0.0,0.0,2.7,0.0
954,9md6qz,survivorsofabuse,abuse,"These weren't the only punishments, though. Sometimes he'd make us choose a favorite toy or plushie to be thrown out if we'd made him mad, and one time when he caught me rescuing my plushie, he slapped me across the face, then made me watch him cut her into little pieces, standing there at 1 in the morning berating me about how I was a stupid, ignorant little bitch that needed right and wrong beaten into her, because I was too stupid to to know how to do as I was told. Sometimes, though, he'd not just snap and get angry... He'd utterly lose control of himself. Screaming so furiously I couldn't really understand him, grabbing me by the arms/shoulders and shaking me hard enough to give me whiplash, and continue screaming over me once I collapsed in a cowering heap when he let go.",0,0.6,1538988585,146,15.12,31.59,56.08,1.0,29.2,19.18,90.41,57.53,20.55,19.18,9.59,1.37,0.0,8.22,0.0,1.37,4.79,11.64,8.22,8.9,11.64,2.05,17.81,4.79,0.68,2.74,2.05,0.68,10.96,0.68,10.27,0.68,5.48,0.68,10.96,0.0,0.0,1.37,6.85,14.38,2.05,4.79,2.05,2.74,0.0,4.79,3.42,0.68,1.37,1.37,2.05,2.05,0.0,0.0,0.0,6.85,1.37,1.37,3.42,0.68,1.37,6.85,7.53,0.68,15.75,2.05,7.53,6.16,0.0,0.68,0.0,0.0,0.0,0.0,0.68,0.68,0.0,0.0,0.0,0.0,17.12,4.79,7.53,0.0,0.0,0.0,0.0,0.0,0.0,4.11,0.0,0.68
1969,6re4iy,domesticviolence,abuse,He keeps going back to her. He even cleans up the messes she makes when she smashes his stuff. He has dropped all of his dreams because she doesn't approve of them. Sorry for the long post but it sucks hearing that he is in this situation and we just want our friend back so he can recover from this. He used to be the funniest and happiest guy around and now he is just broken.,1,0.571428571,1501783104,76,6.15,99.0,1.0,50.32,15.2,11.84,94.74,68.42,27.63,21.05,0.0,2.63,0.0,17.11,1.32,6.58,3.95,11.84,7.89,11.84,9.21,1.32,15.79,5.26,2.63,1.32,0.0,1.32,6.58,3.95,2.63,0.0,1.32,1.32,25.0,0.0,2.63,5.26,13.16,7.89,0.0,3.95,1.32,0.0,1.32,1.32,1.32,0.0,1.32,0.0,0.0,0.0,0.0,0.0,0.0,7.89,3.95,1.32,2.63,0.0,0.0,1.32,15.79,1.32,13.16,1.32,7.89,5.26,0.0,1.32,0.0,0.0,0.0,0.0,1.32,1.32,0.0,0.0,0.0,0.0,7.89,6.58,0.0,0.0,0.0,0.0,0.0,0.0,0.0,1.32,0.0,0.0
1277,92wagq,homeless,financial,I will stay with the sub to offer any advice I can but thought a success story was worthy to share. They say never destroy a person's hope. It may be all they have left. Much love to you all for the good tips and advice during my struggle. Thanks!,0,1.0,1532884391,50,67.87,91.92,20.24,99.0,10.0,10.0,94.0,52.0,14.0,12.0,6.0,0.0,2.0,0.0,4.0,2.0,8.0,12.0,12.0,2.0,4.0,2.0,22.0,0.0,0.0,0.0,0.0,8.0,16.0,12.0,4.0,2.0,2.0,0.0,22.0,0.0,0.0,0.0,0.0,16.0,2.0,0.0,2.0,6.0,6.0,2.0,2.0,0.0,2.0,0.0,2.0,0.0,0.0,0.0,0.0,12.0,4.0,2.0,4.0,4.0,0.0,4.0,16.0,6.0,8.0,2.0,4.0,4.0,2.0,0.0,0.0,0.0,0.0,0.0,0.0,0.0,0.0,0.0,0.0,0.0,12.0,8.0,0.0,0.0,0.0,0.0,2.0,0.0,0.0,2.0,0.0,0.0
1134,935dij,homeless,financial,"I cant take video of him due to the lights aimed in the wrong direction and the thick trees and bushes, theres a security cam but i DOUBT its aimed at that back area of the parking lot. Its amazing how many trips down a major road he can make without a cop asking why hes wheeling a friggin COUCH down the road at 4am. And i dont want to start hitting him with the blunt side of my axe, due to my situation im not real strong, and since i grew up in this area, i wasn't ""street trained"" like what people might call a ""thug"". So, any suggestions on how i can get rid of this guy but also not have to the area myself at least for a little while, till i can get my bike fixed, i use this library for my work on my laptop, so i kinda want to remain close. Thanks,",0,0.571428571,1532966953,158,63.08,9.2,92.74,49.32,31.6,7.59,87.97,57.59,17.09,12.66,10.13,0.0,0.0,2.53,0.0,4.43,8.23,16.46,6.33,5.06,8.23,3.8,12.03,2.53,1.27,2.53,0.0,2.53,3.8,2.53,1.27,0.63,0.0,0.0,5.7,0.0,0.63,0.0,3.16,12.66,0.0,3.8,1.27,3.16,0.0,4.43,1.9,1.27,0.0,0.63,0.0,0.0,0.0,0.0,0.0,7.59,0.0,0.63,3.16,1.9,1.9,1.27,12.03,0.63,18.99,1.27,13.92,4.43,1.9,1.27,0.63,0.0,0.0,0.0,1.27,0.63,0.63,0.0,0.0,0.0,11.39,2.53,5.7,0.0,0.0,0.0,0.0,0.0,2.53,0.63,0.0,0.0
1215,8vumst,assistance,financial,"The $4 cable I usually get fr Dollarama is out of stock, the cheapest I can find is $7 at a different dollar store, but nothing less than $30 at London Drugs and The Source. Here's where it gets complicated: my bank account is in a weird limbo right now and I don't know how much to ask for. My current balance is about $3, but my monthly service charges haven't been applied yet. So I know I'm going to be overdrawn, but the service charge varies depending on how many transactions I did, so I don't know how much I'll be overdrawn. Looking over the last 6 months the charge has ranged from $6 to $24.",0,0.666666667,1530642816,117,35.66,4.39,97.19,14.06,23.4,16.24,83.76,53.85,10.26,9.4,9.4,0.0,0.0,0.0,0.0,0.85,6.84,11.97,12.82,9.4,8.55,3.42,21.37,5.13,3.42,3.42,5.98,3.42,0.85,0.0,0.85,0.0,0.0,0.0,0.85,0.0,0.0,0.0,0.0,16.24,4.27,4.27,0.0,2.56,0.85,5.13,0.85,0.85,0.0,0.0,0.85,0.0,0.85,0.0,0.0,3.42,0.0,0.0,1.71,1.71,0.0,1.71,18.8,1.71,13.68,0.85,6.84,5.98,3.42,0.0,0.0,5.98,0.0,0.0,0.0,0.0,0.0,0.0,0.0,0.0,19.66,4.27,4.27,0.85,0.0,0.0,0.0,0.0,0.0,5.13,0.0,5.13
23999,9vywkd,assistance,financial,"I have replaced my bank card and everything else is canceled, but still haven't went to get a replacement license (another expense I don't really want to think of right now), so I am unable to get one of those free government phones. I am more than willing to repay you in any payment plan you come up with and I can put repayment to you as my second to top priority (I really need some new socks - they get priority, trust me on this, they took my socks and I'm on day 3). Anyway PM of you have any questions. I would be able to take PayPal, Cash App (I no longer have the card but can transfer to bank), a Kroger/Fry's egiftcard or an old T-Mobile phone / unlocked one if someone is local (around <location> ) and wants to meet up even after hearing about my socks. I do have a police report number if anyone needed to verify.",0,0.8,1541891914,164,40.75,25.11,80.78,48.39,32.8,11.59,86.59,54.88,16.46,12.8,9.15,0.0,2.44,0.0,1.22,3.66,3.05,14.63,10.37,5.49,7.32,1.83,17.07,5.49,3.66,0.0,2.44,3.05,1.83,1.22,0.0,0.0,0.0,0.0,8.54,0.0,0.0,0.0,0.0,14.63,1.22,0.0,4.27,6.1,0.61,6.71,1.83,0.0,1.83,0.0,0.61,0.0,0.0,0.0,0.61,10.98,0.61,2.44,3.66,3.66,1.22,1.83,16.46,1.22,13.41,3.66,6.1,3.66,4.88,0.0,0.0,4.27,0.0,0.0,1.22,0.0,0.61,0.0,0.0,0.61,16.46,3.05,3.66,0.0,0.0,0.0,0.0,1.22,0.0,2.44,4.88,1.22
37248,7q0bqt,relationships,social,"I'm just scared to death. I have anxiety problems which are probably contributing to it. But he keeps telling me he'd never judge me for anything and my sister said if he's OK with a missing tooth, he should be OK with a gap. I'm worried he'll see me and change his mind about me and I don't know what to do. Should I tell him about it first or just see what happens?",1,1.0,1515796493,74,1.8,29.43,4.5,1.0,14.8,12.16,97.3,66.22,29.73,21.62,13.51,0.0,0.0,8.11,0.0,8.11,2.7,10.81,14.86,8.11,8.11,2.7,28.38,2.7,0.0,4.05,1.35,0.0,9.46,2.7,6.76,4.05,0.0,1.35,14.86,1.35,0.0,1.35,9.46,14.86,1.35,1.35,5.41,5.41,1.35,4.05,4.05,2.7,1.35,0.0,1.35,1.35,0.0,0.0,0.0,5.41,1.35,1.35,1.35,0.0,1.35,1.35,18.92,1.35,5.41,1.35,1.35,2.7,0.0,0.0,0.0,0.0,0.0,1.35,2.7,0.0,0.0,2.7,0.0,0.0,16.22,5.41,1.35,0.0,0.0,1.35,0.0,0.0,0.0,8.11,0.0,0.0
53839,5w9mgd,anxiety,anxiety,"Hi everyone I have GAD that gets much stronger/prevalent when I don't have enough sleep. Coincidentally, it also makes me unable to sleep sometimes, so kinda like a vicious circle. Normally, I don't really have that many problems with it but I just started a new fulltime job with a lot of responsibility and that triggered my insomnia and subsequently all the underlying fears. My doctor prescribed Xanax as a when-needed last resort but since I was really scared of withdrawal/addiction after reading up on the drug (it's not called Xanax here but alprazolam) I only started taking 0.5mg at night after really breaking down.",1,1.0,1488106319,109,35.53,7.11,82.49,2.16,27.25,20.18,89.91,55.05,14.68,8.26,8.26,0.0,0.0,0.0,0.0,6.42,5.5,12.84,7.34,10.09,9.17,2.75,13.76,6.42,4.59,1.83,0.92,3.67,4.59,0.92,3.67,1.83,0.92,0.0,2.75,0.0,0.0,0.0,0.0,16.51,0.0,2.75,2.75,2.75,1.83,6.42,0.92,0.92,0.0,0.0,9.17,1.83,7.34,0.0,0.0,8.26,0.92,0.92,3.67,1.83,0.92,4.59,7.34,0.0,14.68,0.0,3.67,11.01,2.75,0.0,0.0,0.0,0.0,0.0,0.92,0.0,0.92,0.0,0.0,0.0,13.76,3.67,2.75,0.0,0.0,0.0,0.0,0.92,0.0,2.75,1.83,1.83
612,8n467e,ptsd,ptsd,I did. I moved 1300 miles away. I’m in therapy (just started again). Financially I don’t have any worries at the moment. I’m moving to a bigger place ..,0,1.0,1527639972,28,37.39,1.67,99.0,1.0,5.6,14.29,96.43,57.14,17.86,17.86,17.86,0.0,0.0,0.0,0.0,0.0,7.14,14.29,17.86,7.14,0.0,3.57,28.57,3.57,3.57,0.0,3.57,3.57,3.57,0.0,3.57,3.57,0.0,0.0,0.0,0.0,0.0,0.0,0.0,3.57,0.0,0.0,0.0,3.57,0.0,0.0,0.0,0.0,0.0,0.0,3.57,0.0,3.57,0.0,0.0,3.57,0.0,0.0,3.57,0.0,0.0,10.71,17.86,0.0,39.29,7.14,21.43,10.71,3.57,0.0,0.0,3.57,0.0,0.0,0.0,0.0,0.0,0.0,0.0,0.0,39.29,21.43,0.0,0.0,0.0,0.0,0.0,0.0,0.0,10.71,7.14,0.0
20867,7r3sdu,relationships,social,"Really hoping someone might have some insight for me! A couple years ago I (31,F) befriended one of colleagues (28,M). We were working for a small company that was also hemorrhaging cash, and eventually it was just him, me and some older coworkers in this open space office. Anyway, we really got along! We would have lunches, text in the evenings and weekends, and often go to the pub after work.",0,0.833333333,1516219278,73,38.31,79.44,64.86,51.4,14.6,16.44,91.78,56.16,15.07,9.59,4.11,4.11,0.0,1.37,0.0,5.48,5.48,10.96,9.59,9.59,6.85,0.0,16.44,4.11,2.74,0.0,4.11,4.11,1.37,1.37,0.0,0.0,0.0,0.0,10.96,0.0,1.37,0.0,1.37,13.7,1.37,0.0,2.74,8.22,0.0,2.74,0.0,0.0,0.0,0.0,2.74,0.0,1.37,0.0,1.37,12.33,5.48,2.74,2.74,1.37,0.0,6.85,6.85,4.11,19.18,1.37,6.85,10.96,8.22,2.74,0.0,1.37,0.0,0.0,1.37,0.0,0.0,0.0,0.0,1.37,21.92,4.11,9.59,0.0,0.0,0.0,2.74,0.0,0.0,0.0,5.48,0.0
37642,5wp1rd,ptsd,ptsd,"I know what it means to dive into oneself. I asked him and he confirmed its a deeper variant. I got excited. There’s no switching out of consciousness, you can reject what he says, your totally in control (or so he’s telling me :)). So the first part was getting me deep, through counting, dropping my hand and other techniques I went deep.",0,1.0,1488300165,63,8.54,56.31,68.01,55.71,12.6,22.22,88.89,58.73,30.16,22.22,11.11,0.0,3.17,7.94,0.0,7.94,3.17,9.52,6.35,6.35,7.94,1.59,17.46,6.35,1.59,3.17,1.59,1.59,4.76,3.17,1.59,0.0,0.0,1.59,14.29,0.0,0.0,0.0,6.35,11.11,4.76,1.59,0.0,1.59,1.59,3.17,3.17,0.0,1.59,1.59,1.59,1.59,0.0,0.0,0.0,9.52,0.0,1.59,3.17,4.76,0.0,6.35,9.52,0.0,12.7,1.59,9.52,1.59,0.0,0.0,0.0,0.0,0.0,0.0,1.59,0.0,1.59,0.0,0.0,0.0,20.63,7.94,6.35,0.0,0.0,0.0,0.0,0.0,0.0,3.17,3.17,0.0
26152,7ovcvj,relationships,social,"I know I should tell her my doubts, because I know she's gone through doubts before as well. But I also don't know if now I'm just second guessing because I'm just generally concerned about the future. Above all I just have no idea what to do.   ---   **tl;dr**: living long distance, dealing with chronic wedding anxiety and fear about impact of children, fantasizing about others, and hoping for insight from people who have been through similar experiences.",1,1.0,1515378247,78,13.57,22.08,71.23,9.85,19.5,21.79,96.15,60.26,16.67,12.82,10.26,0.0,0.0,2.56,0.0,3.85,1.28,16.67,11.54,12.82,10.26,2.56,21.79,3.85,3.85,2.56,1.28,1.28,10.26,3.85,5.13,5.13,0.0,0.0,8.97,1.28,0.0,2.56,0.0,21.79,6.41,2.56,3.85,7.69,1.28,3.85,1.28,0.0,0.0,0.0,3.85,0.0,3.85,0.0,0.0,7.69,1.28,0.0,3.85,0.0,2.56,2.56,15.38,2.56,10.26,1.28,3.85,5.13,0.0,1.28,0.0,0.0,0.0,0.0,1.28,0.0,0.0,0.0,1.28,0.0,26.92,5.13,5.13,1.28,1.28,0.0,0.0,3.85,0.0,5.13,0.0,5.13
1236,7zdpmf,anxiety,anxiety,"I felt the tension and the seriousness. Usually during lockdown drills things aren't too serious because we're high schoolers. We mess around because we know nothing is wrong. But this drill was different. We knew we were all okay, that everyone was safe, but the atmosphere was completely different.",0,0.571428571,1519292169,49,4.08,72.97,82.17,1.0,9.8,28.57,89.8,61.22,20.41,12.24,2.04,10.2,0.0,0.0,0.0,8.16,6.12,4.08,12.24,8.16,10.2,4.08,20.41,12.24,4.08,0.0,0.0,2.04,14.29,4.08,10.2,2.04,0.0,0.0,12.24,0.0,0.0,0.0,0.0,30.61,6.12,4.08,0.0,2.04,8.16,10.2,2.04,0.0,0.0,2.04,0.0,0.0,0.0,0.0,0.0,16.33,10.2,0.0,2.04,0.0,4.08,12.24,8.16,0.0,8.16,0.0,4.08,4.08,0.0,0.0,0.0,0.0,0.0,0.0,2.04,0.0,0.0,2.04,0.0,0.0,18.37,10.2,4.08,0.0,0.0,0.0,0.0,0.0,0.0,4.08,0.0,0.0
54932,6vfkc2,domesticviolence,abuse,"My father has: Keys to a fancy car, like 5 fancy bikes, an iPad, member of a fitness center, goes to the sauna regularily, other women... Needless to say, they should just break up immediately, right? Well, it should be that simple, but my mother resists for some reason. We had this situation countless times, where she was like, I cannot cope with this anymore, let's find another place to live in, until you find something for yourself, and when things are about to happen, she goes nah, I don't know... Which is so frustrating to hear after a while. Even more so, when he says things like HE decides when or if they split up.",1,0.666666667,1503450563,116,22.59,75.49,74.76,25.77,19.33,11.21,91.38,64.66,21.55,12.07,3.45,1.72,1.72,3.45,1.72,9.48,4.31,16.38,8.62,9.48,9.48,2.59,18.97,3.45,4.31,4.31,0.86,2.59,1.72,0.86,0.86,0.0,0.86,0.0,14.66,1.72,0.0,3.45,2.59,12.93,4.31,0.86,2.59,3.45,0.0,5.17,2.59,0.0,2.59,0.0,1.72,0.0,1.72,0.0,0.0,5.17,2.59,0.0,2.59,0.0,0.0,1.72,15.52,0.0,18.1,2.59,6.9,7.76,0.0,1.72,0.0,0.0,0.0,0.0,1.72,0.0,0.86,0.0,0.86,0.0,25.86,7.76,14.66,0.86,0.0,0.86,0.0,0.0,0.0,1.72,0.0,0.0
51908,7s0csc,relationships,social,"**How can I move to a more mature kind of love that is less focused on me and my fears, and instead more about him and our relationship? **   ---   **tl;dr**: Feeling like I am being selfish and immature, mostly focusing on my needs of distance and validation and less on those of my LDR bf. Worrying about the possibility that we might not like each other that much anymore once we live together for a while.",1,0.8,1516567194,75,29.6,55.29,60.95,2.41,25.0,18.67,92.0,61.33,21.33,13.33,8.0,4.0,0.0,1.33,0.0,8.0,4.0,14.67,6.67,6.67,10.67,1.33,12.0,6.67,8.0,1.33,1.33,8.0,5.33,1.33,4.0,2.67,0.0,0.0,10.67,0.0,1.33,0.0,2.67,13.33,1.33,1.33,1.33,5.33,0.0,4.0,1.33,0.0,0.0,1.33,5.33,0.0,2.67,0.0,0.0,10.67,9.33,0.0,1.33,0.0,0.0,0.0,8.0,1.33,12.0,1.33,6.67,4.0,0.0,0.0,0.0,0.0,0.0,0.0,1.33,0.0,1.33,0.0,0.0,0.0,24.0,2.67,2.67,1.33,1.33,1.33,0.0,4.0,0.0,0.0,0.0,10.67
52686,7syh2x,relationships,social,"They were late. They tried to play it cool with the excuse they gave, but J had this grin on his face and Lux had the flushes look she gets when she has sex. And then Lux said she was going to fix her hair and left to the bathroom and after a while J said he was going to see if she needed help. Obviously they left to have sex. I mean, fine, but I thought that was a bit disrespectful.",0,0.666666667,1516907427,82,32.57,91.01,3.05,96.29,16.4,6.1,90.24,57.32,19.51,15.85,2.44,0.0,0.0,8.54,4.88,3.66,6.1,9.76,9.76,1.22,12.2,0.0,26.83,6.1,1.22,1.22,0.0,1.22,4.88,4.88,0.0,0.0,0.0,0.0,19.51,0.0,0.0,6.1,2.44,8.54,2.44,0.0,2.44,1.22,1.22,3.66,6.1,2.44,2.44,1.22,3.66,1.22,0.0,2.44,0.0,3.66,1.22,1.22,1.22,1.22,0.0,15.85,7.32,3.66,12.2,2.44,3.66,6.1,0.0,2.44,1.22,0.0,0.0,0.0,1.22,0.0,0.0,1.22,0.0,0.0,9.76,6.1,3.66,0.0,0.0,0.0,0.0,0.0,0.0,0.0,0.0,0.0
1702,7tz0ig,relationships,social,"and then proceeded to show me the video of the ""dumb girlfriend"" struggling to answer the question. Needless to say, I was pissed. I said I couldn't believe he would think it was possible that I might be that stupid. He insisted that he only asked me as a joke, and then I got angrier because in what world is questioning my ability to handle basic logic funny? He continued to go on the offensive insisting that he had been kidding, that of course he doesn't think I'm stupid at all, and how could I even think he would think that?",1,0.666666667,1517292577,101,15.6,46.04,24.35,1.0,20.2,16.83,97.03,61.39,24.75,16.83,9.9,0.0,0.0,6.93,0.0,7.92,4.95,10.89,12.87,2.97,7.92,1.98,23.76,7.92,1.98,1.98,0.0,0.99,9.9,2.97,6.93,0.99,5.94,0.0,12.87,0.0,0.99,0.0,6.93,17.82,8.91,1.98,3.96,3.96,0.99,0.0,3.96,1.98,1.98,0.0,0.99,0.99,0.0,0.0,0.0,3.96,0.99,0.99,0.99,0.99,0.0,6.93,10.89,2.97,8.91,0.99,3.96,3.96,0.99,1.98,0.0,0.0,0.0,0.0,1.98,1.98,0.0,0.0,0.0,0.0,13.86,2.97,3.96,0.0,0.0,1.98,0.0,0.0,1.98,2.97,0.0,0.0
13064,8hhhlh,anxiety,anxiety,"Worse than that develop the same anxiety disorder. Again another reason to finish the relationship. I really love her but cannot and WILL NOT embarrass her like I did at the wedding. My plan is to go talk to a private physiatrist and see what they think. I don’t believe medication is the only answer but if it helps in conjunction with therapy, a healthy lifestyle and meditation then I will try it.",1,0.8,1525633928,73,34.64,24.66,79.89,25.77,14.6,21.92,94.52,61.64,17.81,10.96,6.85,0.0,0.0,2.74,1.37,6.85,8.22,10.96,9.59,4.11,9.59,4.11,19.18,5.48,5.48,1.37,0.0,1.37,8.22,4.11,4.11,2.74,0.0,0.0,13.7,1.37,0.0,2.74,0.0,16.44,5.48,1.37,1.37,2.74,0.0,9.59,1.37,1.37,0.0,0.0,4.11,0.0,2.74,0.0,0.0,9.59,5.48,2.74,0.0,0.0,1.37,1.37,16.44,5.48,8.22,1.37,2.74,4.11,1.37,1.37,0.0,0.0,1.37,0.0,0.0,0.0,0.0,0.0,0.0,0.0,9.59,6.85,1.37,0.0,0.0,0.0,0.0,0.0,0.0,1.37,0.0,0.0
291,9a8qu5,anxiety,anxiety,"Normally, my anxiety is very well controlled. I meditate every morning for \~15 minutes and have been in therapy for the better part of the last 3 or 4 years. I feel WAY better than I used to, and on a day to day basis things are great. Buttt every once in a while (A handful of times a year, tops) something will realllly set me over the edge, and send me into an intense anxiety spiral where I compulsively ask 5 or so different friends for advice on what to do, post a lot of threads online about what I should do, and ruminate on the topic for days or weeks. Sometimes I'll have chats in messenger about whatever it is that will draw out over an entire 3-4 hour period.",0,0.571428571,1535220051,133,83.67,24.92,97.77,54.07,26.6,15.04,86.47,54.89,12.03,6.77,6.77,0.0,0.0,0.0,0.0,5.26,8.27,17.29,9.02,4.51,6.77,0.0,12.03,3.76,3.01,3.01,5.26,3.76,4.51,3.01,1.5,1.5,0.0,0.0,3.76,0.0,0.75,0.0,0.0,12.78,0.75,2.26,1.5,4.51,2.26,3.76,2.26,0.0,0.0,1.5,0.75,0.0,0.75,0.0,0.0,6.02,1.5,1.5,2.26,2.26,0.0,1.5,7.52,2.26,23.31,1.5,9.77,11.28,0.0,1.5,0.0,0.0,0.75,0.0,0.75,0.0,0.0,0.0,0.75,0.0,12.78,3.76,4.51,0.0,0.0,0.0,0.0,0.75,0.0,0.75,1.5,1.5
55234,8j7dey,ptsd,ptsd,What is for you the most relatable portrayal you have seen/heard I don't have PTSD but reading a retired Marines blog I noticed that when he was talking about his PTSD it sounded a lot like Rick in the Walking Dead. Ill explain for those who have never seen it. Rick was the leader of his group during a zombie outbreak. He killed his best friend twice (technically) and his wife died along with most everyone he knew.,0,1.0,1526249046,79,43.51,97.1,1.0,25.77,19.75,16.46,88.61,55.7,22.78,13.92,2.53,0.0,2.53,8.86,0.0,8.86,7.59,11.39,8.86,3.8,3.8,2.53,21.52,3.8,5.06,3.8,1.27,5.06,2.53,1.27,1.27,0.0,1.27,0.0,22.78,1.27,1.27,1.27,8.86,11.39,3.8,0.0,0.0,3.8,2.53,1.27,5.06,2.53,2.53,0.0,1.27,0.0,1.27,0.0,0.0,6.33,3.8,2.53,2.53,1.27,0.0,10.13,7.59,0.0,6.33,1.27,1.27,3.8,2.53,1.27,0.0,0.0,0.0,5.06,0.0,0.0,0.0,0.0,0.0,0.0,10.13,5.06,0.0,0.0,0.0,0.0,0.0,0.0,0.0,1.27,2.53,1.27
40338,8a7h0l,anxiety,anxiety,"I've always connected my self worth with how well I do in school. Right now, I'm failing the last class I need to graduate. The final exam is 2 semester worth of stuff that I never really understood. This is my last chance to graduate. If I don't pass I wont get into the grad school that conditionally accepted me.",1,0.857142857,1522997967,60,12.41,1.0,99.0,57.28,12.0,13.33,95.0,56.67,23.33,16.67,16.67,0.0,0.0,0.0,0.0,6.67,5.0,10.0,11.67,8.33,3.33,5.0,20.0,1.67,0.0,1.67,1.67,0.0,5.0,3.33,1.67,0.0,0.0,1.67,1.67,0.0,0.0,0.0,0.0,15.0,3.33,1.67,3.33,3.33,3.33,3.33,0.0,0.0,0.0,0.0,0.0,0.0,0.0,0.0,0.0,3.33,0.0,1.67,1.67,1.67,1.67,3.33,16.67,1.67,18.33,1.67,5.0,11.67,15.0,0.0,0.0,3.33,0.0,0.0,1.67,0.0,0.0,0.0,1.67,0.0,15.0,8.33,1.67,0.0,0.0,0.0,0.0,0.0,0.0,5.0,0.0,0.0
10227,9kr6n8,ptsd,ptsd,"I'm fine, or so I thought. All my issues with anger, alcohol abuse, frequent bouts of depression, difficulties focusing or concentrating at work, I attributed to my bipolar disorder, and that was all I worked on. I've tried so many different types of medications and combinations thereof, more than 10 for sure, and even underwent electro-convulsive therapy, but nothing helped. It was not until this past summer that I thought to try therapy, something I had actively avoided. I didn't think that talking about anything would affect my bipolar disorder, and I **really** didn't want to talk about my trauma.",0,0.6,1538491214,101,15.6,1.0,92.64,1.7,20.2,27.72,88.12,51.49,19.8,12.87,12.87,0.0,0.0,0.0,0.0,6.93,0.0,12.87,7.92,5.94,9.9,3.96,17.82,4.95,2.97,0.0,0.99,3.96,8.91,2.97,5.94,0.99,1.98,0.99,1.98,0.0,0.0,0.0,0.0,23.76,3.96,1.98,1.98,4.95,3.96,8.91,0.0,0.0,0.0,0.0,5.94,0.0,5.94,0.0,0.99,5.94,0.0,3.96,0.0,0.0,1.98,8.91,6.93,0.0,5.94,0.0,1.98,3.96,1.98,0.99,0.0,0.0,0.0,0.0,0.0,0.0,0.0,0.0,0.0,0.0,24.75,4.95,10.89,0.0,0.0,0.0,0.0,0.99,0.0,3.96,0.0,3.96
1925,8jhmg3,domesticviolence,abuse,"Sorry in advance for what I'm getting off me chest. This man sexually, physically, and emotionally abused me for a year. He even tried to marry me at 16 so he could trap me in his perverted hell. After four months of completely breaking free of this sick, twisted human being he had the gall to contact one of my friends to try to get a vinyl back. He treated me like a dog.",1,0.8,1526347124,74,81.19,60.66,15.32,1.0,14.8,16.22,89.19,56.76,20.27,16.22,9.46,0.0,0.0,6.76,0.0,4.05,5.41,20.27,5.41,5.41,2.7,0.0,12.16,5.41,2.7,1.35,4.05,0.0,8.11,1.35,6.76,0.0,2.7,1.35,13.51,1.35,2.7,0.0,8.11,4.05,0.0,0.0,1.35,1.35,1.35,0.0,0.0,0.0,0.0,0.0,6.76,1.35,2.7,2.7,0.0,9.46,2.7,4.05,0.0,4.05,0.0,2.7,4.05,0.0,13.51,2.7,6.76,5.41,0.0,0.0,0.0,1.35,1.35,0.0,1.35,1.35,0.0,0.0,0.0,0.0,12.16,6.76,4.05,0.0,0.0,0.0,0.0,0.0,0.0,1.35,0.0,0.0
7614,74mri5,homeless,financial,"Hey guys, I'm not homeless myself, I'm just after some advice. Basically, I work in a restaurant that closes late so I'm often not back to my apartment complex until around midnight. For the last few nights when I come back, I've noticed a homeless person sleeping between the glass front at the ground floor entrance and the back of the stairwell... This doesn't particularly bother me because I figured he's just sleeping and all the individual apartments have locks on the doors anyway. However I could understand if others in my complex would be distressed or anxious by this, especially if they live on the first floor (I'm fortunate to live higher up on the fourth floor).",0,1.0,1507285735,118,36.24,8.77,99.0,2.77,23.6,21.19,96.61,61.02,16.1,12.71,11.02,0.0,0.0,0.85,0.85,3.39,9.32,13.56,9.32,11.86,8.47,2.54,15.25,7.63,1.69,0.85,1.69,2.54,2.54,0.0,2.54,1.69,0.85,0.0,5.93,0.0,0.85,0.0,1.69,16.95,4.24,0.85,3.39,4.24,2.54,5.93,0.0,0.0,0.0,0.0,4.24,1.69,1.69,0.0,0.85,5.08,0.0,1.69,3.39,0.0,0.0,0.85,11.86,0.0,25.42,1.69,16.95,9.32,0.85,0.85,2.54,0.0,0.0,0.0,1.69,0.0,0.0,0.0,0.0,0.85,17.8,5.93,4.24,0.0,0.0,0.0,0.0,0.0,0.0,5.93,1.69,0.0
6814,9ayy1f,anxiety,anxiety,"I don't know who I'm meant to talk to but I can't breathe. I can barely get out of bed or check my phone without panicking. But I'm always checking my phone in case someone messages me. I don't have it on loud because I don't like the noise. Yet my job requires me to always be reachable and the staff under me always ask me to help them, but I can't even help myself.",1,1.0,1535463151,75,6.85,1.0,99.0,25.77,15.0,13.33,94.67,65.33,26.67,22.67,21.33,0.0,0.0,0.0,1.33,4.0,2.67,13.33,10.67,4.0,8.0,8.0,14.67,0.0,0.0,1.33,0.0,0.0,2.67,1.33,1.33,1.33,0.0,0.0,13.33,0.0,0.0,0.0,0.0,20.0,2.67,1.33,0.0,4.0,4.0,9.33,5.33,0.0,5.33,0.0,1.33,1.33,0.0,0.0,0.0,8.0,4.0,0.0,5.33,1.33,0.0,1.33,18.67,0.0,10.67,0.0,5.33,5.33,4.0,0.0,1.33,0.0,0.0,0.0,0.0,0.0,0.0,0.0,0.0,0.0,18.67,6.67,1.33,0.0,0.0,0.0,0.0,0.0,0.0,10.67,0.0,0.0
796,87ya5k,anxiety,anxiety,"I was freaking out. I stood on my back porch for about 30 minutes hyperventilating before I could convince myself that ""I am in control!"" I was embarrassing ! I couldn't believe that I allowed myself to get so worked up. But it was not as embarrassing as It/ I would soon be.....",1,1.0,1522295564,52,4.53,1.0,99.0,1.0,10.4,19.23,96.15,73.08,28.85,21.15,21.15,0.0,0.0,0.0,0.0,7.69,0.0,19.23,15.38,7.69,7.69,3.85,23.08,5.77,5.77,0.0,1.92,0.0,5.77,0.0,5.77,3.85,0.0,0.0,3.85,0.0,0.0,0.0,0.0,17.31,3.85,3.85,5.77,0.0,0.0,3.85,0.0,0.0,0.0,0.0,0.0,0.0,0.0,0.0,0.0,9.62,0.0,1.92,5.77,1.92,0.0,9.62,7.69,1.92,15.38,0.0,9.62,7.69,1.92,0.0,1.92,0.0,0.0,0.0,1.92,1.92,0.0,0.0,0.0,0.0,25.0,13.46,0.0,0.0,0.0,0.0,3.85,0.0,3.85,1.92,0.0,1.92
54141,64f5nn,anxiety,anxiety,"I'm afraid about what they may do next, what they might say to me next, what they might ask me next. I just want to be by myself, in my own place, with my computer, my keyboard, my guitar, and my bed. I'm a teen, so I don't really have that choice, but to be honest, nobody really does, no matter  how old they are. You always have to be around people for one reason or another. I'm just never comfortable around people anymore.",1,0.6,1491769190,84,1.0,11.7,98.74,47.81,16.8,5.95,97.62,71.43,29.76,21.43,15.48,0.0,1.19,0.0,4.76,8.33,1.19,13.1,17.86,11.9,5.95,4.76,21.43,7.14,0.0,4.76,1.19,1.19,3.57,2.38,1.19,1.19,0.0,0.0,11.9,0.0,0.0,0.0,0.0,15.48,2.38,2.38,1.19,4.76,2.38,4.76,1.19,0.0,1.19,0.0,0.0,0.0,0.0,0.0,0.0,1.19,0.0,0.0,1.19,0.0,0.0,0.0,17.86,3.57,13.1,0.0,4.76,8.33,2.38,1.19,1.19,0.0,0.0,0.0,0.0,0.0,0.0,0.0,0.0,0.0,23.81,5.95,13.1,0.0,0.0,0.0,0.0,0.0,0.0,4.76,0.0,0.0
593,889kk0,assistance,financial,$400 would suffice but $500 will drastically help boost my income for 4/4. Time frame for repayment listed includes $100 tip and is at-worst scenario. In other words loan may be repaid sooner. Thank you for your consideration. Sean,0,0.8,1522408212,41,66.25,68.71,25.63,25.77,8.2,14.63,60.98,39.02,9.76,7.32,2.44,0.0,4.88,0.0,0.0,2.44,0.0,12.2,12.2,0.0,4.88,0.0,14.63,4.88,4.88,0.0,12.2,0.0,4.88,2.44,2.44,0.0,0.0,0.0,7.32,0.0,0.0,0.0,0.0,12.2,2.44,0.0,2.44,2.44,0.0,4.88,0.0,0.0,0.0,0.0,0.0,0.0,0.0,0.0,0.0,7.32,2.44,0.0,4.88,0.0,2.44,0.0,9.76,7.32,9.76,0.0,4.88,4.88,2.44,0.0,0.0,4.88,0.0,0.0,0.0,0.0,0.0,0.0,0.0,0.0,21.95,9.76,0.0,0.0,0.0,0.0,0.0,2.44,0.0,0.0,0.0,9.76
6520,7tz0ig,relationships,social,"My boyfriend and I generally have a good relationship. We've lived together for about a year and a half, and we have a pretty good partnership going. He's the first guy I've been with who is willing to sit down and really hash things out if we're having an issue. However there is one topic he *won't* hash out with me, and that's that sometimes he asks me questions out of no where that to me feel kind of like little ""pop quizzes"" that I feel are designed to try to catch me off guard and stump me. He'll randomly pose a riddle or ask a logic question, then I kind of fumble because I feel like I have to come up with an answer quickly, or I just get exasperated and tell him I'm not in the mood for a pop quiz.",1,0.6,1517292577,141,43.77,44.37,91.08,66.07,28.2,12.77,91.49,62.41,19.15,14.89,9.93,2.13,0.0,2.84,0.0,4.26,7.8,14.89,9.93,4.96,9.22,2.13,19.86,0.71,1.42,1.42,2.13,0.0,3.55,2.13,0.0,0.0,0.0,0.0,12.77,0.0,2.13,0.0,4.96,14.89,4.96,0.71,0.71,8.51,0.0,4.26,2.13,0.0,0.0,2.13,0.71,0.0,0.71,0.0,0.0,11.35,4.96,1.42,1.42,2.84,0.71,2.13,14.89,2.84,13.48,2.84,7.8,3.55,1.42,0.0,0.0,0.0,0.0,0.0,0.0,0.0,0.0,0.0,0.0,0.0,14.89,3.55,2.84,0.0,0.0,0.0,0.0,0.0,1.42,5.67,0.0,1.42
142,7vk4qt,anxiety,anxiety,"Anybody ever have this happen? I have no history whatsoever of reacting to peanut butter, and even have had a full panel allergy test a few years ago that confirmed that I'm not (but I'm allergic to every pollen known to man apparently lol). I used to eat peanut butter sandwiches for lunch all the time. My favorite candy used to be Reese's peanut butter cups, and I have even eaten one in the past few months. I ate a pint of peanut butter ice cream no problem.",0,0.571428571,1517883629,88,59.75,12.79,46.36,46.73,17.6,12.5,86.36,46.59,12.5,7.95,7.95,0.0,0.0,0.0,0.0,4.55,5.68,10.23,9.09,4.55,3.41,3.41,17.05,4.55,0.0,0.0,1.14,4.55,3.41,2.27,1.14,0.0,0.0,0.0,2.27,0.0,0.0,0.0,1.14,13.64,1.14,3.41,1.14,2.27,3.41,2.27,4.55,0.0,0.0,0.0,14.77,0.0,2.27,0.0,12.5,1.14,0.0,0.0,0.0,0.0,1.14,9.09,10.23,0.0,10.23,0.0,2.27,7.95,1.14,0.0,0.0,0.0,0.0,0.0,1.14,0.0,1.14,0.0,0.0,0.0,13.64,4.55,2.27,0.0,0.0,1.14,0.0,0.0,0.0,3.41,2.27,0.0
10060,8eotqa,ptsd,ptsd,When I try to befriend artists or thinkers or doers. They often either shun me because my work has been sub par and nearly non existant and they don't see me as equal. Or they show sexual/romantic interest I don't reciprocate which makes me nervous and avoidant. Sometimes I am shunmed I think because they mistake my interest in making friends for a romantic interest. I am quite annoyed by all the assumptions/game playing/projecting that goes on in the world.,1,0.833333333,1524611027,83,19.52,11.43,90.63,71.06,16.6,26.51,87.95,51.81,19.28,16.87,12.05,0.0,0.0,0.0,4.82,2.41,3.61,8.43,7.23,3.61,12.05,2.41,15.66,4.82,3.61,2.41,0.0,3.61,12.05,7.23,4.82,2.41,1.2,0.0,7.23,0.0,1.2,0.0,0.0,21.69,3.61,4.82,1.2,10.84,1.2,4.82,2.41,2.41,0.0,0.0,1.2,0.0,0.0,1.2,0.0,8.43,4.82,2.41,0.0,0.0,1.2,1.2,13.25,0.0,9.64,1.2,4.82,3.61,1.2,3.61,0.0,0.0,0.0,0.0,0.0,0.0,0.0,0.0,0.0,0.0,12.05,6.02,0.0,0.0,0.0,0.0,0.0,0.0,0.0,2.41,0.0,3.61
2328,7nya6p,relationships,social,"to which he replied that they had broken up. We met for drinks and he gave a heartfelt apology for having pressured me. Slowly, we began seeing more of each other and the relationship turned physical. We both live in the Pacific Northwest, but he's going to be moving to his hometown in the southeast at the end of this month. I'm moving to the southwest next month.",0,0.833333333,1515018369,68,85.18,96.11,81.91,25.77,13.6,16.18,97.06,55.88,20.59,14.71,2.94,4.41,0.0,5.88,1.47,5.88,8.82,17.65,7.35,0.0,4.41,0.0,20.59,7.35,1.47,1.47,0.0,4.41,2.94,1.47,1.47,1.47,0.0,0.0,19.12,0.0,0.0,0.0,5.88,2.94,0.0,0.0,0.0,0.0,0.0,2.94,1.47,1.47,0.0,0.0,4.41,0.0,2.94,0.0,1.47,10.29,7.35,0.0,2.94,0.0,0.0,7.35,5.88,1.47,26.47,7.35,11.76,8.82,0.0,1.47,0.0,0.0,0.0,0.0,0.0,0.0,0.0,0.0,0.0,0.0,13.24,7.35,2.94,0.0,0.0,0.0,0.0,0.0,0.0,2.94,0.0,0.0
27327,7onv8v,relationships,social,"Hi everyone, This is my first post in this thread, so bear with me. My mother (54F) has always been controlling and anxious, and now that I (19F) have gone to college, it feels like things have gotten worse. I am home right now for winter break and things have been so tense and awful and I don't know what to do. She is really judgmental and anxious about my sex life.",1,1.0,1515291682,72,2.27,24.36,81.54,1.0,18.0,8.33,93.06,62.5,22.22,11.11,9.72,0.0,0.0,1.39,0.0,11.11,0.0,9.72,15.28,8.33,11.11,1.39,20.83,5.56,2.78,1.39,1.39,0.0,6.94,0.0,6.94,4.17,0.0,0.0,5.56,1.39,0.0,2.78,0.0,8.33,2.78,1.39,0.0,0.0,2.78,1.39,1.39,0.0,0.0,1.39,2.78,0.0,1.39,1.39,0.0,6.94,1.39,1.39,1.39,1.39,1.39,5.56,19.44,0.0,13.89,1.39,2.78,6.94,1.39,0.0,1.39,0.0,0.0,0.0,0.0,0.0,0.0,0.0,0.0,0.0,18.06,5.56,5.56,0.0,0.0,0.0,0.0,0.0,0.0,1.39,5.56,0.0
1671,71omry,domesticviolence,abuse,at some point they laughed and i had to leave because i got physically sick to my stomach. i guess i didn't realize how much they had screwed me up. now i feel like shit though because the acquaintance is a nice person and i want to be friends with them. we were all planning a dnd game together over text for a while and i just want to be able to talk to them without thinking about my ex. any solutions or help ideas?,1,1.0,1506053415,85,41.45,31.91,91.95,10.8,17.0,16.47,98.82,60.0,17.65,17.65,11.76,1.18,0.0,0.0,4.71,0.0,4.71,16.47,8.24,5.88,10.59,2.35,17.65,2.35,1.18,1.18,0.0,4.71,5.88,2.35,3.53,0.0,2.35,0.0,15.29,0.0,2.35,0.0,0.0,21.18,5.88,4.71,2.35,4.71,1.18,4.71,2.35,0.0,1.18,1.18,5.88,2.35,2.35,1.18,0.0,12.94,5.88,3.53,3.53,1.18,0.0,5.88,12.94,1.18,9.41,1.18,5.88,2.35,0.0,2.35,0.0,0.0,0.0,0.0,3.53,2.35,0.0,0.0,0.0,0.0,7.06,4.71,0.0,0.0,0.0,1.18,0.0,0.0,0.0,1.18,0.0,0.0
584,8wouin,homeless,financial,"Was the entire hood in the world trying to off me? What’s going on? Those are the thoughts of my mind every time something like that happens and it wasn’t the first time I’ve heard, “God does everything for a reason.” A while back, when I had a home a man needed a way home with his old man, and asked me to drive the old man’s car because the old guy was too drunk to drive and the young thug didn’t have a license. Of course I said hell yeah, he’s got his pops with him… and I’d miss driving, and good karma.",0,0.6,1530920739,104,61.68,50.0,74.76,12.9,20.8,6.73,95.19,57.69,16.35,10.58,6.73,0.0,0.0,3.85,0.0,5.77,12.5,11.54,11.54,2.88,7.69,1.92,20.19,0.96,0.96,1.92,0.96,1.92,2.88,0.96,1.92,0.0,0.96,0.96,11.54,0.0,0.96,0.0,7.69,10.58,1.92,1.92,0.96,1.92,2.88,1.92,1.92,0.0,1.92,0.0,0.96,0.0,0.0,0.0,0.96,4.81,0.0,1.92,0.96,1.92,0.0,9.62,7.69,0.96,19.23,4.81,5.77,9.62,0.96,0.96,1.92,0.0,2.88,0.0,1.92,0.96,0.0,0.96,0.0,0.0,19.23,3.85,4.81,0.0,0.0,1.92,0.0,0.0,1.92,6.73,0.0,0.0
7321,7osnnm,assistance,financial,"We need a motel. We need advice. My grandson will end up leaving preschool, because we don't have a car and won't know where to have his bus pick him up if we do a shelter. He also has a standing dentist appointment every Monday this month. I hate that he has to go through this and not have a home to recover in.",1,0.8,1515352969,64,22.13,86.3,7.84,7.63,12.8,15.62,92.19,64.06,20.31,15.62,3.12,6.25,0.0,6.25,0.0,4.69,7.81,10.94,14.06,3.12,7.81,4.69,25.0,0.0,0.0,1.56,0.0,1.56,1.56,0.0,1.56,0.0,1.56,0.0,15.62,1.56,0.0,0.0,7.81,12.5,1.56,3.12,4.69,1.56,1.56,3.12,0.0,0.0,0.0,0.0,1.56,0.0,1.56,0.0,0.0,10.94,6.25,1.56,3.12,0.0,0.0,0.0,20.31,3.12,15.62,4.69,6.25,4.69,0.0,1.56,1.56,0.0,0.0,0.0,0.0,0.0,0.0,0.0,0.0,0.0,12.5,7.81,1.56,0.0,0.0,0.0,0.0,0.0,0.0,3.12,0.0,0.0
3326,8wouin,homeless,financial,"I made way to the store, it was full of like the whole fucking town. Turns out it was like this nearly every night, feeling good I decided to make conversation with the guy at the register. I was curious as to what happened to that other convenience store. Considering there was only two in the whole area, both in good spots, you wouldn’t think it would just go out of business. Nah something was off.",0,1.0,1530920739,76,84.01,34.64,86.55,50.32,15.2,15.79,97.37,59.21,15.79,5.26,3.95,0.0,1.32,0.0,0.0,10.53,6.58,21.05,9.21,5.26,1.32,2.63,21.05,3.95,3.95,1.32,1.32,5.26,3.95,2.63,1.32,0.0,1.32,0.0,3.95,0.0,1.32,0.0,1.32,17.11,6.58,2.63,2.63,2.63,1.32,1.32,1.32,0.0,0.0,1.32,1.32,0.0,0.0,1.32,0.0,3.95,1.32,0.0,0.0,2.63,0.0,10.53,5.26,0.0,18.42,2.63,14.47,1.32,2.63,0.0,0.0,3.95,0.0,0.0,2.63,1.32,1.32,0.0,0.0,0.0,13.16,6.58,5.26,0.0,0.0,0.0,0.0,0.0,0.0,1.32,0.0,0.0
1392,7nwk5x,relationships,social,"She resents my relationship with our son - My son is a Daddy's boy. Even now as I type this I hear him out there waiting for me saying Daddy Daddy Daddy. He comes and gives me hugs when I come home and barely notices when my wife is gone or comes home. - ‎This is also something she's recently admitted and I feel guilty about it, but I feel like it's because she puts in no effort beyond what she needs to do.",1,0.6,1515004113,82,2.7,83.54,83.44,10.4,20.5,9.76,98.78,62.2,28.05,20.73,12.2,1.22,0.0,7.32,0.0,7.32,1.22,10.98,7.32,10.98,12.2,1.22,24.39,3.66,3.66,3.66,0.0,0.0,3.66,1.22,2.44,1.22,1.22,0.0,24.39,8.54,0.0,6.1,10.98,12.2,4.88,1.22,1.22,3.66,0.0,2.44,4.88,0.0,2.44,2.44,0.0,0.0,0.0,0.0,0.0,6.1,4.88,1.22,0.0,0.0,0.0,2.44,20.73,0.0,15.85,6.1,3.66,6.1,1.22,0.0,2.44,0.0,0.0,0.0,0.0,0.0,0.0,0.0,0.0,0.0,12.2,4.88,1.22,0.0,0.0,0.0,0.0,2.44,0.0,3.66,0.0,0.0
44205,72l92j,domesticviolence,abuse,I'm so used to being forced to submit to him that I no longer have a voice. He heavily favors my sister over me and would buy her anything she wanted in a heartbeat. An example would be at Darvin furniture one time. He takes me and my sister there and tells her to pick out a desk. I look at a $100 discount desk and he says we don't have enough money.,1,0.6,1506441031,73,31.12,70.83,1.0,51.4,14.6,8.22,91.78,61.64,23.29,20.55,9.59,1.37,0.0,9.59,0.0,2.74,6.85,12.33,10.96,2.74,6.85,2.74,21.92,1.37,1.37,0.0,2.74,0.0,1.37,1.37,0.0,0.0,0.0,0.0,16.44,2.74,0.0,6.85,5.48,9.59,0.0,4.11,4.11,1.37,0.0,0.0,4.11,1.37,2.74,0.0,0.0,0.0,0.0,0.0,0.0,9.59,4.11,0.0,4.11,1.37,0.0,2.74,13.7,0.0,9.59,0.0,8.22,1.37,2.74,0.0,1.37,4.11,0.0,0.0,0.0,0.0,0.0,0.0,0.0,0.0,10.96,6.85,0.0,0.0,0.0,0.0,0.0,0.0,0.0,2.74,0.0,1.37
20196,9ezmsq,assistance,financial,"I'm looking for anyone who is interested in taking a 10 minute survey, with the chance to win a £100 (or equivalent) Amazon voucher. You need to be over 18, speak English as a first language, and be able to listen to some audio files and select matching pictures. I've been told it's fun to do! Anyone who enters will be really helping me as I try to progress my research into language and meaning. <url>",0,1.0,1536687254,76,66.66,74.48,25.8,97.58,15.2,17.11,85.53,52.63,14.47,7.89,6.58,0.0,1.32,0.0,0.0,6.58,5.26,17.11,13.16,1.32,7.89,0.0,23.68,5.26,3.95,2.63,5.26,1.32,5.26,5.26,0.0,0.0,0.0,0.0,14.47,0.0,0.0,0.0,0.0,11.84,1.32,0.0,1.32,7.89,0.0,2.63,6.58,2.63,3.95,0.0,0.0,0.0,0.0,0.0,0.0,9.21,0.0,6.58,2.63,2.63,0.0,2.63,17.11,1.32,7.89,1.32,3.95,2.63,1.32,1.32,0.0,0.0,0.0,0.0,0.0,0.0,0.0,0.0,0.0,0.0,18.42,3.95,3.95,0.0,0.0,0.0,1.32,0.0,0.0,3.95,2.63,2.63
28629,7amy5g,anxiety,anxiety,"Hello, I am a long long long time user of Paxil and am looking to try something different. It works well for me, but i have been taking it for 17years. I have put on about 120 lbs over those years, some due to age, but I blame paxil for a majority. I also am not as energetic as I used to be, and noticed the decline shortly after going on it. But since it worked so well i ignored it.",0,1.0,1509749246,81,38.22,6.93,99.0,48.69,16.2,12.35,91.36,62.96,18.52,9.88,9.88,0.0,0.0,0.0,0.0,8.64,3.7,18.52,8.64,7.41,11.11,1.23,20.99,4.94,4.94,0.0,1.23,2.47,6.17,3.7,2.47,0.0,1.23,0.0,2.47,0.0,0.0,0.0,0.0,13.58,1.23,2.47,0.0,3.7,0.0,6.17,1.23,1.23,0.0,0.0,0.0,0.0,0.0,0.0,0.0,8.64,1.23,3.7,2.47,1.23,0.0,6.17,9.88,1.23,18.52,2.47,8.64,7.41,2.47,0.0,0.0,0.0,0.0,0.0,2.47,0.0,0.0,0.0,2.47,0.0,12.35,6.17,6.17,0.0,0.0,0.0,0.0,0.0,0.0,0.0,0.0,0.0
1229,6v4mon,anxiety,anxiety,"I am 25 years old, suffered from anxiety for about 10 years or so. Anxiety used to stop me from being able to leave the house unless with my parents or boyfriend. I was bullied a lot, and I didn't attend school much and didn't take my GCSE's because of this. I was 90% 'cured' in late 2015/early 2016 by my therapist. I had received help from a therapist once before, but it wasn't helpful to me.",0,0.833333333,1503337788,78,49.96,2.76,99.0,2.7,15.6,14.1,89.74,56.41,15.38,12.82,12.82,0.0,0.0,0.0,0.0,2.56,3.85,17.95,10.26,2.56,10.26,3.85,15.38,5.13,1.28,0.0,7.69,2.56,5.13,1.28,3.85,2.56,0.0,1.28,6.41,1.28,1.28,0.0,1.28,12.82,0.0,2.56,0.0,3.85,0.0,8.97,0.0,0.0,0.0,0.0,2.56,0.0,2.56,0.0,0.0,8.97,5.13,1.28,1.28,1.28,1.28,10.26,5.13,0.0,15.38,3.85,1.28,11.54,1.28,0.0,1.28,0.0,0.0,0.0,0.0,0.0,0.0,0.0,0.0,0.0,20.51,6.41,3.85,0.0,0.0,0.0,0.0,0.0,0.0,7.69,0.0,2.56
589,78pc9i,domesticviolence,abuse,"We ate and he was monitoring my data use because I sent some photos to our friend of her baby shower. And he said he ""hates having to watch over me like a father and he wishes I was more responsible"" but said that he ""accepts that this is the way I am"" I said nothing in response to this and just ate my food and let it slide, smiled at him and small talked. We got back to the park and they had put out a new sign saying they were closed for the rest of the day. This made him even more mad.",1,0.571428571,1508953399,105,30.55,93.61,7.56,25.77,26.25,5.71,95.24,61.9,24.76,19.05,6.67,2.86,0.0,7.62,1.9,5.71,5.71,11.43,7.62,2.86,8.57,0.95,22.86,3.81,2.86,0.0,0.0,2.86,3.81,1.9,1.9,0.0,1.9,0.0,20.95,1.9,0.95,0.95,7.62,8.57,0.95,3.81,0.95,0.95,0.95,0.95,5.71,1.9,3.81,0.0,2.86,0.0,0.0,0.0,2.86,6.67,3.81,0.0,1.9,0.95,0.0,12.38,5.71,0.95,12.38,2.86,7.62,2.86,0.95,0.0,0.95,0.0,0.0,0.0,0.0,0.0,0.0,0.0,0.0,0.0,8.57,3.81,0.95,0.0,0.0,0.0,0.0,0.0,3.81,0.0,0.0,0.0
38985,85abvi,ptsd,ptsd,Well I guess it was my second. Last week we set the ground work for the safe space to come back to if things got too overwhelming. This week we began to work through my trauma. Starting out the session was definitely very strange. I wasn’t sure what answers my therapist was looking for but once she assured me that there were no wrong answers everything went fine.,0,0.8,1521366039,68,26.21,23.11,95.02,79.41,13.6,17.65,98.53,57.35,22.06,13.24,8.82,2.94,0.0,1.47,0.0,8.82,4.41,10.29,7.35,8.82,2.94,2.94,17.65,5.88,0.0,1.47,2.94,0.0,14.71,8.82,5.88,1.47,0.0,1.47,5.88,0.0,0.0,1.47,0.0,14.71,2.94,0.0,1.47,2.94,5.88,4.41,1.47,1.47,0.0,0.0,1.47,0.0,1.47,0.0,0.0,10.29,2.94,2.94,0.0,1.47,2.94,11.76,5.88,0.0,17.65,2.94,5.88,10.29,4.41,0.0,0.0,0.0,0.0,0.0,1.47,0.0,0.0,0.0,1.47,0.0,8.82,7.35,0.0,0.0,0.0,0.0,0.0,0.0,0.0,1.47,0.0,0.0
1129,78elk8,domesticviolence,abuse,"Things between us were amicable until that point. Now, the atmosphere is VERY different. It hurts now because she's acting indifferent and like she's totally unaffected (which she might well be, I don't know if she's pretending). Shes already moved on to someone else, someone she's liked for a while, her boss. She has tried three times to bring her up and talk to me about her.",0,0.6,1508836929,67,2.62,91.04,3.94,53.85,13.4,17.91,92.54,71.64,28.36,19.4,2.99,1.49,0.0,14.93,0.0,8.96,2.99,14.93,16.42,10.45,8.96,1.49,23.88,1.49,2.99,1.49,1.49,0.0,4.48,2.99,1.49,0.0,0.0,1.49,20.9,0.0,0.0,13.43,0.0,14.93,2.99,1.49,1.49,5.97,1.49,4.48,1.49,0.0,0.0,1.49,0.0,0.0,0.0,0.0,0.0,5.97,1.49,1.49,2.99,0.0,0.0,7.46,20.9,1.49,16.42,2.99,4.48,8.96,1.49,0.0,0.0,0.0,0.0,0.0,1.49,0.0,0.0,0.0,1.49,0.0,23.88,7.46,5.97,0.0,0.0,0.0,0.0,0.0,0.0,7.46,2.99,0.0
1468,93hb8k,domesticviolence,abuse,I even pressed chargers against him. Unfortunately he still found a way through to me by hooking up with girls that I know and having them make sure I knew about it. Nothing has happened since June and I’m about to be moving far away from him. I struggle with what he did to me every day and the flashbacks occur still. I don’t expect this to ever fully go away but I am 18 now and I can say that I survived this.,1,0.8,1533063455,84,20.29,17.04,95.13,10.67,16.8,13.1,94.05,70.24,26.19,19.05,13.1,0.0,0.0,4.76,1.19,7.14,2.38,19.05,9.52,9.52,5.95,2.38,19.05,1.19,0.0,1.19,1.19,1.19,3.57,1.19,2.38,1.19,0.0,0.0,8.33,0.0,0.0,1.19,4.76,14.29,3.57,2.38,1.19,0.0,4.76,2.38,2.38,0.0,1.19,1.19,0.0,0.0,0.0,0.0,0.0,3.57,0.0,1.19,2.38,0.0,0.0,5.95,13.1,1.19,17.86,2.38,7.14,8.33,0.0,0.0,0.0,0.0,0.0,0.0,0.0,0.0,0.0,0.0,0.0,0.0,8.33,5.95,0.0,0.0,0.0,0.0,0.0,0.0,0.0,2.38,0.0,0.0
267,61vw62,ptsd,ptsd,"Does anyone have any advice? I feel pretty hopeless right now. I want desperately to be with my partner, and I suspect even if our relationship ends I will always love and care for him very much. I don't want to spend my life wishing I was with him, but be too overcome with my anxiety and fear to do so. It is discouraging to feel as though my ex-boyfriend is still inside my head and controlling my life.",1,1.0,1490658702,79,5.39,22.38,61.71,2.8,15.8,13.92,100.0,63.29,21.52,18.99,15.19,1.27,0.0,2.53,0.0,2.53,0.0,12.66,12.66,8.86,11.39,1.27,22.78,1.27,1.27,0.0,0.0,2.53,10.13,3.8,6.33,3.8,0.0,2.53,11.39,0.0,2.53,0.0,2.53,17.72,3.8,1.27,5.06,5.06,1.27,3.8,2.53,0.0,0.0,2.53,5.06,1.27,2.53,0.0,0.0,8.86,5.06,1.27,2.53,0.0,0.0,1.27,20.25,2.53,7.59,0.0,2.53,5.06,0.0,0.0,0.0,1.27,0.0,0.0,0.0,0.0,0.0,0.0,0.0,0.0,11.39,5.06,2.53,0.0,0.0,1.27,0.0,1.27,0.0,1.27,0.0,0.0
43115,7eu8we,ptsd,ptsd,I'm overwhelmed looking at all the options on amazon. Has anyone found something that works for them? Any ideas for other subreddits I should redirect my question to? I saw spire but they have so many one star reviews from customers whose device stopped working for one reason or another. I'm looking for something that's more reliable.,0,0.6,1511384508,57,29.42,29.92,72.35,6.35,11.4,26.32,87.72,52.63,26.32,12.28,8.77,0.0,0.0,0.0,3.51,14.04,1.75,14.04,10.53,1.75,5.26,0.0,22.81,1.75,1.75,1.75,3.51,8.77,1.75,0.0,1.75,1.75,0.0,1.75,8.77,0.0,0.0,0.0,0.0,24.56,7.02,1.75,1.75,12.28,1.75,5.26,5.26,5.26,0.0,0.0,0.0,0.0,0.0,0.0,0.0,5.26,0.0,3.51,0.0,0.0,1.75,5.26,10.53,0.0,5.26,0.0,3.51,1.75,7.02,0.0,0.0,1.75,0.0,0.0,0.0,0.0,0.0,0.0,0.0,0.0,14.04,5.26,0.0,0.0,0.0,3.51,0.0,0.0,0.0,5.26,0.0,0.0
845,78elk8,domesticviolence,abuse,"I've told her each time to stop, she apologised but doesn't see what the big deal is because she ""hasn't been in love with me for a long time."" This is when I started to feel awful. I can't fully figure out why though because Im not in love with her - I probably hate her and haven't realised it yet. I just feel terrible. I can barely get out of bed to go to uni.",1,0.8,1508836929,75,8.19,9.13,98.82,9.41,15.0,9.33,96.0,68.0,21.33,17.33,10.67,0.0,0.0,6.67,0.0,4.0,2.67,16.0,12.0,10.67,8.0,6.67,21.33,4.0,0.0,4.0,0.0,1.33,6.67,2.67,4.0,0.0,1.33,0.0,12.0,0.0,0.0,6.67,0.0,18.67,4.0,4.0,0.0,2.67,0.0,8.0,4.0,1.33,0.0,2.67,2.67,0.0,0.0,0.0,0.0,8.0,2.67,0.0,2.67,1.33,1.33,4.0,20.0,0.0,18.67,1.33,9.33,8.0,0.0,0.0,1.33,0.0,0.0,0.0,0.0,0.0,0.0,0.0,0.0,0.0,18.67,6.67,1.33,0.0,0.0,0.0,0.0,1.33,2.67,6.67,0.0,0.0
591,8igfiw,assistance,financial,"I’ve had a some fucked shit happen to me. I'm not going into detail because I'm not looking for sympathy. Today is the last day I have to pay or quit. I don’t have anyone to help and I’ve exhausted all my other options applying for loans, pawning things, etc. I need to somehow come up with 1,490.46 by 6 pm.",1,0.833333333,1525971323,62,35.22,1.0,94.58,1.0,12.4,12.9,87.1,56.45,19.35,14.52,14.52,0.0,0.0,0.0,0.0,4.84,3.23,16.13,14.52,1.61,4.84,4.84,25.81,0.0,0.0,0.0,4.84,3.23,4.84,0.0,4.84,0.0,3.23,0.0,4.84,0.0,1.61,0.0,0.0,17.74,0.0,1.61,1.61,8.06,1.61,6.45,1.61,1.61,0.0,0.0,4.84,1.61,1.61,1.61,0.0,8.06,3.23,1.61,4.84,0.0,0.0,3.23,19.35,1.61,11.29,3.23,3.23,4.84,1.61,0.0,0.0,3.23,0.0,0.0,3.23,3.23,0.0,0.0,0.0,0.0,20.97,8.06,4.84,0.0,0.0,0.0,0.0,0.0,0.0,8.06,0.0,0.0
46802,7nxm4c,relationships,social,"I went on a week long Mexico vacation with my BF of 5 months, and she tried to sit me down and have a conversation about how if I got pregnant I would ruin my life (I had to teach myself all about those things because she preferred to ignore it, it's a good thing I enjoy research). Now that I've decided to move in with my BF when I move back to my hometown, I don't even know how or when I should bring this one up. She treats me as if I am a child who doesn't think things through on normal small decisions, this is going to be a nightmare. A little information on my own thought process and my relationship. I am a very pragmatic person, but also very independent.",0,1.0,1515012834,134,14.89,13.14,97.53,15.31,26.8,12.69,94.78,64.93,24.63,17.16,14.93,0.0,0.0,2.24,0.0,7.46,5.22,14.18,8.96,8.96,10.45,1.49,18.66,2.24,0.75,3.73,1.49,0.75,3.73,1.49,2.24,0.0,0.0,0.75,8.21,0.75,1.49,2.24,1.49,13.43,5.22,2.99,3.73,2.24,0.75,2.99,0.0,0.0,0.0,0.0,1.49,0.0,1.49,0.75,0.0,8.96,2.99,0.75,3.73,1.49,0.0,3.73,12.69,0.75,15.67,3.73,8.21,4.48,1.49,0.75,0.0,0.0,0.0,0.0,1.49,0.0,1.49,0.0,0.0,0.0,11.94,3.73,3.73,0.0,0.0,0.0,0.0,0.0,0.0,2.99,1.49,0.0
1452,80glwf,domesticviolence,abuse,Fines. Probation. Court-ordered anger management classes. Debt. Final notices on some bills totaling as little as $17.,0,0.571428571,1519679905,18,96.85,50.0,58.07,1.0,3.6,33.33,72.22,16.67,0.0,0.0,0.0,0.0,0.0,0.0,0.0,0.0,0.0,16.67,0.0,0.0,11.11,0.0,5.56,16.67,11.11,0.0,5.56,5.56,5.56,0.0,5.56,0.0,5.56,0.0,0.0,0.0,0.0,0.0,0.0,11.11,5.56,0.0,0.0,5.56,0.0,0.0,0.0,0.0,0.0,0.0,0.0,0.0,0.0,0.0,0.0,11.11,0.0,0.0,11.11,0.0,0.0,0.0,5.56,0.0,16.67,0.0,11.11,5.56,11.11,0.0,0.0,11.11,0.0,0.0,0.0,0.0,0.0,0.0,0.0,0.0,38.89,27.78,0.0,0.0,0.0,0.0,0.0,5.56,0.0,0.0,0.0,5.56
537,7nxku5,relationships,social,"They're all things I enjoy doing and don't see as being that big of a deal, but she seems to perceive them as grand gestures. She regularly says that she ""doesn't deserve"" someone as ""perfect"" as me (which yes, she does, she's amazing, and also I'm not even that great, just moderately thoughtful) and has also said that ""because of past experiences, I have trouble liking people who I know like me... I guess it's more rewarding to feel like I've ""earned"" the validation."" In short, it seems like because of her past relationships, she kind of has an unhealthy mentality around 'earning' affection, and definitely has some sort of commitment issues (apparently her last ex said that he didn't really love her for the last year of their relationship, but was too afraid of hurting her to break up with her). All of this makes me ambivalent about broaching the topic of a committed relationship with her because I don't know how she'll react, but at this point we've both admitted we're falling for each other.",0,0.833333333,1515012515,176,14.64,73.4,17.28,94.75,35.2,18.75,94.89,61.93,23.86,15.91,5.68,1.14,0.0,7.95,1.14,7.95,3.41,15.34,10.8,6.82,9.66,2.84,19.32,6.82,4.55,1.7,0.0,3.41,7.95,6.25,1.7,0.57,0.0,0.57,17.61,0.0,0.0,7.39,0.57,18.18,3.98,3.41,0.0,4.55,3.41,3.98,4.55,0.57,1.7,1.14,1.14,0.0,0.57,0.0,0.0,7.95,3.41,1.7,1.14,2.84,0.57,5.11,13.64,0.57,9.66,1.14,4.55,3.41,1.14,0.0,0.0,0.57,0.0,0.0,1.14,0.0,0.0,0.57,0.0,0.0,25.0,3.98,6.25,0.0,0.0,0.0,0.0,0.0,4.55,7.95,2.27,0.0
14116,8e6hrq,survivorsofabuse,abuse,"And I'm just really confused and don't know how to feel or what to believe or think. Did he kill himself because of me? Did he know I wanted to see him or did they simply never told him? Is it my fault he is dead now, and that my little brother has no father anymore? I'm just so confused and overcome with emotions right now.",1,1.0,1524433805,66,1.0,32.48,51.41,1.0,13.2,13.64,100.0,71.21,25.76,19.7,9.09,0.0,0.0,9.09,1.52,6.06,0.0,7.58,13.64,13.64,15.15,4.55,27.27,0.0,0.0,3.03,0.0,0.0,7.58,0.0,6.06,3.03,1.52,0.0,15.15,3.03,0.0,0.0,12.12,22.73,7.58,3.03,1.52,7.58,1.52,6.06,3.03,1.52,0.0,1.52,0.0,0.0,0.0,0.0,0.0,4.55,1.52,1.52,0.0,0.0,1.52,7.58,22.73,0.0,9.09,0.0,3.03,6.06,0.0,0.0,0.0,0.0,0.0,3.03,0.0,0.0,0.0,0.0,0.0,0.0,13.64,3.03,1.52,0.0,0.0,4.55,0.0,0.0,0.0,4.55,0.0,0.0
517,7y7zh9,homeless,financial,"She told me she had one more person to interview and that she would get back to me by Monday. I shook her hand and rushed out the store to another place and went to their restroom. I ruined my hair, I popped a little of my collar and unbuttoned some of my dress shirts. I added some water stains and even took advantage of a partially full cup of soda in one of the stalls. I spilled it on the rims of my shirt but not entirely.",1,0.6,1518888549,88,71.61,24.76,53.94,11.17,17.6,9.09,86.36,55.68,21.59,18.18,12.5,0.0,0.0,4.55,1.14,3.41,5.68,15.91,2.27,2.27,6.82,1.14,7.95,2.27,1.14,0.0,2.27,6.82,3.41,1.14,2.27,1.14,0.0,1.14,9.09,0.0,0.0,4.55,0.0,6.82,0.0,0.0,1.14,2.27,1.14,2.27,1.14,0.0,0.0,1.14,5.68,3.41,0.0,0.0,2.27,4.55,0.0,1.14,0.0,4.55,0.0,6.82,1.14,0.0,12.5,3.41,7.95,2.27,1.14,0.0,0.0,1.14,0.0,0.0,0.0,0.0,0.0,0.0,0.0,0.0,6.82,5.68,1.14,0.0,0.0,0.0,0.0,0.0,0.0,0.0,0.0,0.0
1257,90hsib,assistance,financial,"I have been an avid Redditor for 4 years but unfortunately don't have the 1000+ karma needed to post on r/Borrow. I would pay $1200 ($1000 + $200 interest) in return by August 24 or earlier. Although I will (hopefully) receiving my stipend by the 6th, I know for a fact I will be receiving my scholarships for fall semester/my first paycheck from my job at home on or before the 24th, so this is just an added safety net in case the stipend takes extra time to process. I'm willing to provide any lender with the relevant personal information in a private message, and will keep in contact as much as necessary until the money is paid back (PayPal woud be best, but I'm open to other options as long as they are available in this country). Thanks for reading!",0,0.571428571,1532106521,142,81.89,24.06,90.51,77.59,28.4,19.01,90.14,52.11,10.56,8.45,7.75,0.0,0.0,0.0,0.7,2.11,7.04,18.31,10.56,2.82,8.45,0.7,16.2,8.45,4.93,0.0,4.93,2.82,5.63,3.52,0.7,0.0,0.0,0.0,5.63,0.0,0.7,0.0,0.0,10.56,1.41,0.0,2.11,3.52,1.41,4.23,0.0,0.0,0.0,0.0,0.0,0.0,0.0,0.0,0.0,4.93,0.7,1.41,0.7,2.82,0.7,3.52,11.27,2.82,17.61,2.11,8.45,8.45,5.63,0.7,0.7,7.04,0.7,0.0,1.41,0.0,1.41,0.0,0.0,0.0,17.61,2.82,2.82,0.0,0.0,0.0,0.7,0.0,0.0,2.11,4.23,4.93
1772,8wouin,homeless,financial,"Can’t wait to reach that phase. I stopped by a small seafood restaurant along the way, to sit and charge my phone and consult reddit. One of the men who worked at this place asked me where were I was from. He was a person who worked for this place for eighteen years, with a golden grill on his teeth. I told him that I started in Brunswick and ended up here and that’s all that mattered.",0,1.0,1530920739,77,70.44,65.17,72.99,25.77,15.4,10.39,89.61,58.44,22.08,11.69,7.79,0.0,0.0,3.9,0.0,10.39,6.49,16.88,5.19,2.6,5.19,1.3,16.88,1.3,0.0,3.9,2.6,1.3,0.0,0.0,0.0,0.0,0.0,0.0,14.29,0.0,0.0,0.0,5.19,2.6,0.0,0.0,0.0,0.0,1.3,1.3,1.3,0.0,1.3,0.0,2.6,1.3,0.0,0.0,1.3,6.49,0.0,2.6,2.6,0.0,1.3,12.99,5.19,0.0,19.48,0.0,12.99,6.49,3.9,2.6,0.0,0.0,0.0,0.0,1.3,0.0,1.3,0.0,0.0,0.0,11.69,6.49,2.6,0.0,0.0,0.0,0.0,0.0,0.0,2.6,0.0,0.0
851,6d9hkr,homeless,financial,"<url> My mother is 60 years old and has been somewhat homeless for over 2 years now in a city about a 3 hour drive away from me. She often meets people on the street that allow her to stay with them for a little while, but it seems that many get tired of her mania/excessive talking and lock her out. Also, important to note: she is an alcoholic, very intelligent (was a biologist), has had mental issues since 2005, and has been in and out of correctional facilities for various things related to drugs/drinking and violating parole. I haven't noticed her in a depressive state for over 3 years now.",0,0.571428571,1495717628,113,77.91,70.24,63.11,25.77,28.25,14.16,87.61,58.41,12.39,8.85,2.65,0.0,0.0,5.31,0.88,3.54,6.19,19.47,8.85,6.19,7.08,0.88,14.16,2.65,0.88,0.0,4.42,2.65,3.54,1.77,1.77,0.0,0.88,0.88,10.62,0.88,0.0,6.19,0.0,8.85,2.65,1.77,0.0,2.65,0.88,1.77,0.0,0.0,0.0,0.0,4.42,0.0,2.65,0.0,1.77,6.19,0.88,0.0,4.42,0.88,0.0,4.42,10.62,0.0,21.24,1.77,11.5,8.85,0.88,1.77,0.0,0.0,0.0,0.0,0.0,0.0,0.0,0.0,0.0,0.0,15.04,3.54,4.42,0.88,0.0,0.0,0.0,0.0,0.0,0.88,1.77,3.54
1320,5mppfy,ptsd,ptsd,"Who do I talk to at this point, the Command Equal Opportunity Officer (e-7) who basically says she will look into it but doesn't seem concerned. There is a stigma about asking for help in the Navy and it needs to change. Basically, if you take any meds you get treated like a black sheep. If you go to medical and they give you meds, you get removed from your duties and everyone else carries your load while you are forced to stand around them not allowed to do anything. If you do get out of the navy because you spoke out about being depressed, anxious, or having symptoms of PTSD then you would be seperated from the Navy and sent home.",1,0.571428571,1483859673,123,43.57,97.88,11.59,14.53,24.6,14.63,88.62,60.16,17.89,12.2,0.81,0.0,8.94,0.81,1.63,5.69,4.88,15.45,8.94,4.88,9.76,1.63,20.33,1.63,1.63,1.63,0.81,1.63,3.25,0.81,1.63,0.81,0.0,0.81,19.51,0.0,0.0,0.81,0.0,13.82,0.81,3.25,4.07,5.69,0.81,5.69,3.25,1.63,1.63,0.0,1.63,0.0,1.63,0.0,0.0,8.13,0.81,0.81,4.07,4.07,0.0,1.63,15.45,1.63,11.38,4.07,5.69,1.63,0.81,0.0,0.81,0.0,0.0,0.0,0.0,0.0,0.0,0.0,0.0,0.0,11.38,4.07,4.07,0.0,0.0,0.0,0.0,0.81,0.0,0.81,1.63,0.0
781,7y2wrm,ptsd,ptsd,"I’m currently doing EMDR for my severe anxiety issues and depression. We’re going through past instances that have plagued me and are why my mindset is a negative shithole. I had my anxiety in a certain place, where I felt comfortable. The anxiety was there but I managed it well enough. Things were not perfect and there was still a lot of things that needed to change in order for me to progress.",1,0.6,1518824114,73,18.84,5.01,93.59,2.2,14.6,21.92,94.52,64.38,20.55,13.7,12.33,1.37,0.0,0.0,0.0,6.85,5.48,10.96,12.33,8.22,5.48,2.74,19.18,2.74,0.0,2.74,0.0,1.37,13.7,5.48,8.22,4.11,1.37,1.37,1.37,0.0,0.0,0.0,0.0,12.33,1.37,2.74,1.37,1.37,2.74,2.74,1.37,0.0,0.0,1.37,1.37,1.37,0.0,0.0,0.0,6.85,1.37,1.37,2.74,1.37,0.0,10.96,9.59,1.37,15.07,2.74,5.48,5.48,1.37,0.0,0.0,0.0,0.0,1.37,2.74,1.37,0.0,0.0,1.37,0.0,10.96,6.85,1.37,0.0,0.0,0.0,0.0,0.0,0.0,2.74,0.0,0.0
1598,8bxezf,survivorsofabuse,abuse,"He's exactly what I've needed, maintains his side of an equal partnership, etc. My only problem is that, though our sex life is great, I catch myself being overly sexual sometimes, even if he shows no interest that occasional day, then feeling extremely hurt and rejected if he says that he doesn't want to do anything that day. It's not like we never do anything, I just seem to still be attached to this idea. He shows me he loves me in many different ways but this is so hurtful when I'm aware that it's ridiculous to have these expectations. I guess I'm afraid I'll never stop feeling this way and I'll end up hurt him.",0,0.6,1523605084,116,1.0,24.51,53.68,1.0,23.2,15.52,95.69,62.07,31.03,18.97,10.34,1.72,0.0,6.9,0.0,12.07,0.86,6.9,14.66,8.62,7.76,4.31,20.69,3.45,2.59,1.72,0.0,1.72,8.62,2.59,6.03,0.86,0.86,3.45,11.21,0.0,0.86,0.0,6.9,20.69,4.31,0.0,5.17,6.9,3.45,5.17,6.9,1.72,0.86,4.31,3.45,0.0,0.86,1.72,0.0,7.76,3.45,0.0,1.72,0.86,1.72,0.86,16.38,3.45,13.79,0.86,3.45,9.48,0.0,0.0,0.0,0.0,0.0,0.0,0.0,0.0,0.0,0.0,0.0,0.0,18.1,4.31,6.03,0.0,0.0,0.0,0.0,0.0,0.0,7.76,0.0,0.0
3808,8kc2kz,anxiety,anxiety,"Hi, I am 21 years old, I used to suffer from panic attacks and anxiety last year, but somehow managed to beat it and live like a normal person again. But from time to time, i have this weird feeling that I am gonna pass out or something like that, my face is pale and I feel this uncomfortable pressure in my eye balls, it happens when I'm at university during class or even during normal daily activities. I did some blood tests and everything is fine, so is this anxiety again?",1,1.0,1526638461,92,21.55,13.85,98.89,1.0,30.67,14.13,95.65,56.52,19.57,9.78,9.78,0.0,0.0,0.0,0.0,9.78,1.09,13.04,8.7,6.52,10.87,0.0,19.57,5.43,2.17,1.09,1.09,1.09,9.78,1.09,8.7,5.43,1.09,1.09,3.26,0.0,0.0,0.0,0.0,11.96,2.17,1.09,0.0,5.43,1.09,4.35,3.26,1.09,0.0,2.17,4.35,3.26,1.09,0.0,0.0,4.35,1.09,1.09,3.26,0.0,0.0,3.26,13.04,1.09,18.48,2.17,3.26,13.04,4.35,0.0,0.0,0.0,0.0,0.0,1.09,0.0,1.09,0.0,0.0,0.0,11.96,2.17,7.61,0.0,0.0,1.09,0.0,0.0,0.0,1.09,0.0,0.0
1444,6tb7ru,domesticviolence,abuse,"Extra: Apparently he was jailed before marrying my mom and he never told us until she found out later into the marriage. There's more into the story but I would like to know if I can file a charge on him for past incidents as well.... and I am upset that he is going to be charged for misdeamenor instead of felony. Since the victim (my mom) has enough evidences, it will be hard for him to drop the charges right? He has been avoiding the police so it took a while for the police to catch him but he paid for the bail and bailed himself out with a help of his friend. I just wished he would recieve a felony but he pleaded not guilty on the first court appearance and apparently there are more court appearances to be made befoe verdict is finalized....",1,0.857142857,1502574596,146,55.69,70.83,4.73,9.1,24.33,13.01,87.67,63.01,15.75,13.7,4.11,0.68,0.0,8.9,0.0,2.05,8.22,15.75,10.96,6.16,8.22,1.37,15.75,6.16,3.42,0.0,0.68,2.05,4.11,1.37,2.74,2.05,0.0,0.0,14.38,2.05,0.68,2.05,8.22,10.96,1.37,1.37,2.74,2.05,0.68,4.11,2.05,1.37,0.0,0.68,0.0,0.0,0.0,0.0,0.0,8.22,2.74,1.37,3.42,0.68,0.68,6.16,8.22,1.37,13.01,2.05,4.79,6.16,2.05,0.0,0.0,0.68,0.0,0.0,0.68,0.0,0.0,0.0,0.68,0.0,11.64,7.53,0.68,0.68,0.0,0.68,0.0,0.0,0.0,0.68,1.37,0.0
39940,9jkh53,domesticviolence,abuse,"He said he’d never love us. He acknowledges and plays with his daughter starting after she turned 6 months. He use to threaten to take her away from me. He gets delusional at times and he yelled at me “I’m going to off myself if you don’t admit that you were going to call the cops on me for calling the manager at McDonald’s an asshole!” I filmed it. So he said, “here’s your daughter try not to off yourself” He really thinks I’m going to kill myself for no reason....",0,0.6,1538114722,91,39.63,92.33,49.19,4.02,15.17,12.09,96.7,63.74,28.57,26.37,8.79,1.1,4.4,12.09,0.0,2.2,3.3,19.78,5.49,4.4,4.4,4.4,21.98,1.1,1.1,0.0,1.1,0.0,6.59,2.2,4.4,1.1,4.4,0.0,26.37,2.2,0.0,4.4,9.89,10.99,4.4,2.2,1.1,2.2,1.1,3.3,3.3,0.0,3.3,0.0,2.2,1.1,0.0,0.0,0.0,8.79,2.2,1.1,3.3,2.2,1.1,5.49,10.99,3.3,17.58,4.4,7.69,5.49,1.1,2.2,0.0,0.0,0.0,1.1,1.1,1.1,0.0,0.0,0.0,0.0,21.98,8.79,1.1,0.0,0.0,0.0,1.1,0.0,4.4,6.59,0.0,0.0
40959,96g3my,ptsd,ptsd,Because i feel like nothing i do isn't even worthy of being considered a success. Because the carpet is cover in pee from animals and reminds me of my mothers house. How i used to go to school every morning covered in cat and dog urine. Every little bit of confrontation feels like world war 3 in my head. Every little feels like it gets put on me as blame and i cant deal.,1,1.0,1533989471,74,72.42,6.87,97.14,2.3,14.8,14.86,87.84,51.35,12.16,10.81,10.81,0.0,0.0,0.0,0.0,1.35,2.7,18.92,5.41,2.7,9.46,4.05,16.22,1.35,5.41,1.35,1.35,5.41,5.41,1.35,4.05,0.0,4.05,0.0,2.7,1.35,0.0,1.35,0.0,18.92,5.41,5.41,0.0,0.0,5.41,2.7,4.05,0.0,0.0,4.05,4.05,4.05,0.0,0.0,0.0,4.05,0.0,1.35,1.35,2.7,0.0,1.35,12.16,0.0,13.51,2.7,9.46,1.35,2.7,0.0,2.7,0.0,0.0,1.35,0.0,0.0,0.0,0.0,0.0,0.0,8.11,6.76,0.0,0.0,0.0,0.0,0.0,0.0,0.0,1.35,0.0,0.0
222,7txr22,relationships,social,I’d like to be married before we are pregnant. I’m not willing to compromise on that. Anyone been in a similar situation? Advice on how to proceed?   ---,0,1.0,1517279249,27,65.78,77.05,92.47,25.77,6.75,25.93,96.3,70.37,18.52,11.11,7.41,3.7,0.0,0.0,0.0,7.41,3.7,29.63,18.52,3.7,3.7,3.7,18.52,11.11,11.11,3.7,0.0,0.0,3.7,0.0,0.0,0.0,0.0,0.0,18.52,7.41,0.0,0.0,0.0,11.11,0.0,3.7,0.0,3.7,0.0,3.7,0.0,0.0,0.0,0.0,3.7,0.0,3.7,3.7,0.0,14.81,11.11,0.0,0.0,3.7,0.0,3.7,11.11,0.0,18.52,0.0,11.11,7.41,0.0,0.0,0.0,0.0,0.0,0.0,0.0,0.0,0.0,0.0,0.0,0.0,33.33,7.41,0.0,0.0,0.0,7.41,0.0,11.11,0.0,7.41,0.0,0.0
12341,7s6fc2,relationships,social,"I'll try to keep this short and succint so it's easier to read. I had a very brief relationship with this girl. We both conected inmediately and tried to be in a relationship. We both had problems that consumed us: she was bulimic and I had erections issues; we both had parent issues and a nihilistic aproach to life. I wasn't a (mentally) strong boy, I was very immature and naive, I suppose she was kind of the same.",0,1.0,1516634575,78,17.96,81.53,8.65,49.64,15.6,19.23,85.9,56.41,20.51,15.38,7.69,5.13,0.0,2.56,0.0,5.13,6.41,7.69,14.1,3.85,7.69,1.28,20.51,5.13,2.56,0.0,0.0,3.85,3.85,2.56,1.28,0.0,0.0,0.0,14.1,1.28,0.0,3.85,1.28,6.41,0.0,0.0,1.28,3.85,0.0,1.28,0.0,0.0,0.0,0.0,3.85,1.28,2.56,1.28,1.28,14.1,8.97,2.56,1.28,0.0,1.28,11.54,6.41,1.28,7.69,1.28,6.41,1.28,1.28,0.0,0.0,0.0,0.0,0.0,0.0,0.0,0.0,0.0,0.0,0.0,17.95,6.41,2.56,1.28,1.28,0.0,0.0,0.0,0.0,3.85,2.56,0.0
665,7qvelt,relationships,social,Clearly what i need to do is just talk to her about it. I have a couple of examples in mind that will drive the point home. Mainly the first night i was introduced to everyone and a house warming we went to. We're having dinner tomorrow night. Thanks a ton for the feedback everyone.,0,1.0,1516135591,55,71.07,81.84,21.98,87.86,11.0,14.55,94.55,61.82,20.0,10.91,5.45,3.64,0.0,1.82,0.0,9.09,10.91,14.55,10.91,5.45,1.82,0.0,20.0,0.0,0.0,1.82,1.82,3.64,3.64,3.64,0.0,0.0,0.0,0.0,10.91,0.0,0.0,1.82,0.0,9.09,0.0,0.0,1.82,1.82,5.45,0.0,1.82,0.0,0.0,1.82,1.82,0.0,0.0,0.0,1.82,5.45,3.64,1.82,0.0,0.0,0.0,3.64,12.73,3.64,14.55,3.64,3.64,7.27,1.82,0.0,3.64,0.0,0.0,0.0,0.0,0.0,0.0,0.0,0.0,0.0,10.91,9.09,0.0,0.0,0.0,0.0,0.0,0.0,0.0,1.82,0.0,0.0
830,7pqqrs,relationships,social,"Also deflects my attempts at flirting. How do I communicate with him the way I want him to romance me if it's against his nature? Is it even possible? Should I just try to change myself? It's been five years and I'm still having this problem, what do I do?",0,0.6,1515700308,50,1.0,15.86,20.24,63.69,10.0,16.0,94.0,72.0,32.0,22.0,16.0,0.0,0.0,6.0,0.0,10.0,2.0,10.0,20.0,10.0,8.0,0.0,26.0,0.0,0.0,4.0,2.0,0.0,6.0,4.0,2.0,0.0,0.0,0.0,10.0,0.0,0.0,0.0,6.0,18.0,0.0,4.0,8.0,6.0,0.0,4.0,0.0,0.0,0.0,0.0,0.0,0.0,0.0,0.0,0.0,10.0,6.0,2.0,0.0,0.0,2.0,2.0,18.0,0.0,10.0,2.0,4.0,4.0,0.0,0.0,0.0,0.0,0.0,0.0,0.0,0.0,0.0,0.0,0.0,0.0,18.0,2.0,2.0,0.0,0.0,8.0,0.0,0.0,0.0,6.0,0.0,0.0
1948,82dnj5,anxiety,anxiety,"For anxiety/depression. Feb 16 weekend, we hung out and discussed going out. I just wanted to know what would be different or what her expectations would be differently. She just wanted to know she could introduce me as her bf to friends and people, and to be together. No other changes, really, we were already exclusive.",0,1.0,1520326191,57,14.86,80.98,4.05,1.0,11.4,22.81,91.23,61.4,19.3,14.04,3.51,3.51,0.0,7.02,0.0,5.26,0.0,14.04,12.28,7.02,8.77,1.75,21.05,3.51,3.51,3.51,1.75,0.0,3.51,0.0,3.51,1.75,0.0,1.75,19.3,0.0,3.51,7.02,1.75,24.56,3.51,1.75,10.53,1.75,0.0,8.77,0.0,0.0,0.0,0.0,0.0,0.0,0.0,0.0,0.0,8.77,8.77,0.0,0.0,0.0,0.0,7.02,8.77,3.51,12.28,3.51,5.26,3.51,0.0,1.75,0.0,0.0,0.0,0.0,1.75,0.0,1.75,0.0,0.0,0.0,17.54,8.77,7.02,0.0,0.0,0.0,0.0,0.0,0.0,0.0,0.0,1.75
2024,7tz0ig,relationships,social,"Do I just need to forget about the ""dumb girlfriend"" incident and stop assuming that he thinks I'm stupid? And how do I do that? Help! tl;dr Because of an unfortunate incident earlier in our relationship I sometimes have a hard time believing that my boyfriend thinks I'm smart. How do we navigate this?",1,0.571428571,1517292577,55,8.19,64.21,85.21,1.0,11.0,21.82,96.36,56.36,23.64,16.36,10.91,3.64,0.0,1.82,0.0,7.27,5.45,7.27,12.73,7.27,9.09,0.0,20.0,9.09,1.82,3.64,0.0,0.0,7.27,1.82,5.45,0.0,3.64,0.0,12.73,0.0,3.64,0.0,3.64,16.36,7.27,5.45,1.82,3.64,0.0,0.0,1.82,0.0,0.0,1.82,1.82,0.0,1.82,0.0,0.0,14.55,10.91,0.0,3.64,0.0,1.82,1.82,20.0,0.0,12.73,0.0,1.82,10.91,0.0,0.0,0.0,0.0,0.0,0.0,1.82,1.82,0.0,0.0,0.0,0.0,18.18,1.82,0.0,0.0,1.82,5.45,1.82,0.0,3.64,3.64,0.0,0.0
4006,8z2t5q,assistance,financial,"And I know it wouldn't completely or even halfway make up for me being an asshole lately, but I want to have some improvement on her life with her being loyal to me despite me not even being able to be there for her as a boyfriend. She's helped me so much. She paid for uber's to job interviews (I only got one callback from a GameStop, they said I'll know if I can go for second interview next week), she paid for laundry one week, she even bought me a pizza once and I have nothing to give back to her. I am near Denver, Colorado. And I am hoping for this to be sent to my GF because she truly deserves something great.",0,0.833333333,1531671398,125,25.77,34.44,16.68,82.9,25.0,13.6,96.0,65.6,21.6,19.2,11.2,0.0,0.0,7.2,0.8,2.4,3.2,16.8,10.4,8.0,7.2,2.4,20.8,3.2,0.8,0.0,3.2,1.6,4.8,4.0,0.8,0.0,0.8,0.0,14.4,0.0,1.6,8.0,0.8,13.6,1.6,1.6,3.2,4.0,2.4,4.0,1.6,0.8,0.8,0.0,2.4,0.8,0.8,0.0,0.8,7.2,3.2,1.6,0.8,1.6,0.0,5.6,11.2,1.6,8.8,1.6,3.2,4.8,2.4,0.8,0.8,2.4,0.0,0.0,1.6,0.8,0.8,0.0,0.0,0.0,12.8,4.0,4.0,0.0,0.0,0.0,0.0,0.0,0.0,3.2,1.6,0.0
53650,7r1pfj,relationships,social,"I have always told her that if there’s anything she wants to know, no matter how uncomfortable it may be, that I’d tell her I the truth and in return that she would do the same. I repeatedly gave warning that I didn’t think it would help and that it was a bad idea. She said she had to know and I told her that I would but she couldn’t turn it into an issue because this all happened before I even knew her. She agreed. I understand people saying that I should’ve given her space when she asked for it, but I am sorry, that is bullshit.",0,0.6,1516202936,108,1.0,57.35,3.6,5.77,21.6,9.26,98.15,68.52,35.19,21.3,10.19,0.0,0.0,11.11,0.0,13.89,3.7,5.56,14.81,3.7,8.33,2.78,29.63,2.78,1.85,1.85,0.0,0.93,5.56,1.85,3.7,0.93,0.0,0.93,19.44,0.0,0.0,11.11,0.0,21.3,5.56,1.85,6.48,2.78,2.78,3.7,1.85,0.0,1.85,0.0,0.0,0.0,0.0,0.0,0.0,2.78,0.93,0.0,0.93,0.0,1.85,11.11,12.04,1.85,8.33,0.93,2.78,4.63,0.0,0.0,0.0,0.0,0.0,0.0,0.93,0.93,0.0,0.0,0.0,0.0,12.96,4.63,3.7,0.0,0.0,0.0,0.0,0.0,0.0,4.63,0.0,0.0
791,7fg8p9,assistance,financial,"Grad school isn’t really the easiest place to parent alone. Assistantships don’t pay you enough to live off of by yourself (Mine nets me a little less than $800 a month, rent is $750), let alone with a tiny human that needs a particular type of education. They also require you commit to 20 hours a week of on campus work. Essentially meaning, you can’t really hold a full time job anywhere. On top of this, working another part time becomes difficult because work hours have to coincide with the hours your little one is at school, and with 20 hours a week on campus already, that leaves little time to actually work anywhere else during school hours.",1,0.6,1511627659,118,88.91,53.39,96.89,6.73,23.6,15.25,92.37,50.0,10.17,6.78,1.69,0.0,4.24,0.0,0.85,3.39,7.63,16.95,5.93,6.78,2.54,2.54,8.47,8.47,4.24,0.0,4.24,2.54,3.39,0.85,2.54,0.0,0.0,1.69,6.78,0.85,0.0,0.0,0.0,11.86,1.69,0.85,0.85,1.69,0.85,5.93,0.0,0.0,0.0,0.0,0.85,0.0,0.85,0.0,0.0,7.63,0.85,4.24,2.54,0.0,0.85,0.85,11.02,0.0,23.73,0.85,11.86,11.02,12.71,0.0,0.85,1.69,0.0,0.0,0.0,0.0,0.0,0.0,0.0,0.0,15.25,4.24,5.08,0.0,0.0,0.0,0.0,0.0,0.0,2.54,1.69,1.69
7873,7sf76o,stress,anxiety,"To help spread the word, I'm also running a competition on social media — prizes: 💸 3 x £50 Amazon vouchers! My instagram is: @thewellnesssocietyorg My twitter is: @thewellnesssoc It's currently #1 on Amazon's self-help and counselling genre top free books list. I'd love to hear your feedback. Please get in touch!",0,0.8,1516721873,51,68.57,91.49,40.84,99.0,12.75,21.57,72.55,33.33,11.76,9.8,7.84,0.0,1.96,0.0,0.0,1.96,3.92,9.8,9.8,1.96,3.92,0.0,15.69,3.92,1.96,0.0,5.88,0.0,7.84,7.84,0.0,0.0,0.0,0.0,19.61,0.0,0.0,0.0,0.0,0.0,0.0,0.0,0.0,0.0,0.0,0.0,3.92,0.0,1.96,1.96,1.96,0.0,0.0,0.0,0.0,19.61,11.76,5.88,7.84,3.92,0.0,0.0,13.73,0.0,11.76,1.96,7.84,1.96,7.84,7.84,0.0,1.96,0.0,0.0,1.96,0.0,1.96,0.0,0.0,0.0,31.37,3.92,1.96,5.88,0.0,0.0,3.92,1.96,0.0,7.84,0.0,5.88
13380,7xruo8,assistance,financial,Could we all at least help out by chipping in at least a dollar for this van? Could we please give this family a break by helping and donating for this van!? These boys and her need it so much!! It would be worth every penny to be able to go on more play dates with her two boys and make their little live’s more adventurous. It would open up a door to giving them easier and more convenience access to fun spontaneous trips to go play and have fun.,0,1.0,1518715052,90,79.65,95.2,1.45,99.0,18.0,6.67,93.33,50.0,14.44,6.67,0.0,2.22,0.0,2.22,2.22,7.78,3.33,17.78,7.78,1.11,6.67,0.0,17.78,8.89,6.67,0.0,1.11,8.89,10.0,10.0,0.0,0.0,0.0,0.0,14.44,1.11,0.0,2.22,2.22,8.89,0.0,1.11,5.56,0.0,2.22,0.0,0.0,0.0,0.0,0.0,0.0,0.0,0.0,0.0,0.0,8.89,4.44,1.11,2.22,2.22,0.0,0.0,10.0,0.0,15.56,3.33,10.0,1.11,0.0,5.56,2.22,4.44,0.0,0.0,0.0,0.0,0.0,0.0,0.0,0.0,8.89,2.22,0.0,0.0,0.0,2.22,3.33,0.0,0.0,1.11,0.0,0.0
20308,7odmvz,relationships,social,"I think this is a good conversation to have in person, but I likely won't see him for months. Would it be tacky/wildly unromantic to do this over text/email? Additionally, I don't want to ruin things between us or make things weird, and I'm not sure how to broach the subject. How do I not screw this up?   ---",1,0.6,1515180840,60,12.41,9.13,32.84,25.77,15.0,10.0,88.33,65.0,21.67,11.67,8.33,1.67,0.0,1.67,0.0,10.0,3.33,15.0,15.0,3.33,8.33,6.67,23.33,1.67,0.0,3.33,0.0,0.0,10.0,5.0,5.0,0.0,1.67,1.67,8.33,0.0,0.0,0.0,1.67,18.33,1.67,5.0,3.33,1.67,1.67,6.67,1.67,1.67,0.0,0.0,1.67,0.0,0.0,1.67,0.0,8.33,3.33,0.0,3.33,1.67,0.0,0.0,20.0,1.67,6.67,0.0,5.0,1.67,0.0,0.0,0.0,0.0,0.0,0.0,1.67,1.67,0.0,0.0,0.0,0.0,25.0,3.33,5.0,0.0,0.0,3.33,0.0,5.0,0.0,5.0,0.0,3.33
18153,87kvhe,anxiety,anxiety,"I generally like to finish the stuff I do that I consider to be work related but some things like video games, series or anything like that I don’t want to end. I am scared of finishing them since I know going back to it won’t be the same. After I finish them everything about it just feels so empty, like it has no value anymore. Knowing I can never experience it the same way again makes me not want it to end. I go from loving it and then afterwards never wanting anything to do with it anymore.",0,1.0,1522175631,99,11.42,9.47,98.62,25.77,19.8,13.13,100.0,69.7,28.28,12.12,10.1,0.0,0.0,0.0,2.02,16.16,3.03,16.16,9.09,8.08,5.05,6.06,21.21,5.05,7.07,0.0,0.0,2.02,4.04,2.02,2.02,1.01,0.0,1.01,6.06,0.0,0.0,0.0,0.0,20.2,5.05,2.02,3.03,5.05,3.03,3.03,3.03,1.01,0.0,1.01,0.0,0.0,0.0,0.0,0.0,4.04,2.02,2.02,0.0,0.0,0.0,0.0,16.16,3.03,19.19,2.02,3.03,15.15,1.01,2.02,0.0,0.0,0.0,0.0,0.0,0.0,0.0,0.0,0.0,0.0,9.09,5.05,2.02,0.0,0.0,0.0,0.0,0.0,0.0,2.02,0.0,0.0
24361,9pw9iv,survivorsofabuse,abuse,I’m noticing a pattern where my body is like rejecting my partner and I’m concerned it might be caused by my abuse at an early age. Should I seek counseling? But I’m afraid if I do I’m going to have to talk more about what happened and I’m going to break. I’ve talked to therapist before but whenever the topic of the abuse arises I tense up and can’t remember anything. I’m sorry if I’m rambling on it’s just a hard subject for me to talk about and I don’t know how to put into words the emotions I feel towards these events.,1,1.0,1540058677,103,22.52,3.28,99.0,1.0,20.6,14.56,92.23,64.08,21.36,16.5,16.5,0.0,0.0,0.0,0.0,4.85,5.83,17.48,15.53,5.83,9.71,1.94,24.27,5.83,2.91,3.88,0.0,0.97,7.77,0.0,5.83,1.94,1.94,1.94,4.85,0.0,0.97,0.0,0.0,13.59,3.88,1.94,2.91,3.88,0.0,4.85,1.94,0.0,0.0,1.94,1.94,0.97,0.97,0.0,0.0,3.88,0.97,0.0,2.91,0.0,0.0,2.91,18.45,2.91,13.59,2.91,5.83,3.88,0.97,0.0,0.0,0.0,0.0,0.0,0.0,0.0,0.0,0.0,0.0,0.0,15.53,3.88,0.0,0.0,0.0,0.97,0.0,0.0,0.0,10.68,0.0,0.0
38544,807hl1,ptsd,ptsd,So I have ptsd from an abusive relationship I ended about 3 years ago. When I felt healthy enough I went to therapy and did emdr and it helped and I thought i was doing well. I even moved to a different state so I could quit triggering my flashbacks a year and a half ago and haven't had a single flashback until last night. I have started dating a guy I'm pretty smitten about and last night we went out with friends and had a really good time but we also had been drinking. Something triggered me and i had a flashback and was not able to control my emotions because I had been drinking it was like I went from laughing having a good time to having a panic attack and asked him if we could leave and we did.,1,0.8,1519593040,142,11.49,24.06,90.51,65.79,28.4,14.79,93.66,61.97,16.9,14.79,11.27,2.82,0.0,0.7,0.0,2.11,7.04,8.45,14.79,6.34,13.38,1.41,23.24,2.11,1.41,0.7,2.11,0.7,7.04,4.23,2.11,0.7,1.41,0.0,7.04,0.0,1.41,0.0,1.41,11.27,1.41,2.82,2.11,2.11,0.0,4.23,1.41,0.0,0.7,0.7,2.11,0.0,0.7,0.0,1.41,9.15,4.93,1.41,1.41,1.41,0.0,16.2,3.52,0.0,14.79,3.52,0.7,10.56,0.0,1.41,0.0,0.0,0.0,0.0,0.7,0.0,0.0,0.0,0.7,0.0,4.93,3.52,0.0,0.0,0.0,0.0,0.0,0.0,0.0,1.41,0.0,0.0
1892,8lhksq,domesticviolence,abuse,"Anyway, he bullshited that her insurance wasn't covered  by anyone in this state, and that it was illegal for him to refuse her her shift. My SO had already talked to his HR head. They had previously decided that there wasn't much they could do unless she came up to him. Then tonight happened, the head of HR is severely worried for her safety (and my SOs) in a way he wasn't before. The head has called the Domestic Violence Hotline himself, and is looking for resources to help him solve this very delicate/tricky issue.",0,0.571428571,1527061709,96,22.13,85.13,1.0,4.56,19.2,18.75,91.67,63.54,23.96,16.67,2.08,0.0,0.0,12.5,2.08,7.29,4.17,14.58,11.46,5.21,6.25,3.12,18.75,3.12,1.04,0.0,0.0,1.04,6.25,2.08,4.17,1.04,1.04,0.0,19.79,0.0,0.0,5.21,7.29,9.38,3.12,1.04,1.04,1.04,0.0,4.17,1.04,1.04,0.0,0.0,3.12,3.12,0.0,0.0,0.0,5.21,1.04,1.04,3.12,0.0,1.04,13.54,5.21,2.08,10.42,1.04,4.17,5.21,3.12,0.0,1.04,1.04,0.0,0.0,1.04,0.0,0.0,0.0,0.0,1.04,15.62,5.21,4.17,0.0,0.0,0.0,0.0,0.0,0.0,3.12,2.08,1.04
502,8z7wdj,ptsd,ptsd,Can anyone relate to this feeling? I can’t enjoy myself at things like concerts anymore. I’m not fully present because I have to try so hard to curb feelings of anxiety and hyper-vigilance. When anyone gets too close to me or accidentally touches me I freak out. Tonight I went to a concert and I was so self-conscious and distracted by the fear that I was going to be assaulted that it was difficult to focus on the actual show.,1,1.0,1531714573,82,26.56,7.18,99.0,1.0,16.4,19.51,95.12,63.41,21.95,12.2,12.2,0.0,0.0,0.0,0.0,9.76,3.66,15.85,8.54,6.1,9.76,2.44,13.41,2.44,1.22,1.22,0.0,0.0,8.54,1.22,6.1,2.44,1.22,0.0,4.88,0.0,0.0,0.0,0.0,14.63,6.1,1.22,0.0,4.88,0.0,3.66,8.54,1.22,2.44,4.88,0.0,0.0,0.0,0.0,0.0,7.32,0.0,1.22,1.22,1.22,3.66,4.88,9.76,2.44,13.41,2.44,6.1,4.88,0.0,2.44,0.0,0.0,0.0,0.0,1.22,1.22,0.0,0.0,0.0,0.0,10.98,4.88,0.0,0.0,0.0,1.22,0.0,2.44,0.0,2.44,0.0,0.0
1493,8w6req,domesticviolence,abuse,put the world on my middle finger and tell it to sit and spin????? ? /\\/\\/\\/\\/\\/\\/\\/\\/\\/\\/\\/\\/\\/\\/\\/\\/\\/\\/\\/\\/\\/\\////////////////////\\\\\\\\\\\\\\\\\\\\\\\\\\\\\\\\\\\\\\\\/\\/\\/\\/\\/\\/\\/\\/\\/\\/\\/\\/\\/\\/\\/\\/\\/\\/\\/\\/\\/\\/\\ p.s. if you have a family that loves you please treat them right -- because there's people like me out there who would give anything to have what you have  -- don't take it for granted,0,0.571428571,1530755221,49,15.53,96.66,33.04,99.0,16.33,6.12,93.88,63.27,24.49,12.24,4.08,0.0,6.12,0.0,2.04,12.24,4.08,12.24,12.24,4.08,8.16,2.04,24.49,2.04,4.08,4.08,0.0,0.0,6.12,6.12,0.0,0.0,0.0,0.0,20.41,2.04,0.0,0.0,0.0,8.16,0.0,2.04,4.08,4.08,0.0,2.04,2.04,0.0,0.0,2.04,4.08,2.04,0.0,0.0,0.0,6.12,4.08,0.0,0.0,2.04,0.0,0.0,22.45,0.0,16.33,4.08,12.24,0.0,0.0,2.04,2.04,0.0,0.0,0.0,0.0,0.0,0.0,0.0,0.0,0.0,420.41,4.08,0.0,0.0,0.0,12.24,0.0,8.16,0.0,4.08,0.0,391.84
22103,9b13so,survivorsofabuse,abuse,"Over the last 18 months we have become closer than ever and as best friends living separately have grown our life together. 8 years ago we were panhandling for gas money to get to work, and now we are for successful business owners. We have spoiled my daughter rotten. Designer clothes, designer makeup, way too much freedom, gym membership, and anything else a 14 year old girl could ever want. I think a lot of that comes from the fact that we were not able to provide her with anything for so long.",0,1.0,1535478674,93,59.3,91.89,67.09,66.47,18.6,17.2,90.32,49.46,13.98,9.68,2.15,6.45,0.0,1.08,0.0,4.3,4.3,12.9,8.6,5.38,5.38,1.08,13.98,6.45,4.3,0.0,3.23,2.15,4.3,3.23,1.08,0.0,0.0,0.0,15.05,1.08,1.08,3.23,0.0,15.05,2.15,0.0,2.15,3.23,3.23,4.3,1.08,0.0,0.0,0.0,3.23,1.08,2.15,0.0,0.0,17.2,9.68,4.3,3.23,3.23,0.0,4.3,12.9,0.0,18.28,2.15,6.45,9.68,3.23,1.08,0.0,2.15,0.0,0.0,0.0,0.0,0.0,0.0,0.0,0.0,10.75,5.38,5.38,0.0,0.0,0.0,0.0,0.0,0.0,0.0,0.0,0.0
1593,7slt7e,relationships,social,"I basically said the same back, because it's true. The following days and weeks we kept hanging out occasionally and stayed in touch when she wasnt at BF in other city. Than randomly, out of nowhere, no response... Few days , weeks, and now about 2 months. I called texted for about the first 2 weeks to see what was going on. Than just stopped trying.",0,0.8,1516783934,65,68.26,37.9,99.0,54.74,10.83,13.85,96.92,55.38,10.77,6.15,3.08,1.54,0.0,1.54,0.0,4.62,4.62,20.0,4.62,10.77,7.69,4.62,20.0,7.69,4.62,3.08,4.62,1.54,1.54,1.54,0.0,0.0,0.0,0.0,9.23,0.0,1.54,1.54,1.54,16.92,0.0,3.08,0.0,4.62,3.08,6.15,4.62,1.54,1.54,1.54,0.0,0.0,0.0,0.0,0.0,9.23,4.62,3.08,0.0,0.0,1.54,12.31,4.62,1.54,35.38,4.62,15.38,18.46,0.0,1.54,0.0,0.0,0.0,0.0,1.54,0.0,1.54,0.0,0.0,0.0,21.54,12.31,7.69,0.0,0.0,0.0,0.0,0.0,0.0,1.54,0.0,0.0
430,70ui7i,almosthomeless,financial,iIfelt forced to quit that job because being homeless in oakland sucks alot. Advice: dont be too proud to accept help from people who care. Lots of folks have been through tough shit and can understand. 2. Leave when you get homeless.,0,0.833333333,1505735791,42,47.35,82.96,6.5,70.57,8.4,14.29,92.86,45.24,7.14,2.38,0.0,0.0,2.38,0.0,0.0,4.76,0.0,14.29,14.29,4.76,7.14,2.38,28.57,2.38,0.0,4.76,2.38,4.76,14.29,7.14,4.76,0.0,4.76,0.0,14.29,2.38,0.0,0.0,0.0,14.29,4.76,4.76,0.0,4.76,0.0,0.0,0.0,0.0,0.0,0.0,2.38,2.38,0.0,0.0,0.0,16.67,2.38,4.76,9.52,2.38,0.0,2.38,21.43,0.0,7.14,2.38,2.38,2.38,2.38,0.0,0.0,0.0,0.0,0.0,4.76,4.76,0.0,0.0,0.0,0.0,14.29,11.9,0.0,2.38,0.0,0.0,0.0,0.0,0.0,0.0,0.0,0.0
489,7nkvzc,relationships,social,"I love her too, but I am super paranoid about the whole deal. Current situation: We both confessed that we love each other, but I won’t be going back to my home country for another 6 months. Because of my past toxic relationship I fear things will change between us, we’ll get into fights/have trust issues etc. Problem: Should I get into a LDR with her, or we should continue being best friends( which would be hard because she has already very clearly confessed she loves me) problems are: 1.",1,0.8,1514876951,91,7.51,86.41,34.95,45.98,22.75,18.68,92.31,59.34,24.18,18.68,8.79,5.49,0.0,4.4,0.0,5.49,2.2,8.79,14.29,6.59,5.49,1.1,17.58,3.3,1.1,1.1,2.2,4.4,12.09,6.59,5.49,2.2,1.1,0.0,19.78,0.0,1.1,4.4,0.0,16.48,2.2,3.3,5.49,1.1,1.1,4.4,1.1,0.0,0.0,1.1,4.4,0.0,1.1,0.0,0.0,18.68,10.99,2.2,1.1,3.3,3.3,2.2,13.19,4.4,13.19,2.2,5.49,6.59,0.0,0.0,1.1,0.0,2.2,0.0,0.0,0.0,0.0,0.0,0.0,0.0,17.58,4.4,4.4,3.3,0.0,0.0,0.0,0.0,0.0,2.2,2.2,1.1
1350,7uk84c,stress,anxiety,"I know there are are people who have absolutely nothing. I have clothes on my back and a roof over my head, but I’m still worried because I don’t have gas money to get to work or buy groceries. It’s just a very helpless feeling. Thanks again to anyone who is reading this. I appreciate you.",1,0.857142857,1517505053,56,1.8,18.6,94.05,25.77,11.2,17.86,96.43,69.64,23.21,14.29,12.5,0.0,1.79,0.0,0.0,8.93,3.57,8.93,16.07,12.5,7.14,3.57,25.0,1.79,0.0,3.57,0.0,0.0,7.14,3.57,3.57,1.79,0.0,1.79,8.93,0.0,0.0,0.0,0.0,16.07,5.36,1.79,0.0,3.57,3.57,3.57,1.79,0.0,0.0,1.79,5.36,3.57,0.0,0.0,1.79,7.14,0.0,1.79,3.57,1.79,0.0,0.0,23.21,0.0,8.93,0.0,5.36,5.36,1.79,0.0,0.0,3.57,0.0,0.0,1.79,0.0,0.0,1.79,0.0,0.0,16.07,8.93,1.79,0.0,0.0,0.0,0.0,0.0,0.0,5.36,0.0,0.0
810,7sbhfb,relationships,social,So here’s he thing. I do have feelings for him. They just aren’t the intensity level I’m used to feeling when I fall for some one. I normally have this sense of urgency. Its this “Crazy about you/can’t live with out you” type feeling.,0,0.571428571,1516677313,45,6.04,41.22,71.7,3.92,9.0,13.33,93.33,66.67,28.89,20.0,8.89,0.0,4.44,4.44,2.22,8.89,2.22,15.56,11.11,11.11,4.44,4.44,22.22,2.22,0.0,2.22,2.22,2.22,2.22,0.0,2.22,0.0,0.0,0.0,11.11,0.0,0.0,0.0,4.44,20.0,8.89,2.22,2.22,2.22,0.0,4.44,8.89,0.0,0.0,6.67,2.22,0.0,2.22,0.0,0.0,0.0,0.0,0.0,0.0,0.0,0.0,2.22,17.78,0.0,8.89,2.22,4.44,2.22,0.0,0.0,0.0,0.0,0.0,0.0,0.0,0.0,0.0,0.0,0.0,0.0,26.67,11.11,0.0,0.0,0.0,0.0,0.0,0.0,4.44,8.89,0.0,2.22
4198,7ql4wg,relationships,social,"My mom has always been a pushover and is known to give him money with no questions asked. Last night, my brother sent a group message to me and my sisters telling us to not tell our parents anything he is saying and that he loves us very much. He says he started selling drugs recently to make more money and some of his supply was stolen and now he's afraid his ""friend""/dealer will come after him. I offered to let him spend the night at my house if he felt unsafe, but he declined my offer and said that he'll take care of it. I tried to reassure myself that no dealer will kill someone over a missing gram of pot (he was advertising on snapchat) and I went to bed hoping that he would just get roughed up if anything.",1,0.6,1516036829,143,26.31,95.97,3.1,25.77,28.6,13.99,93.71,56.64,24.48,18.88,6.99,2.1,0.0,9.79,0.0,5.59,2.8,11.19,7.69,2.1,6.99,2.1,23.78,3.5,2.1,0.0,0.0,2.8,5.59,2.8,2.8,0.7,0.7,0.7,27.27,2.8,0.7,1.4,11.19,10.49,2.1,0.7,2.8,5.59,0.7,2.8,2.8,0.0,2.1,0.7,1.4,0.0,0.7,0.0,0.0,11.89,7.69,0.7,1.4,1.4,0.7,7.69,10.49,2.8,10.49,2.1,2.8,5.59,0.7,0.7,1.4,2.8,0.0,0.7,0.7,0.0,0.7,0.0,0.0,0.0,9.79,3.5,1.4,0.0,0.0,0.0,0.0,0.0,1.4,1.4,1.4,0.7
1191,9ms6sy,anxiety,anxiety,Im positive the 2 panic attacks and the following brain fog is anxiety based because like i said I've had mild anxiety in the past and i don't think i have any other issues. Anyways i was wondering if its normal to feel spaced out and a little slow/ tired a few days panic attacks. I haven't touched weed since but i still feel spaced out. Any insight would be appreciated. I also noticed when i don't focus on my worry i feel a little better,1,0.666666667,1539113086,86,21.82,1.86,99.0,1.0,17.2,15.12,93.02,53.49,16.28,13.95,13.95,0.0,0.0,0.0,0.0,2.33,6.98,8.14,12.79,4.65,9.3,3.49,24.42,6.98,2.33,1.16,1.16,3.49,11.63,3.49,8.14,5.81,2.33,0.0,1.16,0.0,0.0,0.0,0.0,22.09,9.3,3.49,2.33,4.65,1.16,4.65,5.81,0.0,1.16,4.65,2.33,1.16,1.16,0.0,0.0,4.65,0.0,1.16,2.33,2.33,0.0,5.81,15.12,0.0,17.44,2.33,9.3,6.98,0.0,0.0,0.0,0.0,0.0,0.0,1.16,0.0,0.0,0.0,0.0,1.16,10.47,4.65,0.0,0.0,0.0,0.0,0.0,0.0,0.0,4.65,0.0,1.16
3369,62594u,ptsd,ptsd,"Can you contribute your story alongside others who have been/ are going through recovery? I am developing a storytelling and mental health platform with the ultimate aim of curating a museum exhibition. Soul relics Museum is a platform for people to read and tell stories of mental health through objects that help them connect or express to a present or past experience they have had with their mental health. It’s a unique and creative idea to help people come forward and share with others what mental health problems have been like for them and a safe and constructive way to read of others experiences while being brave enough to share your own. Together, we can create a collective voice in raising awareness and education on mental health!",0,1.0,1490773072,127,76.82,92.17,15.7,90.62,25.4,22.05,88.98,50.39,12.6,7.09,0.79,0.79,2.36,0.0,3.15,5.51,6.3,14.17,10.24,0.0,7.87,0.0,13.39,7.09,1.57,1.57,0.0,0.0,5.51,4.72,0.79,0.0,0.0,0.0,15.75,0.0,0.0,0.0,0.0,7.87,1.57,1.57,0.79,1.57,0.0,3.94,2.36,0.0,0.79,0.0,4.72,0.0,3.94,0.0,0.79,9.45,4.72,2.36,2.36,0.0,1.57,3.15,11.02,0.79,9.45,2.36,5.51,3.15,3.15,2.36,0.0,0.0,0.79,0.0,0.0,0.0,0.0,0.0,0.0,0.0,6.3,2.36,0.79,0.0,0.0,0.79,0.79,0.0,0.0,0.79,0.0,0.79
10158,93kjrt,anxiety,anxiety,"I know that I can't be unemployed forever but I'm just too anxious to really do anything. And everyone in my family keeps asking what my plan is and I keep lying because saying I've got nothing is just too humiliating. I'm just stuck. Have any of you gone through something similar, and have any advice? I appreciate it.",1,1.0,1533087161,59,1.0,15.45,94.33,1.0,11.8,20.34,100.0,66.1,27.12,16.95,15.25,0.0,1.69,0.0,0.0,10.17,0.0,6.78,15.25,10.17,8.47,3.39,30.51,3.39,1.69,1.69,0.0,3.39,6.78,1.69,5.08,3.39,3.39,0.0,11.86,1.69,0.0,0.0,0.0,22.03,3.39,1.69,0.0,6.78,5.08,5.08,1.69,0.0,1.69,0.0,0.0,0.0,0.0,0.0,0.0,6.78,1.69,1.69,1.69,1.69,0.0,5.08,22.03,1.69,6.78,1.69,3.39,1.69,1.69,1.69,1.69,0.0,0.0,0.0,0.0,0.0,0.0,0.0,0.0,0.0,16.95,6.78,1.69,0.0,0.0,1.69,0.0,0.0,0.0,6.78,0.0,0.0
15178,8m4cm8,ptsd,ptsd,"Kyle got out and started contacting me again, writing letters to “prove he still knew where I lived”, and “being able to get in touch with me regardless of me blocking him”. I have some friends in the police force near me, who I informed of the situation. About the same time I started talking to them, Kyle was put in jail for separate reasons. Since these two events, he has stopped contacting me (thank Christ.) James knows about Kyle, but I haven’t told James about the most recent developments because he has had a lot going on (a death in the family, health issues, among others).",1,0.8,1527275742,107,78.73,35.41,96.35,42.74,21.4,15.89,87.85,54.21,16.82,14.02,9.35,0.0,0.0,3.74,0.93,2.8,6.54,17.76,6.54,5.61,3.74,0.93,20.56,2.8,2.8,1.87,0.93,2.8,0.93,0.93,0.0,0.0,0.0,0.0,10.28,0.93,0.93,0.0,3.74,14.95,4.67,3.74,0.93,2.8,0.93,3.74,0.93,0.0,0.0,0.93,1.87,0.0,1.87,0.0,0.0,7.48,1.87,0.93,1.87,1.87,0.93,9.35,6.54,0.93,18.69,1.87,9.35,7.48,2.8,0.93,0.93,0.0,0.93,0.93,0.0,0.0,0.0,0.0,0.0,0.0,20.56,4.67,7.48,0.0,0.0,0.0,0.0,0.0,3.74,0.93,3.74,0.0
39461,6097xc,anxiety,anxiety,I've been crying myself to sleep ever since I came back. I'm scared something terrible will happen to them and I can't stop feeling guilty about cutting contact with them for the past several months. My mind keeps replaying awful scenarios over and over again. I can't stop thinking about these terrible thoughts. :(,1,1.0,1489913552,54,34.9,6.93,99.0,1.0,10.8,20.37,92.59,55.56,20.37,16.67,12.96,0.0,0.0,0.0,3.7,3.7,1.85,16.67,7.41,9.26,3.7,3.7,18.52,9.26,0.0,0.0,0.0,1.85,12.96,0.0,12.96,3.7,0.0,1.85,5.56,0.0,1.85,0.0,0.0,14.81,5.56,1.85,0.0,1.85,1.85,3.7,1.85,0.0,0.0,1.85,1.85,1.85,0.0,0.0,0.0,7.41,0.0,0.0,3.7,0.0,3.7,5.56,11.11,1.85,20.37,1.85,5.56,14.81,0.0,0.0,0.0,0.0,0.0,0.0,1.85,0.0,1.85,0.0,0.0,0.0,14.81,7.41,0.0,0.0,0.0,0.0,0.0,0.0,0.0,7.41,0.0,0.0
13866,7cbb5z,domesticviolence,abuse,"And I found as I got older, I always turned to women for support. My first marriage didn't work out, but I tried. And my second has been beautiful, we've been together for nearly 18 years, married for 16. We still have a lot of fun and while she doesn't understand what we went through first hand, she's perfectly supported me and we've built a good life together. My mum never had another relationship.",0,1.0,1510437389,74,9.1,70.57,95.33,99.0,14.8,16.22,95.95,56.76,21.62,18.92,10.81,5.41,0.0,2.7,0.0,2.7,2.7,10.81,13.51,4.05,9.46,4.05,22.97,5.41,2.7,1.35,6.76,2.7,8.11,8.11,0.0,0.0,0.0,0.0,17.57,4.05,0.0,5.41,0.0,12.16,2.7,0.0,0.0,2.7,4.05,2.7,2.7,1.35,0.0,1.35,2.7,1.35,1.35,0.0,0.0,21.62,12.16,6.76,0.0,4.05,0.0,16.22,9.46,0.0,17.57,2.7,4.05,10.81,1.35,1.35,0.0,0.0,0.0,0.0,0.0,0.0,0.0,0.0,0.0,0.0,20.27,6.76,6.76,0.0,0.0,0.0,0.0,0.0,0.0,6.76,0.0,0.0
2389,7t13ph,food_pantry,financial,"I've been reading through this sub today and thought I'd offer some help. -if you're from a different country, skip to the bottom for info on how to give me a hand to help others I consider my story an interesting one but I'll keep the story short. Most supermarkets in the UK offer a price match scheme. The commonly used one now is Asda's 'Price guarantee'.",0,1.0,1516929718,67,79.52,44.07,88.99,53.85,16.75,14.93,89.55,49.25,13.43,10.45,8.96,0.0,1.49,0.0,0.0,2.99,11.94,11.94,8.96,4.48,5.97,0.0,17.91,5.97,4.48,1.49,2.99,2.99,1.49,1.49,0.0,0.0,0.0,0.0,11.94,0.0,0.0,0.0,0.0,17.91,4.48,2.99,1.49,4.48,1.49,5.97,1.49,0.0,0.0,1.49,1.49,1.49,0.0,0.0,0.0,4.48,2.99,0.0,4.48,0.0,0.0,2.99,11.94,1.49,10.45,0.0,7.46,2.99,0.0,0.0,0.0,2.99,0.0,0.0,0.0,0.0,0.0,0.0,0.0,0.0,19.4,5.97,1.49,0.0,0.0,0.0,0.0,1.49,0.0,10.45,0.0,0.0
417,9c26tq,survivorsofabuse,abuse,"I got a very bad feeling but I at first ignored it. The babysitter was a man and someone I had never met! I was scared because I didn't know this man and I didn't understand why her Mother thought it was alright for a man to babysit 2 girls, one of them being a child he never had contact with. Her Mom proceeds to leave the house and we're there with this strange and creepy man. I was completely uncomfortable the entire time.",1,0.571428571,1535798933,84,17.96,63.97,52.86,1.0,16.8,16.67,95.24,61.9,20.24,14.29,8.33,1.19,0.0,3.57,1.19,5.95,8.33,8.33,10.71,7.14,7.14,4.76,21.43,2.38,0.0,1.19,3.57,1.19,7.14,1.19,5.95,2.38,0.0,0.0,19.05,2.38,1.19,5.95,5.95,16.67,4.76,2.38,0.0,1.19,4.76,3.57,1.19,0.0,0.0,1.19,0.0,0.0,0.0,0.0,0.0,7.14,2.38,1.19,1.19,1.19,1.19,13.1,4.76,0.0,8.33,1.19,1.19,5.95,0.0,0.0,1.19,0.0,0.0,0.0,1.19,0.0,0.0,1.19,0.0,0.0,10.71,4.76,1.19,0.0,0.0,0.0,1.19,0.0,0.0,3.57,0.0,0.0
45444,97rewh,ptsd,ptsd,"I wound up in partial hospitalization and diagnosed with PTSD related to several traumas including sexual assault I experienced as a child. I asked for a meeting with all of upper management so that I can start back up at work with clear boundaries for what I won't accept anymore. This will be a good thing in the end, but right now I feel like I'm going to throw up. Meeting is in 3 hours. Send good vibes please?",1,1.0,1534418398,79,86.49,35.19,99.0,73.09,15.8,17.72,93.67,55.7,15.19,8.86,8.86,0.0,0.0,0.0,0.0,6.33,5.06,22.78,7.59,3.8,5.06,1.27,15.19,3.8,2.53,1.27,1.27,2.53,7.59,5.06,2.53,0.0,1.27,0.0,7.59,0.0,0.0,0.0,0.0,8.86,5.06,0.0,0.0,0.0,2.53,1.27,3.8,1.27,0.0,1.27,5.06,0.0,3.8,1.27,0.0,12.66,0.0,1.27,8.86,2.53,0.0,1.27,12.66,3.8,22.78,3.8,12.66,7.59,5.06,0.0,0.0,0.0,0.0,0.0,0.0,0.0,0.0,0.0,0.0,0.0,10.13,5.06,1.27,0.0,0.0,1.27,0.0,0.0,0.0,2.53,0.0,0.0
1376,6ilwt5,ptsd,ptsd,"I recently went through an event that was extremely traumatic. Without specifying what, it was recently everywhere on the news. It's been less than a week and not even sure what I'm dealing with here but all I know is that I feel like I am being discouraged from getting help. Most of my recommendations have been people that are ""off-record"". I've talked a little with them and have talked amongst my friends and they say they do not feel they are any help.",1,0.571428571,1498052785,85,14.53,31.91,94.48,10.8,17.0,16.47,95.29,65.88,22.35,14.12,9.41,0.0,0.0,0.0,4.71,8.24,4.71,12.94,17.65,4.71,4.71,3.53,27.06,5.88,7.06,2.35,0.0,4.71,3.53,1.18,2.35,0.0,0.0,1.18,14.12,0.0,1.18,0.0,0.0,16.47,3.53,0.0,0.0,2.35,4.71,5.88,3.53,0.0,1.18,2.35,0.0,0.0,0.0,0.0,0.0,4.71,3.53,0.0,2.35,1.18,0.0,8.24,16.47,0.0,11.76,1.18,5.88,4.71,0.0,0.0,0.0,0.0,0.0,0.0,0.0,0.0,0.0,0.0,0.0,0.0,14.12,5.88,1.18,0.0,0.0,0.0,0.0,1.18,2.35,3.53,0.0,0.0
1904,7rtcl8,relationships,social,"Need to make a move now or never Update: I texted her more about it and she forgot about what happened until I reminded her! She said It’s not off the table, she just felt braver yesterday due to the liquid courage. So I just asked if she wants to hang one last time, maybe go somewhere like we did last time and have a drink and listen to music. And if something happens or doesn’t happen it doesn’t matter.",0,0.571428571,1516484556,80,9.63,50.0,27.99,72.57,20.0,8.75,95.0,60.0,20.0,12.5,3.75,1.25,0.0,7.5,0.0,6.25,5.0,11.25,6.25,11.25,12.5,5.0,25.0,2.5,3.75,1.25,1.25,1.25,2.5,2.5,0.0,0.0,0.0,0.0,13.75,0.0,0.0,7.5,0.0,16.25,1.25,1.25,5.0,8.75,1.25,6.25,5.0,0.0,3.75,1.25,1.25,0.0,0.0,0.0,1.25,2.5,2.5,0.0,0.0,0.0,0.0,10.0,17.5,1.25,18.75,3.75,2.5,12.5,0.0,2.5,0.0,0.0,0.0,0.0,0.0,0.0,0.0,0.0,0.0,0.0,12.5,3.75,2.5,1.25,0.0,0.0,1.25,0.0,0.0,3.75,0.0,0.0
38807,5zsxz1,ptsd,ptsd,"His reply:  ""Thanks for not punching me!"" All-in-all, I like this guy, he's been an OK manager to me, I've gotten all of my raises since I've been under him, he has kids, so he understands me as a parent, etc. Am I making too big of a deal out of this? I thought about going to HR about it, but I'm in a position where I can't jeopardize this job, and I'm not the most well-liked person on the team (nothing that I did, I was hired externally for a position that 3 internals wanted), for whatever that's worth. Your thoughts?",0,0.6,1489694754,105,28.22,19.58,73.47,95.81,21.0,11.43,92.38,64.76,26.67,19.05,13.33,0.0,0.95,4.76,0.0,7.62,6.67,16.19,11.43,5.71,3.81,3.81,20.95,2.86,1.9,1.9,0.95,3.81,4.76,4.76,0.0,0.0,0.0,0.0,11.43,0.95,0.95,0.0,5.71,14.29,2.86,1.9,0.95,0.95,3.81,3.81,0.0,0.0,0.0,0.0,0.0,0.0,0.0,0.0,0.0,6.67,1.9,0.95,3.81,0.95,0.0,7.62,11.43,0.95,10.48,0.95,8.57,0.95,4.76,0.95,0.0,0.95,0.0,0.0,1.9,0.0,0.0,0.95,0.95,0.0,28.57,1.9,9.52,0.95,0.0,1.9,0.95,2.86,1.9,6.67,1.9,0.0
1332,9m8glq,assistance,financial,"A <url> has been set up and I’m hoping to help get a bit more assistance from this community. He is one of the hardest working guys I know and I love him like a brother. You can tell by the amount already raised that he is a good man who has the support and love of his community, friends and family around him. It is quite costly to transfer the remains of a loved one across the globe though and there are medical expenses and final bills on top of this that need to be paid for. Any assistance this community is willing to offer would be very much appreciated.",0,0.8,1538944217,111,69.11,94.74,1.0,99.0,22.2,15.32,95.5,57.66,14.41,8.11,2.7,0.0,0.9,4.5,0.0,6.31,9.01,14.41,11.71,4.5,6.31,0.0,18.02,4.5,3.6,0.9,1.8,4.5,7.21,6.31,0.0,0.0,0.0,0.0,18.92,1.8,1.8,0.0,7.21,7.21,1.8,0.0,2.7,2.7,0.0,0.9,0.9,0.0,0.0,0.9,3.6,0.0,0.9,0.0,0.0,15.32,9.01,1.8,2.7,2.7,0.9,2.7,14.41,0.9,7.21,0.9,4.5,1.8,3.6,0.9,0.9,3.6,0.0,0.0,0.0,0.0,0.0,0.0,0.0,0.0,8.11,4.5,0.9,0.0,0.0,0.0,0.0,0.0,0.0,0.9,0.0,1.8
20636,8j7hpr,almosthomeless,financial,I am losing my place on the 20th and freaking out. I am not sure what to do as phone just got shut off and funds are depleted. The emergency funds I had are now gone as my apartment recently got broken into. I have no family and am truly at a loss here in las vegas. I feel like what might be best for me is to head back to pa where i am orignally from but without funds to pay for bus/plane out of las vegas.,1,1.0,1526250188,89,57.16,7.22,94.01,25.77,17.8,7.87,88.76,64.04,12.36,10.11,10.11,0.0,0.0,0.0,0.0,2.25,3.37,21.35,13.48,6.74,6.74,3.37,20.22,6.74,5.62,3.37,0.0,0.0,6.74,3.37,3.37,0.0,0.0,2.25,3.37,2.25,0.0,0.0,1.12,7.87,1.12,0.0,0.0,1.12,2.25,3.37,2.25,0.0,1.12,1.12,1.12,1.12,0.0,0.0,0.0,6.74,1.12,3.37,1.12,3.37,2.25,4.49,13.48,1.12,15.73,1.12,12.36,3.37,1.12,1.12,2.25,4.49,0.0,0.0,1.12,1.12,0.0,0.0,0.0,0.0,6.74,5.62,0.0,0.0,0.0,0.0,0.0,0.0,0.0,0.0,0.0,1.12
228,9m6nul,food_pantry,financial,"Hey guys. My girlfriend and I recently made a move from South Florida to Ohio for a change of scenery and a massive cost of living decrease. Due to the unexpected costs of the move and the cost of getting settled into our new home, we are severely in need of some basics to get us and our two pets through until we receive our first full checks from our new jobs. Our original dream was to move across the country to the west coast and start from scratch when we arrived. We had enough for the journey and to get us into a place, but not much else, so we reevaluated our finances and settled down in Ohio instead, about 1500 miles away from our previous home and about halfway to our original destination.",0,0.571428571,1538931866,135,93.52,97.69,82.75,38.98,27.0,18.52,90.37,53.33,12.59,12.59,1.48,11.11,0.0,0.0,0.0,0.0,7.41,21.48,2.22,3.7,8.89,0.74,10.37,5.93,0.74,0.74,2.22,1.48,2.22,1.48,0.74,0.0,0.0,0.0,14.07,0.0,1.48,0.0,0.74,6.67,0.74,1.48,0.74,0.74,0.0,2.96,0.74,0.0,0.0,0.74,0.74,0.0,0.74,0.0,0.0,16.3,11.85,0.74,1.48,2.22,0.0,3.7,5.93,0.74,22.22,5.19,10.37,7.41,1.48,0.74,2.22,2.96,0.0,0.0,0.74,0.0,0.0,0.0,0.0,0.0,6.67,3.7,2.96,0.0,0.0,0.0,0.0,0.0,0.0,0.0,0.0,0.0
814,8bnhi8,anxiety,anxiety,When people Don't understand and tell you how to be / when you evade all answers and feel like a monstrosity / Shut the blinds / the outside world / hide away / worry about the morning / upcoming day Night arrives / should be fine am I right / turns into a turbulent anxiety night / shake my head / am I the only one who feels this way / Take my meds / daily occurrence of will this ever end / hate this paranoia of internal mindset / Get told it will get better / how to be / change myself for you to try and frankly that's never the good answer,1,0.6,1523506821,98,41.61,62.04,97.35,4.76,98.0,14.29,94.9,52.04,14.29,8.16,5.1,0.0,3.06,0.0,0.0,6.12,7.14,11.22,10.2,8.16,7.14,2.04,24.49,4.08,2.04,5.1,1.02,1.02,8.16,3.06,5.1,4.08,1.02,0.0,7.14,0.0,0.0,0.0,0.0,14.29,5.1,3.06,1.02,1.02,4.08,0.0,3.06,1.02,0.0,2.04,2.04,1.02,1.02,0.0,0.0,8.16,0.0,2.04,0.0,5.1,2.04,1.02,19.39,3.06,23.47,5.1,8.16,10.2,0.0,0.0,0.0,0.0,0.0,0.0,0.0,0.0,0.0,0.0,0.0,0.0,18.37,0.0,0.0,0.0,0.0,0.0,0.0,0.0,0.0,2.04,0.0,16.33
49574,9csgdv,survivorsofabuse,abuse,"I clearly hold it to such high regards... I would think, ""no one's this stupid"" but apparently people are. If anyone is wondering why i didn't ignore it, I thought I wasn't being clear in what I was saying and thought if I just bluntly told it, it would understand and go away. When I kept saying it wasn't listening, for some reason, I believed I wasn't communicating clearly or I was being ""too nice"" by ""hinting at it"". Turns out abusers do this thing where they deliberately don't listen to people calling them out.",0,0.8,1536035916,95,1.0,8.57,98.22,4.46,19.0,16.84,93.68,66.32,25.26,13.68,11.58,0.0,0.0,0.0,2.11,11.58,0.0,9.47,14.74,9.47,7.37,6.32,30.53,4.21,0.0,4.21,0.0,1.05,4.21,1.05,3.16,0.0,2.11,0.0,12.63,0.0,0.0,0.0,0.0,25.26,7.37,2.11,4.21,7.37,3.16,8.42,5.26,1.05,4.21,0.0,0.0,0.0,0.0,0.0,0.0,2.11,1.05,0.0,1.05,0.0,0.0,9.47,10.53,0.0,10.53,2.11,7.37,1.05,0.0,0.0,0.0,0.0,0.0,0.0,0.0,0.0,0.0,0.0,0.0,0.0,25.26,7.37,5.26,0.0,0.0,0.0,0.0,0.0,6.32,6.32,0.0,0.0
41079,92lphy,homeless,financial,"So many local counties and cities struggle with homelessness and put a lot of resources into fixing the problem. But I feel society as a whole needs to change in order to truly fix the problems at hand especially at the federal level. By at least having these conversations, we can start talking about how we as a nation might be able to change to help our neighbors. I hope this made a bit of sense. I have been up late and wanted to reflect on some of the previous conversations I have had with people trying to change the narrative on homelessness.",0,1.0,1532780169,103,94.53,78.14,64.94,12.81,20.6,16.5,95.15,55.34,8.74,6.8,3.88,2.91,0.0,0.0,0.0,1.94,8.74,22.33,7.77,4.85,7.77,0.0,15.53,3.88,2.91,0.97,0.0,5.83,4.85,1.94,2.91,0.97,0.0,0.0,9.71,0.0,0.97,0.0,0.0,19.42,2.91,4.85,4.85,4.85,1.94,0.97,2.91,0.0,0.0,1.94,0.97,0.97,0.0,0.0,0.0,15.53,6.8,1.94,5.83,0.0,1.94,4.85,7.77,1.94,20.39,3.88,12.62,2.91,0.97,0.0,0.97,0.0,0.0,0.0,0.0,0.0,0.0,0.0,0.0,0.0,5.83,4.85,0.97,0.0,0.0,0.0,0.0,0.0,0.0,0.0,0.0,0.0
2232,7pbuol,relationships,social,I’m definitely keeping the child. We don’t own our house so will just go our separate ways. I’m totally open to him being part of the child’s life if he wants. I know he would be a good dad despite him turning out to be a terrible husband Thanks for the advice guys.,0,0.571428571,1515545589,53,33.62,95.5,1.31,89.18,13.25,15.09,92.45,60.38,18.87,18.87,5.66,5.66,0.0,7.55,0.0,0.0,9.43,11.32,15.09,7.55,3.77,1.89,24.53,1.89,0.0,0.0,0.0,1.89,7.55,5.66,1.89,0.0,0.0,0.0,24.53,3.77,1.89,0.0,13.21,15.09,1.89,0.0,5.66,1.89,3.77,5.66,0.0,0.0,0.0,0.0,1.89,0.0,1.89,0.0,0.0,13.21,7.55,0.0,3.77,1.89,0.0,0.0,18.87,3.77,7.55,1.89,5.66,0.0,0.0,0.0,1.89,0.0,0.0,0.0,0.0,0.0,0.0,0.0,0.0,0.0,15.09,7.55,0.0,0.0,0.0,0.0,0.0,0.0,0.0,7.55,0.0,0.0
8267,9g8dgf,ptsd,ptsd,"I saw a professional for a psych evaluation and though there are no flashbacks or nightmares, I still am placed with the ptsd label. I know this isn’t something you just “get over” I just thought I moved on from my “trauma” I watched a few episodes of bojack horseman and it’s thrown me into an episode of depression Idk I’m sad, I’m mad, I get irritable I have no idea what symptoms and triggers are for me, I just keep going because if I don’t I’ll stop and fall apart. I’m like a piece of glass being held together by masking tape. I would’ve rather been told I’m a sociopath/psychopath or a narcissist due to my severe apathy towards everything.",1,1.0,1537077183,122,17.46,1.11,99.0,1.0,30.5,18.85,89.34,61.48,22.13,18.03,17.21,0.0,0.82,0.0,0.0,4.1,6.56,11.48,12.3,5.74,7.38,4.1,22.13,1.64,0.82,0.82,0.0,1.64,6.56,0.0,6.56,0.82,0.82,1.64,3.28,0.0,0.0,0.0,0.0,13.11,3.28,1.64,2.46,3.28,0.82,5.74,1.64,1.64,0.0,0.0,0.82,0.0,0.82,0.0,0.0,4.1,0.82,0.0,0.82,1.64,0.82,7.38,12.3,1.64,11.48,3.28,5.74,2.46,1.64,0.0,0.0,0.0,0.0,0.0,0.82,0.0,0.82,0.0,0.0,0.82,18.03,3.28,3.28,0.0,0.0,0.0,0.0,0.0,3.28,7.38,0.0,0.82
521,7elq7s,ptsd,ptsd,16 years ago when I was 6 9/11 happened. That's the day everything changed for me. My mom was a first responder she was a social worker in the city and volunteered with the Red Cross the next day. She spent 4 months at ground zero. Some of my earliest memories are of the towers falling.,0,0.833333333,1511302594,57,86.18,63.73,96.09,25.77,11.4,14.04,85.96,47.37,14.04,10.53,7.02,0.0,0.0,3.51,0.0,3.51,12.28,10.53,8.77,1.75,3.51,0.0,14.04,5.26,1.75,1.75,12.28,1.75,0.0,0.0,0.0,0.0,0.0,0.0,10.53,1.75,0.0,5.26,0.0,7.02,1.75,1.75,0.0,1.75,1.75,0.0,1.75,1.75,0.0,0.0,0.0,0.0,0.0,0.0,0.0,5.26,1.75,3.51,1.75,0.0,0.0,12.28,3.51,0.0,26.32,3.51,7.02,15.79,1.75,0.0,0.0,1.75,0.0,0.0,0.0,0.0,0.0,0.0,0.0,0.0,12.28,8.77,0.0,0.0,0.0,0.0,0.0,0.0,0.0,1.75,0.0,1.75
41787,9x8tbb,anxiety,anxiety,"Just recently started a job at subway, and during work I always feel immense pressure on me i start sweating constantly. I never thought I had a fear of human interaction but now I don’t know. I get extremely anxious knowing I’m going to have to work the next day. I am losing so much sleep, even now when I’m writing this, I haven’t touched my phone in a few hours but my mind wouldn’t stop rambling, making me feel horrible. It’s 1:33 am and I still can’t sleep.",1,1.0,1542264559,90,7.05,1.0,99.0,1.0,18.0,17.78,93.33,55.56,18.89,16.67,16.67,0.0,0.0,0.0,0.0,2.22,4.44,7.78,11.11,11.11,6.67,5.56,24.44,5.56,1.11,1.11,2.22,2.22,5.56,0.0,5.56,4.44,0.0,1.11,3.33,0.0,0.0,0.0,0.0,15.56,5.56,1.11,1.11,0.0,3.33,4.44,4.44,0.0,1.11,3.33,3.33,3.33,0.0,0.0,0.0,6.67,1.11,3.33,0.0,1.11,2.22,2.22,20.0,1.11,21.11,1.11,3.33,16.67,4.44,0.0,0.0,0.0,0.0,0.0,0.0,0.0,0.0,0.0,0.0,0.0,18.89,5.56,4.44,1.11,0.0,0.0,0.0,0.0,0.0,7.78,0.0,0.0
474,8fywep,domesticviolence,abuse,"how is it possible that he can drive and use his fist to punch you? did you do something wrong?"". The only thing I got from the police was a worn out looking card to the social work department (and by the way they offer counselling - nothing else). To this day, they have not arrested him because apparently the attack occurred in the middle of two districts (apparently it's really hard to determine which district is responsible) and because of bureaucratic issues, the man has not been taken to questioning. My mother helped me tremendously by arranging the divorce for me, and in the divorce, we did not put any alimony.",1,0.8,1525089503,111,51.94,67.37,17.17,6.05,22.2,20.72,90.99,61.26,17.12,10.81,3.6,0.9,1.8,2.7,1.8,6.31,9.01,12.61,9.91,4.5,6.31,3.6,17.12,3.6,0.9,1.8,0.9,0.9,1.8,0.0,1.8,0.0,0.9,0.0,13.51,2.7,0.0,0.9,3.6,15.32,1.8,3.6,0.0,5.41,0.9,4.5,1.8,0.9,0.0,0.9,0.0,0.0,0.0,0.0,0.0,7.21,1.8,0.9,1.8,1.8,0.9,7.21,9.01,0.0,8.11,1.8,5.41,0.9,5.41,0.0,0.0,0.0,0.0,0.0,0.0,0.0,0.0,0.0,0.0,0.0,15.32,3.6,3.6,0.0,0.0,1.8,0.0,0.9,0.9,0.9,3.6,0.0
53610,7cbb5z,domesticviolence,abuse,"I'm in a well paid job. I have beautiful friends, and most of the best ones are women. I'm finally at a point in my life where I feel safe, have come to terms with the past, am able to give time and money to help others. And yet despite all these blessings I've been paralysed for the last week, unable to function at work. By a lie.",1,1.0,1510437389,68,82.62,27.83,97.06,99.0,13.6,10.29,94.12,58.82,11.76,8.82,8.82,0.0,0.0,0.0,0.0,2.94,8.82,19.12,13.24,5.88,4.41,0.0,17.65,5.88,2.94,1.47,0.0,2.94,7.35,7.35,0.0,0.0,0.0,0.0,5.88,0.0,1.47,1.47,0.0,7.35,1.47,0.0,0.0,1.47,1.47,2.94,2.94,1.47,0.0,1.47,2.94,0.0,2.94,0.0,0.0,10.29,2.94,5.88,2.94,1.47,1.47,4.41,16.18,0.0,19.12,1.47,8.82,8.82,2.94,0.0,0.0,2.94,1.47,0.0,1.47,0.0,0.0,0.0,1.47,0.0,17.65,7.35,5.88,0.0,0.0,0.0,0.0,0.0,0.0,4.41,0.0,0.0
1065,7twpw9,relationships,social,"At times, he would get stalker-ish, and she would remove him from her contacts. This would infuriate him, and he would create an alternate character to threaten her, saying how he is going to find her, kill her, and tell me about their relationship. Being scared, my wife would add him back, pretend to be friends, only to repeat this cycle over several times over the next few years. Yes, they somehow remained ""friends"" for years after this affair. The next stab came when I was sent to an Air Force base for a 3 month training for my job.",0,0.6,1517269679,101,49.17,96.24,3.24,5.05,20.2,13.86,90.1,55.45,19.8,16.83,3.96,0.0,0.0,10.89,1.98,2.97,4.95,13.86,8.91,5.94,4.95,0.0,16.83,4.95,0.99,1.98,0.99,2.97,3.96,0.99,2.97,1.98,1.98,0.0,21.78,0.99,2.97,5.94,5.94,10.89,1.98,2.97,4.95,0.99,0.0,0.0,0.99,0.0,0.99,0.0,0.0,0.0,0.0,0.0,0.0,10.89,3.96,0.99,3.96,1.98,0.99,2.97,5.94,0.99,19.8,3.96,4.95,11.88,0.99,0.0,0.0,0.0,0.0,0.99,0.99,0.0,0.0,0.99,0.0,0.0,17.82,4.95,9.9,0.0,0.0,0.0,0.0,0.99,1.98,0.0,0.0,0.0
1617,7wzdjo,anxiety,anxiety,"I feel like I have no personality or sense of self, and my mind will take sudden turns every week or so. I can get sudden obsessions for things and then drop them and lose interest instantly, because my whole set of core values, ideas and principles changes constantly. And I've seen people saying that it's normal. I highly doubt it's normal to change so drastically and so quickly, because I have to accommodate to a new personality every single week, and it's disturbing. Actually, there were times when I changed from one day to the other and it's so disturbing because I didn't know what was happening to me...I just woke up feeling and being completely different, like something changed everything about me overnight.",1,0.8,1518423767,126,4.92,10.22,98.98,3.31,25.2,20.63,92.06,57.94,19.05,11.11,10.32,0.0,0.0,0.0,0.79,7.94,1.59,10.32,10.32,8.73,15.87,1.59,19.84,5.56,2.38,1.59,1.59,3.17,5.56,1.59,3.97,3.17,0.0,0.79,3.97,0.0,0.0,0.0,0.0,19.05,3.97,5.56,0.0,3.17,3.17,4.76,3.97,0.79,0.79,1.59,0.0,0.0,0.0,0.0,0.0,3.97,0.0,0.79,0.79,1.59,1.59,5.56,11.11,1.59,15.87,5.56,0.79,10.32,0.0,0.0,0.0,0.0,0.0,0.0,0.0,0.0,0.0,0.0,0.0,0.0,16.67,6.35,5.56,0.0,0.0,0.0,0.0,0.0,0.0,4.76,0.0,0.0
1244,77kxv4,anxiety,anxiety,"Every minor detail feels just so overwhelming that I feel suffocated and panicky all the time. I imagine others here have gone through something similar, so I wanted to ask about your experience with grad school applications. How did you survive? How did you preserve your mental health, and do the best that you could? Thanks so much.",1,1.0,1508490422,58,4.13,88.61,6.84,25.77,11.6,18.97,94.83,55.17,20.69,13.79,5.17,0.0,8.62,0.0,0.0,6.9,3.45,6.9,8.62,13.79,12.07,0.0,18.97,5.17,3.45,3.45,0.0,5.17,6.9,3.45,3.45,3.45,0.0,1.72,10.34,0.0,0.0,0.0,0.0,18.97,5.17,3.45,3.45,1.72,3.45,1.72,5.17,0.0,0.0,3.45,1.72,0.0,1.72,0.0,0.0,5.17,0.0,3.45,3.45,1.72,0.0,6.9,10.34,0.0,3.45,1.72,0.0,1.72,5.17,0.0,0.0,0.0,0.0,0.0,0.0,0.0,0.0,0.0,0.0,0.0,12.07,5.17,3.45,0.0,0.0,3.45,0.0,0.0,0.0,0.0,0.0,0.0
582,8c4izr,ptsd,ptsd,Do I force myself to move forward? Am I being ridiculous because I still have ptsd? I feel like they’re so out of line. I’m all over the place. Just someone please help.,1,0.8,1523671369,33,12.85,18.16,99.0,25.77,6.6,12.12,93.94,66.67,21.21,18.18,18.18,0.0,0.0,0.0,0.0,3.03,3.03,15.15,18.18,9.09,6.06,0.0,24.24,0.0,3.03,0.0,0.0,3.03,6.06,3.03,3.03,0.0,3.03,0.0,9.09,0.0,0.0,0.0,0.0,15.15,3.03,6.06,0.0,3.03,3.03,0.0,3.03,0.0,0.0,3.03,0.0,0.0,0.0,0.0,0.0,9.09,3.03,0.0,9.09,0.0,0.0,0.0,21.21,0.0,18.18,6.06,12.12,6.06,0.0,0.0,0.0,0.0,0.0,0.0,0.0,0.0,0.0,0.0,0.0,0.0,21.21,9.09,0.0,0.0,0.0,6.06,0.0,0.0,0.0,6.06,0.0,0.0
28833,7r5pd9,relationships,social,My sister lives with her BF and my 2 year old nephew about 30 minutes away from me. A few days ago she asked if her and my nephew can come spend next Monday - Friday with me because her BF is going out of town and she doesn't want to be in the house alone without him (they live with his family so I guess sometimes it gets uncomfortable). I said okay sure. I live in 500 sqft a studio but I have a pullout couch in addition to my bed. I've been with my BF for 3 years and about 5 months ago he unofficially moved in with me (unofficial because we share bills and all of his stuff is here but his mail and whatnot still goes to his parents where he was living before).,0,1.0,1516235091,137,41.92,72.03,55.95,38.77,27.4,8.76,92.7,56.93,21.17,19.71,9.49,0.73,0.0,8.76,0.73,1.46,2.92,16.06,6.57,4.38,8.76,1.46,16.79,2.92,0.73,0.73,3.65,1.46,3.65,2.19,1.46,0.73,0.0,0.73,18.98,3.65,2.19,4.38,8.76,8.03,0.0,1.46,1.46,2.19,1.46,2.92,0.73,0.0,0.73,0.0,2.92,0.0,2.92,0.0,0.0,6.57,5.84,0.0,0.0,0.73,0.0,5.11,12.41,0.73,19.71,3.65,5.84,10.22,0.73,0.73,3.65,1.46,0.0,0.0,2.92,0.0,2.19,0.73,0.0,0.0,8.76,3.65,0.0,0.0,0.0,0.0,0.0,0.73,0.0,1.46,2.92,0.0
920,8fseme,survivorsofabuse,abuse,"Me and my Dad aren't on speaking terms, however we do live in the same house. Mainly because I'm not financially able to leave and live on my own. I do plan on leaving, but until I make enough money to do so I'm stuck here. I want to share what has led to this point, because to be honest I feel like I'm pathetic, weak in incapable of accomplishing anything. Everything I do to move forwards seems to be halted and I feel like I'm being pushed back.",1,1.0,1525019368,89,19.41,7.22,99.0,25.77,17.8,13.48,95.51,61.8,20.22,15.73,14.61,1.12,0.0,0.0,0.0,4.49,1.12,17.98,14.61,4.49,10.11,2.25,29.21,4.49,3.37,1.12,0.0,0.0,4.49,2.25,2.25,0.0,0.0,1.12,5.62,1.12,0.0,0.0,1.12,16.85,3.37,4.49,1.12,3.37,1.12,4.49,3.37,0.0,1.12,2.25,3.37,0.0,3.37,0.0,0.0,8.99,2.25,4.49,3.37,0.0,0.0,2.25,24.72,1.12,16.85,6.74,10.11,3.37,2.25,0.0,1.12,2.25,0.0,0.0,0.0,0.0,0.0,0.0,0.0,0.0,15.73,5.62,4.49,0.0,0.0,0.0,0.0,0.0,0.0,5.62,0.0,0.0
1119,8h1rtk,ptsd,ptsd,"So thank you. My day got better. I am on medicine so I took my alprazolam and went to a store to try and find a dress for an upcoming wedding party. No luck. Dressing room lady was rude as hell but for the first time, I didn’t really put up with it.",0,1.0,1525461049,53,59.93,12.88,96.73,89.18,10.6,9.43,94.34,54.72,13.21,11.32,9.43,0.0,1.89,0.0,0.0,1.89,7.55,15.09,5.66,5.66,11.32,3.77,18.87,5.66,3.77,0.0,1.89,0.0,11.32,7.55,3.77,0.0,3.77,0.0,7.55,1.89,0.0,1.89,0.0,11.32,1.89,0.0,0.0,3.77,0.0,5.66,0.0,0.0,0.0,0.0,1.89,0.0,1.89,0.0,0.0,16.98,3.77,5.66,1.89,7.55,0.0,9.43,7.55,1.89,15.09,3.77,5.66,5.66,0.0,1.89,1.89,1.89,1.89,0.0,1.89,1.89,0.0,0.0,0.0,0.0,13.21,9.43,1.89,0.0,0.0,0.0,0.0,0.0,0.0,1.89,0.0,0.0
932,7sclia,relationships,social,"He doesnt seem bothered about calling me or meeting me unless I initiate. We dont talk for very long as he still lives with his parents and is apparently always ""busy"" helping his mum. Im mostly available, as I work part time as Im a student but I live in a rented shared flat. We seldom talk about the future. I want to talk about the future, I planned to work abroad this year as I graduate soon but stopped those plans after meeting him as he is only in college and will take another 3 years until he finishes education.",0,0.833333333,1516689721,101,23.33,68.97,78.54,43.84,20.2,16.83,97.03,58.42,21.78,18.81,9.9,1.98,0.0,6.93,0.0,2.97,3.96,16.83,6.93,8.91,11.88,1.98,14.85,8.91,5.94,0.0,0.99,1.98,2.97,1.98,0.99,0.0,0.99,0.0,18.81,1.98,0.0,0.99,6.93,9.9,0.99,0.99,0.99,3.96,0.99,3.96,0.0,0.0,0.0,0.0,1.98,0.0,1.98,0.0,0.0,12.87,3.96,4.95,1.98,0.99,0.99,1.98,16.83,4.95,18.81,0.0,3.96,14.85,8.91,0.0,0.99,0.99,0.0,0.0,0.0,0.0,0.0,0.0,0.0,0.0,8.91,4.95,1.98,0.0,0.0,0.0,0.0,0.0,1.98,0.0,0.0,0.0
54426,7toyzh,relationships,social,"I'm just really scared in general of not living up to expectations my partner may have. A lot of my life is built on trying to be exciting, fun, or entertaining, I'm just scared I won't be able to keep it up for my partner. The last thing I want them is to describe their boyfriend (me) as bland or boring, but I feel like that's how I'll make them feel, and it'll just lead to heartache. So, I've come to the most recent conclusion (after seeing my two best friends get girlfriends and me being the awkward loser who can't get one). That maybe I'm not the type of person who's built for relationships.",1,0.833333333,1517191031,115,23.89,14.83,83.97,13.9,23.0,12.17,95.65,60.87,20.87,14.78,12.17,0.0,0.0,0.0,2.61,6.09,4.35,15.65,13.04,6.09,6.96,3.48,24.35,9.57,5.22,2.61,1.74,1.74,7.83,3.48,4.35,2.61,0.0,0.87,11.3,0.0,4.35,0.0,0.87,17.39,2.61,2.61,1.74,6.09,0.0,6.09,2.61,0.87,0.0,1.74,1.74,0.0,1.74,0.0,0.0,13.91,5.22,4.35,4.35,3.48,0.0,0.0,18.26,4.35,7.83,1.74,3.48,2.61,0.87,1.74,0.0,0.0,0.0,0.0,0.0,0.0,0.0,0.0,0.0,0.0,21.74,4.35,5.22,0.0,0.0,0.0,0.0,0.0,0.0,8.7,3.48,0.0
204,9164ne,anxiety,anxiety,"I was at work today and this guy I just met was just exuding this layer of confidence, he was; to an extent everything I wanted to be when it came to my relationships with others. There was no reason to hate him, but I just felt this serious sense of envy toward him. He just magically knew what and how to talk to everyone, like the people that I wanted to talk to, but could never, he had already been there and done that. Now nothing is stopping me from doing what he has already done, but like, I feel like that entire pathway has just been blocked off, because of this envy. I'm really not sure whether I should start to model myself over him or just remain like this.",1,0.8,1532344083,132,6.55,27.23,41.42,7.96,26.4,11.36,93.94,75.0,24.24,13.64,8.33,0.0,0.0,5.3,0.0,10.61,1.52,16.67,12.88,11.36,8.33,3.03,20.45,0.76,3.03,3.79,0.0,0.76,4.55,1.52,3.03,0.0,2.27,0.0,11.36,0.0,0.76,0.0,6.06,19.7,3.79,2.27,3.03,0.76,5.3,6.06,2.27,0.0,0.0,1.52,0.0,0.0,0.0,0.0,0.0,4.55,1.52,1.52,1.52,0.76,0.76,12.88,9.85,0.0,9.85,0.76,3.03,6.06,0.76,0.0,0.0,0.0,0.0,0.0,0.0,0.0,0.0,0.0,0.0,0.0,11.36,3.79,6.06,0.0,0.76,0.0,0.0,0.0,0.0,0.76,0.0,0.0
12620,7o0k89,relationships,social,"We were doing so good.” I’m feel as if I can’t be angry at any of his actions, and my words mean nothing,  and my threats are empty. He makes me feel so horrible about myself when I even show the slightest bit of distance from him, he treats me as if I owe him sex. Never forces me to but will bring it up constantly, about how we haven’t and it’s just “makes him feel so bad and self conscious about himself” I don’t know what to do I told him I wanted to move back home and he went in behind me and unpacked my bags as I packed them.",1,1.0,1515040354,112,1.1,18.6,79.26,1.0,28.0,8.93,94.64,68.75,27.68,25.0,14.29,1.79,0.0,8.04,0.89,2.68,0.89,14.29,8.93,11.61,15.18,4.46,20.54,6.25,2.68,2.68,0.0,1.79,5.36,0.89,4.46,1.79,1.79,0.89,12.5,0.0,0.0,0.0,8.04,16.96,5.36,3.57,2.68,2.68,1.79,4.46,3.57,0.89,0.0,2.68,0.89,0.0,0.0,0.89,0.0,7.14,1.79,0.89,2.68,0.89,1.79,3.57,16.07,0.89,12.5,3.57,6.25,3.57,0.0,0.0,0.89,0.89,0.0,0.0,0.0,0.0,0.0,0.0,0.0,0.0,14.29,3.57,3.57,0.0,0.0,0.0,0.0,0.0,2.68,4.46,0.0,0.0
15210,7q242z,relationships,social,"That was nice. But now that we're close to the point of no return, with a flight booked so he can come see her(I agreed to travel out of our house for the week), and they seem to be bonding big time(I love you's abound), I'm not sure what to do with myself. On one hand I want to let loose and detach, let her have fun, and do so myself. If it leads to a new LTR for her, awesome. But what kills me I guess is the uncertainty.",1,0.6,1515814659,92,34.48,33.19,61.97,93.61,18.4,3.26,94.57,64.13,21.74,16.3,8.7,2.17,0.0,4.35,1.09,5.43,5.43,15.22,10.87,3.26,8.7,2.17,17.39,6.52,0.0,2.17,1.09,0.0,8.7,6.52,2.17,1.09,1.09,0.0,8.7,0.0,0.0,3.26,1.09,10.87,1.09,1.09,2.17,4.35,1.09,4.35,3.26,1.09,0.0,2.17,2.17,1.09,0.0,0.0,0.0,5.43,3.26,1.09,2.17,0.0,0.0,1.09,16.3,0.0,15.22,4.35,5.43,5.43,2.17,3.26,1.09,0.0,0.0,1.09,1.09,0.0,0.0,1.09,0.0,0.0,19.57,5.43,6.52,0.0,0.0,0.0,0.0,0.0,0.0,3.26,4.35,0.0
923,7qh3jm,relationships,social,"If she were honest or apologetic, I could try to understand. But is that naive? I’m just confused. I’ve tried to give it time, but I understand less and less. I signed up for Facebook over the weekend, and Corrine was in my suggested people to add.",0,0.6,1515988256,47,25.34,19.75,92.84,25.77,9.4,17.02,93.62,59.57,19.15,14.89,12.77,0.0,0.0,2.13,0.0,4.26,2.13,14.89,12.77,2.13,12.77,0.0,23.4,6.38,4.26,0.0,0.0,6.38,4.26,2.13,2.13,2.13,0.0,0.0,12.77,0.0,0.0,2.13,0.0,19.15,4.26,0.0,4.26,8.51,0.0,8.51,0.0,0.0,0.0,0.0,0.0,0.0,0.0,0.0,0.0,14.89,2.13,4.26,6.38,2.13,0.0,6.38,17.02,0.0,10.64,0.0,6.38,4.26,0.0,4.26,0.0,0.0,0.0,0.0,0.0,0.0,0.0,0.0,0.0,0.0,21.28,8.51,6.38,0.0,0.0,2.13,0.0,0.0,0.0,4.26,0.0,0.0
33515,910q15,homeless,financial,"For example, I'm selling something that's worth £50? You can have it for £10. I hate it, I want to cry. I've had items listed for about 2 weeks, they're all responsibly priced or under and I'm having to accept low ball offers as I have no other choice. I would never let myself in a million years do this if I wasn't homeless but the clock is ticking and I need to move.",1,1.0,1532290986,74,6.34,2.94,89.05,2.3,14.8,9.46,90.54,63.51,22.97,14.86,13.51,0.0,1.35,0.0,0.0,8.11,2.7,13.51,20.27,2.7,8.11,4.05,28.38,1.35,1.35,0.0,5.41,1.35,5.41,1.35,4.05,0.0,1.35,2.7,4.05,0.0,0.0,0.0,0.0,17.57,2.7,0.0,5.41,4.05,2.7,6.76,0.0,0.0,0.0,0.0,0.0,0.0,0.0,0.0,0.0,4.05,0.0,0.0,4.05,0.0,0.0,2.7,18.92,0.0,10.81,1.35,4.05,5.41,1.35,1.35,0.0,4.05,0.0,0.0,0.0,0.0,0.0,0.0,0.0,0.0,18.92,5.41,4.05,0.0,0.0,1.35,0.0,0.0,0.0,8.11,0.0,0.0
22935,6f5fy2,domesticviolence,abuse,"She has a temper and some anger issues. I'm the only one that has seen that side of her, maybe I'm just the cause. To add to the story, she left me with scars on my arms a few months ago while I was trying to calm her down while giving her kisses. She dug her nails into me pretty severely. I had pictures which the officers asked to see, which I showed them.",0,0.6,1496548474,74,42.98,65.76,10.62,51.03,14.8,4.05,94.59,60.81,27.03,21.62,10.81,0.0,0.0,9.46,1.35,5.41,8.11,12.16,8.11,4.05,4.05,0.0,17.57,2.7,0.0,2.7,1.35,4.05,9.46,5.41,4.05,0.0,2.7,0.0,14.86,0.0,0.0,9.46,0.0,6.76,0.0,1.35,0.0,5.41,0.0,0.0,5.41,5.41,0.0,0.0,1.35,1.35,0.0,0.0,0.0,6.76,1.35,1.35,2.7,1.35,0.0,9.46,8.11,0.0,12.16,0.0,6.76,5.41,0.0,0.0,0.0,0.0,0.0,0.0,0.0,0.0,0.0,0.0,0.0,0.0,13.51,6.76,4.05,0.0,0.0,0.0,0.0,0.0,0.0,2.7,0.0,0.0
13824,9vpvk0,ptsd,ptsd,"It's not really safe for me to be driving. I can't even function enough to do the grocery shopping. Sometimes it goes into an actual panic attack, but not too often. My husband has recently banned me from going anywhere alone unless absolutely necessary (like to work). Is this something a service dog would be helpful for?",1,0.8,1541809581,57,38.57,2.72,92.93,6.35,11.4,22.81,91.23,63.16,14.04,7.02,7.02,0.0,0.0,0.0,0.0,7.02,5.26,15.79,12.28,10.53,3.51,5.26,15.79,8.77,3.51,0.0,0.0,0.0,8.77,3.51,5.26,1.75,1.75,1.75,3.51,1.75,0.0,0.0,1.75,22.81,0.0,0.0,1.75,7.02,3.51,10.53,0.0,0.0,0.0,0.0,1.75,0.0,0.0,0.0,1.75,8.77,3.51,1.75,1.75,0.0,1.75,0.0,15.79,1.75,14.04,5.26,3.51,5.26,3.51,1.75,0.0,1.75,0.0,0.0,1.75,0.0,0.0,1.75,0.0,0.0,17.54,7.02,1.75,0.0,0.0,1.75,0.0,0.0,0.0,3.51,3.51,0.0
766,7nfm2h,relationships,social,"It's been a while so I thought those feelings were long gone. At one point, I asked if Lily would come talk to me in my room, which she agreed to. In there, we made out. I don't remember a ton, but I do remember pulling away and immediately telling Lily ""oh my god, I can't believe I just did this."" Like a drunk idiot, I called my boyfriend.",0,0.666666667,1514820277,69,15.38,9.62,99.0,25.77,13.8,13.04,97.1,62.32,24.64,18.84,15.94,1.45,0.0,1.45,0.0,5.8,4.35,11.59,10.14,5.8,7.25,2.9,26.09,0.0,1.45,1.45,1.45,1.45,2.9,1.45,1.45,0.0,1.45,0.0,10.14,0.0,1.45,1.45,1.45,14.49,7.25,1.45,2.9,1.45,0.0,4.35,1.45,0.0,0.0,1.45,1.45,0.0,0.0,0.0,1.45,4.35,2.9,0.0,1.45,0.0,0.0,13.04,10.14,0.0,18.84,4.35,11.59,2.9,0.0,1.45,1.45,0.0,1.45,0.0,2.9,1.45,0.0,0.0,1.45,0.0,23.19,7.25,8.7,0.0,0.0,0.0,0.0,0.0,2.9,4.35,0.0,0.0
34092,8t24ey,domesticviolence,abuse,Essentially they had a few speakers which ran from people in the organization to the mayor and state representatives. Then they had a short film about the director who was retiring and essentially how she transformed this small barely funded group into an amazingly helpful and essential part of the community. It was without exaggeration insanely inspiring. They then went on to have a slide show with pictures of some of the survivors. Their pictures would appear as the individual told an abridged version of their story and how this organization helped them.,0,1.0,1529680516,93,78.03,90.14,6.33,83.22,18.6,24.73,92.47,58.06,12.9,7.53,0.0,0.0,0.0,1.08,6.45,5.38,11.83,15.05,6.45,6.45,9.68,1.08,12.9,6.45,1.08,4.3,0.0,4.3,3.23,3.23,0.0,0.0,0.0,0.0,16.13,0.0,0.0,1.08,0.0,10.75,1.08,2.15,1.08,3.23,1.08,2.15,5.38,4.3,1.08,0.0,0.0,0.0,0.0,0.0,0.0,6.45,3.23,1.08,2.15,0.0,0.0,9.68,3.23,2.15,10.75,3.23,5.38,2.15,4.3,1.08,0.0,1.08,0.0,0.0,0.0,0.0,0.0,0.0,0.0,0.0,5.38,5.38,0.0,0.0,0.0,0.0,0.0,0.0,0.0,0.0,0.0,0.0
19668,69nrtt,survivorsofabuse,abuse,"They'd be punished for playing, for not using the bathroom when she wanted them to, for looking at her even. I'd get punished for playing with them too, or for letting them use the restroom when they asked. She would keep them in their crates for hours, sometimes the whole day. If they were too ""bad"" they didn't get fed. Once I remember my dog went three days without dinner.",0,1.0,1494107491,70,31.77,61.26,34.27,8.64,14.0,15.71,94.29,58.57,21.43,21.43,4.29,0.0,0.0,4.29,12.86,0.0,4.29,15.71,8.57,7.14,5.71,4.29,27.14,0.0,0.0,2.86,2.86,1.43,7.14,2.86,4.29,0.0,2.86,0.0,18.57,0.0,0.0,4.29,0.0,15.71,1.43,2.86,4.29,4.29,0.0,7.14,1.43,1.43,0.0,0.0,2.86,0.0,0.0,0.0,2.86,7.14,0.0,0.0,2.86,2.86,1.43,10.0,7.14,0.0,14.29,1.43,2.86,10.0,0.0,4.29,1.43,0.0,0.0,0.0,0.0,0.0,0.0,0.0,0.0,0.0,20.0,7.14,5.71,0.0,0.0,0.0,0.0,0.0,2.86,4.29,0.0,0.0
1953,7oni04,relationships,social,"She has a history of being extremely over the top, and in our most recent argument she verbally abused me just for because I was upset that she broke my trust by telling my personal details to someone I didn't know. She did apologize a good day later, but only very vaguely about using cuss words and in a ""I'm sorry you feel that way"" kind of sense. I'm guessing a traditional ""we need to talk, it's just not working out"" approach would just end up with her blowing up again, and since all my past relationships ended very amicably I'm not sure what to expect. Because she can be incredibly toxic, I've considered just blocking her and essentially ""ghosting,"" but I also feel like that would be very rude and she'd at least deserve an explanation. How do I break up with her without having her potentially flipping out at me?",1,0.6,1515287795,151,17.15,52.65,59.99,5.02,30.2,19.87,93.38,63.58,21.19,17.22,8.61,1.32,0.66,6.62,0.0,3.97,3.97,14.57,11.92,9.27,7.28,2.65,18.54,5.96,3.97,1.32,0.0,1.99,6.62,1.99,3.97,0.66,1.99,1.32,13.91,0.0,0.0,6.62,0.0,19.87,3.97,3.31,2.65,3.97,1.99,3.97,1.99,0.0,0.0,1.32,0.66,0.0,0.66,0.0,0.0,9.93,2.65,1.99,3.97,1.32,0.66,3.97,10.6,1.32,15.23,0.66,7.95,5.96,0.66,0.0,0.0,0.0,0.0,0.66,0.0,0.0,0.0,0.0,0.0,0.0,15.89,2.65,3.97,0.0,0.0,0.66,0.0,0.0,3.97,4.64,0.0,0.0
49,7idgz1,stress,anxiety,"It feels very weird to feel like you have nothing to cry about, then cry, and then go back to not being sad right after you cry....) I just don't get it....I thought stress was something that built up over time....like you hop from 5 -> 6 after a few months of continued stress...Is that not how it works? Does stress fluctuate between 1 and 10 on a daily basis? And how much do ""stress relieving activities"" actually help? I just cried does that mean I'll go from 7 to 5?",1,0.571428571,1512718553,93,35.22,33.35,90.96,1.0,18.6,9.68,90.32,59.14,15.05,7.53,4.3,0.0,3.23,0.0,0.0,7.53,2.15,17.2,9.68,8.6,7.53,4.3,22.58,7.53,4.3,2.15,6.45,2.15,11.83,1.08,10.75,4.3,0.0,5.38,4.3,0.0,0.0,0.0,0.0,12.9,4.3,3.23,0.0,1.08,1.08,3.23,2.15,0.0,0.0,2.15,0.0,0.0,0.0,0.0,0.0,5.38,1.08,1.08,3.23,1.08,0.0,2.15,13.98,3.23,17.2,3.23,5.38,9.68,1.08,0.0,0.0,0.0,0.0,0.0,0.0,0.0,0.0,0.0,0.0,0.0,30.11,16.13,2.15,0.0,0.0,4.3,0.0,1.08,2.15,2.15,1.08,1.08
20062,6fp90l,assistance,financial,"No, that's not an exaggeration but I wish I was. While I was driving last Tuesday I got extremely lightheaded, sweaty, and then pulled over and vomited blood all over the interior of my car. After a few moments of wonder if 'this was it' and deciding 'it definitely wasn't it, not on a highway' I snapped by myself back to what life was left and drove to the next exit to find help. My SO has a great summary of why this ended up costing so much money, but it's a sequence of very unfortunate events. That's even before the fact that while I was intubated and unconscious someone lifted the bag of all my clothes wallet.",1,1.0,1496787748,119,32.41,7.67,97.47,25.77,23.8,16.81,89.92,62.18,17.65,9.24,8.4,0.0,0.0,0.84,0.0,8.4,7.56,12.61,8.4,6.72,10.92,3.36,15.97,4.2,1.68,1.68,0.0,3.36,3.36,1.68,1.68,0.0,0.0,0.0,2.52,0.0,0.0,0.0,0.84,14.29,2.52,0.84,1.68,2.52,4.2,5.04,0.0,0.0,0.0,0.0,4.2,2.52,1.68,0.0,0.0,5.04,0.84,0.0,3.36,1.68,0.0,8.4,5.04,1.68,19.33,3.36,6.72,10.08,0.0,0.0,0.0,1.68,0.0,0.0,0.0,0.0,0.0,0.0,0.0,0.0,15.13,4.2,4.2,0.0,0.0,0.0,0.0,0.0,0.0,6.72,0.0,0.0
13100,5ucbua,anxiety,anxiety,"I've never even told anyone this because it makes me feel like a 32-year-old loser. But now I have no pride to lose by saying it, so there it is. **I don't want to die, but the thought of living in a place I hate and having no control of my future is a worse fate. **  I just need some HOPE. Thanks for listening.",1,1.0,1487214840,66,20.93,8.65,61.34,7.96,13.2,6.06,98.48,62.12,18.18,10.61,10.61,0.0,0.0,0.0,0.0,7.58,6.06,12.12,9.09,9.09,7.58,6.06,30.3,1.52,3.03,0.0,1.52,1.52,10.61,4.55,6.06,0.0,1.52,3.03,6.06,0.0,0.0,0.0,0.0,19.7,3.03,4.55,4.55,4.55,1.52,3.03,4.55,0.0,3.03,1.52,1.52,0.0,1.52,0.0,0.0,7.58,0.0,4.55,3.03,0.0,3.03,1.52,24.24,4.55,10.61,0.0,3.03,7.58,0.0,0.0,0.0,0.0,0.0,1.52,0.0,0.0,0.0,0.0,0.0,0.0,22.73,7.58,3.03,0.0,0.0,0.0,0.0,3.03,0.0,3.03,0.0,6.06
18677,7tdu4v,relationships,social,"I want to sit down and have a talk with my GF, but I don't want to roll in unprepared. Should I even be attempting to have this talk? If so, are there any books or reading materials I can go over to help back my case up?   ---   **tl;dr**: Looking for ways to talk to my GF about her daughters spoiled behavior.",0,0.8,1517072165,63,49.61,31.71,58.07,25.77,15.75,12.7,88.89,60.32,14.29,12.7,11.11,0.0,0.0,1.59,0.0,1.59,1.59,20.63,11.11,7.94,7.94,1.59,19.05,0.0,0.0,0.0,0.0,1.59,0.0,0.0,0.0,0.0,0.0,0.0,12.7,1.59,3.17,6.35,0.0,11.11,0.0,0.0,6.35,4.76,0.0,4.76,1.59,1.59,0.0,0.0,1.59,0.0,1.59,0.0,0.0,11.11,4.76,0.0,7.94,0.0,0.0,0.0,20.63,0.0,14.29,4.76,9.52,1.59,1.59,1.59,0.0,0.0,0.0,0.0,3.17,0.0,3.17,0.0,0.0,0.0,25.4,3.17,3.17,1.59,1.59,3.17,0.0,4.76,0.0,1.59,0.0,6.35
28426,8xqnpo,domesticviolence,abuse,"when you first come face-to-face with a sociopath, you will be completely oblivious to who they truly are. they will be whoever they think you want them to be. they are fake. maybe it took him a while to show you his TRUE colors, maybe it was pretty close to the beginning. but the most important time was when you connected at the start.",0,0.8,1531239188,66,15.26,99.0,11.0,94.75,13.2,10.61,95.45,68.18,24.24,18.18,0.0,0.0,7.58,3.03,7.58,6.06,7.58,10.61,13.64,9.09,6.06,0.0,21.21,4.55,1.52,6.06,1.52,1.52,7.58,6.06,1.52,0.0,0.0,0.0,21.21,0.0,0.0,0.0,3.03,15.15,1.52,0.0,1.52,6.06,4.55,1.52,3.03,3.03,0.0,0.0,3.03,3.03,0.0,0.0,0.0,4.55,0.0,1.52,1.52,1.52,0.0,4.55,13.64,3.03,15.15,1.52,3.03,10.61,0.0,0.0,0.0,0.0,0.0,0.0,0.0,0.0,0.0,0.0,0.0,0.0,13.64,7.58,3.03,0.0,0.0,0.0,0.0,3.03,0.0,0.0,0.0,0.0
21498,8vpbqp,anxiety,anxiety,So my roommate recently moved out and our apartment is pretty empty and ever since she moved out i’ve had the worst anxiety attacks and have been kinda depending on my boyfriend and spending time with him to distract me but he works night and that’s when my anxiety is the absolute WORST. everything flutters through my head. like i think i’m annoying him by asking him to spend so much time with me?? (he’s never expressed this. he’s actually expressed the complete opposite which is nice) but i feel like i’m being too clingy and too annoying leading me to want to spend some alone time in my apartment but my apartment just makes me more sad because i’m alone and i feel useless like no one care???,1,1.0,1530592105,129,10.6,24.26,87.51,1.0,25.8,20.16,98.45,58.91,22.48,19.38,13.18,0.78,0.0,5.43,0.0,3.1,2.33,12.4,10.85,6.98,10.85,1.55,20.93,8.53,5.43,1.55,0.78,2.33,12.4,2.33,9.3,1.55,2.33,3.88,10.85,0.0,1.55,0.78,5.43,17.83,3.1,3.88,0.78,3.1,3.88,3.88,1.55,0.0,0.0,1.55,2.33,0.78,0.0,0.0,1.55,7.75,2.33,2.33,2.33,0.0,1.55,3.1,15.5,0.0,13.95,2.33,4.65,6.98,1.55,1.55,3.1,2.33,0.0,0.0,0.78,0.0,0.78,0.0,0.0,0.0,13.18,2.33,0.0,0.0,0.0,3.88,0.0,0.0,0.0,5.43,1.55,0.0
1219,93uo17,anxiety,anxiety,"I just stop doing productive things, talking to people, remembering appointments,  etc. I am unemployed and almost broke but looking for work is causing me to feel like I can't swallow or get a full breath. I find that I have played video games all day, surfed Reddit or this morning I read reviews on a book that is coming out for almost 2 hours. I am not on meds though I am trying Gaba since I had some anyway. To make it even more fun, my sister is mad at me because I am ""chronically self centered"" because I forgot to get back to her about possibly getting together for dinner, because I am shut down.",1,0.8,1533170126,117,31.24,8.59,99.0,25.77,23.4,15.38,95.73,56.41,17.95,13.68,12.82,0.0,0.0,0.85,0.0,4.27,1.71,13.68,9.4,6.84,6.84,1.71,23.93,3.42,1.71,0.0,0.85,2.56,3.42,1.71,1.71,0.0,0.85,0.85,5.98,0.85,0.0,1.71,0.0,18.8,2.56,5.98,0.0,5.98,0.85,5.13,2.56,1.71,0.0,0.85,3.42,0.85,0.85,0.0,1.71,8.55,2.56,1.71,0.85,2.56,0.85,5.13,13.68,0.85,15.38,1.71,8.55,5.98,5.13,5.98,0.0,0.0,0.0,0.0,1.71,0.0,0.85,0.0,0.0,0.85,11.97,4.27,5.13,0.0,0.0,0.0,0.0,0.0,1.71,0.85,0.0,0.0
2276,7nk62d,relationships,social,"I really need help! My boyfriend and I started dating March of 2017, and we had been friends for a couple years before that. For the first 7 months of our relationship, we were inseparable. We sleep in the same bed almost every night, though we are not moved in together (this comes into play later). We made each other very happy, and there was very minimal tension.",0,0.666666667,1514867743,68,37.39,92.92,95.02,53.41,13.6,11.76,94.12,55.88,17.65,13.24,4.41,8.82,0.0,0.0,0.0,4.41,4.41,11.76,7.35,8.82,5.88,1.47,14.71,5.88,4.41,0.0,4.41,4.41,4.41,2.94,1.47,1.47,0.0,0.0,17.65,0.0,2.94,0.0,1.47,11.76,0.0,1.47,1.47,1.47,1.47,5.88,0.0,0.0,0.0,0.0,1.47,1.47,0.0,0.0,0.0,19.12,17.65,1.47,1.47,0.0,0.0,10.29,4.41,0.0,22.06,2.94,5.88,13.24,0.0,1.47,1.47,0.0,0.0,0.0,0.0,0.0,0.0,0.0,0.0,0.0,16.18,5.88,5.88,0.0,0.0,0.0,1.47,0.0,0.0,0.0,2.94,0.0
651,7sjlux,ptsd,ptsd,"The past few nights I have been drifting off to sleep and then I get the sensation that I'm falling and jerk awake. This happens for hours. I forget the scientific name for this, but it doesn't really matter. I've had it happen before to me, but never like 50 times in a row that prevents me from sleeping. Like fucking why?",1,0.8,1516757751,62,39.58,2.69,98.34,1.23,12.4,12.9,93.55,62.9,20.97,11.29,11.29,0.0,0.0,0.0,0.0,9.68,6.45,16.13,9.68,4.84,8.06,3.23,17.74,6.45,4.84,1.61,1.61,1.61,3.23,0.0,3.23,0.0,3.23,0.0,1.61,0.0,0.0,0.0,0.0,8.06,0.0,1.61,0.0,0.0,1.61,4.84,1.61,0.0,0.0,1.61,6.45,4.84,0.0,1.61,0.0,3.23,0.0,0.0,0.0,1.61,1.61,4.84,12.9,1.61,17.74,3.23,3.23,11.29,1.61,0.0,0.0,0.0,0.0,0.0,1.61,1.61,0.0,0.0,0.0,0.0,16.13,6.45,3.23,0.0,0.0,1.61,0.0,0.0,0.0,4.84,0.0,0.0
1567,9md6qz,survivorsofabuse,abuse,"I've been seeing the same one since then, and she'd helped me process so much, help me recognize and start to move past a lot of things... I went from hating and fearing my father (since the incident with my sister, which had ended up triggering the memory of being told that I was to blame for the marital issues, among other things) to the point I couldn't even be around him at family or friend gatherings without feeling anxious and wanting to flee, to being able to accept the things that happened in the past, and remind myself that they are in the past, and be able to interact with him again, even if I don't really feel any familial love for him anymore. I care about him, his wellbeing, but...  That familial bond isn't there, he killed it the he came to retrieve his stuff, a couple days after walking out... The only time I ever stood up to him. He made some snide remark about my mother, and I told him to go ahead and run from his problems like he always does, and he backed me into a corner and shook me, screamed over me when I collapsed, until my mother came home and made him leave.",1,0.571428571,1538988585,211,44.97,50.0,70.15,3.36,35.17,11.37,94.79,63.03,22.75,17.06,9.0,0.0,0.0,7.58,0.47,5.69,6.16,17.06,6.64,5.69,8.53,1.9,18.96,1.42,0.95,0.95,0.47,2.37,6.16,1.9,4.27,1.42,1.42,0.0,14.22,2.37,0.47,1.9,7.58,12.32,2.37,2.37,2.37,2.37,0.95,3.32,2.37,0.47,0.95,0.95,0.95,0.0,0.47,0.0,0.0,7.58,3.32,1.42,1.9,0.0,1.42,8.53,6.64,0.95,19.43,4.74,5.69,9.0,0.0,0.47,0.95,0.0,0.0,0.47,0.0,0.0,0.0,0.0,0.0,0.0,16.59,5.69,7.58,0.0,0.0,0.0,0.0,0.0,0.0,2.37,0.95,0.0
1683,5z8ilq,ptsd,ptsd,"It feels great, but I'm worried. I tried to kill myself one year and one month ago. I am prone to depression. I am worried about crashing too hard, and I have kids to care for. Has anyone else experienced anything like this?",1,0.8,1489446816,43,19.46,8.15,87.51,1.0,8.6,13.95,95.35,55.81,23.26,13.95,13.95,0.0,0.0,0.0,0.0,9.3,0.0,13.95,11.63,4.65,6.98,0.0,18.6,9.3,2.33,0.0,4.65,0.0,13.95,4.65,9.3,4.65,2.33,2.33,4.65,0.0,0.0,0.0,0.0,11.63,2.33,0.0,0.0,4.65,0.0,4.65,6.98,0.0,0.0,4.65,0.0,0.0,0.0,0.0,0.0,4.65,0.0,2.33,0.0,2.33,0.0,4.65,16.28,0.0,6.98,0.0,0.0,6.98,0.0,0.0,0.0,0.0,0.0,2.33,0.0,0.0,0.0,0.0,0.0,0.0,18.6,9.3,4.65,0.0,0.0,2.33,0.0,0.0,0.0,2.33,0.0,0.0
580,9yc75n,domesticviolence,abuse,"Eventually I reported the texts, as they kept coming, and I recieved verbal backlash from his friends for doing it (I live in a small community, running into him or his buddies all the time).  Then, radio silence. I felt minor relief every day I didn't hear from him, or his friends. After his second appearance in court, he pled not guilty to charges of uttering threats and assault. I was shocked.",1,0.8,1542592460,72,53.02,55.52,48.89,1.0,14.4,22.22,88.89,52.78,20.83,19.44,8.33,0.0,0.0,9.72,1.39,1.39,4.17,13.89,4.17,1.39,8.33,2.78,12.5,5.56,2.78,0.0,1.39,2.78,6.94,1.39,5.56,2.78,2.78,0.0,18.06,0.0,4.17,0.0,9.72,9.72,1.39,0.0,0.0,2.78,2.78,5.56,6.94,1.39,4.17,1.39,1.39,0.0,1.39,0.0,0.0,11.11,5.56,0.0,5.56,0.0,1.39,5.56,2.78,4.17,15.28,2.78,5.56,6.94,1.39,2.78,0.0,0.0,0.0,0.0,0.0,0.0,0.0,0.0,0.0,0.0,19.44,6.94,8.33,0.0,0.0,0.0,0.0,0.0,0.0,1.39,2.78,0.0
696,6l1lwg,ptsd,ptsd,"It's been about a year and a half since the event that set my mental health for a loop. After going to group counseling for months with no improvement, I decided to seek out an individual therapist. I didn't get one until a almost year after the event itself. Now, finally, 5 months later, I've been able to see a psychiatrist who officially diagnosed me with generalized anxiety disorder, depression, and PTSD. I decided to get a workbook and my therapist and I are going to start the long journey of getting through my PTSD!",0,1.0,1499105719,95,89.21,20.0,98.22,11.97,19.0,20.0,89.47,54.74,13.68,9.47,9.47,0.0,0.0,0.0,0.0,4.21,10.53,17.89,6.32,4.21,5.26,2.11,15.79,4.21,3.16,1.05,3.16,1.05,3.16,1.05,2.11,1.05,0.0,1.05,4.21,0.0,0.0,0.0,0.0,6.32,3.16,1.05,0.0,1.05,0.0,1.05,1.05,1.05,0.0,0.0,4.21,0.0,4.21,0.0,0.0,7.37,1.05,2.11,1.05,3.16,0.0,5.26,8.42,2.11,20.0,3.16,2.11,14.74,1.05,0.0,0.0,0.0,0.0,0.0,0.0,0.0,0.0,0.0,0.0,0.0,14.74,4.21,6.32,0.0,0.0,0.0,1.05,0.0,0.0,3.16,0.0,0.0
1476,722d0j,anxiety,anxiety,I have mustered up the courage to be a bit more uh public I guess with my problems. If you have questions feel free to ask. Also thank you for reading this post in general! I hope you have an excellent day! (Also why is every letter capitalized in the posts are the mods Jaden Smith?),0,1.0,1506217179,56,67.14,76.25,20.57,99.0,11.2,14.29,89.29,53.57,14.29,12.5,7.14,0.0,5.36,0.0,0.0,1.79,8.93,12.5,10.71,5.36,5.36,0.0,21.43,5.36,1.79,1.79,0.0,5.36,10.71,8.93,1.79,0.0,0.0,0.0,10.71,0.0,0.0,0.0,0.0,14.29,3.57,1.79,5.36,7.14,1.79,1.79,1.79,0.0,0.0,1.79,0.0,0.0,0.0,0.0,0.0,5.36,0.0,1.79,1.79,0.0,1.79,0.0,19.64,1.79,8.93,0.0,5.36,1.79,1.79,0.0,0.0,1.79,0.0,0.0,1.79,0.0,0.0,0.0,1.79,0.0,12.5,3.57,0.0,0.0,0.0,1.79,3.57,0.0,0.0,0.0,3.57,0.0
2340,7owge6,relationships,social,I got upset and called the dogs in and closed the door. When he came in he avoided me at first and when I confronted him about lying and sneaking around he defended it by saying it's my fault that I'm not okay with it. I've never been okay with it and i feel like I've been lead on throughout this entire relationship. The fact that he would prioritizing getting high over comforting me really hurts my feelings. I'm tired of feeling like a plant is more important then me.,1,1.0,1515389960,90,15.95,21.83,93.3,1.03,18.0,13.33,95.56,63.33,26.67,18.89,13.33,0.0,0.0,5.56,0.0,7.78,4.44,15.56,10.0,6.67,8.89,2.22,20.0,4.44,3.33,2.22,1.11,2.22,12.22,4.44,7.78,2.22,2.22,1.11,10.0,0.0,0.0,0.0,5.56,11.11,3.33,1.11,1.11,0.0,3.33,2.22,5.56,0.0,1.11,4.44,1.11,0.0,1.11,0.0,0.0,12.22,1.11,2.22,4.44,2.22,3.33,5.56,7.78,1.11,17.78,2.22,10.0,5.56,1.11,0.0,1.11,0.0,0.0,0.0,2.22,0.0,0.0,2.22,0.0,0.0,11.11,5.56,0.0,0.0,0.0,0.0,0.0,0.0,0.0,5.56,0.0,0.0
722,5mppfy,ptsd,ptsd,"I started to get depressed but was personally unaware. My wife started to notice that I wasn't eating, was moody, not sleeping, and laying in bed all day. She asked me if I was ok and I... broke down. All emotions came to a tipping point and I started whaling in tears. I told her I had been thinking about suicide.",1,1.0,1483859673,61,25.99,5.06,99.0,1.0,10.17,19.67,95.08,52.46,19.67,18.03,14.75,0.0,0.0,3.28,0.0,1.64,1.64,11.48,9.84,1.64,8.2,3.28,31.15,1.64,0.0,0.0,0.0,3.28,9.84,1.64,6.56,0.0,0.0,4.92,8.2,1.64,0.0,4.92,0.0,14.75,4.92,0.0,1.64,1.64,3.28,6.56,0.0,0.0,0.0,0.0,3.28,1.64,0.0,0.0,1.64,4.92,1.64,0.0,1.64,1.64,0.0,21.31,3.28,0.0,14.75,1.64,6.56,6.56,0.0,0.0,1.64,0.0,0.0,1.64,1.64,0.0,0.0,1.64,0.0,0.0,19.67,13.11,4.92,0.0,0.0,0.0,0.0,0.0,0.0,1.64,0.0,0.0
45067,8k9j5h,ptsd,ptsd,"I wondered if anyone else had a similar place that they always found themselves in. I can't decide if it's healthy or not since most of the traumatic things that happened at home were in that space. I'll find myself camped out, sobbing on the floor, but can't really pinpoint why it's the place I always seek out. Secondly; if it's not helping me recover, how can I make the rest of my house more appealing? I'm not consciously choosing to end up in the kitchen it's just where I go.",1,0.8,1526607386,91,23.17,1.0,99.0,25.77,18.2,16.48,93.41,62.64,23.08,13.19,10.99,0.0,0.0,0.0,2.2,9.89,6.59,13.19,9.89,5.49,6.59,5.49,17.58,4.4,3.3,3.3,0.0,2.2,4.4,2.2,2.2,0.0,0.0,1.1,4.4,0.0,0.0,0.0,0.0,28.57,6.59,4.4,3.3,7.69,2.2,13.19,0.0,0.0,0.0,0.0,1.1,0.0,0.0,0.0,1.1,2.2,0.0,1.1,1.1,0.0,0.0,5.49,13.19,1.1,19.78,1.1,14.29,4.4,0.0,0.0,3.3,0.0,0.0,0.0,0.0,0.0,0.0,0.0,0.0,0.0,18.68,4.4,3.3,0.0,1.1,1.1,0.0,0.0,0.0,8.79,0.0,0.0
1126,8vaflh,domesticviolence,abuse,I once went to the hospital and needed hand surgery so I messaged her when I found out and said “hey mom I’m in the hospital I’m having surgery tonight thought I would let you know.” She never came to visit and she never even asked what kind of surgery it was. What do I do? I feel like I’m nothing but I burden and I just wanna disappear. I rebelled and did my own thing as a teenager because I was so hurt from what I had been through is it normal for her to hold it against me? She just sees me as the fuck up causing her annoyance.,1,0.8,1530457111,110,2.82,23.36,66.98,1.0,18.33,16.36,97.27,69.09,28.18,21.82,15.45,0.0,0.91,5.45,0.0,6.36,3.64,11.82,13.64,7.27,10.91,2.73,24.55,2.73,2.73,3.64,0.91,0.0,3.64,0.0,3.64,0.0,1.82,0.91,12.73,0.91,0.0,6.36,0.0,14.55,4.55,1.82,2.73,0.91,2.73,1.82,5.45,1.82,0.91,2.73,6.36,0.91,4.55,0.91,0.0,3.64,0.91,0.0,2.73,0.0,0.0,10.91,10.0,1.82,10.0,2.73,2.73,4.55,0.0,0.0,0.0,0.0,0.0,0.0,2.73,0.91,0.0,0.0,0.0,0.0,10.0,3.64,0.0,0.0,0.0,1.82,0.0,0.0,1.82,2.73,0.0,0.0
2388,7oaipo,relationships,social,"I'm gonna try and keep this as short as possible> We met 6 months ago and it was instant chemistry. We fell in love pretty quickly and we used to talk all the time about how surprised we were at our feelings and how we had never felt like this before. Anyway a month ago he started calling less, he would still drive the few hours to come and see me but the communication between us seeing each other was lacklustre. I'm not usually clingy but we used to talk on the phone several times a day. this turned into a 5 minute call.",1,0.6,1515149954,104,40.01,94.88,94.81,78.6,20.8,12.5,95.19,54.81,17.31,12.5,2.88,7.69,0.0,1.92,0.0,4.81,6.73,12.5,6.73,6.73,10.58,1.92,19.23,6.73,4.81,1.92,1.92,4.81,2.88,2.88,0.0,0.0,0.0,0.0,17.31,0.0,0.0,0.0,1.92,16.35,1.92,3.85,0.96,3.85,1.92,3.85,4.81,1.92,0.96,1.92,0.96,0.0,0.0,0.0,0.0,11.54,10.58,0.96,0.0,0.0,0.0,12.5,7.69,0.96,25.0,5.77,4.81,15.38,0.0,0.0,0.0,0.0,0.0,0.0,1.92,0.0,0.96,0.0,0.0,0.96,8.65,4.81,0.96,0.0,0.0,0.0,0.0,0.0,0.0,1.92,0.0,0.96
1768,9be0l2,anxiety,anxiety,"I suddenly became very weak, dizzy, and tired..spending days in bed. Never had a real fever..docs put it down to a post viral fatigue from something I had caught..I would get better for a few days then I would ""crash"" again. It wasn't until I had had countless tests done that came back clean..and went to the ER one last time in desperation to figure out what was wrong that the doc sent me to the pysch as he suspected depression and anxiety (I had lost 10lbs by then..and didn't weigh much to begin with). I was diagnosed with moderate-severe clinical depression and anxiety..the pysch ruled out CFS and lyme etc since my symptoms would come and go and kept changing by the day. Was prescribed ssri meds..but this gave me the worst panic attack I have experienced in my life..aaand another ambulance ride..",1,1.0,1535582232,153,56.24,16.34,91.95,1.0,30.6,13.07,88.24,52.94,13.73,8.5,7.84,0.0,0.0,0.65,0.0,5.23,5.88,13.07,9.8,3.27,8.5,1.96,19.61,5.23,1.96,0.65,0.65,1.96,9.15,0.65,8.5,2.61,0.65,2.61,1.96,0.0,0.0,0.0,0.65,9.15,2.61,1.31,1.96,0.65,0.65,1.96,0.65,0.0,0.0,0.0,7.19,0.0,6.54,0.0,0.65,5.23,0.0,1.31,1.96,1.31,1.31,12.42,3.92,1.31,19.61,5.88,4.58,9.15,0.65,0.0,0.65,0.65,0.0,0.0,0.65,0.0,0.0,0.0,0.65,0.0,20.26,14.38,1.31,0.0,0.0,0.0,0.0,0.65,1.31,1.31,1.31,0.0
31,7qvelt,relationships,social,I don't know how to mention this to my SO without seeming like Mulder. EDIT. Clearly what i need to do is just talk to her about it. I have a couple of examples in mind that will drive the point home. Mainly the first night i was introduced to everyone and a house warming we went to.,0,0.833333333,1516135591,58,44.57,36.51,47.93,58.39,11.6,13.79,93.1,65.52,20.69,12.07,8.62,1.72,0.0,1.72,0.0,8.62,6.9,18.97,10.34,8.62,5.17,3.45,17.24,0.0,1.72,3.45,1.72,1.72,1.72,1.72,0.0,0.0,0.0,0.0,8.62,0.0,0.0,1.72,0.0,13.79,3.45,1.72,1.72,3.45,3.45,1.72,1.72,0.0,0.0,1.72,0.0,0.0,0.0,0.0,0.0,3.45,1.72,1.72,0.0,0.0,0.0,3.45,12.07,1.72,10.34,3.45,3.45,3.45,1.72,0.0,3.45,0.0,0.0,0.0,0.0,0.0,0.0,0.0,0.0,0.0,10.34,8.62,0.0,0.0,0.0,0.0,0.0,0.0,0.0,1.72,0.0,0.0
41947,82j7w3,ptsd,ptsd,"Attachment and a secure base are the two things a PTSD survivor does not have. Fixing that is key in their recovery. It allows survivors to reconnect with family and the world at large. &nbsp; Social level: Sachs-Ericsson & mates all the way back in 2002, go figure, found that individuals with service dogs were less isolated socially and felt more comfortable when initiating social interactions with others, also increased a survivors social desirability (note also that Henry & Crowley 2011 found that a survivors sense of self-worth as well as murturance were enhanced exponentially by having a service dog).",0,1.0,1520375241,100,77.33,75.81,30.86,80.22,25.0,22.0,81.0,43.0,8.0,1.0,0.0,0.0,0.0,0.0,1.0,7.0,8.0,11.0,7.0,5.0,8.0,1.0,11.0,6.0,4.0,1.0,3.0,3.0,5.0,4.0,1.0,0.0,0.0,1.0,10.0,1.0,1.0,0.0,0.0,11.0,5.0,2.0,1.0,0.0,1.0,2.0,2.0,0.0,0.0,1.0,0.0,0.0,0.0,0.0,0.0,17.0,7.0,6.0,2.0,1.0,1.0,5.0,5.0,0.0,12.0,2.0,8.0,3.0,2.0,1.0,1.0,1.0,0.0,0.0,1.0,0.0,0.0,0.0,1.0,0.0,16.0,4.0,3.0,1.0,1.0,0.0,0.0,2.0,0.0,0.0,2.0,3.0
579,7bqp89,survivorsofabuse,abuse,He accidentally held my throat too tight and the marks of his affections remained on my long after he was a memory. He pulled out my tears and scared my face pale so not one person could see the marks of blood left on my neck. Then my world was dipped in white tint so no one could observe the taint behind my devastation. The color of my skin and the color of the fear were almost a perfect match although my fear was clearly a shade lighter than what was underneath. Who could know?,0,0.571428571,1510197783,95,60.32,20.0,43.37,1.36,19.0,10.53,88.42,58.95,15.79,13.68,9.47,0.0,0.0,4.21,0.0,2.11,9.47,12.63,8.42,5.26,7.37,2.11,13.68,7.37,3.16,2.11,2.11,0.0,7.37,2.11,5.26,3.16,0.0,2.11,6.32,0.0,0.0,0.0,4.21,11.58,2.11,0.0,3.16,1.05,2.11,3.16,6.32,4.21,0.0,2.11,5.26,5.26,0.0,0.0,0.0,1.05,0.0,0.0,0.0,1.05,0.0,7.37,3.16,1.05,12.63,1.05,9.47,2.11,0.0,0.0,0.0,0.0,0.0,0.0,0.0,0.0,0.0,0.0,0.0,0.0,5.26,4.21,0.0,0.0,0.0,1.05,0.0,0.0,0.0,0.0,0.0,0.0
1543,8mjz3t,ptsd,ptsd,"Hello. I am new here, but I thought I would share a a bit of my story. I came onto Reddit three months ago for the survivor subs. I have been in therapy five months, and it has helped a great deal. I never sought any help before, I had one bad experience with therapy a decade ago, and never went back, I didn't figure I was helpable.",0,0.571428571,1527448279,68,33.48,5.3,99.0,53.41,13.6,8.82,95.59,54.41,16.18,14.71,14.71,0.0,0.0,0.0,0.0,1.47,7.35,8.82,11.76,5.88,4.41,4.41,17.65,4.41,1.47,0.0,4.41,2.94,4.41,2.94,1.47,0.0,0.0,0.0,5.88,0.0,0.0,0.0,0.0,13.24,4.41,0.0,1.47,1.47,2.94,2.94,2.94,1.47,0.0,0.0,2.94,0.0,2.94,0.0,0.0,8.82,4.41,1.47,1.47,1.47,1.47,14.71,5.88,0.0,20.59,2.94,4.41,14.71,0.0,1.47,0.0,0.0,0.0,0.0,1.47,0.0,1.47,0.0,0.0,0.0,16.18,7.35,7.35,0.0,0.0,0.0,0.0,0.0,0.0,1.47,0.0,0.0
1954,7r7p66,relationships,social,"I (A Minor Male) am posting onto this subreddit, because My girlfriend's (A Minor Female) family has gone through a 'break-up' and an unwanted 'reuniting' of sorts. We'll call My girlfriend ""Linda"". ""Linda's"" immediate family consists of Her mother, Her grandmother, and Her sister. The most notable interaction that the Father, Bill, had with the family was drunkenly banging on Linda's mother's window *early* in the morning. Bill walked out for reasons unknown to me about 16 years ago after the birth of Linda .",0,0.571428571,1516255459,85,96.38,96.11,35.82,25.77,17.0,22.35,87.06,47.06,11.76,9.41,4.71,1.18,0.0,3.53,0.0,2.35,10.59,16.47,5.88,1.18,3.53,0.0,8.24,8.24,2.35,0.0,1.18,1.18,0.0,0.0,0.0,0.0,0.0,0.0,21.18,9.41,2.35,9.41,2.35,7.06,1.18,2.35,1.18,3.53,0.0,0.0,0.0,0.0,0.0,0.0,1.18,0.0,0.0,0.0,1.18,14.12,9.41,0.0,4.71,0.0,1.18,5.88,2.35,1.18,17.65,2.35,5.88,8.24,0.0,4.71,4.71,2.35,0.0,0.0,0.0,0.0,0.0,0.0,0.0,0.0,35.29,5.88,5.88,0.0,0.0,0.0,0.0,1.18,4.71,10.59,4.71,2.35
55757,9a403g,anxiety,anxiety,"I don’t know how it’s physically possible to be this anxious on this level of medication. To be fair my anxiety and racing thoughts about going back to the first employer are so bad that I can’t even really watch TV, so healthy coping mechanisms are pretty sparse. I’m really only posting this because I seriously can’t believe that a) I can physiologically sustain this and b) that I still have been going to work every day. I guess I come home and break down every day too, so there’s that. I wish so bad I hadn’t done that, and it’s like my brain is living in this loop of both regret and fear, as well as rage at myself for thinking that would be the answer.",1,1.0,1535169284,127,3.64,4.92,83.2,1.37,25.4,12.6,93.7,62.99,20.47,10.24,10.24,0.0,0.0,0.0,0.0,10.24,2.36,11.81,13.39,12.6,10.24,3.15,19.69,3.94,2.36,0.79,0.79,2.36,9.45,3.15,6.3,2.36,0.79,0.79,0.0,0.0,0.0,0.0,0.0,14.96,3.94,1.57,2.36,2.36,1.57,3.15,0.79,0.79,0.0,0.0,3.15,0.79,2.36,0.0,0.0,4.72,0.0,1.57,1.57,0.0,1.57,2.36,16.54,2.36,11.81,2.36,5.51,3.94,1.57,0.79,0.79,0.0,0.0,0.0,1.57,0.0,0.79,0.0,0.79,0.0,14.96,3.94,3.15,0.0,0.0,0.0,0.0,0.0,0.0,6.3,1.57,0.0
39029,6wbm9k,anxiety,anxiety,"Days where it is really good, and days where you are anxious seemingly out of nowhere? It's like the brain is running on  some sort of cycle or something. Like a circadian rhythm but an anxiety rhythm? EDIT: Found this article after posting, it's super helpful and if I didn't put it here some of you may have missed it. Take a read right now, it's worth it!",0,0.8,1503831745,68,22.92,32.96,97.06,25.77,13.6,14.71,95.59,60.29,17.65,4.41,1.47,0.0,2.94,0.0,0.0,13.24,5.88,11.76,13.24,7.35,7.35,2.94,22.06,5.88,4.41,2.94,0.0,2.94,8.82,4.41,4.41,2.94,0.0,1.47,4.41,0.0,0.0,0.0,0.0,19.12,2.94,0.0,1.47,11.76,1.47,7.35,0.0,0.0,0.0,0.0,1.47,1.47,0.0,0.0,0.0,5.88,1.47,1.47,0.0,2.94,0.0,4.41,13.24,1.47,22.06,2.94,8.82,10.29,2.94,1.47,0.0,1.47,0.0,0.0,0.0,0.0,0.0,0.0,0.0,0.0,19.12,2.94,4.41,1.47,0.0,2.94,1.47,0.0,0.0,5.88,0.0,0.0
7940,8kgtzk,anxiety,anxiety,"I'm not exaggerating in that I legitimately, 100%, thought I was going to die. I don't think I've ever been so scared. I keep a diary and reading back on what I wrote at that time makes me cry at the memory. Something else new I've been experiencing is numbness. I've never felt numb before but it's been happening more lately.",1,1.0,1526680516,61,2.71,1.0,99.0,1.0,12.2,13.11,93.44,60.66,24.59,16.39,16.39,0.0,0.0,0.0,0.0,8.2,3.28,9.84,18.03,8.2,4.92,4.92,36.07,6.56,3.28,1.64,1.64,1.64,4.92,0.0,4.92,1.64,0.0,1.64,0.0,0.0,0.0,0.0,0.0,18.03,6.56,1.64,0.0,1.64,3.28,4.92,3.28,0.0,0.0,1.64,1.64,0.0,1.64,0.0,0.0,0.0,0.0,0.0,0.0,0.0,0.0,9.84,18.03,1.64,21.31,1.64,8.2,13.11,1.64,1.64,0.0,0.0,0.0,1.64,0.0,0.0,0.0,0.0,0.0,0.0,22.95,8.2,3.28,0.0,0.0,0.0,0.0,0.0,0.0,9.84,0.0,1.64
448,7opk1h,relationships,social,Suddenly everyone in the family was doing as she wished to appease her. FH is her youngest and always around when she has 'flares'. She has refused medication which made her flares better for fear of the side effects (palpitations). The flares make her cry and demand death come sooner. His sister is much less involved and appears to have the same POV I do about his mother's illness.,0,0.6,1515314085,69,38.36,97.86,1.0,8.47,13.8,17.39,89.86,53.62,17.39,14.49,1.45,0.0,0.0,13.04,0.0,2.9,5.8,11.59,11.59,5.8,7.25,0.0,20.29,8.7,8.7,2.9,0.0,2.9,4.35,1.45,2.9,1.45,0.0,1.45,21.74,4.35,0.0,13.04,2.9,10.14,1.45,4.35,1.45,1.45,2.9,0.0,1.45,1.45,0.0,0.0,2.9,0.0,2.9,0.0,0.0,7.25,2.9,1.45,2.9,1.45,0.0,4.35,13.04,1.45,13.04,1.45,4.35,7.25,0.0,1.45,1.45,0.0,0.0,1.45,0.0,0.0,0.0,0.0,0.0,0.0,14.49,7.25,0.0,0.0,0.0,0.0,0.0,0.0,0.0,4.35,2.9,0.0
1484,8sqak2,anxiety,anxiety,"My heart races and my hands start to sweat, I immediately feel as if I need to pee and then worry as there’s no bathroom (on the train at least). The unknown is the problem here – how long will I be trapped? I know this is stupid – I know I am fine, I know in all likelihood we will be moving again shortly, but it’s the constant what ifs that set me off. I look around and everyone else looks perfectly calm – perhaps mumbling at the inconvenience, but I am gripped with fear. I hate it.",1,1.0,1529570975,96,16.07,5.92,98.01,4.56,19.2,14.58,92.71,61.46,20.83,14.58,13.54,1.04,0.0,0.0,0.0,6.25,5.21,11.46,10.42,8.33,10.42,1.04,21.88,7.29,3.12,2.08,0.0,2.08,8.33,3.12,5.21,2.08,2.08,0.0,2.08,0.0,0.0,0.0,0.0,17.71,4.17,1.04,3.12,4.17,3.12,4.17,5.21,2.08,0.0,3.12,4.17,4.17,0.0,0.0,0.0,3.12,1.04,1.04,0.0,1.04,1.04,0.0,18.75,3.12,14.58,1.04,8.33,5.21,0.0,1.04,1.04,0.0,0.0,0.0,0.0,0.0,0.0,0.0,0.0,0.0,13.54,4.17,4.17,0.0,0.0,1.04,0.0,0.0,0.0,2.08,2.08,0.0
4490,8ttsk1,domesticviolence,abuse,"Let alone his assault charges from beating her, RIGHT? If it did, what would be her options with the issue of the lease she wouldn't be able to afford? I desperately want to help her with this situation. I feel like if I can help her and choose not to, anything that happens to her becomes my fault. I refuse to let that happen.",1,0.6,1529958010,64,22.13,50.0,1.0,1.0,12.8,15.62,93.75,67.19,28.12,18.75,7.81,0.0,0.0,10.94,0.0,9.38,3.12,15.62,14.06,0.0,4.69,3.12,18.75,1.56,1.56,1.56,0.0,0.0,6.25,0.0,6.25,1.56,1.56,1.56,15.62,0.0,0.0,9.38,1.56,17.19,4.69,0.0,7.81,6.25,0.0,4.69,1.56,0.0,0.0,1.56,0.0,0.0,0.0,0.0,0.0,10.94,3.12,1.56,7.81,0.0,1.56,1.56,12.5,0.0,1.56,0.0,1.56,0.0,0.0,0.0,1.56,1.56,0.0,0.0,0.0,0.0,0.0,0.0,0.0,0.0,14.06,4.69,4.69,0.0,0.0,3.12,0.0,0.0,0.0,1.56,0.0,0.0
1540,77atp4,assistance,financial,I would also be so grateful if you could just pray for her and our family during this time. Also if anyone is familiar with this type of serious health issue I would be so glad to hear about it so I know more about what she is fighting. They have told us the cultures came back streptococcus pneumoniae one of the most common forms of strep. Thanks for reading. <url>,0,0.8,1508371758,71,10.55,92.05,1.0,52.17,14.2,11.27,91.55,61.97,19.72,12.68,4.23,2.82,1.41,2.82,1.41,7.04,2.82,14.08,11.27,12.68,11.27,0.0,21.13,8.45,2.82,1.41,1.41,2.82,7.04,4.23,2.82,0.0,1.41,0.0,16.9,1.41,0.0,2.82,0.0,11.27,1.41,0.0,7.04,5.63,0.0,2.82,1.41,0.0,1.41,0.0,2.82,0.0,2.82,0.0,0.0,4.23,4.23,0.0,0.0,0.0,0.0,2.82,11.27,1.41,7.04,1.41,1.41,4.23,0.0,1.41,1.41,0.0,1.41,0.0,0.0,0.0,0.0,0.0,0.0,0.0,8.45,5.63,0.0,0.0,0.0,0.0,0.0,0.0,0.0,0.0,0.0,2.82
54097,8sg6vx,almosthomeless,financial,"I'm not mad, but it makes it very hard to compete as I'm quickly figuring out that my school was fairly easy and I did not try very hard. Which yes it is my fault, but I didn't think I was going to have to compete with the best of the best. Just know the course well. I have always been able to apply myself, endless amounts of will power with a drive to learn. So yeah I thought I could learn what I needed to know, but it's more than that, it's knowing EVERY little fucking thing about everything because that's how much everyone else knows.",1,0.8,1529477309,107,11.4,1.99,94.95,42.74,21.4,11.21,99.07,61.68,23.36,11.21,11.21,0.0,0.0,0.0,0.0,12.15,3.74,13.08,14.02,6.54,7.48,2.8,25.23,9.35,4.67,2.8,0.0,3.74,6.54,3.74,2.8,0.0,1.87,0.0,1.87,0.0,0.0,0.0,0.0,26.17,8.41,2.8,1.87,1.87,3.74,7.48,1.87,0.0,0.0,1.87,0.93,0.0,0.0,0.93,0.0,7.48,0.0,5.61,4.67,1.87,0.93,5.61,14.95,1.87,5.61,2.8,1.87,1.87,5.61,0.0,0.0,0.0,0.0,0.0,3.74,0.93,0.0,1.87,0.93,0.0,14.95,4.67,4.67,0.0,0.0,0.0,0.0,0.0,0.0,5.61,0.0,0.0
5786,83973l,homeless,financial,"Needless to say that is all a lie from him, He is here from DSS/Social Services just like I am. What I am worried about is my safety and security. This guy is obviously mentally ill and a drug addict and alchie, and now I am really concerned that he will do something to me because I stood up to him and his nonsense bullshit. How should I proceed....Call Social Services and turn him in? or call the police next time he harasses me?",1,0.8,1520622241,86,10.1,59.18,3.96,25.77,17.2,16.28,94.19,63.95,23.26,17.44,9.3,0.0,0.0,8.14,0.0,5.81,3.49,10.47,11.63,6.98,10.47,0.0,15.12,3.49,1.16,2.33,0.0,1.16,5.81,2.33,2.33,1.16,1.16,0.0,15.12,0.0,1.16,0.0,9.3,9.3,0.0,2.33,1.16,2.33,2.33,2.33,1.16,0.0,1.16,0.0,3.49,0.0,3.49,0.0,0.0,6.98,2.33,0.0,2.33,0.0,2.33,1.16,12.79,1.16,8.14,1.16,2.33,4.65,3.49,0.0,0.0,0.0,0.0,0.0,1.16,1.16,0.0,0.0,0.0,0.0,13.95,8.14,2.33,0.0,0.0,2.33,0.0,0.0,0.0,0.0,0.0,1.16
18956,90lqd1,assistance,financial,"We could make the money up but by that point the next rent check will be due. We managed to borrow $450 from friends/family but that's all we can get. I'm asking for anyone with a big heart to please lend us support. Like I said up top, I understand $650 is a lot of money. We will repay when we can recover from this blow.",0,0.6,1532137287,67,61.48,96.31,39.49,80.01,13.4,7.46,92.54,56.72,19.4,13.43,4.48,8.96,0.0,0.0,0.0,5.97,5.97,16.42,13.43,1.49,4.48,0.0,22.39,4.48,2.99,1.49,2.99,2.99,2.99,2.99,0.0,0.0,0.0,0.0,16.42,1.49,1.49,0.0,0.0,11.94,1.49,1.49,1.49,2.99,1.49,2.99,1.49,0.0,1.49,0.0,1.49,1.49,0.0,0.0,0.0,23.88,11.94,2.99,8.96,1.49,0.0,2.99,16.42,2.99,11.94,0.0,7.46,4.48,1.49,1.49,2.99,7.46,0.0,0.0,0.0,0.0,0.0,0.0,0.0,0.0,16.42,7.46,1.49,0.0,0.0,0.0,0.0,0.0,0.0,2.99,0.0,4.48
933,9o75v7,anxiety,anxiety,It can take weeks until the problem is solved or I realise I was anxious over nothing. Recently I'm moving home due to family circumstances and it's something I didn't want to really do yet but I am having to and the place I'm moving to is lovely but I'm really anxious over it and whether I'm doing the right thing. These thoughts I'm having are causing this really dark awful feeling. Is this feeling common? I wondered if this feeling is my intuition but I don't believe it is I think it's purely anxiety.,1,1.0,1539557256,95,1.0,1.0,99.0,1.0,19.0,18.95,96.84,66.32,25.26,13.68,13.68,0.0,0.0,0.0,0.0,11.58,3.16,7.37,23.16,4.21,10.53,3.16,33.68,5.26,1.05,1.05,0.0,0.0,6.32,1.05,5.26,3.16,0.0,0.0,1.05,1.05,0.0,0.0,0.0,25.26,8.42,2.11,3.16,4.21,2.11,10.53,4.21,1.05,0.0,3.16,0.0,0.0,0.0,0.0,0.0,6.32,1.05,1.05,2.11,1.05,1.05,4.21,22.11,0.0,12.63,2.11,4.21,5.26,0.0,1.05,2.11,0.0,0.0,0.0,0.0,0.0,0.0,0.0,0.0,0.0,14.74,4.21,0.0,0.0,0.0,1.05,0.0,0.0,0.0,9.47,0.0,0.0
1176,6qpj1p,anxiety,anxiety,"Hi, this is my first Reddit post. I have searched the internet regarding anxiety in online gaming and there seem to be people who have it. That's kind of a relief for me. I would like to play with people with these issues, because I imagine that I'll feel a certain level of comfort knowing that we have the same issue.",0,0.8,1501518426,60,46.67,50.0,54.43,99.0,15.0,18.33,93.33,58.33,23.33,11.67,10.0,1.67,0.0,0.0,0.0,11.67,6.67,13.33,13.33,1.67,3.33,0.0,18.33,1.67,1.67,1.67,1.67,0.0,10.0,8.33,1.67,1.67,0.0,0.0,8.33,0.0,0.0,0.0,0.0,13.33,6.67,1.67,1.67,3.33,1.67,0.0,3.33,1.67,0.0,1.67,0.0,0.0,0.0,0.0,0.0,5.0,3.33,1.67,0.0,0.0,0.0,1.67,13.33,1.67,6.67,0.0,3.33,1.67,0.0,5.0,0.0,0.0,0.0,0.0,1.67,0.0,1.67,0.0,0.0,0.0,13.33,6.67,3.33,0.0,0.0,0.0,0.0,0.0,0.0,3.33,0.0,0.0
52656,7shd0x,relationships,social,"I also get really painful cramps/periods every month. I do not share this with the people I work with because I do not want to ""complain"" nor do I think it is any of their business! Today, I asked to leave at lunch time, because I was in a lot of pain, I had terrible cramps, and actually bled through my pants! Embarrassing! The secretary told me it was no problem.",1,0.6,1516738733,72,26.8,4.8,91.31,1.0,14.4,16.67,97.22,59.72,19.44,15.28,13.89,0.0,0.0,0.0,1.39,4.17,4.17,12.5,9.72,4.17,6.94,5.56,18.06,1.39,0.0,0.0,0.0,4.17,9.72,1.39,8.33,1.39,0.0,0.0,9.72,0.0,0.0,0.0,0.0,18.06,1.39,2.78,2.78,2.78,1.39,6.94,2.78,0.0,0.0,2.78,6.94,0.0,5.56,0.0,1.39,5.56,1.39,1.39,0.0,1.39,1.39,6.94,15.28,0.0,9.72,1.39,2.78,5.56,4.17,0.0,0.0,1.39,0.0,0.0,0.0,0.0,0.0,0.0,0.0,0.0,16.67,2.78,5.56,0.0,0.0,0.0,4.17,0.0,2.78,0.0,0.0,1.39
18304,8jao6w,survivorsofabuse,abuse,"<url> 18 And Under is a confidential support charity for young survivors of abuse of any kind. If you want to chat about anything, visit the support forum and hang around to find a member of support staff (such as myself) who will do their best to support you through whatever you are going through. We are based in Dundee, Scotland (UK) but have supported survivors from all over the world. Those who are local, or are willing to make the trip, we have Centre in Dundee where you can talk to volunteers and support staff in person.",0,1.0,1526286214,98,79.06,94.86,33.04,99.0,24.5,17.35,90.82,57.14,13.27,8.16,1.02,2.04,4.08,0.0,1.02,5.1,5.1,20.41,10.2,4.08,7.14,0.0,21.43,4.08,2.04,4.08,1.02,2.04,11.22,9.18,1.02,0.0,1.02,0.0,14.29,0.0,0.0,0.0,0.0,10.2,1.02,2.04,2.04,4.08,1.02,3.06,0.0,0.0,0.0,0.0,0.0,0.0,0.0,0.0,0.0,12.24,4.08,3.06,5.1,2.04,0.0,1.02,19.39,2.04,15.31,4.08,10.2,1.02,2.04,1.02,0.0,1.02,0.0,0.0,0.0,0.0,0.0,0.0,0.0,0.0,14.29,4.08,4.08,0.0,0.0,0.0,0.0,0.0,0.0,0.0,4.08,2.04
1574,89lfg3,ptsd,ptsd,"And I’m scared all the time. I get flashbacks from ptsd at home, and now my home is full of these spider and insect memories. And I feel like so few people in my life can really handle this and that’s even more isolating. I’m sorry. I needed a place to put this down and try and stop crying.",1,1.0,1522808712,59,20.17,11.78,94.33,1.0,11.8,5.08,91.53,55.93,18.64,11.86,11.86,0.0,0.0,0.0,0.0,6.78,3.39,11.86,8.47,6.78,13.56,0.0,16.95,8.47,3.39,0.0,0.0,5.08,6.78,0.0,6.78,1.69,0.0,5.08,1.69,0.0,0.0,0.0,0.0,10.17,3.39,0.0,1.69,1.69,1.69,1.69,1.69,0.0,0.0,1.69,1.69,0.0,1.69,0.0,0.0,6.78,0.0,1.69,1.69,1.69,1.69,1.69,15.25,0.0,15.25,1.69,8.47,5.08,0.0,0.0,3.39,0.0,0.0,0.0,0.0,0.0,0.0,0.0,0.0,0.0,15.25,8.47,1.69,0.0,0.0,0.0,0.0,0.0,0.0,5.08,0.0,0.0
610,7ozozo,relationships,social,"Both me and him want to keep in contact and still do things together as friends but i find it extremely hard. Also i know there is a big age gap, i am 23 and he is 39 but i have connected with him in ways i never connected with anyone else, and both my previous relationships of 3 and 1 year was with guys that were 11 and 13 years older than me, i just like older men and i am more comfortable with them. Could all this feelings be wrong? Could it be because i have no one here and i found comfort with him to be the reason i developed feelings for him? I am not sure and i want your help!",0,0.8,1515429458,125,7.37,28.77,77.84,55.96,25.0,11.2,92.8,64.0,22.4,17.6,12.0,0.0,0.8,4.0,0.8,4.8,1.6,11.2,12.0,5.6,11.2,2.4,16.8,7.2,4.8,0.0,5.6,3.2,3.2,2.4,0.8,0.0,0.0,0.0,12.0,0.0,2.4,0.0,5.6,16.8,4.8,1.6,3.2,0.8,3.2,4.0,2.4,0.0,0.0,2.4,0.0,0.0,0.0,0.0,0.0,5.6,3.2,0.0,2.4,0.0,0.8,3.2,12.8,0.0,12.0,0.0,5.6,6.4,0.8,0.0,0.0,0.0,0.0,0.0,0.0,0.0,0.0,0.0,0.0,0.0,6.4,1.6,2.4,0.0,0.0,1.6,0.8,0.0,0.0,0.0,0.0,0.0
51124,704z25,anxiety,anxiety,"Last week I had an absolutely fantastic interview. They had a secondary and tertiary requirements that weren't in the job posting, and I fit all of them and then some. I made the interviewers go ""Oh, wow!"" when I brought up some of the stuff I've done, I've interned at the same place as one of the interviewers did, right around the same time. We laughed and go along great, and the interview was double the allotted time.",0,1.0,1505421153,78,64.27,50.0,92.13,97.19,15.6,17.95,93.59,56.41,14.1,11.54,7.69,1.28,0.0,0.0,2.56,2.56,12.82,11.54,10.26,3.85,10.26,1.28,15.38,6.41,3.85,1.28,2.56,5.13,5.13,5.13,0.0,0.0,0.0,0.0,8.97,0.0,0.0,0.0,0.0,7.69,0.0,1.28,0.0,2.56,2.56,1.28,1.28,0.0,1.28,0.0,0.0,0.0,0.0,0.0,0.0,3.85,1.28,0.0,1.28,1.28,0.0,10.26,5.13,1.28,20.51,3.85,8.97,7.69,7.69,0.0,0.0,0.0,0.0,0.0,2.56,0.0,0.0,1.28,1.28,0.0,19.23,5.13,6.41,0.0,0.0,0.0,1.28,0.0,2.56,3.85,0.0,0.0
39198,7c5n3a,ptsd,ptsd,"my abuser is in my family, and i am in the process of healing but every family reunion/holiday i must see my abuser causing me to enter panic attacks, constant crying, and flashbacks, causing an uproar to what could make me so ""troubled"" I am afraid of coming out to my family in case of being removed for my family forever and damaging relationships. I have younger family members i am trying to protect so i feel alot of weight on my shoulders when i am having a bad PTSD episode around my abuser and my younger family members.",1,1.0,1510365051,100,45.73,18.41,95.2,1.0,50.0,21.0,94.0,54.0,18.0,17.0,17.0,0.0,0.0,0.0,0.0,1.0,3.0,15.0,10.0,4.0,8.0,0.0,18.0,3.0,2.0,2.0,0.0,2.0,11.0,1.0,10.0,2.0,4.0,1.0,9.0,6.0,0.0,0.0,0.0,11.0,1.0,3.0,2.0,2.0,3.0,1.0,3.0,1.0,0.0,2.0,3.0,1.0,1.0,0.0,1.0,15.0,10.0,1.0,1.0,0.0,3.0,0.0,10.0,1.0,14.0,3.0,6.0,5.0,0.0,7.0,6.0,0.0,0.0,0.0,0.0,0.0,0.0,0.0,0.0,0.0,9.0,2.0,4.0,0.0,0.0,0.0,0.0,0.0,2.0,0.0,0.0,1.0
23518,8a0tyq,stress,anxiety,"The idea of what ISPs can do once the lack rules are truly active have made me feel sick to my stomach. I can't sleep and it is affecting my school life. I can't afford to pay ransom to the Corporate Fascist Thugs who wish to cableize the internet and I can't stand the idea of the internet becoming like that of China and North Korea. We are still fighting, but I'm still paranoid and every day that gets closer to April 23rd makes me feel more infuriated and panicky. I feel under attack and very life about to be destroyed.",1,1.0,1522943367,101,49.17,11.75,73.41,1.0,20.2,12.87,87.13,54.46,14.85,9.9,8.91,0.99,0.0,0.0,0.0,4.95,5.94,11.88,8.91,4.95,6.93,2.97,16.83,3.96,2.97,1.98,0.99,1.98,7.92,1.98,5.94,1.98,2.97,0.0,2.97,0.0,0.0,0.0,0.0,16.83,5.94,2.97,1.98,0.0,1.98,3.96,2.97,0.0,0.0,2.97,4.95,1.98,2.97,0.0,0.0,6.93,0.99,0.0,3.96,0.99,0.99,0.99,16.83,0.99,7.92,0.0,2.97,4.95,2.97,0.0,0.0,0.99,0.0,0.0,0.0,0.0,0.0,0.0,0.0,0.0,9.9,4.95,0.99,0.0,0.0,0.0,0.0,0.0,0.0,3.96,0.0,0.0
52515,8rjm83,survivorsofabuse,abuse,"He did threaten to walk out when I tried to crack a third, and I stopped. He says this is so rewarding for him, but is really open about how tough it has been as well. The therapist, though she is more closed mouthed and less personally emotional, has said she has required supervision several times over me. No matter how nice they are, if I fuck up months of progress, decisions about where this is going seem likely. Getting this out seems to have helped a fair bit.",0,0.666666667,1529158652,89,15.29,41.13,44.87,46.47,17.8,14.61,96.63,59.55,15.73,11.24,4.49,0.0,0.0,5.62,1.12,4.49,3.37,13.48,12.36,11.24,11.24,1.12,25.84,7.87,3.37,4.49,1.12,4.49,8.99,4.49,3.37,1.12,2.25,0.0,8.99,0.0,0.0,2.25,3.37,11.24,3.37,2.25,1.12,4.49,0.0,4.49,2.25,0.0,2.25,0.0,3.37,1.12,1.12,1.12,0.0,10.11,0.0,3.37,4.49,2.25,2.25,6.74,16.85,1.12,14.61,2.25,7.87,4.49,2.25,0.0,0.0,0.0,0.0,0.0,2.25,1.12,0.0,0.0,1.12,0.0,12.36,5.62,6.74,0.0,0.0,0.0,0.0,0.0,0.0,0.0,0.0,0.0
43641,7edy49,ptsd,ptsd,"I grew up believing that everything bad that happened was my fault. I have tried so hard to make something of my life after that hell, but now that everything feels like falling apart again I feel like I am breaking. This must mean that I am truly worthless and a waste of life. I feel like I'm not even allowed to feel like this, because I deserve this hard life. Has anyone experienced horrible burn out because of PTSD/OCD?",1,0.8,1511226790,81,17.96,6.93,96.76,1.0,16.2,17.28,95.06,62.96,27.16,12.35,12.35,0.0,0.0,0.0,0.0,14.81,1.23,14.81,8.64,6.17,6.17,1.23,19.75,7.41,6.17,0.0,0.0,0.0,7.41,1.23,6.17,1.23,1.23,1.23,3.7,0.0,0.0,0.0,0.0,23.46,7.41,4.94,1.23,2.47,4.94,3.7,9.88,0.0,0.0,8.64,4.94,0.0,4.94,0.0,0.0,7.41,0.0,1.23,3.7,0.0,2.47,4.94,14.81,0.0,9.88,2.47,3.7,3.7,0.0,0.0,0.0,0.0,1.23,0.0,1.23,1.23,0.0,0.0,0.0,0.0,11.11,4.94,2.47,0.0,0.0,1.23,0.0,0.0,0.0,1.23,0.0,1.23
10813,7nfm2h,relationships,social,"Last night, I had a few friends over for New Years', as one does. We all got pretty damn drunk, as one does. Among my drunk friends was my good friend ""Lily,"" someone who I've been friends with for a while. A long time ago, she told me she had romantic feelings for me. I turned her down, being in a relationship, but admittedly I had a small crush on her too.",0,1.0,1514820277,72,56.94,71.09,91.31,77.0,14.4,11.11,95.83,58.33,20.83,18.06,11.11,1.39,0.0,5.56,0.0,2.78,6.94,15.28,12.5,1.39,5.56,0.0,16.67,6.94,2.78,1.39,2.78,2.78,5.56,4.17,1.39,0.0,1.39,0.0,18.06,0.0,5.56,5.56,0.0,6.94,1.39,0.0,0.0,2.78,1.39,1.39,1.39,0.0,0.0,1.39,2.78,0.0,0.0,0.0,2.78,16.67,9.72,0.0,4.17,2.78,0.0,12.5,4.17,0.0,20.83,1.39,9.72,9.72,0.0,2.78,0.0,0.0,0.0,0.0,1.39,1.39,0.0,0.0,0.0,0.0,22.22,6.94,9.72,0.0,0.0,0.0,0.0,0.0,2.78,2.78,0.0,0.0
23383,6nhkiw,assistance,financial,"Fun fact: <name> helped me out a bit a few years ago through Twitter. You can check his tweets with/about me around July/Aug of 2014. (I deleted my Twitter account since, but just signed up again.) <name> paid for a month of weekly, remote sessions with a popular, West Coast therapist. That brilliant therapist is the only one I've ever clicked with, before or since.",0,1.0,1500144227,77,94.02,50.0,89.63,97.38,15.4,15.58,88.31,51.95,10.39,9.09,6.49,0.0,1.3,1.3,0.0,1.3,9.09,19.48,5.19,7.79,3.9,0.0,7.79,6.49,1.3,0.0,2.6,2.6,5.19,5.19,0.0,0.0,0.0,0.0,7.79,0.0,0.0,0.0,1.3,7.79,0.0,2.6,0.0,1.3,2.6,2.6,1.3,0.0,1.3,0.0,2.6,0.0,2.6,0.0,0.0,5.19,3.9,0.0,1.3,0.0,0.0,5.19,5.19,0.0,20.78,0.0,7.79,12.99,1.3,5.19,0.0,3.9,0.0,0.0,2.6,0.0,2.6,0.0,0.0,0.0,22.08,6.49,5.19,1.3,0.0,0.0,0.0,0.0,0.0,1.3,5.19,2.6
19808,7n91me,ptsd,ptsd,"I don’t have anything to ask atm or anything that anyone else need to know, but i cant go to someone when I’m not coping or in a state, I feel like it’s something I have to ride out on my own, that I can’t tell anyone about. I hate going throw this on my own, not that my family don’t try to support me, I just don’t want to see mum cry again because I’m broken and she’s tryed every thing she can but nothing helps. Iv had more 5 therapist and seen at least that again in one off meeting, but I can’t engage and have developed a vague phobia towards them, I used to hide in the house when I knew I had an appointment and only come out if I was promised I didn’t have to go. So It’s been largely untreated, not throw lack of trying.  I can’t see my condition changing.",1,0.8,1514734366,157,6.79,1.36,99.0,37.02,31.4,10.83,94.27,64.97,24.2,15.29,13.38,0.0,0.0,1.27,0.64,8.92,2.55,13.38,11.46,5.1,8.92,7.64,26.11,2.55,1.91,1.27,1.27,1.91,4.46,2.55,1.91,0.64,0.64,0.64,8.28,1.27,0.0,1.91,0.0,22.93,1.91,1.91,2.55,7.64,1.91,9.55,2.55,1.91,0.0,0.64,1.91,0.0,1.91,0.0,0.0,3.82,1.27,1.27,0.0,0.0,1.27,5.1,22.29,0.64,14.65,5.1,7.01,2.55,1.27,0.64,1.27,0.64,0.0,0.0,0.64,0.0,0.64,0.0,0.0,0.0,15.92,3.18,5.1,0.0,0.0,0.0,0.0,0.0,0.0,7.64,0.0,0.0
1418,8j8g1w,anxiety,anxiety,"I've been struggling to work/be employed ever since my first job gave me anxiety 6 years ago but I feel like only now I've finally cracked it. In December I managed to work on a contract full time in an office for 6 weeks with only 1 massive panic attack. But now, I'm about to have 3 part time jobs. They're not the sort of jobs I would love to have \(I kind of want a job where I can talk to other people in the workplace\) but I found that social media/community manager gigs are so flexible and are working at home jobs. So I stay anxiety free by setting my own hours and being in control, and I make more money than I would have if I worked at a cafe or at a restaurant.",0,0.8,1526259687,138,52.67,9.62,98.45,8.47,27.6,13.77,92.03,55.8,13.77,11.59,11.59,0.0,0.0,0.0,0.0,2.17,5.07,15.22,10.87,7.25,7.25,0.72,16.67,3.62,2.17,0.72,3.62,1.45,5.8,2.17,3.62,2.9,0.72,0.0,5.07,0.0,0.0,0.0,0.0,13.77,1.45,2.17,2.9,2.9,0.72,5.8,1.45,0.0,0.0,1.45,2.17,0.0,0.0,0.0,1.45,10.14,2.17,3.62,4.35,0.0,0.0,4.35,14.49,0.0,18.12,0.72,8.7,9.42,9.42,1.45,0.72,1.45,0.0,0.0,0.0,0.0,0.0,0.0,0.0,0.0,12.32,3.62,1.45,0.0,0.0,0.0,0.0,0.0,0.0,2.9,1.45,2.9
1491,9x1p7q,ptsd,ptsd,"I just never had proper doctors who could diagnose me. There's a very long story there. I suffer from PTSD because I have been abused my entire life. I was physically abused by my teacher when I was 8 years old. My mother physically, mentally and emotionally abused me, up until I left her house at 16.",1,0.8,1542213627,57,4.78,8.02,98.01,1.0,11.4,14.04,89.47,57.89,22.81,21.05,19.3,0.0,0.0,1.75,0.0,1.75,1.75,8.77,12.28,10.53,7.02,1.75,15.79,0.0,0.0,3.51,3.51,1.75,7.02,0.0,7.02,0.0,5.26,1.75,7.02,1.75,0.0,3.51,0.0,8.77,1.75,1.75,1.75,0.0,3.51,0.0,0.0,0.0,0.0,0.0,8.77,0.0,8.77,0.0,0.0,5.26,0.0,0.0,5.26,0.0,0.0,8.77,5.26,0.0,15.79,0.0,7.02,8.77,3.51,0.0,1.75,0.0,0.0,0.0,0.0,0.0,0.0,0.0,0.0,0.0,14.04,8.77,3.51,0.0,0.0,0.0,0.0,0.0,0.0,1.75,0.0,0.0
1472,6pbw1w,ptsd,ptsd,"The truth that sometimes there is nothing more you can do but mitigate the symptoms of your PTSD. That psychotherapy, DBT, CBT and all manner of psychological sciences have limits. That many people do not respond to treatment. That medication is not a cure-all. That scientists neither really understand what neurological mechanisms which cause PTSD, nor how the medications they use to treat it work.",0,0.571428571,1500934968,66,20.93,27.23,6.95,80.64,13.2,24.24,86.36,53.03,16.67,4.55,0.0,0.0,3.03,0.0,1.52,12.12,6.06,6.06,9.09,4.55,6.06,7.58,10.61,3.03,3.03,4.55,0.0,6.06,3.03,3.03,0.0,0.0,0.0,0.0,7.58,0.0,0.0,0.0,0.0,22.73,1.52,4.55,0.0,1.52,6.06,9.09,0.0,0.0,0.0,0.0,7.58,0.0,7.58,0.0,0.0,3.03,0.0,3.03,0.0,0.0,0.0,0.0,13.64,0.0,1.52,0.0,0.0,1.52,6.06,0.0,0.0,0.0,0.0,0.0,0.0,0.0,0.0,0.0,0.0,0.0,13.64,7.58,4.55,0.0,0.0,0.0,0.0,1.52,0.0,0.0,0.0,0.0
24562,6hajy7,assistance,financial,Most of the residents in San Andres are elderly farmers who depend on the bus to travel to the main market in Oaxaca to sell their produce. I am worried seeing the people depend on taxis who are known to scam farmers out of their hard-earned money. The Go Fund Me page is <url> And there is a Facebook page set up too: <url>,0,0.6,1497475302,65,97.13,73.08,24.83,7.8,21.67,10.77,76.92,49.23,9.23,6.15,3.08,0.0,0.0,0.0,3.08,3.08,9.23,18.46,7.69,3.08,1.54,0.0,18.46,4.62,1.54,3.08,0.0,1.54,1.54,0.0,1.54,1.54,0.0,0.0,9.23,0.0,0.0,0.0,0.0,7.69,1.54,4.62,0.0,4.62,0.0,0.0,3.08,1.54,0.0,1.54,0.0,0.0,0.0,0.0,0.0,4.62,1.54,1.54,1.54,1.54,0.0,3.08,15.38,0.0,12.31,3.08,9.23,0.0,4.62,3.08,1.54,7.69,0.0,0.0,0.0,0.0,0.0,0.0,0.0,0.0,12.31,3.08,0.0,1.54,0.0,0.0,0.0,1.54,0.0,0.0,0.0,6.15
1255,6zh3my,survivorsofabuse,abuse,"He was furious I'd 'kept' that from him. I had considered doing cam modelling though had never gone through with it (again before we even met) . He accused me of lying and keeping things from him. On top of that, he still expected sex all the time. I still liked it, but I was so stressed from the move and from the constant crying and fighting that my libido was down.",1,0.571428571,1505152902,71,14.66,55.59,50.85,1.0,14.2,14.08,94.37,69.01,25.35,16.9,8.45,1.41,0.0,7.04,0.0,8.45,4.23,15.49,9.86,9.86,8.45,1.41,21.13,2.82,2.82,0.0,0.0,1.41,8.45,1.41,7.04,1.41,4.23,1.41,12.68,0.0,0.0,0.0,7.04,8.45,1.41,0.0,1.41,0.0,2.82,2.82,0.0,0.0,0.0,0.0,2.82,0.0,0.0,2.82,0.0,5.63,2.82,1.41,2.82,0.0,0.0,12.68,1.41,1.41,16.9,2.82,4.23,9.86,0.0,0.0,0.0,0.0,0.0,0.0,0.0,0.0,0.0,0.0,0.0,0.0,16.9,7.04,2.82,0.0,0.0,0.0,0.0,0.0,0.0,4.23,2.82,0.0
602,9ljait,domesticviolence,abuse,"I used to always feel I loved him more than he does with me, that was a common fight. And it turned out to be sickly true. I care so much for that man, I place myself in his shoes and feeling the pain he must be feeling being alone. I know this is sick of me, but how do I stop this?! I shouldn’t feel bad for what he did right?!",1,0.857142857,1538714807,72,9.47,24.36,74.76,1.0,14.4,4.17,100.0,65.28,29.17,20.83,13.89,0.0,0.0,6.94,0.0,8.33,2.78,12.5,13.89,2.78,6.94,1.39,25.0,9.72,2.78,2.78,0.0,2.78,12.5,4.17,8.33,0.0,1.39,1.39,11.11,0.0,0.0,0.0,8.33,18.06,6.94,2.78,2.78,0.0,4.17,2.78,6.94,0.0,0.0,6.94,6.94,1.39,4.17,0.0,0.0,4.17,1.39,0.0,0.0,0.0,2.78,5.56,12.5,0.0,11.11,1.39,5.56,2.78,0.0,0.0,0.0,0.0,0.0,0.0,0.0,0.0,0.0,0.0,0.0,0.0,15.28,4.17,4.17,0.0,0.0,2.78,2.78,0.0,0.0,1.39,0.0,0.0
15595,7g85xo,survivorsofabuse,abuse,"It sucks because I work on a computer and type all day at work and do needlepoint and sewing as a hobby and I can't do those things when it's this bad. Of course when people (family, coworkers, friends) see the brace they ask what happened. I always blame carpal tunnel. I feel so angry that I am still covering up for my abuser. I am angry I can't e joy my life without him showing up randomly.",1,0.8,1511908560,78,13.57,15.25,83.83,1.0,15.6,12.82,89.74,56.41,23.08,14.1,11.54,0.0,0.0,1.28,1.28,8.97,3.85,10.26,6.41,5.13,11.54,3.85,12.82,3.85,1.28,3.85,0.0,1.28,8.97,1.28,7.69,0.0,6.41,0.0,10.26,1.28,1.28,0.0,1.28,10.26,1.28,1.28,0.0,1.28,2.56,3.85,3.85,2.56,0.0,1.28,1.28,0.0,1.28,0.0,0.0,8.97,2.56,2.56,2.56,0.0,1.28,1.28,16.67,0.0,11.54,0.0,5.13,6.41,6.41,2.56,1.28,0.0,0.0,0.0,1.28,1.28,0.0,0.0,0.0,0.0,15.38,6.41,2.56,0.0,0.0,0.0,0.0,0.0,0.0,3.85,2.56,0.0
1998,7oxnjx,relationships,social,"I have tried to her encourage her as best as I can. The job she had was 10 hours per week, which I got for her to tutor a friend’s 10yr old (who is a challenging child). She has an events business with her mother, which operates approximately once every six weeks to host mystery dinners, which is very popular, but does not make much funds. She spends a large amount of time on this and I get frustrated that some of that effort could be put into finding more stable work. She studies one unit a semester.",0,0.8,1515406706,98,56.05,72.97,2.49,81.07,19.6,13.27,91.84,51.02,19.39,12.24,4.08,0.0,0.0,8.16,0.0,7.14,6.12,11.22,10.2,1.02,4.08,1.02,15.31,6.12,4.08,4.08,4.08,6.12,5.1,4.08,1.02,0.0,1.02,0.0,13.27,1.02,0.0,9.18,0.0,9.18,1.02,1.02,1.02,3.06,1.02,2.04,0.0,0.0,0.0,0.0,2.04,0.0,1.02,0.0,1.02,10.2,1.02,5.1,3.06,3.06,0.0,4.08,11.22,0.0,11.22,1.02,3.06,7.14,9.18,0.0,0.0,3.06,0.0,0.0,0.0,0.0,0.0,0.0,0.0,0.0,12.24,5.1,4.08,0.0,0.0,0.0,0.0,0.0,0.0,1.02,2.04,0.0
445,96v0rr,ptsd,ptsd,I think that's what it's called. Where you relive your trauma and talk about it to take the emotional response and power away. I am just nervous and very scared. Has anyone did this kind of treatment? Did it help?,1,0.8,1534131311,39,1.47,93.79,8.65,1.0,7.8,12.82,94.87,64.1,28.21,10.26,5.13,0.0,5.13,0.0,0.0,17.95,2.56,7.69,15.38,10.26,7.69,0.0,23.08,7.69,0.0,5.13,0.0,0.0,10.26,0.0,10.26,5.13,0.0,0.0,15.38,0.0,0.0,0.0,0.0,10.26,2.56,2.56,0.0,5.13,0.0,0.0,0.0,0.0,0.0,0.0,0.0,0.0,0.0,0.0,0.0,7.69,2.56,0.0,5.13,2.56,0.0,7.69,17.95,0.0,5.13,0.0,5.13,0.0,0.0,0.0,0.0,0.0,0.0,0.0,0.0,0.0,0.0,0.0,0.0,0.0,17.95,7.69,0.0,0.0,0.0,5.13,0.0,0.0,0.0,5.13,0.0,0.0
1026,91ze6k,ptsd,ptsd,"Well, I had a bad binge eating episode and stopped, and my father proceeded to stop talking to me. For months. A total silent treatment. I’ve done a lot of reflecting on my childhood, trying to figure out if there were times he was like this that I had normalized, but with my therapist and my mother we have concluded that he never used to be like this. He was always a nice, goofy dad who loved me (he still loves me) and we had a ton of fun.",0,0.857142857,1532581820,89,29.37,58.87,66.74,94.47,17.8,11.24,95.51,64.04,23.6,17.98,11.24,2.25,0.0,4.49,0.0,5.62,5.62,13.48,11.24,4.49,6.74,1.12,16.85,2.25,2.25,1.12,0.0,3.37,6.74,5.62,1.12,0.0,0.0,0.0,14.61,3.37,0.0,1.12,6.74,12.36,3.37,1.12,1.12,3.37,3.37,2.25,1.12,0.0,1.12,0.0,5.62,0.0,2.25,0.0,2.25,8.99,4.49,1.12,0.0,0.0,3.37,10.11,4.49,0.0,12.36,0.0,2.25,10.11,0.0,1.12,0.0,0.0,0.0,0.0,1.12,0.0,0.0,0.0,1.12,0.0,14.61,5.62,5.62,0.0,0.0,0.0,0.0,0.0,0.0,1.12,2.25,0.0
9934,7tnipq,relationships,social,"I've been trying the online dating thing recently and met a very nice guy. We've been on 3 dates so far and he's great! Funny, nice, understanding. Unfortunately I don't really feel a spark. I thought going on more than 1 date would let me see him as more than a friend but I have no desire to even kiss him even though I enjoy hanging out with him.",0,1.0,1517177271,69,17.96,38.58,72.78,99.0,13.8,7.25,94.2,57.97,17.39,15.94,8.7,1.45,0.0,5.8,0.0,1.45,5.8,11.59,13.04,8.7,8.7,2.9,21.74,15.94,8.7,0.0,2.9,2.9,11.59,10.14,1.45,0.0,0.0,0.0,14.49,0.0,4.35,0.0,7.25,15.94,4.35,0.0,2.9,1.45,0.0,7.25,2.9,1.45,0.0,1.45,0.0,0.0,0.0,0.0,0.0,11.59,7.25,1.45,0.0,2.9,0.0,5.8,8.7,1.45,13.04,1.45,5.8,5.8,0.0,1.45,0.0,0.0,0.0,0.0,0.0,0.0,0.0,0.0,0.0,0.0,15.94,5.8,2.9,0.0,0.0,0.0,1.45,0.0,0.0,5.8,0.0,0.0
433,9ljait,domesticviolence,abuse,"I loved that man so much and tried my best to make it work. But I have limits. And when he was not thinking twice about getting alcohol while we didn’t have even enough money left for milk for our baby, that was my limit. We had .51 cents in our account and he found that acceptable? !",1,0.666666667,1538714807,57,2.05,75.87,50.35,97.58,14.25,8.77,96.49,59.65,24.56,17.54,7.02,7.02,0.0,3.51,0.0,7.02,0.0,8.77,10.53,7.02,12.28,3.51,21.05,1.75,1.75,1.75,3.51,1.75,5.26,5.26,0.0,0.0,0.0,0.0,15.79,1.75,0.0,0.0,5.26,12.28,5.26,1.75,0.0,0.0,0.0,5.26,0.0,0.0,0.0,0.0,5.26,0.0,1.75,0.0,3.51,19.3,8.77,8.77,1.75,3.51,0.0,12.28,7.02,0.0,7.02,0.0,3.51,3.51,1.75,1.75,0.0,5.26,0.0,0.0,0.0,0.0,0.0,0.0,0.0,0.0,12.28,5.26,1.75,0.0,0.0,1.75,1.75,0.0,0.0,1.75,0.0,0.0
8500,7t5sil,assistance,financial,"I don't really know if I'm doing this right but..I feel like I have ran out of options. To make a long story short, I have a Ford Ranger and the serpentine belt on it is broken. I'm currently living with my girlfriend but last night I found out that she has been lying to me repeatedly and I'm done with this situation, the only problem is that I'm stuck. I don't get paid for another 6 days and I am flat broke with no family or anything nearby. Luckily, I'm within walking distance of my work but do you guys have any ideas?",1,1.0,1516985316,105,13.11,6.39,99.0,5.47,21.0,11.43,93.33,61.9,22.86,16.19,14.29,0.0,0.95,0.95,0.0,6.67,3.81,12.38,17.14,1.9,7.62,2.86,28.57,2.86,0.95,0.0,0.95,1.9,3.81,0.95,2.86,0.0,0.95,0.95,6.67,0.95,1.9,0.95,0.95,15.24,3.81,0.95,1.9,5.71,0.0,5.71,0.95,0.0,0.0,0.95,0.95,0.0,0.95,0.0,0.0,4.76,1.9,0.95,0.0,0.95,0.95,6.67,20.0,0.0,16.19,1.9,9.52,4.76,0.95,0.95,0.95,0.95,0.0,0.0,0.0,0.0,0.0,0.0,0.0,0.0,16.19,5.71,2.86,0.0,0.0,0.95,0.0,0.0,0.0,6.67,0.0,0.0
1506,7ooyhb,relationships,social,"So when Markus asked me for a date night, just the two of us, I didn't hesitate. I have loved this man so much, I think I still do. These date nights made us feel like we're young again. Everything we used to do back when we were just dumb teenagers, we're doing again now. I was so happy I could cry.",0,1.0,1515304755,62,1.0,92.66,98.34,7.28,12.4,4.84,98.39,67.74,25.81,20.97,11.29,9.68,0.0,0.0,0.0,4.84,3.23,6.45,12.9,19.35,8.06,1.61,25.81,4.84,1.61,3.23,1.61,1.61,8.06,3.23,4.84,1.61,1.61,1.61,20.97,0.0,3.23,0.0,1.61,12.9,3.23,3.23,1.61,1.61,1.61,1.61,1.61,0.0,0.0,1.61,1.61,0.0,0.0,0.0,0.0,14.52,11.29,0.0,1.61,0.0,1.61,9.68,12.9,0.0,19.35,0.0,1.61,19.35,0.0,0.0,0.0,0.0,0.0,0.0,1.61,1.61,0.0,0.0,0.0,0.0,19.35,8.06,6.45,0.0,0.0,0.0,0.0,0.0,0.0,4.84,0.0,0.0
49120,9x7qd4,assistance,financial,"I’m a 24 year old male. For the past month, my stomach has had little pain after eating and I’ll have problems with indigestion/sour stomach. I’ll eat a clean meal and it’s as if my stomach won’t digest the food and I’m burping it up right after eating. There is usually no pain after eating. My stool color has been normal and I’m regular.",0,0.6,1542255332,65,17.02,6.21,86.77,1.0,13.0,12.31,96.92,55.38,15.38,12.31,12.31,0.0,0.0,0.0,0.0,3.08,6.15,10.77,20.0,3.08,9.23,3.08,26.15,12.31,6.15,0.0,1.54,0.0,4.62,0.0,4.62,0.0,0.0,0.0,1.54,0.0,0.0,0.0,1.54,4.62,0.0,0.0,3.08,3.08,0.0,1.54,6.15,1.54,0.0,3.08,21.54,6.15,6.15,0.0,10.77,3.08,0.0,0.0,1.54,0.0,1.54,4.62,13.85,4.62,16.92,0.0,4.62,12.31,0.0,0.0,0.0,0.0,0.0,0.0,0.0,0.0,0.0,0.0,0.0,0.0,21.54,7.69,1.54,0.0,0.0,0.0,0.0,0.0,0.0,10.77,0.0,1.54
224,6rtb3j,ptsd,ptsd,"Hello r/ptsd. I'm currently almost 19 but suffered a lot of traumatic events within my immediate family between the ages of 10-15. Earlier this year, I noticed that I had terrible body odor (I shower and wear deodorant everyday) whenever I left the house. This was obviously accompanied by some unbearable anxiety, as well as very severe panic attacks. After talking to my psychiatrist and a therapist, they diagnosed me.",1,0.666666667,1501956971,72,56.94,24.36,91.31,1.0,14.4,27.78,88.89,48.61,18.06,12.5,11.11,0.0,0.0,0.0,1.39,5.56,5.56,12.5,4.17,5.56,8.33,0.0,11.11,6.94,5.56,1.39,4.17,2.78,11.11,1.39,9.72,2.78,1.39,1.39,5.56,1.39,0.0,0.0,0.0,11.11,2.78,0.0,0.0,4.17,2.78,1.39,1.39,0.0,0.0,0.0,5.56,2.78,2.78,0.0,0.0,5.56,4.17,0.0,1.39,0.0,0.0,8.33,4.17,0.0,13.89,0.0,2.78,11.11,0.0,1.39,4.17,0.0,0.0,0.0,2.78,0.0,1.39,0.0,1.39,0.0,18.06,6.94,4.17,0.0,0.0,0.0,0.0,1.39,0.0,1.39,2.78,1.39
804,9w25c6,almosthomeless,financial,The best idea i have came up with is use the lazt of my petrol to get somewhere atleazt half close to work and safe and legal to park up where i canalso sleep. Use my anti bactiral gel to clean my body and just wear a hat all week for work and wait it out until friday. Does anyone else have any better advice? Id appriciate any suggestions. Thank you,1,0.6,1541923307,71,71.2,38.9,83.15,98.42,14.2,8.45,85.92,47.89,14.08,9.86,8.45,0.0,1.41,0.0,0.0,2.82,4.23,15.49,7.04,4.23,7.04,0.0,16.9,5.63,2.82,1.41,1.41,4.23,5.63,5.63,0.0,0.0,0.0,0.0,5.63,0.0,0.0,0.0,0.0,12.68,1.41,2.82,0.0,5.63,1.41,1.41,0.0,0.0,0.0,0.0,4.23,4.23,0.0,0.0,0.0,11.27,0.0,5.63,4.23,4.23,1.41,1.41,16.9,0.0,15.49,1.41,8.45,5.63,4.23,0.0,0.0,0.0,0.0,0.0,0.0,0.0,0.0,0.0,0.0,0.0,5.63,4.23,0.0,0.0,0.0,1.41,0.0,0.0,0.0,0.0,0.0,0.0
42769,9g5vzc,homeless,financial,"Well, I've been homeless for two weeks and one day. I'm homeless this time because a woman that I had previously worked for, had promised me, and I quote, ""A lot of hours."" out in Tampa. I know that with three people, the drive from where I was at, would be worth it. We would make a lot more then what it was cost in gas, so it wasn't a problem.",1,0.571428571,1537053133,71,25.83,24.06,76.59,52.17,14.2,8.45,95.77,63.38,21.13,11.27,9.86,1.41,0.0,0.0,0.0,9.86,7.04,12.68,15.49,4.23,7.04,1.41,19.72,1.41,1.41,2.82,4.23,4.23,4.23,2.82,1.41,0.0,0.0,0.0,4.23,0.0,0.0,1.41,0.0,14.08,1.41,2.82,4.23,2.82,1.41,1.41,0.0,0.0,0.0,0.0,0.0,0.0,0.0,0.0,0.0,7.04,1.41,1.41,2.82,0.0,1.41,11.27,7.04,1.41,16.9,1.41,7.04,8.45,1.41,0.0,0.0,2.82,0.0,0.0,1.41,0.0,0.0,0.0,1.41,0.0,23.94,7.04,9.86,0.0,0.0,0.0,0.0,0.0,2.82,4.23,0.0,0.0
2709,5sxx7l,domesticviolence,abuse,"he was my best friend since highschool, she was a girl i really liked. my parents let him live at my house when his parents kicked him out, and he started dating the girl that i really liked behind my back. im not gonna go into too much detail about the drama but in short i kicked him out and they both hate me now. there were some not so nice comments going back and forth. the other day they moved into an apartment together after being together for like 3 months, but i just found out through the same person who initially told me that they were dating, his ex gf [22F] that he has hit her on several occasions.",0,0.8,1486614596,121,25.42,74.59,96.93,72.22,24.2,9.92,96.69,61.16,23.97,19.83,9.09,0.0,0.0,8.26,2.48,4.13,4.96,12.4,6.61,9.09,5.79,1.65,18.18,4.13,3.31,1.65,0.83,3.31,4.13,3.31,0.83,0.0,0.83,0.0,23.14,1.65,1.65,4.13,6.61,8.26,0.83,0.83,0.0,0.83,0.0,5.79,0.0,0.0,0.0,0.0,0.83,0.0,0.83,0.0,0.0,7.44,6.61,0.83,0.83,0.83,0.0,9.92,4.96,1.65,24.79,3.31,12.4,10.74,0.83,0.83,1.65,0.0,0.0,0.0,2.48,0.0,1.65,0.0,0.0,0.0,9.09,4.13,3.31,0.0,0.0,0.0,0.0,0.0,0.0,0.0,0.0,1.65
9252,9md6qz,survivorsofabuse,abuse,"It was the same therapist I'd been seeing since I was little, when I was first diagnosed as ASD (at the time termed PDD-NOS, as I didn't *quite* fit the diagnostic requirements for Aspergers), and she, had honestly stopped being helpful. Just kept telling me to do the same things over and over, when I told her these solutions either didn't work, or in some cases (going out for a walk for the sake of it, rather than with an intended destination/goal, for instance) made things worse. Because if my mind's left to wander, without something to focus on, something to distract myself, it starts tearing itself apart, ripping open old wounds and rubbing salt in them; reminding me of all the shit I've screwed up in the past, ways I've failed or fallen short, and I end up worse off than when I started. So, I eventually stopped going. And then, eventually stopped taking my meds, mostly because of not having the money to afford them when my father walked out, and the house practically started falling down around our ears over a course of a couple years; the heating just before winter because we couldn't afford oil, then losing water due to burst pipes, then the gas and finally electricity due to nonpayment.",1,0.8,1538988585,217,63.5,14.46,99.0,5.81,43.4,17.51,89.4,57.6,14.29,10.14,7.37,0.92,0.0,0.92,0.92,4.15,6.91,17.51,6.45,6.45,10.6,2.3,15.67,5.53,4.61,1.84,0.46,1.84,4.15,0.92,2.76,0.0,0.92,0.92,4.61,0.46,0.0,0.92,0.46,13.82,1.84,3.23,1.38,4.15,0.46,5.53,2.3,0.46,0.46,0.46,4.15,0.92,1.84,0.46,0.92,9.68,1.38,2.76,3.23,0.92,3.23,8.76,4.15,3.69,25.35,2.76,9.68,12.9,2.3,0.0,0.46,0.46,0.0,0.0,0.92,0.92,0.0,0.0,0.0,0.0,19.35,2.3,9.22,0.0,0.92,0.0,0.0,0.46,0.0,3.23,1.84,1.38
1828,6rg60w,anxiety,anxiety,"Hi, I've posted it a lot on this sub, constantly and I figured, why don't I just submit a post with these steps. . This is how I deal with panic attacks/anxious, intrusive thoughts. I hope that I am able to help you the way they have helped me.",0,1.0,1501800094,49,9.6,27.03,82.17,1.0,16.33,12.24,93.88,61.22,28.57,18.37,14.29,0.0,2.04,0.0,2.04,10.2,6.12,8.16,10.2,8.16,4.08,2.04,18.37,2.04,0.0,4.08,0.0,2.04,8.16,2.04,6.12,4.08,2.04,0.0,8.16,0.0,0.0,0.0,0.0,12.24,4.08,4.08,2.04,4.08,0.0,0.0,0.0,0.0,0.0,0.0,0.0,0.0,0.0,0.0,0.0,10.2,4.08,2.04,6.12,0.0,0.0,4.08,12.24,2.04,10.2,2.04,4.08,2.04,0.0,0.0,0.0,0.0,0.0,0.0,0.0,0.0,0.0,0.0,0.0,0.0,22.45,8.16,8.16,0.0,0.0,0.0,0.0,0.0,0.0,4.08,0.0,2.04
1373,7ovcvj,relationships,social,"For context, I'm working through my last year of grad school, living alone currently with not many strong friendships in the area, and my Dad has been dying of cancer since September, so it's a stressful and lonely time. At first, I was quite excited about getting married. But for the last 3 months or so, all it does is fill me with dread and worry. When I've visited her, I've found myself falling into a deep funk. I often find myself wishing she would break up with me.",1,1.0,1515378247,89,41.27,13.05,99.0,1.0,17.8,14.61,95.51,55.06,16.85,14.61,12.36,0.0,0.0,2.25,0.0,2.25,4.49,15.73,11.24,5.62,8.99,1.12,20.22,4.49,0.0,1.12,2.25,2.25,7.87,2.25,5.62,3.37,0.0,2.25,5.62,2.25,0.0,2.25,1.12,12.36,2.25,1.12,2.25,3.37,1.12,3.37,0.0,0.0,0.0,0.0,2.25,0.0,2.25,0.0,0.0,8.99,1.12,2.25,2.25,2.25,1.12,4.49,11.24,1.12,23.6,2.25,7.87,12.36,3.37,0.0,0.0,0.0,0.0,1.12,0.0,0.0,0.0,0.0,0.0,0.0,17.98,5.62,7.87,0.0,0.0,0.0,0.0,0.0,0.0,4.49,0.0,0.0
1374,9bq1rz,survivorsofabuse,abuse,We were raised in the Bible belt and she believed every word they told her about it being normal. I tried so hard to explain it to her over the years. She never understood. Even now she barely talks to me because I'm the 'outcast' for standing against what my family has done. We were so close when were younger because it's all we had.,0,0.6,1535684703,65,3.37,93.79,24.83,25.77,13.0,13.85,93.85,69.23,26.15,20.0,6.15,4.62,0.0,7.69,1.54,6.15,4.62,12.31,13.85,12.31,9.23,1.54,23.08,4.62,1.54,3.08,0.0,3.08,0.0,0.0,0.0,0.0,0.0,0.0,20.0,1.54,0.0,7.69,0.0,15.38,4.62,3.08,0.0,1.54,4.62,1.54,1.54,0.0,0.0,1.54,0.0,0.0,0.0,0.0,0.0,10.77,6.15,1.54,3.08,0.0,0.0,13.85,9.23,0.0,12.31,0.0,4.62,7.69,0.0,1.54,1.54,0.0,1.54,0.0,0.0,0.0,0.0,0.0,0.0,0.0,13.85,7.69,0.0,0.0,0.0,0.0,0.0,0.0,0.0,6.15,0.0,0.0
821,8kef6b,ptsd,ptsd,"But unfortunately everyone refuses to do so. Now I guess my question is, how do I ... 1\) Seperate myself emotionally from him? 2\) Be more assertive when dealing with him? 3\) Build myself up to be a confident and self reliant person that doesn't hit rock bottom every time I deal with him?",0,0.6,1526660411,53,10.92,50.0,36.1,25.77,10.6,18.87,83.02,56.6,20.75,16.98,11.32,0.0,0.0,5.66,0.0,3.77,1.89,11.32,11.32,7.55,9.43,1.89,15.09,5.66,3.77,3.77,5.66,3.77,3.77,1.89,1.89,0.0,0.0,0.0,15.09,0.0,0.0,0.0,5.66,13.21,1.89,1.89,0.0,3.77,5.66,1.89,0.0,0.0,0.0,0.0,0.0,0.0,0.0,0.0,0.0,9.43,0.0,1.89,9.43,1.89,0.0,0.0,15.09,0.0,9.43,0.0,3.77,5.66,0.0,1.89,0.0,0.0,0.0,0.0,0.0,0.0,0.0,0.0,0.0,0.0,28.3,7.55,1.89,0.0,0.0,5.66,0.0,0.0,0.0,1.89,5.66,5.66
220,8tjra2,ptsd,ptsd,"It all is just so tiresome you know?. I am 37, with autism, chronic PTSD, pretty strong quiet borderline traits and depression. I have a 21 year old sister with full blown, not at all quiet BPD, who came over last evening and spent several hours trying to talk/guilt me into going to an uncles house to find her grass. I quit two weeks ago and did not want to, but finally agreed to go over with her. The uncle has schizophrenia and a pretty bad meth addiction.",0,0.6,1529864783,89,77.09,50.0,84.01,46.47,17.8,10.11,88.76,44.94,10.11,7.87,4.49,0.0,1.12,2.25,0.0,2.25,4.49,13.48,5.62,3.37,6.74,2.25,15.73,4.49,0.0,1.12,3.37,3.37,7.87,4.49,3.37,1.12,0.0,1.12,8.99,3.37,0.0,3.37,2.25,13.48,2.25,0.0,1.12,4.49,2.25,3.37,2.25,0.0,2.25,0.0,3.37,0.0,3.37,0.0,0.0,7.87,1.12,2.25,3.37,0.0,1.12,4.49,10.11,1.12,20.22,3.37,6.74,10.11,0.0,0.0,1.12,1.12,0.0,0.0,0.0,0.0,0.0,0.0,0.0,0.0,14.61,5.62,6.74,0.0,0.0,1.12,0.0,0.0,0.0,0.0,0.0,1.12
322,6a43k9,ptsd,ptsd,"Please, Do not hate him. Yes, he took her side so many times. You can say that he should have seen the signs or whatever, but honestly, no he couldnt have. He worked 14-16 hours a day (in las vegas heat, that is no fucking joke of a day) to support his household. She would make sure I was tucked in bed by the time he got home, and what little chances i got to see him, he would have already heard from her I was horrible some way or another and have the impression i was trying to lie.",0,0.8,1494317158,101,15.6,65.41,1.0,79.81,20.2,10.89,91.09,58.42,21.78,16.83,3.96,0.0,0.99,11.88,0.0,4.95,4.95,7.92,13.86,1.98,5.94,3.96,24.75,1.98,0.0,1.98,1.98,2.97,8.91,5.94,2.97,0.99,1.98,0.0,15.84,0.0,0.0,2.97,8.91,11.88,0.0,0.99,3.96,3.96,0.99,3.96,3.96,1.98,1.98,0.0,0.99,0.0,0.0,0.99,0.0,4.95,0.0,1.98,0.0,2.97,0.0,9.9,11.88,0.0,10.89,0.0,4.95,5.94,0.99,0.99,2.97,0.0,0.0,0.0,1.98,0.99,0.0,0.99,0.0,0.0,14.85,4.95,6.93,0.0,0.0,0.0,0.0,0.99,0.0,0.0,1.98,0.0
18335,8uy30f,anxiety,anxiety,"Meditation - I would download head space the first 10 sessions with it are free and you can decide if you want to continue or not for a fee, but it is a good starting place for beginner mediators. I started with head space but now do unguided meditation before and after I sleep. I listen to this <url> I like the elephant so that's why I chose it. If you don't like this one you can just search up unguided meditation music on YouTube or have no music up to you. But I would use head space if you are a beginner at least for the first 10 sessions",0,1.0,1530318712,109,35.53,29.09,82.49,88.19,21.8,15.6,91.74,59.63,17.43,11.93,6.42,0.0,5.5,0.0,0.0,5.5,5.5,12.84,10.09,3.67,10.09,2.75,14.68,3.67,2.75,0.92,4.59,0.92,3.67,3.67,0.0,0.0,0.0,0.0,6.42,0.0,0.0,0.0,0.0,13.76,0.92,1.83,5.5,4.59,0.0,8.26,3.67,0.92,2.75,0.0,3.67,3.67,0.0,0.0,0.0,6.42,0.0,1.83,3.67,0.92,0.0,0.92,14.68,0.0,16.51,0.0,7.34,9.17,1.83,5.5,0.0,1.83,2.75,0.0,0.0,0.0,0.0,0.0,0.0,0.0,10.09,3.67,0.92,0.0,0.0,0.0,0.0,0.92,0.0,2.75,0.0,1.83
41607,7to4wk,relationships,social,"All that. When we're not together in the evenings we talk through messages. The conversations aren't stilted, and there isn't one sidedness, but it's just that there's a lot of it Right now i'm ignoring her for periods of 15 minutes or so, but I feel bad. She is that attentive that it makes me tired, I have to write everything in a long single message with line breaks otherwise as soon as I start messaging she starts replying.",0,0.8,1517182955,79,10.61,50.0,94.09,2.8,19.75,20.25,93.67,62.03,22.78,12.66,6.33,2.53,0.0,3.8,0.0,10.13,5.06,12.66,8.86,8.86,11.39,3.8,18.99,5.06,2.53,1.27,3.8,3.8,2.53,0.0,2.53,0.0,0.0,0.0,16.46,0.0,0.0,3.8,0.0,16.46,2.53,1.27,0.0,2.53,2.53,8.86,1.27,0.0,0.0,1.27,1.27,0.0,1.27,0.0,0.0,10.13,8.86,0.0,0.0,0.0,1.27,0.0,18.99,1.27,16.46,0.0,6.33,10.13,1.27,0.0,0.0,0.0,0.0,0.0,0.0,0.0,0.0,0.0,0.0,0.0,17.72,5.06,5.06,0.0,0.0,0.0,0.0,0.0,0.0,7.59,0.0,0.0
1717,6mefg5,anxiety,anxiety,"He had issues of his own, being an alcoholic for one. These issues added to my anxiety. Him constantly at the bar sent my anxieties on overdrive. I still loved him though so I kept fighting. It wasn't enough though.",0,0.6,1499693231,40,11.24,40.12,43.37,2.89,8.0,15.0,85.0,62.5,25.0,20.0,10.0,0.0,0.0,10.0,0.0,5.0,5.0,12.5,7.5,12.5,7.5,2.5,12.5,0.0,0.0,0.0,2.5,2.5,7.5,2.5,5.0,2.5,2.5,0.0,17.5,0.0,0.0,0.0,10.0,7.5,0.0,0.0,0.0,0.0,0.0,7.5,0.0,0.0,0.0,0.0,7.5,0.0,2.5,0.0,5.0,5.0,2.5,0.0,0.0,2.5,0.0,12.5,0.0,0.0,12.5,2.5,5.0,5.0,0.0,5.0,0.0,0.0,0.0,0.0,0.0,0.0,0.0,0.0,0.0,0.0,17.5,12.5,2.5,0.0,0.0,0.0,0.0,0.0,0.0,2.5,0.0,0.0
255,9oigdg,ptsd,ptsd,"Today I also had to write down all the emotions I could think of then put a color next to each word that I felt “matches” the emotion with markers. And the next page There’s an outline of a human body. I had to put each color(emotion) where I feel it on my body. I’m slightly annoyed because before all of this she’s been taking me very seriously and helping with so much, and now I feel like she’s being demeaning? Should I just see where this takes me or let her know that this feels slow and pointless at my appointment next week ?",1,0.6,1539649100,105,25.95,22.31,89.63,5.47,21.0,13.33,94.29,60.0,20.0,14.29,11.43,0.0,0.0,2.86,0.0,5.71,5.71,12.38,10.48,8.57,8.57,0.0,21.9,5.71,1.9,1.9,0.0,4.76,6.67,0.95,2.86,0.0,0.95,0.0,4.76,0.0,0.0,2.86,0.0,11.43,5.71,0.95,1.9,0.95,1.9,0.95,6.67,2.86,0.0,3.81,1.9,1.9,0.0,0.0,0.0,3.81,0.0,0.0,1.9,1.9,0.0,3.81,13.33,0.95,15.24,2.86,4.76,8.57,1.9,0.0,0.0,0.0,0.0,0.0,0.0,0.0,0.0,0.0,0.0,0.0,13.33,2.86,0.95,0.0,0.0,1.9,0.0,0.0,1.9,3.81,1.9,0.0
42162,72o2on,assistance,financial,"But I have something I think is important enough to at least be worth your time. I’m getting the word out about my wife’s surgery fund. She just got the message back today from her workplace denying her disability for her surgery. 😦 Long story short this was devastating for us, we are both pretty frugal people that try to save our money but sadly (at 20 and 19) we haven’t had much time outside of home to amass enough savings. This surgery is a catch 22 however as if she doesn’t get it she will have a 75-80% chance of becoming either wheelchair bound or if she’s luck just unable to ever walk up or down stairs.",1,0.6,1506465685,118,31.83,69.45,40.06,57.83,23.6,13.56,88.98,56.78,17.8,13.56,3.39,3.39,0.85,5.93,0.0,4.24,3.39,14.41,12.71,5.08,7.63,1.69,18.64,3.39,2.54,0.0,4.24,3.39,5.08,3.39,1.69,0.0,0.0,1.69,13.56,0.85,0.0,6.78,0.0,14.41,1.69,0.0,1.69,7.63,0.85,7.63,0.0,0.0,0.0,0.0,2.54,0.0,2.54,0.0,0.0,14.41,5.08,1.69,3.39,4.24,0.0,2.54,13.56,0.85,14.41,1.69,9.32,4.24,0.0,0.0,0.85,3.39,0.0,0.0,0.0,0.0,0.0,0.0,0.0,0.0,12.71,4.24,0.85,0.0,0.0,0.0,0.0,0.85,0.0,4.24,1.69,0.85
695,8f8tai,ptsd,ptsd,"Usually after each session I get a headache also. I can't tell if i'm becoming worse, because I did EMDR on my bad drug experiences and feel great now. The rest of what i'm dealing with is early childhood trauma, which was prolonged so i'm thinking EMDR is just bringing out these feelings and making my body become very unhappy since im reprogramming it to not constantly be hyper aware and anxious. Ive had a few hospital visits because after some sessions i turn into a hypochondriac because the physical responses are so odd. One session made the left side of my face numb.",1,0.8,1524801596,104,19.2,7.47,98.2,1.0,20.8,23.08,91.35,55.77,15.38,11.54,11.54,0.0,0.0,0.0,0.0,3.85,5.77,9.62,13.46,7.69,9.62,1.92,22.12,7.69,2.88,1.92,0.96,2.88,5.77,0.96,4.81,0.96,0.0,0.96,1.92,0.0,0.0,0.0,0.0,18.27,5.77,6.73,1.92,2.88,0.0,2.88,2.88,0.0,0.0,1.92,5.77,1.92,3.85,0.0,0.0,3.85,0.0,0.0,0.0,1.92,1.92,4.81,16.35,0.0,15.38,2.88,4.81,7.69,2.88,0.0,0.0,0.0,0.0,0.0,0.0,0.0,0.0,0.0,0.0,0.0,10.58,4.81,1.92,0.0,0.0,0.0,0.0,0.0,0.0,3.85,0.0,0.0
12299,8c7koy,domesticviolence,abuse,"I was silent and looking in his eyes. After about 2 minutes, I got off him and headed back to my room. Just as I was getting to my door he yelled something nasty. I said something like ""Go to hell"", and got in my room and closed the door. He rushed the door and I had to use my body to keep the door closed when he bashed into the door with his body twice.",0,0.8,1523712979,76,59.58,34.64,93.86,1.0,15.2,6.58,97.37,60.53,22.37,19.74,11.84,0.0,0.0,7.89,0.0,2.63,5.26,18.42,3.95,5.26,9.21,0.0,17.11,2.63,3.95,1.32,2.63,0.0,3.95,0.0,3.95,0.0,3.95,0.0,9.21,0.0,0.0,0.0,7.89,3.95,0.0,1.32,0.0,2.63,0.0,0.0,6.58,2.63,3.95,0.0,3.95,3.95,0.0,0.0,0.0,3.95,0.0,0.0,0.0,3.95,0.0,9.21,3.95,0.0,26.32,3.95,18.42,5.26,0.0,0.0,9.21,0.0,1.32,0.0,1.32,1.32,0.0,0.0,0.0,0.0,11.84,6.58,2.63,0.0,0.0,0.0,0.0,0.0,2.63,0.0,0.0,0.0
1599,8xqnpo,domesticviolence,abuse,"once I saw the light, saw that I didn’t even know myself anymore, I shut everything down. now, maybe it doesn’t seem like all sociopaths are this way. but they are if you let them. have the strength to say no. have the strength to be YOU.",0,0.571428571,1531239188,47,3.01,33.52,92.84,93.02,9.4,10.64,97.87,72.34,27.66,17.02,8.51,0.0,4.26,0.0,4.26,10.64,6.38,8.51,17.02,6.38,4.26,6.38,29.79,2.13,2.13,0.0,2.13,2.13,4.26,4.26,0.0,0.0,0.0,0.0,12.77,0.0,0.0,0.0,0.0,17.02,4.26,0.0,2.13,6.38,4.26,6.38,8.51,6.38,2.13,0.0,0.0,0.0,0.0,0.0,0.0,6.38,0.0,0.0,6.38,0.0,0.0,6.38,21.28,0.0,12.77,0.0,6.38,6.38,0.0,0.0,0.0,0.0,0.0,0.0,0.0,0.0,0.0,0.0,0.0,0.0,21.28,10.64,6.38,0.0,0.0,0.0,0.0,0.0,0.0,4.26,0.0,0.0
1033,96nznb,ptsd,ptsd,"She treated me like a freaked-out horse. It was clearly effective. Today, my marriage is different. My wife doesn't rely on me near as much as she did; she looks after her own affairs (poor wording, lol). She also doesn't ask for my opinion on very many things, even though she previously wanted my input on almost everything.",0,0.8,1534065015,59,14.04,50.0,24.96,6.73,11.8,18.64,89.83,62.71,25.42,20.34,10.17,0.0,0.0,10.17,0.0,5.08,1.69,16.95,8.47,10.17,6.78,3.39,13.56,8.47,8.47,0.0,0.0,3.39,5.08,1.69,3.39,0.0,0.0,0.0,18.64,3.39,0.0,11.86,0.0,13.56,1.69,1.69,1.69,3.39,3.39,3.39,1.69,1.69,0.0,0.0,0.0,0.0,0.0,0.0,0.0,5.08,3.39,0.0,1.69,0.0,0.0,6.78,10.17,0.0,13.56,0.0,8.47,5.08,0.0,0.0,0.0,1.69,0.0,0.0,3.39,1.69,1.69,0.0,0.0,0.0,23.73,8.47,5.08,0.0,1.69,0.0,0.0,1.69,0.0,3.39,3.39,0.0
4773,9vpvk0,ptsd,ptsd,"Sometimes it goes into an actual panic attack, but not too often. My husband has recently banned me from going anywhere alone unless absolutely necessary (like to work). Is this something a service dog would be helpful for? Or does it have to be a lot worse than that? Sorry if it's a weird question, it's just something I've been thinking about.",1,0.6,1541809581,62,20.06,12.94,78.86,1.0,12.4,19.35,95.16,66.13,17.74,4.84,4.84,0.0,0.0,0.0,0.0,12.9,6.45,14.52,17.74,9.68,6.45,1.61,22.58,12.9,6.45,0.0,0.0,1.61,11.29,1.61,9.68,1.61,1.61,3.23,4.84,1.61,0.0,0.0,1.61,27.42,3.23,0.0,3.23,14.52,3.23,9.68,0.0,0.0,0.0,0.0,0.0,0.0,0.0,0.0,0.0,8.06,3.23,1.61,1.61,0.0,1.61,1.61,19.35,1.61,11.29,3.23,3.23,4.84,3.23,0.0,0.0,0.0,0.0,0.0,1.61,0.0,0.0,1.61,0.0,0.0,19.35,4.84,3.23,0.0,0.0,3.23,0.0,0.0,0.0,4.84,3.23,0.0
1718,7o7k8k,relationships,social,"Given the diagnosis she refuses to take her prescribed medicine which is a cause for concern to me as when she is on a low, she tends to be very apathetic and rude in responses to conversation or ideas of things we can do. We live together in a house with two other people. We have our own space but the common area is shared. She has expressed that she doesn't like the living situation but the fact that it is cheap and we are all locked into a lease has prevented me from making any changes. After our lease is up I want to look for a place that the two of us both like but I am afraid it may be all for nothing.",1,0.571428571,1515114819,126,56.38,88.3,16.18,7.46,25.2,11.9,97.62,63.49,19.84,13.49,3.17,5.56,0.0,4.76,0.0,6.35,7.94,15.87,12.7,1.59,6.35,1.59,19.05,3.97,2.38,1.59,1.59,3.17,4.76,1.59,3.17,0.79,0.79,0.79,15.08,0.0,0.0,4.76,0.0,14.29,1.59,3.17,0.79,2.38,3.17,3.97,0.79,0.79,0.0,0.0,4.76,0.0,3.97,0.0,0.79,13.49,7.94,0.0,3.17,0.79,1.59,1.59,15.87,0.79,11.9,0.79,8.73,1.59,0.0,0.79,2.38,2.38,0.0,0.0,0.0,0.0,0.0,0.0,0.0,0.0,6.35,3.97,0.79,0.0,0.0,0.0,0.0,0.0,0.0,1.59,0.0,0.0
1706,7o60ed,relationships,social,"We had signed up for the boat ride (something she was extremely excited about), but the lines got a little backed up and the time got pushed back. An hour had passed of us at the event and we were scheduled to go on the boat ride in about 15 minutes. However, since that hour had passed, her boyfriend refused to stay any longer and made both of them go home, even though she really wanted to go on the boat. These are some of the bigger events that have pissed me off; however, they have the same fight everyday regarding their differing values, and her wanting to do things/live her life and him refusing to make any sort of sacrifice or compromise to do that with her, resulting in her just settling to the situation. Since graduation, he accepted that crappy job and moved across the country, taking her with him.",0,0.6,1515100262,153,74.89,82.0,40.84,25.77,30.6,14.38,93.46,60.13,16.99,11.76,0.65,1.96,0.0,7.19,1.96,5.23,7.84,18.3,6.54,6.54,7.19,0.0,17.65,3.27,1.96,0.0,0.65,2.61,3.92,1.96,1.96,0.0,1.96,0.0,13.73,0.0,0.65,5.23,2.61,14.38,0.65,3.27,1.31,3.92,1.31,4.58,0.0,0.0,0.0,0.0,1.96,0.65,1.31,0.0,0.0,9.15,3.27,0.0,3.27,2.61,0.0,8.5,7.19,0.0,22.22,6.54,10.46,6.54,1.96,0.0,0.65,0.0,0.65,0.0,1.31,1.31,0.0,0.0,0.0,0.0,11.76,3.27,5.88,0.0,0.65,0.0,0.0,0.0,0.0,0.0,1.31,0.65
1647,6xbx4h,homeless,financial,"When I left my buddy's house, I went to an organic farm where I volunteered for a little while out in nature where I could clear my head. I really enjoyed it immensely but quickly realized I would not be able to get ahead or make a living for myself though I learned a lot of valuable skills that I can take with me along the way in this journey. I came back after about a month to the DFW metroplex where I reside now with my dad, step mom and 6 siblings. I stay in a humble shack in the backyard that we fixed up with a cot and a/c and an extension cord. Because of my dad allowing me to stay, I was able to get a job and am expecting my first paycheck on the 5th of September.",0,1.0,1504235616,142,79.12,9.05,99.0,52.17,28.4,12.68,88.73,60.56,17.61,14.79,14.08,0.7,0.0,0.0,0.0,2.82,9.86,16.9,4.23,6.34,7.04,0.7,11.97,1.41,0.7,2.82,1.41,0.7,1.41,1.41,0.0,0.0,0.0,0.0,4.23,2.82,0.7,0.7,2.11,10.56,1.41,2.11,2.11,1.41,0.7,3.52,0.7,0.7,0.0,0.0,1.41,0.7,0.7,0.0,0.0,9.86,2.11,3.52,2.11,2.11,0.0,4.23,7.04,1.41,20.42,4.93,11.27,7.04,2.82,0.0,1.41,0.7,0.0,0.0,0.0,0.0,0.0,0.0,0.0,0.0,7.04,3.52,2.11,0.0,0.0,0.0,0.0,0.0,0.0,0.7,0.0,0.7
52281,6ewyoh,survivorsofabuse,abuse,"I have some tainted memories with my dad and have doubts about my grandpa. Anyway I don't control when some of these memories and questions pop up. I feel really bad about myself when it happens, sometimes I cry and other times I just have rage. I don't feel like I can talk about it with anyone. I could really use some advice on how to deal with these memories and emotions when they take over, or if any of you have found ways to stop memories from popping up?",1,0.833333333,1496435441,90,10.87,13.32,99.0,1.0,18.0,13.33,94.44,63.33,21.11,14.44,12.22,0.0,1.11,0.0,1.11,6.67,0.0,17.78,8.89,12.22,11.11,2.22,15.56,0.0,1.11,4.44,0.0,4.44,5.56,0.0,4.44,1.11,1.11,1.11,7.78,2.22,0.0,0.0,2.22,26.67,8.89,3.33,2.22,11.11,0.0,5.56,2.22,0.0,0.0,2.22,0.0,0.0,0.0,0.0,0.0,8.89,0.0,0.0,4.44,1.11,3.33,1.11,14.44,0.0,11.11,0.0,4.44,6.67,0.0,0.0,0.0,0.0,0.0,0.0,1.11,0.0,0.0,0.0,0.0,1.11,10.0,4.44,2.22,0.0,0.0,1.11,0.0,0.0,0.0,2.22,0.0,0.0
1040,608lcy,domesticviolence,abuse,"(I originally posted this somewhere else but it was taken down because someone felt it didn't belong there) I think I should start this by saying that I was originally born somewhere else and moved to my current home when I was really young. I don't really know anyone else in my family on either sides, other than my mom, dad, and my brother. I have never really been close to anyone in my entire life besides my grandparents on my mom's side, and my music teacher. Except my grandparents died when I was 8 years old (both within the span of 5 months of each other) and my music teacher had to quit his job as he was struggling economically.",0,1.0,1489900281,121,7.67,4.15,99.0,14.38,30.25,12.4,98.35,61.98,26.45,16.53,14.88,0.0,0.0,1.65,0.0,8.26,0.83,13.22,9.09,9.09,7.44,2.48,18.18,3.31,2.48,1.65,1.65,3.31,0.83,0.0,0.83,0.83,0.0,0.0,10.74,5.79,0.0,1.65,4.96,21.49,2.48,0.83,1.65,4.13,1.65,10.74,3.31,0.0,2.48,0.83,0.83,0.0,0.83,0.0,0.0,7.44,2.48,0.83,3.31,0.83,0.0,11.57,4.96,0.0,21.49,0.83,10.74,9.92,3.31,2.48,1.65,0.83,0.0,0.83,0.0,0.0,0.0,0.0,0.0,0.0,12.4,3.31,3.31,0.0,0.0,0.0,0.0,0.0,0.0,2.48,3.31,0.0
49771,8q2yft,assistance,financial,"Hey everyone! I'm going to start by saying that if you're reading this I hope you're doing well and are having a really good day. I apologize that this post is long but if you could read through the whole thing so that you understand the situation then I would really appreciate it! So as the title says, I have a friend who is currently struggling with severe depression. I care very much about her and am very concerned for her well-being.",0,0.6,1528656956,83,2.44,76.51,18.69,87.64,16.6,13.25,97.59,68.67,25.3,14.46,7.23,0.0,4.82,2.41,0.0,10.84,6.02,8.43,15.66,10.84,10.84,0.0,26.51,1.2,1.2,1.2,0.0,2.41,12.05,7.23,3.61,1.2,0.0,1.2,15.66,0.0,1.2,2.41,0.0,13.25,2.41,0.0,6.02,3.61,1.2,6.02,2.41,0.0,2.41,0.0,0.0,0.0,0.0,0.0,0.0,4.82,1.2,0.0,2.41,1.2,0.0,0.0,16.87,3.61,8.43,1.2,1.2,4.82,1.2,0.0,0.0,0.0,0.0,0.0,3.61,0.0,0.0,0.0,2.41,0.0,12.05,3.61,1.2,0.0,0.0,0.0,2.41,1.2,0.0,3.61,0.0,0.0
122,7d38vh,survivorsofabuse,abuse,"In the first month I was living here, I was doing a lot of really self-destructive things and ended up hospitalising myself, but now I have a job and am working very heavy hours to keep myself busy, and am not drinking heavily or using drugs or self-harming. Unfortunately, I'm also more or less repressing all my feelings, and I'm having trouble with mood swings (particularly anger), anxiety and more recently, daily migraines. Any suggestions? Particularly suggestions for someone who works 40+ hours a week, so doesn't have much time to relax anyway? I hate living here, but don't have much choice for the foreseeable future.",1,1.0,1510741840,108,16.28,11.45,94.42,1.0,21.6,17.59,98.15,52.78,11.11,8.33,8.33,0.0,0.0,0.0,0.0,2.78,4.63,7.41,12.04,9.26,11.11,2.78,21.3,7.41,3.7,0.93,1.85,7.41,9.26,0.93,7.41,1.85,2.78,0.0,5.56,0.0,0.0,0.0,0.0,14.81,1.85,0.93,0.0,5.56,2.78,6.48,1.85,0.0,0.0,1.85,5.56,0.0,4.63,0.0,0.93,4.63,0.0,2.78,0.93,0.0,0.93,2.78,12.96,1.85,13.89,0.93,1.85,11.11,3.7,1.85,0.0,0.0,0.0,0.0,0.93,0.0,0.0,0.0,0.0,0.93,21.3,2.78,8.33,0.0,0.0,1.85,0.0,1.85,0.0,3.7,1.85,0.93
1731,7opk1h,relationships,social,"Please tell it to me JNMIL, I just don't know what to think any more. Am I unempathetic? Am I in a JNMIL situation with a FH who can't be helped? **TL;DR** My fiancé has banned me from asking questions about his relationship with his mother, after I questioned the need to visit her for the fifth time in five days (4x+/week since we moved in together). Edited to add: I have often turned up and helped.",1,0.571428571,1515314085,79,77.06,55.02,91.18,49.32,15.8,7.59,88.61,55.7,18.99,15.19,10.13,1.27,0.0,3.8,0.0,3.8,5.06,18.99,7.59,3.8,1.27,2.53,21.52,2.53,2.53,2.53,2.53,3.8,1.27,1.27,0.0,0.0,0.0,0.0,13.92,1.27,0.0,2.53,2.53,11.39,5.06,1.27,1.27,5.06,0.0,1.27,0.0,0.0,0.0,0.0,1.27,0.0,1.27,0.0,0.0,7.59,3.8,0.0,2.53,1.27,0.0,6.33,15.19,0.0,17.72,3.8,6.33,7.59,1.27,0.0,0.0,0.0,0.0,0.0,0.0,0.0,0.0,0.0,0.0,0.0,24.05,3.8,2.53,1.27,1.27,2.53,0.0,0.0,0.0,2.53,2.53,7.59
2050,7parsi,relationships,social,"WARNING: Messy post, I'm really all over the place, sorry guys. I have a lot on my mind. Hope you can make the best of this text. Also sorry for any spelling errors, english isn't one of my talents. Me and my boyfriend has been dating for over a year now.",1,0.571428571,1515536095,51,58.07,21.64,91.95,5.16,10.2,9.8,90.2,54.9,15.69,13.73,11.76,0.0,1.96,0.0,0.0,1.96,7.84,13.73,11.76,5.88,3.92,1.96,13.73,7.84,1.96,0.0,1.96,5.88,13.73,5.88,7.84,0.0,0.0,3.92,7.84,0.0,3.92,0.0,3.92,13.73,0.0,1.96,1.96,5.88,1.96,3.92,0.0,0.0,0.0,0.0,0.0,0.0,0.0,0.0,0.0,11.76,3.92,1.96,5.88,1.96,1.96,1.96,15.69,1.96,15.69,0.0,7.84,5.88,0.0,0.0,0.0,0.0,0.0,0.0,0.0,0.0,0.0,0.0,0.0,0.0,21.57,9.8,5.88,1.96,0.0,0.0,0.0,0.0,0.0,3.92,0.0,0.0
924,7jz4ax,homeless,financial,"Their system is similar to Lego - A one Family house could be build in only 5 days and costs so little that everyone can buy one ( THIS WAS A WOW EFFECT FOR ME ) And it cleans up the environment from all that nasty plastic. I personally LOVE that Idea and think that concepts like this are ( or at least should be) the future of Construction and Real Estate As far as I know, their technology is still open source and they just start business - I can smell great opportunities for Entrepreneurs here! Here is the Link to an article about them on their own Eco -News Platform; for everyone interested into it: <url>",0,1.0,1513337052,113,47.89,63.85,45.71,86.87,37.67,13.27,86.73,56.64,16.81,7.96,3.54,0.0,0.0,0.0,4.42,8.85,5.31,14.16,9.73,6.19,7.96,0.0,12.39,5.31,4.42,0.0,2.65,1.77,5.31,4.42,0.88,0.0,0.88,0.0,7.96,0.88,0.0,0.0,0.0,10.62,4.42,1.77,1.77,0.88,2.65,0.88,0.88,0.0,0.0,0.0,0.88,0.0,0.0,0.0,0.0,4.42,1.77,0.88,0.88,1.77,0.0,0.88,11.5,0.88,13.27,0.0,9.73,3.54,2.65,0.88,1.77,2.65,0.0,0.0,0.0,0.0,0.0,0.0,0.0,0.0,12.39,0.88,0.88,0.88,0.88,0.0,0.88,2.65,0.0,0.0,3.54,1.77
44123,6glmp3,ptsd,ptsd,"I can't remember what was in the marital home when I left. I left under duress. I am still piecing together weird, incongruous chunks of time, flashbacks, disjointed memories, and trying to figure out what happened; it seems like my brain just can't access specific details when I'd like it to. The problem here, other than everything, is that I don't feel like my attorney gets why I'm such a useless participant right now, and I could use some advice on explaining it. Do I have my therapist call my attorney?",1,0.8,1497191156,91,16.63,6.21,99.0,1.1,18.2,20.88,89.01,59.34,23.08,14.29,14.29,0.0,0.0,0.0,0.0,8.79,3.3,12.09,9.89,8.79,4.4,3.3,20.88,3.3,4.4,5.49,0.0,1.1,3.3,0.0,3.3,0.0,0.0,1.1,6.59,0.0,0.0,0.0,0.0,19.78,6.59,2.2,2.2,3.3,2.2,4.4,1.1,0.0,0.0,1.1,2.2,1.1,1.1,0.0,0.0,7.69,1.1,1.1,2.2,2.2,1.1,5.49,14.29,0.0,14.29,0.0,8.79,5.49,0.0,0.0,1.1,0.0,0.0,0.0,0.0,0.0,0.0,0.0,0.0,0.0,19.78,4.4,7.69,0.0,1.1,1.1,0.0,0.0,0.0,5.49,0.0,0.0
25073,8tu88q,assistance,financial,"Every cent right now is going towards making sure I don't end up homeless (I've gotten forbearance on my car payment for the moment) and it's looking grim. **[I feel embarrassed asking for help, but here is my Amazon <url> I couldn't figure out how to share my Walmart list... If anyone knows how, please let me know. Also, if you know of cheaper/better items I could add, please let me know.",0,0.6,1529961232,73,11.95,13.65,98.57,92.0,18.25,12.33,91.78,52.05,17.81,15.07,13.7,0.0,1.37,0.0,0.0,2.74,1.37,10.96,12.33,6.85,9.59,2.74,26.03,4.11,2.74,2.74,0.0,2.74,9.59,6.85,2.74,1.37,0.0,1.37,8.22,0.0,0.0,0.0,0.0,23.29,8.22,4.11,5.48,4.11,2.74,4.11,2.74,1.37,0.0,1.37,0.0,0.0,0.0,0.0,0.0,10.96,2.74,1.37,5.48,4.11,0.0,1.37,17.81,1.37,13.7,2.74,6.85,4.11,1.37,0.0,0.0,4.11,0.0,0.0,0.0,0.0,0.0,0.0,0.0,0.0,30.14,8.22,5.48,0.0,0.0,0.0,0.0,0.0,0.0,5.48,2.74,8.22
51463,6y85ge,domesticviolence,abuse,"She desperately needs to see an oncologist or something about these tumors she's developed. It's breaking my heart seeing her like this. Other family members, all of whom are in Canada agree that going back to Canada (we moved to Texas in 95) would be good but her excuse is that there's no jobs. Also her not having a passport (it use to only be a green card required to travel across the border to Canada) is probably deterring that option. Thank you Reddit.",0,0.6,1504620038,84,31.16,76.25,1.06,70.57,16.8,11.9,88.1,59.52,21.43,9.52,1.19,1.19,1.19,5.95,0.0,11.9,4.76,14.29,11.9,7.14,3.57,2.38,21.43,1.19,1.19,1.19,1.19,1.19,4.76,3.57,1.19,1.19,0.0,0.0,13.1,1.19,0.0,5.95,0.0,14.29,0.0,1.19,2.38,5.95,1.19,4.76,3.57,3.57,0.0,0.0,2.38,1.19,1.19,0.0,0.0,4.76,3.57,0.0,0.0,1.19,0.0,1.19,15.48,1.19,9.52,3.57,5.95,1.19,3.57,3.57,1.19,0.0,0.0,0.0,2.38,0.0,1.19,1.19,0.0,0.0,15.48,5.95,1.19,0.0,0.0,0.0,0.0,0.0,0.0,3.57,4.76,0.0
1237,7adyt6,anxiety,anxiety,Today it all came to a head when no amount of uppers or downers was leveling me out. I had a meeting to run at 1. I had lunch with a customer at 12. I had a calls all morning...and you know what? I couldn't do it.,1,1.0,1509651342,48,49.05,20.24,91.31,25.77,9.6,12.5,89.58,62.5,18.75,12.5,10.42,0.0,2.08,0.0,0.0,6.25,8.33,14.58,12.5,2.08,6.25,4.17,18.75,0.0,0.0,4.17,4.17,6.25,0.0,0.0,0.0,0.0,0.0,0.0,6.25,0.0,0.0,0.0,0.0,10.42,2.08,0.0,2.08,2.08,4.17,2.08,0.0,0.0,0.0,0.0,4.17,2.08,0.0,0.0,2.08,0.0,0.0,0.0,0.0,0.0,0.0,10.42,8.33,0.0,16.67,4.17,6.25,6.25,4.17,0.0,0.0,2.08,0.0,0.0,0.0,0.0,0.0,0.0,0.0,0.0,18.75,14.58,0.0,0.0,0.0,2.08,0.0,0.0,0.0,2.08,0.0,0.0
2056,7jynil,ptsd,ptsd,"But I noticed recently, that my sleeping problems might have a reason. I first thought it‘s just something physical, the lack of iron in my blood or something.. never thought it would be something this deep. This post isn‘t especially for discussions, I just really wanted to post my story. Of course you can comment, I would love to discuss some stuff with you guys. Thank you for reading.",0,0.8,1513329650,71,19.79,55.59,60.11,52.17,11.83,21.13,94.37,59.15,26.76,14.08,9.86,0.0,4.23,0.0,0.0,12.68,2.82,11.27,8.45,7.04,2.82,1.41,18.31,5.63,1.41,0.0,1.41,1.41,4.23,2.82,1.41,0.0,0.0,0.0,12.68,0.0,1.41,0.0,1.41,26.76,5.63,1.41,7.04,8.45,2.82,4.23,0.0,0.0,0.0,0.0,5.63,2.82,1.41,0.0,0.0,5.63,1.41,1.41,0.0,0.0,2.82,2.82,7.04,1.41,9.86,0.0,2.82,4.23,1.41,0.0,0.0,0.0,0.0,0.0,0.0,0.0,0.0,0.0,0.0,0.0,18.31,9.86,5.63,0.0,0.0,0.0,0.0,0.0,2.82,0.0,0.0,0.0
1744,80149w,anxiety,anxiety,I knew something was up with me. My thoughts were consuming me. Couldn’t sleep. Stressed. Worried about anything and everything.,1,0.833333333,1519521269,20,1.8,2.31,93.3,1.0,4.0,40.0,95.0,70.0,35.0,20.0,20.0,0.0,0.0,0.0,0.0,15.0,0.0,15.0,15.0,5.0,5.0,5.0,20.0,5.0,0.0,0.0,0.0,0.0,10.0,0.0,10.0,10.0,0.0,0.0,5.0,0.0,0.0,0.0,0.0,30.0,10.0,0.0,5.0,10.0,5.0,0.0,0.0,0.0,0.0,0.0,5.0,5.0,0.0,0.0,0.0,5.0,0.0,0.0,5.0,0.0,0.0,15.0,0.0,0.0,5.0,0.0,5.0,0.0,0.0,0.0,0.0,0.0,0.0,0.0,0.0,0.0,0.0,0.0,0.0,0.0,30.0,25.0,0.0,0.0,0.0,0.0,0.0,0.0,0.0,5.0,0.0,0.0
10936,5mppfy,ptsd,ptsd,night sweats (bed stinks so bad and I have to wash the sheets daily and my bedroom is 68 degrees and I only sleep with sheets.) night terrors (re-occuring dream: waking up with the feeling that I am supposed to tell someone something to prevent an awful occurrence from happening but unable to say the words. The words just won't come out) Wife scared to wake me up because I am fearfully jumpy and suffer from panic attacks upon awaking. depression,1,0.8,1483859673,82,77.86,31.29,48.21,1.0,20.5,19.51,84.15,51.22,10.98,7.32,7.32,0.0,0.0,0.0,0.0,3.66,6.1,15.85,7.32,3.66,8.54,1.22,15.85,3.66,0.0,0.0,1.22,0.0,10.98,0.0,10.98,4.88,1.22,2.44,4.88,1.22,0.0,1.22,0.0,7.32,1.22,1.22,0.0,3.66,0.0,1.22,2.44,0.0,1.22,1.22,4.88,3.66,1.22,0.0,0.0,9.76,1.22,1.22,4.88,0.0,2.44,1.22,10.98,1.22,10.98,1.22,4.88,4.88,0.0,1.22,2.44,0.0,0.0,0.0,0.0,0.0,0.0,0.0,0.0,0.0,12.2,3.66,0.0,1.22,0.0,0.0,0.0,1.22,0.0,1.22,4.88,0.0
1213,6hw12h,ptsd,ptsd,"I can't be having PTSD from something as mild as what happened even though I have pretty much all the symptoms. I feel I'm just lying to myself. I probably just want attention. I feel like a huge fraud... How am I even supposed to ""heal"" when I'm probably making everything up, I'm probably not broken, I'm just going to get yelled at again at the new therapy place like my last one because I'll be mute every session (don't even know why, I tell myself ""because I'm not ready to talk about it"" but it's been over 5 years since the last case and all this crap is minor, so it's probably just being ashamed over doing all this crap for god-knows-why when barely anything happened to me...), because ""I'm not trying"". I don't even know why I'm posting this, probably just begging for more attention, I've pushed the last true friend I had away a few days ago over my fears of therapy.",1,1.0,1497736151,167,5.81,2.8,98.49,10.6,27.83,13.77,95.81,63.47,19.76,13.77,13.77,0.0,0.0,0.0,0.0,5.99,3.59,13.17,13.77,14.97,7.19,3.59,25.15,4.19,2.99,4.19,1.2,4.19,5.99,2.4,3.59,1.2,2.4,0.0,2.99,0.0,0.6,0.0,0.0,23.95,4.19,5.39,0.6,6.59,3.59,3.59,1.8,0.0,0.6,1.2,3.59,1.2,2.4,0.0,0.0,7.19,0.6,0.6,5.39,0.6,0.0,4.19,16.77,1.2,13.17,1.2,5.39,6.59,0.6,0.0,0.0,0.6,0.6,0.0,1.2,1.2,0.0,0.0,0.0,0.0,25.15,6.59,4.19,0.0,0.0,0.0,0.0,1.2,3.59,8.38,1.2,0.0
30989,8m4cm8,ptsd,ptsd,I originally posted this in a relationship advice subreddit... but I figured here would be a more helpful and sympathetic audience. (CW: this post might be triggering to others who have experienced domestic violence.) I’ve been with my current partner (we’ll call him James) for about a year and a half now. And our relationship is great. We were friends for almost a year before we started dating.,0,1.0,1527275742,68,26.21,97.18,57.02,53.41,11.33,23.53,94.12,60.29,19.12,13.24,5.88,5.88,0.0,1.47,0.0,5.88,7.35,10.29,14.71,7.35,5.88,0.0,17.65,5.88,2.94,1.47,1.47,1.47,4.41,2.94,1.47,0.0,0.0,0.0,22.06,0.0,4.41,0.0,1.47,10.29,1.47,1.47,1.47,2.94,0.0,2.94,1.47,0.0,0.0,0.0,0.0,0.0,0.0,0.0,0.0,17.65,16.18,0.0,0.0,1.47,0.0,5.88,10.29,2.94,14.71,0.0,1.47,11.76,0.0,0.0,1.47,0.0,0.0,0.0,0.0,0.0,0.0,0.0,0.0,0.0,22.06,11.76,0.0,1.47,0.0,0.0,0.0,0.0,0.0,2.94,5.88,0.0
1105,7c4yyu,domesticviolence,abuse,"Some details changed for anonymity. Also, let me know if there's a better place for me to post this. My wife and I are trying to help a family member in an abuse situation. I'll call her Amanda and her ""boyfriend"" John. Amanda and John live a few hours away.",0,1.0,1510357845,50,57.1,65.56,43.37,25.77,10.0,10.0,86.0,52.0,16.0,14.0,10.0,0.0,0.0,4.0,0.0,2.0,8.0,12.0,8.0,4.0,10.0,0.0,16.0,4.0,2.0,0.0,0.0,4.0,4.0,2.0,2.0,0.0,2.0,0.0,16.0,4.0,2.0,6.0,2.0,10.0,2.0,2.0,2.0,6.0,0.0,2.0,0.0,0.0,0.0,0.0,2.0,0.0,2.0,0.0,0.0,14.0,10.0,4.0,2.0,2.0,0.0,2.0,8.0,2.0,12.0,2.0,6.0,2.0,0.0,2.0,2.0,0.0,0.0,0.0,0.0,0.0,0.0,0.0,0.0,0.0,20.0,10.0,2.0,0.0,0.0,0.0,0.0,0.0,4.0,4.0,0.0,0.0
28302,7oer2s,relationships,social,"I work with her sister. Her sister got me this great job at our firm after I was introduced through a mutual friend and hit it off. I'm not unqualified, but her recommendation certainly helped. I met my ex through her sister. Her sister is charming, personable, but also the most vindictive person I've ever seen.",0,1.0,1515190153,56,20.29,81.4,20.57,97.85,11.2,16.07,91.07,55.36,26.79,23.21,12.5,1.79,0.0,8.93,0.0,3.57,3.57,10.71,7.14,3.57,7.14,1.79,16.07,7.14,3.57,0.0,0.0,1.79,5.36,5.36,0.0,0.0,0.0,0.0,26.79,7.14,1.79,16.07,0.0,10.71,0.0,0.0,0.0,1.79,3.57,5.36,1.79,1.79,0.0,0.0,0.0,0.0,0.0,0.0,0.0,19.64,12.5,1.79,1.79,3.57,0.0,8.93,7.14,0.0,7.14,0.0,3.57,3.57,3.57,0.0,0.0,0.0,0.0,0.0,1.79,0.0,0.0,0.0,0.0,0.0,17.86,8.93,5.36,0.0,0.0,0.0,0.0,0.0,0.0,3.57,0.0,0.0
428,9ve7m2,ptsd,ptsd,"I’m not sure if this makes a difference, but my mom also had it for a while when my dad died, so I’m not sure if that has any effect on me or not. I was just wondering if anybody out there could confirm or deny that this is PTSD, even with the pretty limited information I’ve provided. Even though it’s not really serious, I would still like to know. Thanks in advance, and feel free to ask questions if you have any! -JimmyJuicebox",0,1.0,1541712951,84,1.49,1.0,98.74,95.81,16.8,13.1,96.43,67.86,19.05,10.71,9.52,0.0,1.19,0.0,0.0,8.33,3.57,9.52,13.1,11.9,15.48,4.76,22.62,3.57,2.38,1.19,0.0,2.38,7.14,5.95,1.19,0.0,0.0,0.0,5.95,2.38,0.0,1.19,1.19,34.52,7.14,2.38,7.14,14.29,2.38,16.67,1.19,0.0,0.0,1.19,0.0,0.0,0.0,0.0,0.0,3.57,0.0,2.38,1.19,1.19,0.0,4.76,15.48,0.0,8.33,1.19,3.57,3.57,0.0,0.0,0.0,1.19,0.0,1.19,0.0,0.0,0.0,0.0,0.0,0.0,16.67,3.57,5.95,0.0,0.0,0.0,1.19,1.19,0.0,4.76,0.0,0.0
17002,8ujbq0,assistance,financial,"The survey will only take about 5 to 10 minutes and all we ask is that you are at least 18 years old and only fill out the survey once! We are hoping to reach 1000 responses but the more the merrier, so please also spread it among your friends and family! Feel free to comment below if you have any questions and I’ll try my best to answer them. Here’s the link: <url> Edit: I've already posted this to r/SampleSize, but if anyone else know a good sub to send this to, please let me know!",0,1.0,1530191897,98,44.47,79.29,71.95,99.0,24.5,8.16,89.8,54.08,15.31,10.2,4.08,2.04,3.06,0.0,1.02,5.1,6.12,12.24,8.16,7.14,10.2,0.0,18.37,4.08,3.06,0.0,5.1,5.1,7.14,7.14,0.0,0.0,0.0,0.0,12.24,1.02,1.02,0.0,0.0,17.35,6.12,1.02,3.06,7.14,1.02,5.1,1.02,0.0,0.0,1.02,0.0,0.0,0.0,0.0,0.0,9.18,4.08,2.04,2.04,3.06,0.0,2.04,13.27,3.06,12.24,1.02,6.12,5.1,1.02,1.02,1.02,1.02,0.0,0.0,1.02,0.0,1.02,0.0,0.0,0.0,15.31,1.02,3.06,2.04,0.0,0.0,3.06,0.0,0.0,3.06,0.0,3.06
2126,7q0opw,relationships,social,"I get where she's coming from, but only if there had been inappropriate conversation or actions on my or my ex wife's part. My ex wife and I have literally zero feelings for each other, other than friendship and concern for one another as we are our son's parents. I don't know really what to do at this point. Maybe someone can give me some insight? ---",1,0.833333333,1515799829,66,4.72,38.08,98.01,25.77,16.5,16.67,95.45,63.64,24.24,15.15,10.61,3.03,0.0,1.52,0.0,9.09,0.0,12.12,12.12,7.58,10.61,1.52,16.67,3.03,3.03,3.03,3.03,6.06,0.0,0.0,0.0,0.0,0.0,0.0,18.18,6.06,0.0,4.55,1.52,21.21,4.55,0.0,1.52,9.09,0.0,12.12,1.52,0.0,0.0,1.52,0.0,0.0,0.0,0.0,0.0,12.12,9.09,0.0,0.0,1.52,1.52,3.03,13.64,1.52,9.09,3.03,6.06,0.0,0.0,0.0,0.0,0.0,0.0,0.0,3.03,0.0,0.0,0.0,0.0,0.0,19.7,4.55,3.03,0.0,0.0,1.52,0.0,4.55,0.0,6.06,0.0,0.0
47814,6fjovz,anxiety,anxiety,"My anxiety was never too bad, lots of what ifs and such. But every summer I come home from school, or it gets so much worse. I love school. I love learning computer science, I love working on my projects. But this small town has 0 CS options for jobs, so I'm stuck working these dead end temp factory jobs all summer.",1,0.6,1496724903,62,14.22,9.86,96.96,25.77,12.4,14.52,93.55,41.94,17.74,11.29,11.29,0.0,0.0,0.0,0.0,6.45,0.0,6.45,4.84,8.06,9.68,1.61,14.52,3.23,1.61,1.61,1.61,6.45,9.68,4.84,4.84,1.61,0.0,0.0,4.84,0.0,0.0,0.0,0.0,14.52,1.61,0.0,0.0,4.84,4.84,4.84,0.0,0.0,0.0,0.0,4.84,0.0,0.0,0.0,0.0,14.52,4.84,3.23,1.61,1.61,3.23,3.23,8.06,0.0,14.52,1.61,6.45,6.45,17.74,0.0,1.61,0.0,0.0,1.61,0.0,0.0,0.0,0.0,0.0,0.0,16.13,8.06,6.45,0.0,0.0,0.0,0.0,0.0,0.0,1.61,0.0,0.0
332,889kk0,assistance,financial,This past week when my phone bill payment wouldn't process I called my bank and an automated recording asked me to confirm my recent transactions. All of them were me attempting to pay my phone bill. I confirmed them. They all went through. I can't catch a break though that got fixed.,0,1.0,1522408212,52,19.2,12.43,97.39,25.77,10.4,19.23,88.46,50.0,26.92,23.08,17.31,0.0,0.0,0.0,5.77,3.85,3.85,7.69,3.85,3.85,5.77,3.85,11.54,1.92,1.92,1.92,0.0,3.85,0.0,0.0,0.0,0.0,0.0,0.0,13.46,0.0,0.0,0.0,0.0,9.62,0.0,0.0,1.92,0.0,3.85,3.85,3.85,0.0,3.85,0.0,0.0,0.0,0.0,0.0,0.0,1.92,0.0,0.0,0.0,1.92,0.0,11.54,1.92,0.0,13.46,3.85,0.0,7.69,5.77,1.92,0.0,11.54,0.0,0.0,0.0,0.0,0.0,0.0,0.0,0.0,13.46,9.62,0.0,0.0,0.0,0.0,0.0,0.0,0.0,3.85,0.0,0.0
984,6cl30g,survivorsofabuse,abuse,"Child protective services were called and I was interviewed. I told them nothing of the sexual abuse, only the physical and emotional, as well as his constant threats to ""break your arm in that goddamn door if you don't sit fucking still"" I was removed from my home in two days and placed in a foster home until my biological father could drive up and take me to what was supposed to be my real home. On my mothers side of the family I have an aunty and my nene along with various cousins. My father kept me separated from them for two years, finally relenting when I cried and begged to see them.",1,0.571428571,1495426419,114,50.93,46.49,88.06,1.0,28.5,16.67,96.49,57.89,18.42,16.67,11.4,0.0,1.75,0.88,2.63,1.75,4.39,16.67,7.02,4.39,9.65,1.75,14.04,5.26,2.63,1.75,1.75,0.88,6.14,0.88,5.26,0.88,3.51,0.88,14.04,5.26,0.0,1.75,2.63,4.39,0.0,0.0,1.75,1.75,0.88,1.75,0.88,0.88,0.0,0.0,4.39,0.88,0.88,1.75,0.0,7.02,1.75,0.0,3.51,0.88,1.75,9.65,5.26,0.0,17.54,1.75,8.77,6.14,2.63,0.88,4.39,0.0,0.0,0.0,2.63,1.75,0.0,0.0,0.88,0.0,8.77,3.51,2.63,0.0,0.0,0.0,0.0,0.0,1.75,0.88,0.0,0.0
2137,7psz04,relationships,social,"But I really do enjoy being with him and don't want to break up either. Am I being silly? Sometimes I think I'm making this a bigger deal than it should be. I get insecure about the fact that my high school boyfriend is the only one who actually asked me out on a date before we slept together. Every other guy it's always turned out the same- I come on to him, we have sex for a while and the guy maintains he wants nothing serious, then out of nowhere comes on really strong with marriage and kids talk.",1,0.571428571,1515719469,100,48.57,46.0,95.2,44.04,20.0,10.0,98.0,63.0,19.0,13.0,8.0,2.0,0.0,3.0,0.0,6.0,7.0,16.0,11.0,5.0,6.0,3.0,21.0,9.0,5.0,1.0,1.0,2.0,5.0,3.0,2.0,1.0,0.0,0.0,15.0,1.0,4.0,0.0,6.0,18.0,1.0,1.0,3.0,1.0,5.0,7.0,0.0,0.0,0.0,0.0,2.0,1.0,0.0,1.0,0.0,11.0,5.0,0.0,5.0,1.0,0.0,3.0,15.0,2.0,21.0,3.0,11.0,6.0,1.0,0.0,0.0,0.0,0.0,0.0,0.0,0.0,0.0,0.0,0.0,0.0,11.0,4.0,2.0,0.0,0.0,1.0,0.0,1.0,0.0,3.0,0.0,0.0
17784,7t1q50,relationships,social,"His refusal to admit to anything though has me worried this is part of ongoing deception/cheating. When he completely denies knowing anything about it I just don't know what I can do with that. It feels like my options are to get over it/give him the benefit of the infinitesimal doubt or leave him over the inferred deception. I guess I have mostly just let it go but then every so often I remember about it and can't help but wonder, am I a colossal idiot, is he taking me for a ride? **Tl;dr** Found an okcupid profile for my husband, he denies knowing anything about it",1,0.8,1516935861,110,14.27,26.22,72.26,2.23,22.0,19.09,93.64,65.45,25.45,14.55,9.09,0.0,0.0,5.45,0.0,10.91,5.45,12.73,9.09,10.0,7.27,1.82,22.73,0.91,0.91,1.82,0.91,1.82,4.55,0.91,3.64,1.82,1.82,0.0,10.0,0.91,0.0,0.0,6.36,21.82,8.18,0.91,0.0,9.09,1.82,4.55,0.91,0.0,0.0,0.91,0.91,0.0,0.91,0.0,0.0,11.82,1.82,0.91,6.36,2.73,0.91,1.82,19.09,0.91,8.18,2.73,1.82,3.64,0.0,0.0,0.0,0.0,0.0,0.0,0.91,0.91,0.0,0.0,0.0,0.0,14.55,2.73,2.73,0.0,0.91,0.91,0.0,0.0,0.0,1.82,0.0,5.45
1852,9g4473,anxiety,anxiety,How do I know if I need help? Please I need help understanding. I can't even explain my problem in this state. I don't know how to do anything in this state. I need to make sure I won't die.,1,1.0,1537038846,40,1.8,1.0,86.07,72.57,8.0,10.0,95.0,60.0,27.5,20.0,20.0,0.0,0.0,0.0,0.0,7.5,0.0,10.0,10.0,7.5,7.5,7.5,30.0,0.0,0.0,5.0,0.0,0.0,7.5,5.0,2.5,0.0,0.0,0.0,7.5,0.0,0.0,0.0,0.0,37.5,10.0,7.5,12.5,5.0,2.5,5.0,0.0,0.0,0.0,0.0,0.0,0.0,0.0,0.0,0.0,7.5,5.0,0.0,5.0,0.0,2.5,0.0,30.0,2.5,5.0,0.0,5.0,0.0,0.0,0.0,0.0,0.0,0.0,2.5,0.0,0.0,0.0,0.0,0.0,0.0,20.0,10.0,0.0,0.0,0.0,2.5,0.0,0.0,0.0,7.5,0.0,0.0
1590,7nkvzc,relationships,social,"However 4 months ago I moved to a different country for education. We met a handful number of times before I left and they weren’t dates exactly, just as best friends. After I got here (foreign country) we have been speaking almost daily on the phone and gotten even more closer. We recently started dropping hints to each other that we like each other and finally decided to discuss what we feel. She told me she loves me and wants a relationship.",0,1.0,1514876951,82,39.04,88.86,94.29,88.08,16.4,21.95,93.9,52.44,20.73,15.85,6.1,6.1,0.0,2.44,1.22,4.88,4.88,10.98,3.66,7.32,7.32,1.22,18.29,10.98,9.76,1.22,1.22,3.66,3.66,3.66,0.0,0.0,0.0,0.0,19.51,0.0,1.22,2.44,0.0,12.2,2.44,0.0,1.22,1.22,1.22,6.1,4.88,0.0,2.44,2.44,1.22,0.0,0.0,0.0,0.0,15.85,10.98,1.22,2.44,3.66,0.0,13.41,6.1,1.22,19.51,1.22,6.1,12.2,1.22,0.0,0.0,0.0,0.0,0.0,0.0,0.0,0.0,0.0,0.0,0.0,10.98,6.1,1.22,0.0,0.0,0.0,0.0,0.0,0.0,1.22,2.44,0.0
572,9wg6nb,almosthomeless,financial,"Because any potential new employer is always going to ask why I got kicked out of the academy, and as soon as drugs are mentioned, there's no fucking way I can compete with anyone else. And they'd probably want to talk to one of the bosses that fired me as reference to see if I'm lying, so I doubt I could cover it up. On top of this, there is no fucking way I can go back to my hometown. The family I have there will be so embarrassed and let down. They've been really proud of me and telling everyone about what I do for a living.",1,0.833333333,1542044899,108,17.96,25.83,64.0,1.0,21.6,12.96,98.15,66.67,17.59,12.04,10.19,0.0,0.0,0.0,1.85,5.56,3.7,17.59,14.81,10.19,10.19,1.85,22.22,6.48,3.7,1.85,0.93,0.93,6.48,0.93,5.56,1.85,2.78,0.0,10.19,0.93,0.0,0.0,0.0,14.81,0.93,2.78,2.78,5.56,1.85,2.78,0.93,0.93,0.0,0.0,3.7,0.0,1.85,1.85,0.0,10.19,0.93,3.7,5.56,0.93,0.93,3.7,13.89,3.7,12.04,1.85,7.41,3.7,4.63,0.93,0.93,0.0,0.0,0.0,1.85,1.85,0.0,0.0,0.0,0.0,12.04,4.63,3.7,0.0,0.0,0.0,0.0,0.0,0.0,3.7,0.0,0.0
25368,9jvcq2,survivorsofabuse,abuse,"Is it also possible that since I was so young, my mind distorted and hid these memories to make them less painful? I don't know what brought them back. I'm not in therapy nor have I been actively seeking any type of ""breakthrough"". I was sexually assaulted when I was 14 by a close friend's boyfriend, and the memories didn't come back then. What I feel right now, is mirroring how I felt then but honestly it might be worse.",1,1.0,1538214959,80,1.0,4.01,99.0,10.13,16.0,20.0,90.0,61.25,21.25,13.75,11.25,0.0,0.0,0.0,2.5,7.5,2.5,6.25,15.0,8.75,12.5,5.0,22.5,3.75,2.5,5.0,1.25,2.5,6.25,2.5,3.75,0.0,1.25,0.0,3.75,0.0,1.25,0.0,1.25,18.75,6.25,3.75,0.0,3.75,0.0,5.0,3.75,0.0,0.0,3.75,3.75,0.0,2.5,1.25,0.0,5.0,1.25,0.0,1.25,0.0,2.5,8.75,15.0,3.75,16.25,2.5,6.25,10.0,0.0,0.0,0.0,0.0,0.0,0.0,0.0,0.0,0.0,0.0,0.0,0.0,17.5,5.0,3.75,0.0,0.0,1.25,0.0,0.0,2.5,5.0,0.0,0.0
34011,9npjxs,homeless,financial,But as the Bible says evil doesn’t win and the righteous will not be condemned. I don’t want to say I’m the most perfect person ever. But God knows my heart! I am the most compassionate loving forgiving person ever. Surely God didn’t allow all of this to happen for nothing other than big positive changes to come about.,0,1.0,1539389652,59,45.63,8.77,84.61,99.0,11.8,13.56,98.31,52.54,10.17,6.78,6.78,0.0,0.0,0.0,0.0,3.39,6.78,13.56,11.86,5.08,6.78,8.47,22.03,13.56,6.78,0.0,0.0,5.08,15.25,11.86,3.39,0.0,0.0,0.0,11.86,0.0,0.0,0.0,0.0,33.9,3.39,3.39,1.69,3.39,11.86,10.17,3.39,0.0,3.39,0.0,1.69,1.69,0.0,0.0,0.0,16.95,3.39,1.69,10.17,5.08,0.0,1.69,20.34,1.69,8.47,3.39,1.69,3.39,0.0,0.0,0.0,0.0,5.08,0.0,0.0,0.0,0.0,0.0,0.0,0.0,15.25,6.78,0.0,0.0,0.0,0.0,1.69,0.0,0.0,6.78,0.0,0.0
23886,9cb5ha,ptsd,ptsd,"This battle has been in the making for years. It is now that the tension, the desperation for a resolution comes to a head. It is in this moment that I declare that there will be violence between me and I until one of us lay upon the ground in defeat. I will no longer accept the status quo that exists. An existence that is questionable “mediocre” at best, for with all my highs come so many lows.",0,0.6,1535884260,78,73.9,30.4,78.04,1.0,15.6,11.54,91.03,62.82,19.23,7.69,6.41,1.28,0.0,0.0,0.0,11.54,10.26,16.67,10.26,3.85,3.85,1.28,16.67,2.56,2.56,0.0,1.28,2.56,8.97,2.56,6.41,2.56,1.28,0.0,1.28,0.0,0.0,0.0,0.0,5.13,2.56,1.28,0.0,0.0,1.28,0.0,0.0,0.0,0.0,0.0,1.28,1.28,0.0,0.0,0.0,7.69,1.28,3.85,5.13,1.28,0.0,1.28,11.54,2.56,16.67,2.56,8.97,5.13,0.0,0.0,0.0,0.0,0.0,0.0,0.0,0.0,0.0,0.0,0.0,0.0,11.54,6.41,2.56,0.0,0.0,0.0,0.0,0.0,2.56,0.0,0.0,0.0
53619,7x6ey5,survivorsofabuse,abuse,"I am alone, and I don't know what to do. At this time I'm most interested in any 'quick tips' that can be offered on how to manage feelings of violation, betrayal, humiliation, distress, anger at the abuser and all those who stood by, ignoring the damage she was inflicting, anger at those who have protected her at the expense of her victims, anger at my family for their mistreatment, and how they effectively set me up for future abuse. Dissociative symptoms are a significant problem at this time. Focusing on a movie, tv show, video game, book, even a short song can be impossible at times. The interest in 'quick tips' on how to manage those overwhelming emotions is an attempt to make it feasible to read a fre books I'm hoping might help (Pete walker's CPTSD and James Chu's Rebuilding shattered lives, MacKenzie's Psychopath free).",1,1.0,1518491100,147,76.89,60.73,18.61,1.0,29.4,20.41,86.39,49.66,14.29,7.48,4.08,0.0,0.0,2.04,1.36,6.8,6.12,15.65,9.52,2.72,4.76,0.68,12.93,4.08,0.68,4.08,0.0,2.04,12.93,2.72,9.52,2.04,4.76,1.36,7.48,0.68,0.0,2.04,0.0,10.2,2.04,3.4,2.04,3.4,0.68,0.0,2.72,1.36,0.68,0.68,1.36,0.0,1.36,0.0,0.0,7.48,2.04,0.0,4.08,0.0,2.04,1.36,10.2,2.72,13.61,0.0,9.52,4.08,3.4,5.44,0.68,1.36,0.0,0.0,0.0,0.0,0.0,0.0,0.0,0.0,21.09,3.4,9.52,0.0,0.0,0.0,0.0,0.0,0.0,6.8,1.36,0.0
14283,9kl6cg,anxiety,anxiety,I remember what it felt like to not be anxious one on medicine. none of the other ones I've been put on take any of the edge off. I can't even play xbox live without holding my breath because I get anxious that people can hear me breathe. I mute my mic to give my lungs a reprieve and then go back to holding it. thanks for reading my little rant.,1,0.8,1538433874,71,52.23,1.78,99.0,25.77,14.2,15.49,90.14,56.34,21.13,14.08,14.08,0.0,0.0,0.0,0.0,7.04,4.23,15.49,5.63,2.82,4.23,5.63,19.72,2.82,1.41,1.41,1.41,2.82,5.63,2.82,2.82,2.82,0.0,0.0,4.23,0.0,0.0,0.0,0.0,11.27,2.82,1.41,0.0,1.41,0.0,5.63,4.23,0.0,1.41,1.41,7.04,4.23,2.82,0.0,0.0,2.82,0.0,0.0,0.0,2.82,0.0,4.23,15.49,1.41,12.68,2.82,8.45,2.82,0.0,2.82,0.0,0.0,0.0,0.0,0.0,0.0,0.0,0.0,0.0,0.0,9.86,7.04,0.0,0.0,0.0,0.0,0.0,0.0,0.0,2.82,0.0,0.0
1092,7t7eum,relationships,social,**tl;dr: My BF has a dirty house. Never cleans his private room or bathroom even if I've told him to. After 2yrs I'm fed up and grossed out. I don't know what to do anymore! **,1,0.857142857,1516998568,36,9.47,20.24,87.07,2.09,9.0,11.11,94.44,61.11,22.22,16.67,11.11,0.0,0.0,5.56,0.0,5.56,2.78,13.89,13.89,5.56,8.33,5.56,25.0,5.56,2.78,2.78,0.0,0.0,2.78,0.0,2.78,0.0,0.0,0.0,13.89,0.0,2.78,0.0,8.33,11.11,2.78,0.0,2.78,5.56,2.78,5.56,0.0,0.0,0.0,0.0,5.56,0.0,2.78,0.0,2.78,8.33,2.78,0.0,5.56,0.0,0.0,8.33,19.44,0.0,16.67,0.0,8.33,8.33,0.0,2.78,8.33,0.0,0.0,0.0,2.78,0.0,2.78,0.0,0.0,0.0,36.11,8.33,0.0,2.78,2.78,0.0,2.78,0.0,0.0,8.33,0.0,11.11
26369,7oer2s,relationships,social,How do I stop this without getting myself blacked balled or dealing with this harassment. TL;DR I broke up with my ex who cheated. I've been getting harassed by ex-girlfriends sister at my job. She holds a lot of weight in the company and her behavior has escalated. How do I stop this without getting myself blacked balled or dealing with this harassment.,1,1.0,1515190153,64,33.25,13.7,74.76,1.0,12.8,26.56,85.94,56.25,23.44,15.62,12.5,0.0,0.0,3.12,0.0,7.81,3.12,15.62,7.81,3.12,7.81,3.12,14.06,0.0,0.0,4.69,0.0,1.56,7.81,0.0,7.81,0.0,6.25,1.56,10.94,1.56,1.56,4.69,0.0,10.94,0.0,3.12,0.0,4.69,0.0,6.25,1.56,0.0,0.0,1.56,3.12,0.0,1.56,0.0,1.56,14.06,1.56,1.56,3.12,4.69,3.12,3.12,6.25,0.0,9.38,1.56,4.69,3.12,3.12,0.0,0.0,0.0,0.0,0.0,1.56,0.0,0.0,0.0,0.0,0.0,12.5,7.81,0.0,0.0,1.56,0.0,0.0,1.56,0.0,1.56,0.0,0.0
21375,6v4mon,anxiety,anxiety,"My cats were both inside, but this didn't stop my brain working overtime. I would even listen out to what passers-by were saying, in case they found a dead cat. I would have to get out of bed and look out of the window if I heard a sound that doesn't sound normal, for example a trailer on the back of a car banging. My boyfriend puts on kitten videos to soothe me but all I can think about is 'They are all going to die, how sad is that?' but I don't say anything, I put on my most convincing smile and go along with it.",1,0.8,1503337788,109,61.22,13.55,91.81,25.77,21.8,8.26,90.83,59.63,16.51,11.01,10.09,0.0,0.0,0.0,0.92,5.5,5.5,18.35,11.01,3.67,6.42,2.75,22.94,2.75,0.92,1.83,0.0,3.67,1.83,0.92,0.92,0.0,0.0,0.92,6.42,0.0,0.92,0.0,0.92,13.76,2.75,0.92,2.75,2.75,1.83,4.59,7.34,1.83,5.5,0.0,0.92,0.92,0.0,0.0,0.0,3.67,0.92,0.92,0.0,0.92,0.92,4.59,13.76,0.92,14.68,4.59,9.17,1.83,1.83,0.92,1.83,0.92,0.0,1.83,0.92,0.0,0.0,0.0,0.0,0.0,14.68,3.67,4.59,0.0,0.0,0.92,0.0,0.92,0.0,4.59,0.0,0.0
229,7npsfb,relationships,social,"But now it seems like contact is gonna be forced on me. About two weeks after the breakup, she reached out to tell me she'd gotten an interview at my company. We both work in a pretty specific industry and there was always some overlap with our jobs. Apparently, my company wants to put her company out of business. Recruiters have poached a few folks from her work and I guess she was next on the list.",1,0.6,1514930457,77,79.25,92.33,48.53,49.97,15.4,18.18,96.1,55.84,16.88,15.58,6.49,2.6,0.0,6.49,0.0,1.3,6.49,18.18,7.79,5.19,3.9,0.0,16.88,5.19,2.6,0.0,1.3,3.9,1.3,1.3,0.0,0.0,0.0,0.0,19.48,1.3,1.3,6.49,0.0,12.99,1.3,1.3,1.3,6.49,2.6,1.3,0.0,0.0,0.0,0.0,0.0,0.0,0.0,0.0,0.0,9.09,3.9,2.6,1.3,1.3,0.0,3.9,12.99,2.6,19.48,2.6,10.39,6.49,12.99,0.0,0.0,1.3,0.0,0.0,1.3,0.0,1.3,0.0,0.0,0.0,10.39,6.49,2.6,0.0,0.0,0.0,0.0,0.0,0.0,1.3,0.0,0.0
20106,7qh3jm,relationships,social,"I felt horrible for her. Ever since, I’ve been close friends with Corrine. She told me a lot about what happened with her family, and we had a lot of late night conversations where she told me about how she had these nightmares of what might’ve happened, how she had bits of her brother’s brain on her shoes afterwards, how she tracked blood through the house while she went to get the phone to call 911. I felt so awful. We were close, but I knew her past was traumatic and rarely pried.",1,0.6,1515988256,93,20.06,95.71,8.87,1.0,18.6,13.98,95.7,61.29,23.66,20.43,6.45,2.15,0.0,11.83,0.0,3.23,4.3,13.98,8.6,9.68,8.6,0.0,18.28,3.23,0.0,6.45,1.08,3.23,4.3,0.0,4.3,1.08,0.0,0.0,22.58,2.15,1.08,11.83,1.08,12.9,3.23,4.3,0.0,3.23,1.08,1.08,3.23,0.0,1.08,2.15,3.23,3.23,0.0,0.0,0.0,7.53,6.45,0.0,0.0,1.08,0.0,17.2,2.15,0.0,13.98,1.08,4.3,8.6,0.0,1.08,2.15,0.0,0.0,0.0,0.0,0.0,0.0,0.0,0.0,0.0,13.98,5.38,5.38,0.0,0.0,0.0,0.0,0.0,0.0,3.23,0.0,0.0
55329,608d7a,homeless,financial,"I will be homeless in June and need a place to sleep safely or else I will suffer more severe mental distress, becoming unable to think properly. I went to a shelter organization and the CEO told me they have waaaaaay more homeless than beds (like 50000 homeless and 11000 beds or something like that). While I was there a lady came in to complain about a rape. I involuntarily cry in noisy, busy, crowded environments and become unable to function. How can I help myself best in the leading months?",1,0.8,1489896553,91,67.14,25.47,92.56,1.0,18.2,17.58,92.31,53.85,12.09,9.89,8.79,0.0,0.0,0.0,1.1,2.2,6.59,14.29,10.99,3.3,8.79,0.0,15.38,7.69,6.59,1.1,2.2,2.2,8.79,2.2,6.59,1.1,1.1,2.2,6.59,0.0,0.0,1.1,0.0,12.09,3.3,2.2,1.1,3.3,0.0,4.4,1.1,0.0,1.1,0.0,2.2,1.1,0.0,1.1,0.0,10.99,1.1,4.4,7.69,1.1,1.1,4.4,7.69,2.2,14.29,3.3,6.59,4.4,4.4,0.0,2.2,0.0,0.0,0.0,0.0,0.0,0.0,0.0,0.0,0.0,10.99,4.4,3.3,0.0,0.0,1.1,0.0,0.0,0.0,0.0,2.2,0.0
1323,934c5o,anxiety,anxiety,"I began experiencing ""anxiety attacks"" around 2 weeks ago, and have had 3 since, with the latest one being last night. So the first time I was at the dining hall and all of a sudden all the voices around me began to seem echoey and I had a spike of that warm panicky feeling in my body. I quickly got up to put my plate on the dumbwaiter and left the dining hall and it subsided fairly quickly, I didn't really think much of it. The second time was the following Saturday, where when I got back to my dorm I experienced discomfort/malaise from seemingly nothing, no triggers, nothing, just feeling uncomfortable and anxious. This laster for around 30 minutes.",1,1.0,1532959562,122,70.12,8.18,99.0,1.0,24.4,18.03,92.62,52.46,12.3,9.02,9.02,0.0,0.0,0.0,0.0,3.28,8.2,13.93,5.74,7.38,6.56,3.28,14.75,3.28,0.82,1.64,4.92,2.46,5.74,0.82,4.92,4.1,0.82,0.0,0.0,0.0,0.0,0.0,0.0,11.48,4.1,1.64,0.0,2.46,3.28,1.64,4.92,0.0,0.82,2.46,2.46,0.82,0.0,0.0,1.64,4.1,0.0,0.82,1.64,1.64,0.0,9.02,2.46,0.0,26.23,3.28,9.84,15.57,0.82,0.0,0.82,0.0,0.0,0.0,0.0,0.0,0.0,0.0,0.0,0.0,13.11,4.1,5.74,0.0,0.0,0.0,0.0,0.0,1.64,0.82,0.0,0.82
4237,7txy81,relationships,social,"She never really felt the need to do that and occasionally would go out with her friends. Everything was great -- I took care of her extremely well, she took care of me patiently and amazingly. I bought her a car, paid for her rent, and ultimately supported her so she could focus and finish her college (I'm full time employed, the breadwinner in the relationship). Our relationship was VIVID and full of color in the beginning. We had our own apartment, got a beautiful dog together, and traveled to a few places.",0,1.0,1517281209,92,40.37,93.58,3.09,99.0,18.4,19.57,94.57,57.61,19.57,17.39,4.35,3.26,0.0,9.78,0.0,2.17,7.61,10.87,7.61,6.52,7.61,1.09,20.65,5.43,0.0,0.0,0.0,1.09,7.61,7.61,0.0,0.0,0.0,0.0,18.48,0.0,1.09,9.78,0.0,9.78,1.09,0.0,3.26,1.09,3.26,1.09,4.35,3.26,0.0,1.09,0.0,0.0,0.0,0.0,0.0,11.96,7.61,0.0,0.0,4.35,0.0,11.96,6.52,0.0,16.3,3.26,7.61,5.43,2.17,1.09,2.17,3.26,0.0,0.0,1.09,0.0,0.0,0.0,1.09,0.0,17.39,5.43,6.52,0.0,0.0,0.0,0.0,2.17,0.0,1.09,2.17,0.0
1535,6ajh8q,survivorsofabuse,abuse,Some monsters are real. I was abused by some as a kid and I was recently reminded that they are still out there. I sometimes manage to find myself in reddit threads with discussions about pedophilia. It bothers me to see people defending pedophila and I often feel the need to respond. I think it seemed a safe way to vent anger at surrogates for my abusers and I think I wanted a chance to say what I never had the chance to say as an abused kid.,1,0.6,1494501735,88,71.61,32.48,80.39,1.0,17.6,14.77,90.91,55.68,18.18,13.64,12.5,0.0,0.0,0.0,1.14,4.55,6.82,17.05,5.68,5.68,5.68,1.14,18.18,4.55,3.41,1.14,0.0,2.27,7.95,1.14,6.82,0.0,5.68,0.0,9.09,0.0,0.0,0.0,0.0,15.91,5.68,0.0,2.27,7.95,1.14,0.0,4.55,1.14,2.27,1.14,0.0,0.0,0.0,0.0,0.0,5.68,0.0,0.0,3.41,0.0,2.27,5.68,11.36,0.0,10.23,0.0,4.55,5.68,1.14,1.14,0.0,0.0,0.0,0.0,1.14,0.0,1.14,0.0,0.0,0.0,5.68,5.68,0.0,0.0,0.0,0.0,0.0,0.0,0.0,0.0,0.0,0.0
1113,8os177,almosthomeless,financial,"I’m freaking out and I don’t know what to do. I have no resources, my family is worse off then me. And I have to pay for everything on my own including phone and car insurance. Someone help, or help me find someone who can. Thank you so much for reading.",1,1.0,1528214840,51,5.31,34.73,95.79,5.16,10.2,15.69,98.04,68.63,27.45,17.65,15.69,0.0,1.96,0.0,0.0,9.8,0.0,15.69,13.73,1.96,11.76,3.92,19.61,1.96,1.96,3.92,0.0,1.96,5.88,1.96,3.92,0.0,0.0,0.0,17.65,1.96,0.0,0.0,0.0,11.76,3.92,0.0,0.0,5.88,1.96,1.96,1.96,0.0,1.96,0.0,0.0,0.0,0.0,0.0,0.0,7.84,5.88,0.0,3.92,0.0,1.96,0.0,21.57,1.96,9.8,1.96,5.88,1.96,3.92,1.96,1.96,3.92,0.0,0.0,1.96,1.96,0.0,0.0,0.0,0.0,17.65,9.8,3.92,0.0,0.0,0.0,0.0,0.0,0.0,3.92,0.0,0.0
1908,9tbgl3,stress,anxiety,"I´m stressing this entire fall break, I´ve been learning for 5 days for about 8-10 hours a day, and I haven´t finished nothing, even after making a schedule (breaks every 45 minutes, dedicating one day to one thing). When I feel stressed, I feel like I´m about to throw up (or I´m about to cry) and I get anxious to the point of total mental breakdown. I have ADHD and stress gets to me really easily, because I can´t keep my attention in place. Any ideas on what to do in this situation? PS: I am 50/50 INFP/INTP-T (50/50 dominant and inferior functions), that might have something to do with it but I´m not quite sure about it.",1,1.0,1541092950,130,57.94,6.21,96.04,1.0,26.0,13.08,80.0,50.77,16.92,10.77,10.77,0.0,0.0,0.0,0.0,6.15,2.31,16.15,6.15,5.38,6.15,1.54,13.08,3.08,1.54,1.54,7.69,3.08,6.92,1.54,5.38,3.08,0.77,1.54,0.0,0.0,0.0,0.0,0.0,15.38,3.85,1.54,0.0,3.85,3.85,3.08,1.54,0.0,0.0,1.54,0.0,0.0,0.0,0.0,0.0,3.85,0.0,0.77,2.31,1.54,0.0,1.54,9.23,0.77,13.85,1.54,5.38,6.15,1.54,0.0,0.0,0.0,0.0,0.0,0.0,0.0,0.0,0.0,0.0,0.0,23.85,3.08,5.38,0.77,0.0,0.77,0.0,1.54,0.0,0.0,4.62,7.69
931,6mlgi9,anxiety,anxiety,"I blame myself. Almost all the time. Especially when I feel bad, I see the uncomfortable feelings as wrong in the first place, and that it's my fault that I feel bad. This makes me feel worse. When I feel worse because I hate myself, I hate myself for hating myself for feeling bad.",1,1.0,1499770645,54,11.88,1.38,99.0,1.0,10.8,9.26,100.0,55.56,31.48,24.07,24.07,0.0,0.0,0.0,0.0,7.41,5.56,7.41,1.85,7.41,9.26,0.0,20.37,7.41,5.56,3.7,1.85,1.85,22.22,0.0,22.22,1.85,7.41,0.0,1.85,0.0,0.0,0.0,0.0,20.37,11.11,3.7,0.0,1.85,3.7,0.0,12.96,1.85,0.0,11.11,0.0,0.0,0.0,0.0,0.0,14.81,0.0,1.85,0.0,0.0,12.96,0.0,20.37,0.0,11.11,0.0,3.7,7.41,0.0,0.0,0.0,0.0,0.0,0.0,0.0,0.0,0.0,0.0,0.0,0.0,16.67,9.26,5.56,0.0,0.0,0.0,0.0,0.0,0.0,1.85,0.0,0.0
704,6j1br0,assistance,financial,"Hey folks, greetings from India. A friend of mine from school's father was diagnosed with non-alcoholic liver cirrhosis back in 2012. His liver's degenerated, and he needs to get an immediate transplant. Surgery cost and post-op are heavy. Frequent hospitalization's eaten up most of their reserve cash, and since my friend's still in college there's not much he can do.",0,0.571428571,1498226122,62,78.03,79.01,13.99,25.77,12.4,22.58,85.48,46.77,9.68,9.68,3.23,0.0,0.0,4.84,1.61,0.0,3.23,16.13,8.06,4.84,4.84,1.61,11.29,4.84,1.61,0.0,1.61,3.23,0.0,0.0,0.0,0.0,0.0,0.0,14.52,3.23,1.61,0.0,6.45,8.06,1.61,1.61,1.61,1.61,0.0,1.61,1.61,0.0,0.0,1.61,11.29,3.23,6.45,0.0,3.23,8.06,3.23,0.0,3.23,1.61,0.0,3.23,9.68,0.0,14.52,0.0,6.45,8.06,1.61,1.61,0.0,3.23,0.0,0.0,3.23,0.0,1.61,0.0,0.0,0.0,24.19,8.06,4.84,0.0,0.0,0.0,0.0,3.23,0.0,8.06,0.0,0.0
5641,89l40j,homeless,financial,"He's an awesome friend who has always been there for me when I had been struggling with depression, giving me great advice, and this put him over the top with this generosity. Between you guys, the three or four family members I have left that I can talk to without shaking with rage, and my friend in Indiana, I have actually cried tears of joy. Seeing people come through when I'm miserable and at rock bottom, I realize I'm not really at rock bottom when there's a hand to help me up. Thank you so much, again. I love you all ❤",0,1.0,1522806429,101,21.21,57.85,96.23,25.77,20.2,12.87,99.01,60.4,20.79,16.83,11.88,0.0,2.97,1.98,0.0,3.96,3.96,14.85,10.89,8.91,7.92,1.98,17.82,4.95,2.97,3.96,1.98,1.98,13.86,6.93,6.93,2.97,0.99,3.96,17.82,0.99,2.97,0.0,2.97,7.92,0.99,0.0,0.0,0.99,1.98,4.95,1.98,0.99,0.0,0.99,1.98,0.99,0.0,0.0,0.0,12.87,5.94,0.99,6.93,0.99,0.0,4.95,11.88,0.0,15.84,1.98,8.91,4.95,0.0,2.97,0.99,0.0,0.0,0.0,0.99,0.0,0.0,0.99,0.0,0.0,14.85,3.96,6.93,0.0,0.0,0.0,0.0,0.0,0.0,3.96,0.0,0.0
45646,7rfs9u,ptsd,ptsd,"I looked everywhere for the possible cause, did everything to make it go away. I put vicks under my nose and that helped mask some of the smell, but it was still definitely there. It didn't go away until the next day. Has anyone else dealt with olfactory hallucinations? Should I seek out medical attention?",0,0.6,1516335443,55,51.43,13.76,98.75,60.23,11.0,14.55,90.91,60.0,18.18,7.27,7.27,0.0,0.0,0.0,0.0,10.91,5.45,16.36,9.09,7.27,5.45,1.82,20.0,1.82,0.0,0.0,0.0,1.82,1.82,1.82,0.0,0.0,0.0,0.0,3.64,0.0,0.0,0.0,0.0,23.64,1.82,3.64,1.82,5.45,5.45,5.45,7.27,1.82,0.0,0.0,5.45,1.82,3.64,0.0,0.0,1.82,0.0,0.0,1.82,0.0,0.0,9.09,7.27,0.0,21.82,5.45,9.09,7.27,0.0,0.0,0.0,0.0,0.0,0.0,0.0,0.0,0.0,0.0,0.0,0.0,14.55,5.45,3.64,0.0,0.0,3.64,0.0,0.0,0.0,1.82,0.0,0.0
1774,9pw9iv,survivorsofabuse,abuse,I don’t remember a lot of it I just remember little snip bits of what happened. I don’t even remember if there was penetration and I’m hoping there wasn’t. I still have problems trying to remember what happened and I feel like if I remember it all I’m going to have a breakdown. Now that I’m older I’m starting to have sex and be intimate with others. I’m noticing a pattern where my body is like rejecting my partner and I’m concerned it might be caused by my abuse at an early age.,1,1.0,1540058677,93,4.63,1.25,98.66,4.24,18.6,18.28,94.62,64.52,23.66,16.13,16.13,0.0,0.0,0.0,0.0,7.53,4.3,10.75,18.28,7.53,6.45,3.23,32.26,2.15,3.23,3.23,0.0,3.23,5.38,1.08,3.23,0.0,1.08,1.08,1.08,0.0,1.08,0.0,0.0,19.35,7.53,1.08,4.3,6.45,1.08,4.3,1.08,0.0,0.0,1.08,2.15,1.08,0.0,1.08,0.0,5.38,1.08,1.08,2.15,0.0,1.08,9.68,17.2,3.23,10.75,1.08,3.23,6.45,0.0,0.0,0.0,0.0,0.0,0.0,0.0,0.0,0.0,0.0,0.0,0.0,15.05,5.38,0.0,0.0,0.0,0.0,0.0,0.0,0.0,9.68,0.0,0.0
55670,7es918,assistance,financial,"<url> is looking for men and women 35-65 years of age in Chicago, to participate in a 2 hour, focus group market research study. Qualified individuals will receive $250 (Prepaid Visa Card) after they have completed the study. Link: <url> Job #: 2631NRC17 Location: Chicago IL",0,1.0,1511368757,53,96.9,90.66,36.1,25.77,17.67,26.42,64.15,24.53,1.89,1.89,0.0,0.0,0.0,0.0,1.89,0.0,3.77,11.32,5.66,0.0,1.89,0.0,7.55,1.89,1.89,0.0,9.43,1.89,0.0,0.0,0.0,0.0,0.0,0.0,13.21,0.0,0.0,1.89,1.89,3.77,1.89,0.0,0.0,0.0,1.89,0.0,1.89,1.89,0.0,0.0,0.0,0.0,0.0,0.0,0.0,3.77,1.89,0.0,1.89,0.0,0.0,1.89,3.77,1.89,16.98,1.89,7.55,9.43,11.32,0.0,0.0,3.77,0.0,0.0,1.89,0.0,1.89,0.0,0.0,0.0,39.62,7.55,3.77,5.66,0.0,0.0,0.0,1.89,0.0,0.0,7.55,13.21
1186,9vdpf2,assistance,financial,My mother has stage 4 bile duct cancer and it seems like her time is limited. She has a $5k insurance policy but I know that's not going to be enough. I've had to take a lot of time off work to take care of her and I just don't have the money to pay for what the insurance won't cover. What are some resources I can use to help pay for this? She does not want to be cremated and there's no way I could do that against her wishes just to save money.,1,0.8,1541709528,95,26.07,20.0,2.77,65.65,19.0,6.32,92.63,62.11,17.89,11.58,6.32,0.0,0.0,5.26,0.0,6.32,4.21,14.74,17.89,3.16,4.21,5.26,27.37,0.0,1.05,2.11,1.05,2.11,2.11,2.11,0.0,0.0,0.0,0.0,7.37,1.05,0.0,6.32,0.0,12.63,2.11,1.05,3.16,3.16,0.0,4.21,0.0,0.0,0.0,0.0,1.05,0.0,1.05,0.0,0.0,6.32,1.05,2.11,2.11,2.11,0.0,1.05,24.21,3.16,5.26,1.05,2.11,2.11,5.26,0.0,0.0,6.32,0.0,1.05,0.0,0.0,0.0,0.0,0.0,0.0,11.58,4.21,0.0,0.0,0.0,1.05,0.0,0.0,0.0,5.26,0.0,1.05
44555,8f9aen,ptsd,ptsd,"He kept holding my arm while talking to me. He kept saying how beautiful I was. Even after he finished the exam he did another sweep with his hand idk wtf he was checking because we were all done I’m almost positive he just wanted to fucking touch me because every chance he could he would. I was so close to tears I know this isn’t like so bad, but to a girl with ptsd from assault it was the end of the world. I felt so gross and grimy having his nasty hands on me calling me beautiful.",1,0.6,1524807004,99,7.76,45.96,1.64,1.59,19.8,13.13,95.96,63.64,25.25,22.22,11.11,1.01,0.0,10.1,0.0,3.03,4.04,11.11,12.12,7.07,9.09,2.02,20.2,6.06,2.02,1.01,0.0,3.03,9.09,3.03,6.06,0.0,3.03,1.01,15.15,0.0,0.0,1.01,10.1,15.15,2.02,3.03,3.03,2.02,3.03,2.02,7.07,2.02,1.01,4.04,4.04,3.03,0.0,1.01,0.0,4.04,1.01,0.0,1.01,1.01,1.01,12.12,3.03,0.0,6.06,0.0,3.03,3.03,1.01,0.0,1.01,0.0,0.0,0.0,3.03,2.02,2.02,0.0,0.0,1.01,8.08,5.05,1.01,0.0,0.0,0.0,0.0,0.0,0.0,2.02,0.0,0.0
32432,8yr2tp,anxiety,anxiety,Last few weeks I’ve overcome some serious issues and I was traveling most the time and it helped me a lot. But now that I’m home I’m falling back to my old self I’m isolating myself in my house. I barely go out again I can’t even manage to get myself a haircut and I don’t want fall back in this hole again. I picked myself up and going falling back can someone help me.,1,0.6,1531546668,75,4.68,1.22,99.0,2.41,18.75,10.67,98.67,61.33,26.67,21.33,21.33,0.0,0.0,0.0,0.0,5.33,4.0,8.0,9.33,10.67,6.67,2.67,18.67,4.0,1.33,0.0,0.0,5.33,2.67,0.0,2.67,0.0,0.0,1.33,4.0,0.0,0.0,0.0,0.0,12.0,0.0,1.33,1.33,6.67,0.0,2.67,1.33,0.0,0.0,0.0,1.33,1.33,0.0,0.0,0.0,6.67,1.33,1.33,4.0,1.33,0.0,4.0,16.0,1.33,28.0,8.0,10.67,13.33,1.33,1.33,2.67,0.0,0.0,0.0,0.0,0.0,0.0,0.0,0.0,0.0,13.33,5.33,0.0,0.0,0.0,0.0,0.0,0.0,0.0,8.0,0.0,0.0
37991,89lfg3,ptsd,ptsd,"I get flashbacks from ptsd at home, and now my home is full of these spider and insect memories. And I feel like so few people in my life can really handle this and that’s even more isolating. I’m sorry. I needed a place to put this down and try and stop crying. I know my thoughts are disorganized right now and I’m finding it hard to organize them.",1,1.0,1522808712,69,13.05,12.32,98.89,1.0,13.8,10.14,91.3,56.52,21.74,14.49,13.04,0.0,0.0,0.0,1.45,7.25,1.45,11.59,8.7,7.25,11.59,0.0,17.39,7.25,2.9,0.0,0.0,2.9,4.35,0.0,4.35,0.0,0.0,4.35,2.9,0.0,0.0,0.0,0.0,11.59,7.25,0.0,1.45,1.45,0.0,1.45,2.9,0.0,0.0,2.9,1.45,0.0,1.45,0.0,0.0,5.8,0.0,1.45,1.45,1.45,1.45,1.45,18.84,0.0,14.49,1.45,8.7,4.35,1.45,0.0,2.9,0.0,0.0,0.0,0.0,0.0,0.0,0.0,0.0,0.0,13.04,7.25,1.45,0.0,0.0,0.0,0.0,0.0,0.0,4.35,0.0,0.0
4307,9fev87,assistance,financial,"I have neuropathy in my feet and clinical depression and rage bouts. I have no insurance, no treatment, no medication. Just myself and my family to keep me going. My wife has fibromyalgia, which characterizes itself through chronic fatigue, chronic pain, as well as depression with severe anxiety. I am currently pending for disability, while basically killing myself doing Amazon Flex runs to make some semblance of money.",1,1.0,1536811927,68,29.74,7.08,66.34,1.0,13.6,29.41,85.29,51.47,16.18,13.24,13.24,0.0,0.0,0.0,0.0,2.94,0.0,13.24,7.35,4.41,8.82,4.41,13.24,2.94,2.94,1.47,0.0,1.47,13.24,1.47,11.76,1.47,2.94,4.41,2.94,2.94,0.0,1.47,0.0,2.94,0.0,1.47,0.0,1.47,0.0,0.0,1.47,0.0,0.0,1.47,10.29,1.47,8.82,0.0,0.0,2.94,2.94,0.0,0.0,0.0,0.0,0.0,11.76,1.47,10.29,2.94,1.47,5.88,0.0,1.47,1.47,2.94,0.0,1.47,1.47,0.0,0.0,0.0,1.47,0.0,16.18,7.35,8.82,0.0,0.0,0.0,0.0,0.0,0.0,0.0,0.0,0.0
24077,6pzgke,anxiety,anxiety,"The problem is is that the kinds of mistakes I have made are the ones I can't even fix, because I won't be on shift to. I don't know what to say to be helpful, and to diffuse tensions. I am pretty sure all of my coworkers hate me. Just like everybody always has. I have already had panic attacks 3 different times at work now.",1,1.0,1501193529,66,24.18,6.5,70.57,1.0,13.2,16.67,92.42,63.64,16.67,12.12,12.12,0.0,0.0,0.0,0.0,4.55,4.55,13.64,18.18,6.06,3.03,4.55,24.24,3.03,3.03,1.52,1.52,1.52,13.64,4.55,9.09,3.03,3.03,0.0,6.06,0.0,0.0,0.0,0.0,19.7,1.52,3.03,3.03,1.52,6.06,4.55,1.52,0.0,1.52,0.0,0.0,0.0,0.0,0.0,0.0,6.06,1.52,1.52,1.52,0.0,1.52,4.55,24.24,1.52,9.09,0.0,3.03,6.06,3.03,0.0,0.0,0.0,0.0,0.0,0.0,0.0,0.0,0.0,0.0,0.0,15.15,7.58,3.03,0.0,0.0,0.0,0.0,0.0,0.0,4.55,0.0,0.0
1923,75vnuw,anxiety,anxiety,I'm quitting my job in a couple of months but right now I don't feel great. I should work out a bit to feel better. I know that there isn't much to do but I needed to write it somewhere. Also I was so excited to quit my job and start working on building my app but I found out that I would need at least 30k$ and I don't have it. Now I feel like I'll need to take another shitty job to realise my dream some day,1,0.571428571,1507797055,89,13.48,1.0,98.92,68.2,17.8,7.87,96.63,60.67,23.6,16.85,16.85,0.0,0.0,0.0,0.0,5.62,2.25,14.61,11.24,6.74,7.87,3.37,25.84,4.49,3.37,0.0,0.0,6.74,4.49,3.37,1.12,0.0,1.12,0.0,0.0,0.0,0.0,0.0,0.0,17.98,5.62,0.0,5.62,2.25,0.0,4.49,3.37,0.0,0.0,3.37,1.12,1.12,0.0,0.0,0.0,8.99,0.0,5.62,0.0,4.49,0.0,3.37,20.22,1.12,13.48,0.0,7.87,5.62,6.74,1.12,0.0,0.0,0.0,0.0,2.25,1.12,1.12,0.0,0.0,0.0,11.24,4.49,0.0,0.0,0.0,0.0,0.0,0.0,0.0,5.62,0.0,1.12
465,5xqnq5,ptsd,ptsd,"""We also want people to feel as if they are away from a lot of the stress and tension. We really want them to focus on themselves for a change."" The center is located on a 15-acre plot of land, ""designed to support fire fighters as they seek treatment and recovery."" ""This is the first of it's kind,"" said Patrick Morrison, a former Fairfax County Firefighter, and a member of the IAFF. ""It's a center that doesn't exist anywhere else.""",0,0.571428571,1488766289,81,88.48,83.84,20.47,10.27,16.2,16.05,83.95,55.56,12.35,7.41,0.0,2.47,0.0,0.0,4.94,4.94,12.35,17.28,7.41,3.7,8.64,1.23,13.58,3.7,3.7,0.0,2.47,1.23,6.17,2.47,3.7,2.47,1.23,0.0,12.35,0.0,0.0,0.0,0.0,11.11,1.23,1.23,3.7,3.7,0.0,3.7,3.7,0.0,1.23,2.47,0.0,0.0,0.0,0.0,0.0,6.17,3.7,2.47,0.0,0.0,0.0,2.47,12.35,0.0,14.81,1.23,11.11,2.47,0.0,0.0,0.0,0.0,0.0,0.0,0.0,0.0,0.0,0.0,0.0,0.0,25.93,6.17,4.94,0.0,0.0,0.0,0.0,1.23,9.88,3.7,0.0,0.0
6758,69b8mh,anxiety,anxiety,"I am frantically trying to figure out what distractions I can rely on during down-time. The group I will be with are ecstatic about the cruise, and have no issue with sitting in a recliner and doing nothing. I, however, don't want to be alone with my thoughts. I plan on bringing books, audio books, podcasts, and whatever videos I can cram on my device(s), but reading or listening to something during an activity or around the group will probably be seen as rude or anti-social. The wifi on the ship is supposedly terrible and expensive, so I can't even casually browse reddit - which is normally my go-to distraction.",1,1.0,1493941410,113,47.89,7.85,91.41,2.44,22.6,19.47,90.27,61.95,12.39,8.85,8.85,0.0,0.0,0.0,0.0,3.54,6.19,16.81,12.39,6.19,9.73,3.54,17.7,3.54,0.88,2.65,0.0,1.77,7.08,0.88,3.54,0.88,0.88,0.88,3.54,0.0,0.0,0.0,0.0,15.04,3.54,0.0,1.77,6.19,0.88,5.31,3.54,1.77,1.77,0.0,0.0,0.0,0.0,0.0,0.0,5.31,2.65,1.77,0.88,0.0,0.0,0.88,12.39,2.65,13.27,2.65,7.96,2.65,1.77,5.31,0.0,0.88,0.0,0.0,0.88,0.0,0.88,0.0,0.0,0.0,18.58,4.42,7.08,0.0,0.0,0.0,0.0,3.54,0.0,1.77,1.77,0.0
1062,7sjxl5,relationships,social,"How do I figure out what is putting these guys off? Any advice is appreciated! TL;DR: Have been on 3 first dates over the last few months, and each I thought went well or above and beyond well, but each of them haven't wanted to go on a second date with me. What am I doing wrong? How do I figure out what I'm doing wrong?",0,0.8,1516760874,67,21.93,18.53,99.0,53.85,13.4,4.48,97.01,62.69,16.42,10.45,8.96,0.0,0.0,0.0,1.49,5.97,2.99,16.42,16.42,7.46,8.96,1.49,22.39,4.48,0.0,7.46,4.48,5.97,7.46,4.48,2.99,0.0,0.0,0.0,5.97,0.0,2.99,0.0,1.49,16.42,5.97,2.99,1.49,2.99,0.0,4.48,0.0,0.0,0.0,0.0,1.49,0.0,1.49,0.0,0.0,8.96,0.0,1.49,4.48,0.0,2.99,4.48,13.43,0.0,23.88,4.48,11.94,7.46,0.0,0.0,0.0,0.0,0.0,0.0,2.99,0.0,0.0,0.0,2.99,0.0,16.42,1.49,2.99,1.49,1.49,4.48,1.49,0.0,0.0,2.99,0.0,0.0
1949,6f5fy2,domesticviolence,abuse,"During the walk she made a lot of threats about how she was going to call the police, put me in jail, even try to get me deported (I'm a LPR.) She gets vindictive like this but usually calms down. Due to the threats I called the police to ask their advice. The officer wanted me to give him her information and I declined. Short story, he gave me two options.",1,0.6,1496548474,71,80.52,80.09,17.93,1.98,14.2,12.68,91.55,54.93,21.13,19.72,9.86,0.0,0.0,8.45,1.41,1.41,9.86,15.49,2.82,5.63,4.23,0.0,19.72,1.41,1.41,1.41,1.41,1.41,2.82,0.0,2.82,2.82,2.82,0.0,19.72,0.0,0.0,5.63,2.82,12.68,1.41,2.82,1.41,5.63,0.0,1.41,0.0,0.0,0.0,0.0,0.0,0.0,0.0,0.0,0.0,12.68,0.0,1.41,8.45,2.82,2.82,7.04,9.86,1.41,12.68,4.23,4.23,4.23,2.82,0.0,0.0,0.0,0.0,0.0,0.0,0.0,0.0,0.0,0.0,0.0,15.49,7.04,4.23,0.0,0.0,0.0,0.0,0.0,0.0,1.41,2.82,0.0
1111,8jy4ib,anxiety,anxiety,"I'm obsessing over my new relationship also. Like... its starting out, and I can't get clear from him what he thinks of us etc. I haven't heard from him all day, I'm thinking at this point he may have left his phone at home or something on accident. But I'm checking my phone CONSTANTLY. And even Facebook messenger to see if he's logged in at all today.",1,1.0,1526501715,67,13.69,44.07,95.74,8.14,11.17,14.93,92.54,62.69,26.87,20.9,10.45,1.49,0.0,8.96,0.0,5.97,0.0,17.91,10.45,4.48,8.96,2.99,20.9,2.99,1.49,1.49,0.0,2.99,1.49,0.0,1.49,1.49,0.0,0.0,17.91,0.0,0.0,0.0,8.96,17.91,2.99,0.0,1.49,5.97,4.48,7.46,7.46,2.99,4.48,0.0,0.0,0.0,0.0,0.0,0.0,7.46,4.48,0.0,1.49,1.49,0.0,2.99,16.42,1.49,20.9,0.0,13.43,7.46,0.0,1.49,1.49,0.0,0.0,0.0,0.0,0.0,0.0,0.0,0.0,0.0,23.88,11.94,2.99,0.0,0.0,0.0,0.0,0.0,0.0,8.96,0.0,0.0
342,77jmmy,almosthomeless,financial,"I'm trying to keep my mouth shut, but shit is so goddamn annoying. Oh, and my both of their first languages are not English. While I speak only English. I criticize my father by telling him he speaks like Donald Trump. I'm gonna donate plasma tomorrow, because I'm broke.",1,1.0,1508470907,49,7.35,15.37,89.63,1.0,9.8,18.37,89.8,48.98,22.45,22.45,16.33,0.0,0.0,4.08,2.04,0.0,0.0,8.16,10.2,4.08,10.2,2.04,28.57,4.08,2.04,0.0,2.04,2.04,10.2,0.0,10.2,0.0,8.16,2.04,16.33,2.04,0.0,0.0,6.12,8.16,0.0,2.04,0.0,2.04,0.0,4.08,4.08,0.0,4.08,0.0,4.08,4.08,0.0,0.0,0.0,6.12,2.04,4.08,0.0,0.0,0.0,2.04,18.37,4.08,12.24,2.04,4.08,6.12,0.0,0.0,0.0,2.04,0.0,0.0,8.16,4.08,2.04,0.0,2.04,0.0,22.45,10.2,6.12,0.0,0.0,0.0,0.0,0.0,0.0,6.12,0.0,0.0
11854,7syh2x,relationships,social,"I'm worried about my friend. She's really pretty and carefree and intelligent and I've known her since highschool. We had a band back then. She played guitar and sang, I played bass and another friend of ours played drums. We were into the grunge scene and to be honest, we were kinda good for a bunch of 15 year olds trying to make a name for themselves.",1,0.8,1516907427,67,36.38,94.96,6.57,99.0,13.4,8.96,92.54,58.21,19.4,17.91,5.97,5.97,0.0,4.48,1.49,1.49,5.97,13.43,10.45,4.48,10.45,0.0,20.9,2.99,0.0,0.0,1.49,2.99,13.43,11.94,1.49,1.49,0.0,0.0,17.91,0.0,2.99,4.48,0.0,10.45,1.49,2.99,0.0,4.48,0.0,1.49,1.49,0.0,1.49,0.0,0.0,0.0,0.0,0.0,0.0,11.94,8.96,1.49,0.0,1.49,0.0,11.94,7.46,1.49,7.46,0.0,2.99,5.97,1.49,10.45,0.0,0.0,0.0,0.0,1.49,0.0,1.49,0.0,0.0,0.0,14.93,7.46,2.99,0.0,0.0,0.0,0.0,0.0,0.0,4.48,0.0,0.0
18314,822x1t,assistance,financial,"I don’t speak Amharic, but today I took him out and he bought a journal where he could write down words that confused him. I would like to make him a mini-dictionary of phrases like “I don’t feel well,” names of foods, and “I’m hungry/I’m thirsty/I’m tired” etc. in Amharic, with their English translations, so he can look for a phrase he needs and see how to say it in English. Absolutely any phrases and translations you have on hand will help.",0,1.0,1520219226,85,21.04,68.09,1.01,47.53,21.25,16.47,83.53,58.82,21.18,18.82,8.24,0.0,1.18,8.24,1.18,2.35,3.53,14.12,11.76,5.88,8.24,2.35,22.35,2.35,1.18,2.35,0.0,1.18,3.53,2.35,1.18,1.18,0.0,0.0,15.29,0.0,0.0,0.0,8.24,11.76,1.18,2.35,3.53,2.35,1.18,1.18,7.06,2.35,2.35,2.35,5.88,2.35,1.18,0.0,3.53,3.53,1.18,0.0,2.35,1.18,0.0,2.35,18.82,1.18,8.24,0.0,7.06,1.18,1.18,0.0,0.0,1.18,0.0,0.0,2.35,0.0,0.0,1.18,1.18,0.0,24.71,4.71,5.88,0.0,0.0,0.0,0.0,1.18,4.71,5.88,0.0,2.35
17832,7e3oz6,stress,anxiety,"In February 2015 I took time off and took Clark to his cabin and then again in September. On the second trip I decided to search for a job in Redding and in late October I moved to Redding. Clark and I would call each other to update on how my medical credential process was going and he would share about his family. He would always repeat to me, “Manuel, I don’t know how much longer I can handle the fast pace of the Bay Area. People are in a rush and they don’t even know what they are in a rush for.” One of the new grievances was the “Avenue” he lives on that he jokingly calls “an expressway.” The sound of constant vehicle traffic is definitely a contrast to an area previously filled with orchards.",0,0.833333333,1511127401,137,79.91,58.65,84.17,38.77,19.57,13.87,88.32,56.2,13.87,11.68,5.84,0.0,0.0,4.38,1.46,2.19,8.76,16.79,8.03,4.38,6.57,1.46,13.14,2.19,0.73,2.19,2.19,1.46,2.19,1.46,0.73,0.0,0.0,0.73,10.22,0.73,0.0,0.0,4.38,8.03,2.19,1.46,2.19,0.0,1.46,0.73,1.46,0.73,0.73,0.0,2.19,0.0,1.46,0.0,0.73,2.92,1.46,0.0,0.0,1.46,0.0,5.11,7.3,1.46,24.82,4.38,10.95,10.22,1.46,1.46,0.73,0.0,0.0,0.73,0.0,0.0,0.0,0.0,0.0,0.0,12.41,5.11,1.46,0.0,0.0,0.0,0.0,0.0,4.38,1.46,0.0,0.0
488,6kuwt1,assistance,financial,"Thanks in advance! Edit: You guys are the best. I now have a more solid footing on what to do and how to plan for it. Thank you so much. Any other advice is welcome, and thank you to everyone who took the time to say something.",0,1.0,1499021679,47,41.79,98.27,15.43,99.0,9.4,10.64,95.74,61.7,21.28,8.51,2.13,0.0,6.38,0.0,0.0,12.77,6.38,14.89,8.51,6.38,8.51,0.0,19.15,4.26,4.26,6.38,0.0,6.38,10.64,10.64,0.0,0.0,0.0,0.0,19.15,0.0,2.13,0.0,2.13,10.64,0.0,2.13,0.0,4.26,2.13,2.13,2.13,0.0,2.13,0.0,0.0,0.0,0.0,0.0,0.0,10.64,2.13,6.38,2.13,6.38,0.0,2.13,19.15,2.13,10.64,2.13,4.26,4.26,2.13,0.0,0.0,0.0,0.0,0.0,0.0,0.0,0.0,0.0,0.0,0.0,14.89,8.51,2.13,2.13,0.0,0.0,2.13,0.0,0.0,0.0,0.0,0.0
47757,7u2d6k,relationships,social,"Plus, we’re using his car, which will eventually result in the usual wear and tear and expenses. We equally split all shared expenses like gas, food, rent, and bills, but we both have the same salary and similar assets. Do any cohabiting couples pool and split their commuting expenses equally, or do you just chalk it up to a difference in individual expenses and each pay your own way? tl;dr : My boyfriend's commute is twice as expensive as mine and it doesn't really seem fair. Should we split it?",0,0.571428571,1517331075,90,27.46,78.17,65.14,67.75,18.0,17.78,91.11,48.89,15.56,11.11,2.22,4.44,2.22,1.11,1.11,4.44,3.33,8.89,7.78,3.33,13.33,1.11,13.33,10.0,8.89,1.11,1.11,6.67,2.22,2.22,0.0,0.0,0.0,0.0,12.22,0.0,1.11,0.0,2.22,14.44,1.11,2.22,1.11,3.33,1.11,7.78,0.0,0.0,0.0,0.0,3.33,1.11,1.11,0.0,1.11,14.44,6.67,0.0,2.22,1.11,4.44,1.11,8.89,2.22,14.44,3.33,8.89,2.22,4.44,1.11,1.11,10.0,0.0,0.0,0.0,0.0,0.0,0.0,0.0,0.0,18.89,3.33,7.78,1.11,1.11,2.22,0.0,0.0,0.0,3.33,0.0,0.0
54992,5p5tzf,homeless,financial,"I'm hoping that I can get some of the community to share into the database to make it as useful as possible. Does this sound like something that would be used? Would you, if you were homeless, use it? I've volunteered in homeless shelters and have had friends who have found themselves homeless, but I'm not sure how/if many actually have smartphones with app capabilities. What are your thoughts?",0,1.0,1484938560,70,6.76,55.67,5.55,98.56,14.0,21.43,94.29,64.29,22.86,11.43,5.71,0.0,4.29,0.0,1.43,11.43,2.86,12.86,20.0,2.86,10.0,1.43,27.14,2.86,4.29,4.29,0.0,2.86,5.71,5.71,0.0,0.0,0.0,0.0,11.43,0.0,1.43,0.0,0.0,25.71,2.86,5.71,7.14,8.57,1.43,7.14,1.43,0.0,1.43,0.0,0.0,0.0,0.0,0.0,0.0,11.43,4.29,1.43,4.29,1.43,0.0,5.71,20.0,1.43,2.86,0.0,2.86,0.0,0.0,0.0,0.0,0.0,0.0,0.0,1.43,0.0,1.43,0.0,0.0,0.0,17.14,2.86,4.29,0.0,0.0,4.29,0.0,0.0,0.0,4.29,0.0,1.43
1497,8u3m2p,survivorsofabuse,abuse,"It would seem getting this out there would be a huge turn off for her (it certainly is for me) so why is she acting that way? Again, I don't tell her this but it's almost as if she's trying to account for infidelity, except she wasn't...she was abused. I'm just trying to solve this in my head. My emotions are a wreck. I'll definetely reach out to a therapist soon but could use help in the meantime.",1,0.571428571,1530046451,79,10.61,26.34,29.23,25.77,15.8,10.13,93.67,70.89,24.05,15.19,7.59,0.0,0.0,7.59,0.0,8.86,5.06,16.46,17.72,8.86,6.33,2.53,27.85,1.27,1.27,1.27,0.0,0.0,3.8,1.27,1.27,0.0,1.27,0.0,10.13,0.0,0.0,7.59,0.0,20.25,2.53,3.8,5.06,6.33,1.27,6.33,0.0,0.0,0.0,0.0,2.53,1.27,1.27,0.0,0.0,7.59,1.27,3.8,2.53,1.27,0.0,2.53,16.46,2.53,13.92,1.27,8.86,3.8,0.0,0.0,0.0,1.27,0.0,0.0,0.0,0.0,0.0,0.0,0.0,0.0,22.78,8.86,2.53,0.0,0.0,1.27,0.0,0.0,0.0,7.59,2.53,0.0
120,6wc9l8,homeless,financial,"However, I am resistant on it right now because I am thinking there is no point. I would rather stay here for the last few days then go because at least for now I have a place. Once I get out of here and the hospital, though, I am unsure of where to go. What should I do? I live in Washington D.C. so there seems to be a lot of facilities and help here.",1,0.6,1503841981,76,18.8,7.4,99.0,9.56,12.67,10.53,94.74,68.42,13.16,10.53,10.53,0.0,0.0,0.0,0.0,2.63,5.26,14.47,11.84,15.79,10.53,1.32,21.05,2.63,1.32,2.63,1.32,3.95,1.32,0.0,1.32,1.32,0.0,0.0,1.32,0.0,0.0,0.0,0.0,14.47,2.63,2.63,3.95,3.95,0.0,3.95,0.0,0.0,0.0,0.0,2.63,0.0,2.63,0.0,0.0,5.26,1.32,0.0,2.63,1.32,1.32,0.0,19.74,1.32,22.37,3.95,11.84,7.89,0.0,0.0,0.0,0.0,0.0,0.0,0.0,0.0,0.0,0.0,0.0,0.0,13.16,7.89,3.95,0.0,0.0,1.32,0.0,0.0,0.0,0.0,0.0,0.0
14357,8se6hi,anxiety,anxiety,"Seemingly out of nowhere I have been feeling awful for about 2 - 3 weeks. I'm 22, I'm very introverted with no close friends and honestly that's how I liked it until very recently. I live with my mom but she is out of town 80% of the time so I stay home to take care of the house and our pets. When she IS in town, she goes out with her boyfriend to bars, restaurants, other fun things so I never see her. I have a boyfriend (he's 20 years old) who I love, but who does not have his drivers license yet and lives with overbearing parents so I rarely get to see him, and texting all day isn't really doing it for me.",1,1.0,1529456664,125,10.06,37.44,81.59,82.9,25.0,12.8,92.8,63.2,22.4,16.8,9.6,0.8,0.0,6.4,0.0,5.6,2.4,15.2,10.4,9.6,9.6,4.0,20.0,2.4,0.8,3.2,4.0,0.8,4.8,4.0,0.8,0.0,0.0,0.0,14.4,1.6,2.4,4.8,4.0,9.6,1.6,0.8,0.0,0.8,2.4,4.8,2.4,1.6,0.0,0.8,4.0,0.0,1.6,0.0,1.6,7.2,5.6,0.0,0.0,1.6,0.0,0.8,16.8,0.0,16.8,1.6,7.2,8.8,0.0,2.4,2.4,0.0,0.0,0.0,0.0,0.0,0.0,0.0,0.0,0.0,16.0,4.0,4.8,0.0,0.0,0.0,0.0,0.8,0.0,4.0,1.6,0.8
532,7ucc5r,anxiety,anxiety,I can’t have fun anymore. I can’t enjoy life anymore. I don’t know what to do. This is hopeless. I had to come home from work because I can’t stop crying.,1,1.0,1517425669,31,1.38,1.0,99.0,25.77,6.2,12.9,100.0,67.74,29.03,16.13,16.13,0.0,0.0,0.0,0.0,12.9,0.0,9.68,16.13,0.0,3.23,12.9,25.81,3.23,0.0,3.23,0.0,0.0,12.9,6.45,6.45,0.0,0.0,6.45,0.0,0.0,0.0,0.0,0.0,16.13,3.23,3.23,0.0,0.0,0.0,9.68,0.0,0.0,0.0,0.0,3.23,0.0,3.23,0.0,0.0,9.68,0.0,3.23,3.23,0.0,3.23,3.23,32.26,0.0,12.9,3.23,0.0,9.68,3.23,3.23,3.23,0.0,0.0,0.0,0.0,0.0,0.0,0.0,0.0,0.0,29.03,16.13,0.0,0.0,0.0,0.0,0.0,0.0,0.0,12.9,0.0,0.0
4,8zry7s,survivorsofabuse,abuse,"It's important that people know this when they claim platitudes about 'getting support' and 'healing' that require a stable home, friends, family or even relationships. I spent all of that time trying to get to this point by myself just so some selfish POS could slap me down again. I hate this. I posted this on twitter because I couldn't think and I just wanted to share something even anonymously, of course I got nothing. It's hard to admit sometimes, until you're desperate, but I wanted someone to care.",1,0.8,1531884543,89,13.48,45.52,44.87,68.2,17.8,20.22,94.38,56.18,24.72,12.36,10.11,0.0,1.12,0.0,1.12,12.36,1.12,13.48,5.62,8.99,8.99,2.25,22.47,1.12,0.0,1.12,0.0,2.25,8.99,5.62,3.37,1.12,1.12,0.0,12.36,1.12,1.12,0.0,0.0,19.1,3.37,1.12,4.49,6.74,2.25,2.25,1.12,0.0,0.0,1.12,1.12,0.0,1.12,0.0,0.0,12.36,5.62,1.12,2.25,3.37,0.0,5.62,12.36,0.0,8.99,0.0,3.37,5.62,2.25,2.25,2.25,1.12,0.0,0.0,1.12,0.0,1.12,0.0,0.0,0.0,20.22,5.62,5.62,0.0,0.0,0.0,0.0,0.0,0.0,8.99,0.0,0.0
836,7zdhwf,anxiety,anxiety,"We talked about meeting, and eventually arranged a double date. Each of us brought a friend to make things easier. The date went well and we decided to see each other again. The next two times I saw her, she began making comments on how little dating experience I had and began treating me like a child. She made comments about my weight and how I was too skinny and needed to gain weight.",0,0.571428571,1519289495,74,42.98,94.74,54.14,75.85,14.8,12.16,97.3,52.7,17.57,14.86,6.76,4.05,0.0,4.05,0.0,2.7,6.76,10.81,2.7,10.81,9.46,0.0,18.92,4.05,2.7,2.7,2.7,4.05,2.7,2.7,0.0,0.0,0.0,0.0,20.27,0.0,4.05,4.05,0.0,10.81,1.35,6.76,1.35,0.0,0.0,1.35,6.76,2.7,0.0,2.7,2.7,0.0,0.0,0.0,2.7,9.46,6.76,1.35,1.35,1.35,0.0,14.86,2.7,1.35,17.57,2.7,2.7,12.16,1.35,0.0,0.0,0.0,0.0,0.0,1.35,0.0,0.0,0.0,1.35,0.0,9.46,6.76,2.7,0.0,0.0,0.0,0.0,0.0,0.0,0.0,0.0,0.0
1490,6sy3c4,homeless,financial,"Did you guys ever experience similar periods as I did? A friend of mine from work recently ended up going through a similar situation to what I did and is also homeless now, and the way he describes his life right now is very similar to how mine was when it started for me. Unexpectedly fun and fast paced. And he's also noticed the rather curious trend where its a roll of the dice as to whether the person you decide to let know you're homeless will either be really nice about it or a disgustingly hostile. Funny story, I once had a woman cuss me out in the middle of Wal-mart specifically because she decided that me having rather heavily tattooed arms was just awful (my words not hers lol) when I don't have a place to live.",0,1.0,1502416662,140,23.29,44.33,78.4,38.47,28.0,16.43,92.14,62.86,16.43,12.86,7.14,0.0,2.14,3.57,0.0,3.57,7.86,12.14,11.43,11.43,10.0,1.43,17.86,8.57,5.71,4.29,0.71,0.71,5.0,2.86,2.14,0.0,0.71,0.0,10.0,0.0,1.43,2.14,2.86,11.43,3.57,1.43,1.43,0.71,1.43,5.0,0.71,0.0,0.0,0.0,2.14,0.71,1.43,0.0,0.0,3.57,0.71,0.71,2.14,0.0,0.0,7.14,10.0,1.43,15.0,2.14,5.71,7.86,0.71,0.71,0.0,0.0,0.0,0.0,0.71,0.0,0.71,0.0,0.0,0.0,9.29,2.86,1.43,0.0,0.0,0.71,0.0,0.71,0.0,2.14,1.43,0.0
50518,8wh83o,ptsd,ptsd,I am constantly afraid of when it's going to happen next and I'm so scared I'm going to have some embarrassing reaction to it. It happened today and I was able to play it cool for about 5 minutes and then I went on my lunch and cried my eyes out in my car. I've been having really bad flashbacks all afternoon and night. I really wish it didn't get to me like this. My day was seriously ruined by a harmless prank.,1,1.0,1530851886,83,11.45,3.57,99.0,1.0,16.6,10.84,96.39,61.45,21.69,14.46,14.46,0.0,0.0,0.0,0.0,7.23,1.2,15.66,13.25,8.43,9.64,1.2,24.1,4.82,1.2,1.2,1.2,2.41,12.05,2.41,8.43,3.61,0.0,2.41,1.2,0.0,0.0,0.0,0.0,8.43,0.0,1.2,1.2,1.2,1.2,3.61,2.41,1.2,0.0,1.2,2.41,1.2,0.0,0.0,1.2,3.61,0.0,1.2,0.0,1.2,1.2,8.43,10.84,4.82,19.28,4.82,3.61,10.84,0.0,1.2,0.0,0.0,0.0,0.0,1.2,0.0,0.0,1.2,0.0,0.0,12.05,6.02,0.0,0.0,0.0,0.0,0.0,0.0,0.0,6.02,0.0,0.0
197,6dq1ug,anxiety,anxiety,"I know the best thing for me is to find a new job, but I've been applying for quite awhile now with no luck and I really don't want to move to another job that I don't enjoy and will make me feel the exact same way. I sort of think I have an idea of what I want to do, but I have no idea how to make it happen while still paying my bills so I've been applying to anything that seems like it might be relevant to me, but I'm not sure the right way to go about getting into a field I don't have a degree in. Because of this I feel trapped in my job right now and it gets so bad some days where I feel like just walking out and quitting or just not going in ever again. I'm rambling at this point, does anyone else deal with a job that makes them completely miserable? How do you deal with it?",1,1.0,1495919509,168,15.82,3.73,99.0,47.81,33.6,7.74,95.24,66.67,20.83,12.5,11.31,0.0,0.6,0.0,0.6,8.33,4.76,14.88,11.31,9.52,8.33,4.17,22.62,2.38,2.38,2.38,0.0,1.19,3.57,2.38,1.19,0.6,0.0,0.6,1.79,0.0,0.0,0.0,0.0,21.43,5.36,3.57,1.19,5.36,2.38,4.76,1.79,0.0,0.0,1.79,0.0,0.0,0.0,0.0,0.0,3.57,0.0,1.19,0.6,2.38,0.6,1.19,19.64,1.79,14.88,2.38,7.14,5.36,2.98,0.0,0.0,1.19,0.0,0.0,0.0,0.0,0.0,0.0,0.0,0.0,9.52,1.79,2.38,0.0,0.0,1.19,0.0,0.0,0.0,4.17,0.0,0.0
1251,9rdhyy,assistance,financial,"I need to borrow $60, I was in the hospital earlier this week and missed a shift so I'm going to be short my next check, and I'm already down to only $20. I can pay back $85 by december 14th &#x200B; I've paid back $100 in here before, and I've also posted to /r/borrow already. If you can help I'd really appreciate it, I can provide documentation of being in the hospital and my job",1,0.6,1540496044,77,14.9,12.13,99.0,25.77,25.67,11.69,88.31,62.34,18.18,15.58,14.29,0.0,1.3,0.0,0.0,2.6,3.9,14.29,14.29,11.69,9.09,0.0,16.88,5.19,2.6,0.0,5.19,0.0,2.6,1.3,1.3,0.0,0.0,1.3,3.9,0.0,0.0,0.0,0.0,5.19,1.3,0.0,2.6,1.3,0.0,2.6,0.0,0.0,0.0,0.0,2.6,0.0,2.6,0.0,0.0,2.6,1.3,0.0,2.6,0.0,0.0,9.09,12.99,1.3,19.48,1.3,9.09,11.69,2.6,0.0,0.0,5.19,0.0,0.0,1.3,0.0,1.3,0.0,0.0,0.0,25.97,2.6,5.19,0.0,1.3,0.0,0.0,0.0,0.0,6.49,0.0,10.39
53614,9dr5oz,ptsd,ptsd,"My parents take me very seriously and do what they can to make sure I can avoid him. My original post made it sound like they are not supportive of me and my healing process, but they very much are. I never HAVE to see him, I make that choice willingly so I am able to see my grandma. My mom will often take my grandma out for lunch and invite me so I can see her. I live within a Mexican culture that is very good at sweeping things under the rug, my (immediate) family and I are working through this all together and I love them for what they are doing to support me.",0,1.0,1536297495,116,5.34,27.32,69.96,93.37,23.2,14.66,96.55,66.38,29.31,23.28,16.38,0.0,0.0,2.59,4.31,6.03,1.72,11.21,11.21,6.9,6.9,1.72,18.97,1.72,0.86,1.72,0.0,1.72,7.76,6.03,1.72,0.86,0.0,0.0,13.79,4.31,0.0,3.45,1.72,8.62,0.86,2.59,0.0,0.86,2.59,1.72,3.45,2.59,0.86,0.0,3.45,0.0,1.72,0.0,0.86,9.48,3.45,1.72,0.86,2.59,0.86,0.86,17.24,0.86,7.76,0.0,4.31,2.59,0.86,0.86,2.59,0.0,0.0,0.0,0.0,0.0,0.0,0.0,0.0,0.0,8.62,4.31,2.59,0.0,0.0,0.0,0.0,0.0,0.0,0.0,1.72,0.0
20410,95ij0n,anxiety,anxiety,"i probably havesevere gad. at least i think i do. i need to get help because im avoiding anything i can. school starts again in a few weeks, and im an upcoming sophmore. i want to stop skipping lunch because all of the people in there make me anxious and i cant bring myself to look up i stare at the ground 99% of the time whenever i walk through the halls because i cant stand to make eye contact.",1,0.8,1533699068,80,61.95,3.05,99.0,2.89,16.0,17.5,91.25,57.5,18.75,17.5,17.5,0.0,0.0,0.0,0.0,1.25,7.5,15.0,5.0,5.0,7.5,2.5,18.75,3.75,1.25,1.25,1.25,3.75,2.5,0.0,2.5,2.5,0.0,0.0,3.75,0.0,1.25,0.0,0.0,16.25,1.25,6.25,2.5,2.5,1.25,2.5,3.75,3.75,0.0,0.0,2.5,1.25,0.0,0.0,1.25,6.25,1.25,0.0,2.5,1.25,2.5,0.0,20.0,1.25,17.5,2.5,7.5,7.5,1.25,0.0,0.0,0.0,0.0,0.0,0.0,0.0,0.0,0.0,0.0,0.0,8.75,6.25,1.25,0.0,0.0,0.0,0.0,0.0,0.0,0.0,0.0,1.25
28237,7c4yyu,domesticviolence,abuse,"John often withholds her very necessary prescription drugs to get his way, which is super messed up. Recently she had a small financial windfall and he became super nice and after they spent it all he reverted. He's extremely manipulative and abusive. She's shown us pictures of bruises. The plan right now is that she'll get her prescription sent to somewhere near us, then while John is at work, she leaves with her service dog, meets us in our car and we take her to our house a few hours away.",0,0.833333333,1510357845,91,25.61,99.0,2.11,67.32,18.2,16.48,90.11,56.04,25.27,20.88,0.0,6.59,0.0,13.19,1.1,3.3,3.3,12.09,7.69,5.49,6.59,0.0,15.38,8.79,2.2,1.1,0.0,2.2,4.4,3.3,1.1,0.0,1.1,0.0,23.08,0.0,0.0,8.79,4.4,7.69,1.1,1.1,0.0,2.2,3.3,0.0,1.1,1.1,0.0,0.0,3.3,0.0,3.3,0.0,0.0,18.68,7.69,4.4,3.3,3.3,0.0,4.4,12.09,3.3,20.88,3.3,9.89,7.69,3.3,0.0,1.1,2.2,0.0,0.0,0.0,0.0,0.0,0.0,0.0,0.0,13.19,5.49,4.4,0.0,0.0,0.0,0.0,0.0,0.0,3.3,0.0,0.0
1351,5p0gfr,ptsd,ptsd,"I'm afraid that maybe they aren't true and I'm demonizing him in my memory because having a villain that did horrible things to me is just easier to digest than the complicated truth. The worst thing is, I can't bring myself to talk to anybody. I always felt like I wasn't bad enough to need a doctor. I felt like I could get through it on my own. Even now, its hard for me to open up to my fiance about these things.",1,1.0,1484870728,83,30.32,3.57,93.56,3.2,16.6,8.43,96.39,69.88,28.92,18.07,15.66,0.0,0.0,1.2,1.2,10.84,4.82,19.28,10.84,6.02,2.41,3.61,18.07,9.64,6.02,0.0,0.0,0.0,9.64,3.61,6.02,2.41,1.2,0.0,6.02,1.2,1.2,0.0,2.41,19.28,4.82,1.2,2.41,2.41,3.61,4.82,3.61,0.0,0.0,3.61,2.41,0.0,2.41,0.0,1.2,7.23,1.2,0.0,2.41,1.2,2.41,4.82,14.46,0.0,8.43,1.2,4.82,2.41,1.2,0.0,0.0,0.0,0.0,0.0,0.0,0.0,0.0,0.0,0.0,0.0,14.46,6.02,2.41,0.0,0.0,0.0,0.0,0.0,0.0,6.02,0.0,0.0
41856,9jfvt6,ptsd,ptsd,"Things are great in my life, work, personal relationships... and then I get a Friend Suggestion  on Facebook, to see if I'd like to add someone from my past. My worst/abusive ex-boyfriend from 10 years ago recently joined FB. I hadn't been able to block him as he most likely used a fake name. I stupidly visited his page. He's different.",0,1.0,1538076372,62,53.27,74.07,39.18,1.0,10.33,17.74,95.16,48.39,20.97,17.74,11.29,0.0,0.0,6.45,0.0,3.23,3.23,14.52,8.06,0.0,6.45,1.61,16.13,12.9,9.68,0.0,1.61,3.23,9.68,1.61,6.45,0.0,3.23,0.0,22.58,0.0,3.23,0.0,6.45,9.68,0.0,1.61,1.61,6.45,0.0,3.23,1.61,1.61,0.0,0.0,1.61,0.0,1.61,0.0,0.0,17.74,8.06,3.23,0.0,4.84,1.61,11.29,9.68,1.61,12.9,1.61,3.23,8.06,1.61,1.61,0.0,0.0,0.0,0.0,1.61,0.0,1.61,0.0,0.0,0.0,25.81,12.9,4.84,0.0,0.0,0.0,0.0,1.61,0.0,4.84,0.0,1.61
2913,7t13ph,food_pantry,financial,"-I'm not doing this for people to MAKE money, but to help those struggling to feed themselves and/or family. My days of that are over. -if any supermarkets or stores offer similar promotions in other countries, let me know and I'll look into what can be done. DM me regarding this. And remember, anything spare you have, please donate to food banks.",0,0.833333333,1516929718,63,17.96,21.36,84.08,25.77,12.6,14.29,96.83,61.9,22.22,11.11,7.94,0.0,1.59,0.0,1.59,11.11,0.0,15.87,14.29,0.0,11.11,1.59,20.63,1.59,1.59,1.59,0.0,1.59,3.17,1.59,1.59,1.59,0.0,0.0,9.52,1.59,0.0,0.0,0.0,17.46,3.17,1.59,1.59,7.94,0.0,9.52,1.59,1.59,0.0,0.0,3.17,0.0,0.0,0.0,3.17,11.11,6.35,1.59,4.76,1.59,0.0,3.17,14.29,1.59,7.94,0.0,6.35,1.59,3.17,1.59,1.59,6.35,0.0,0.0,1.59,0.0,1.59,0.0,0.0,0.0,22.22,7.94,6.35,0.0,0.0,0.0,0.0,3.17,0.0,3.17,0.0,1.59
553,9qr1nd,food_pantry,financial,"<url> <url> I am willing to answer any questions and show proof. * Edit, the candies are because after 20++ years he finally stopped smoking and it helps the cravings. The apple juice helps him take his medication.",0,0.571428571,1540314901,37,62.04,86.02,4.5,97.99,12.33,24.32,86.49,43.24,13.51,10.81,2.7,0.0,0.0,8.11,0.0,2.7,8.11,5.41,5.41,2.7,8.11,0.0,16.22,5.41,2.7,0.0,2.7,2.7,8.11,5.41,0.0,0.0,0.0,0.0,13.51,0.0,0.0,0.0,8.11,13.51,5.41,2.7,0.0,5.41,2.7,0.0,2.7,2.7,0.0,0.0,10.81,0.0,2.7,0.0,8.11,13.51,5.41,0.0,0.0,5.41,2.7,2.7,13.51,0.0,10.81,0.0,0.0,10.81,2.7,0.0,0.0,0.0,0.0,0.0,0.0,0.0,0.0,0.0,0.0,0.0,29.73,8.11,2.7,0.0,0.0,0.0,0.0,0.0,0.0,0.0,0.0,18.92
1520,9guyyo,ptsd,ptsd,"She also told me that I was an idiot for wasting my life, or attempting to end it anyways. I came out of that appointment in tears. That was a horrible day and I still think about it. It made me feel like I had nothing to complain about. Its only taken me until the last couple of weeks to finally accept that I did nothing wrong.",1,0.571428571,1537278426,67,25.2,6.79,97.53,1.0,13.4,13.43,95.52,68.66,26.87,14.93,13.43,0.0,0.0,1.49,0.0,11.94,4.48,17.91,5.97,10.45,5.97,2.99,16.42,2.99,1.49,0.0,0.0,1.49,8.96,1.49,7.46,1.49,1.49,1.49,4.48,0.0,0.0,1.49,0.0,10.45,4.48,1.49,0.0,1.49,2.99,1.49,1.49,0.0,0.0,1.49,1.49,0.0,1.49,0.0,0.0,2.99,0.0,0.0,0.0,1.49,1.49,11.94,2.99,0.0,14.93,1.49,2.99,10.45,0.0,0.0,0.0,0.0,0.0,0.0,2.99,1.49,0.0,0.0,0.0,1.49,8.96,7.46,1.49,0.0,0.0,0.0,0.0,0.0,0.0,0.0,0.0,0.0
243,7kz28a,ptsd,ptsd,"I didn’t realize before my brother had kids just how high pitch they can get. I don’t have kids nor do I want them. I’m expected to be around them 24/7 and when they’re all losing their shit, all I want to do is crawl into a hole and hide away. I’m constantly on edge because I’m constantly being startled or scared, there’s a lot of yelling and screaming and crying, and it’s only the end of day 3 of a two week vacation. Sorry for the long post, I don’t have anyone to talk to about this until January when I see my therapist next.",1,1.0,1513744657,107,9.03,20.02,94.95,1.0,21.4,11.21,96.26,62.62,16.82,14.02,10.28,0.0,0.0,0.0,3.74,2.8,4.67,14.02,16.82,9.35,11.21,3.74,23.36,4.67,0.93,2.8,3.74,2.8,7.48,0.0,7.48,1.87,1.87,2.8,9.35,0.93,0.0,0.0,0.93,12.15,0.93,1.87,2.8,2.8,1.87,2.8,3.74,0.93,1.87,0.0,1.87,0.93,0.93,0.0,0.0,4.67,0.93,0.93,0.93,0.93,1.87,1.87,19.63,0.93,19.63,0.93,7.48,10.28,0.0,0.93,0.0,0.0,0.0,0.0,0.93,0.93,0.0,0.0,0.0,0.0,17.76,4.67,3.74,0.0,0.0,0.0,0.0,0.0,0.0,8.41,0.0,0.93
1286,9md6qz,survivorsofabuse,abuse,"With my therapist's help, I was able to start functioning better, being able to take care of myself a bit better, do certain things for myself, like going into a store solo for errands, without needing someone there as a safety-anchor. &#x200B; However...  Over those seven years, there's been a lot of turmoil for me. Nana ended up going through multiple strokes, one of them eventually rendering her righthand hemiplegic, necessitating her moving into a nursing home, which meant her house and assets had to be sold. Mum and I then moved in with her aunt (my great-aunt), who needed someone there due to her PArkinsons getting to the point where she had very limited mobility.",0,0.6,1538988585,118,75.11,66.42,24.96,92.9,23.6,19.49,90.68,55.08,16.95,11.86,5.93,0.0,0.0,5.08,0.85,5.08,5.08,18.64,6.78,5.93,4.24,0.85,17.8,3.39,3.39,2.54,1.69,2.54,5.93,5.08,0.85,0.85,0.0,0.0,12.71,3.39,0.0,8.47,0.0,7.63,0.85,0.0,1.69,2.54,0.85,1.69,0.85,0.0,0.0,0.85,1.69,0.0,1.69,0.0,0.0,10.17,0.85,4.24,2.54,4.24,0.85,7.63,5.08,3.39,15.25,4.24,5.93,5.08,0.85,0.0,1.69,1.69,0.0,0.0,0.0,0.0,0.0,0.0,0.0,0.0,22.03,5.93,8.47,0.0,0.85,0.0,0.0,1.69,0.0,1.69,1.69,1.69
27192,7adan0,food_pantry,financial,"So I'm getting a cheap apartment, most utilities included, and all maintenance covered. I used the last of my savings for the application fee and hold fee. I'm going to be moving at the end of the month and it's going to be tight, paying the security deposit and prorated rent when I already had to pay lot rent for the trailer this month. I'm selling the trailer at a loss to get about a third of it, selling everything I don't need in the hopes for another third, and I should be able to cover the rest from my paycheck... If I cut the grocery bill.",0,0.6,1509645630,107,80.6,15.19,29.43,25.77,21.4,18.69,91.59,55.14,14.02,9.35,9.35,0.0,0.0,0.0,0.0,4.67,12.15,14.95,9.35,3.74,7.48,0.93,18.69,1.87,0.93,0.93,1.87,3.74,3.74,1.87,1.87,0.0,0.0,0.93,0.93,0.0,0.0,0.0,0.0,8.41,0.0,0.93,3.74,3.74,1.87,0.93,0.93,0.0,0.0,0.93,0.93,0.0,0.0,0.0,0.93,5.61,0.0,1.87,0.93,1.87,1.87,3.74,10.28,1.87,11.21,2.8,2.8,5.61,3.74,0.0,2.8,12.15,0.0,0.0,0.0,0.0,0.0,0.0,0.0,0.0,15.89,6.54,4.67,0.0,0.0,0.0,0.0,0.0,0.0,4.67,0.0,0.0
1424,6nhkiw,assistance,financial,"After burning out, I fumbled through a tough, 8-year commitment in the United States Marine Corps. I then went back to college and  obtained an Associates Degree with a 4.0 GPA, before burning out just shy of a Bachelors. Following that, by leveraging my limited IT experience from the Marine Corps,  I landed a job averaging $110k annually with a Fortune 500 company. Along the way I got married, and my wife and I now have four, brilliant children. Three years since burning up (again) and walking away from the $110k job, life continues to go completely down hill.",1,0.8,1500144227,100,98.2,46.0,90.87,25.77,20.0,24.0,85.0,49.0,9.0,7.0,7.0,0.0,0.0,0.0,0.0,2.0,10.0,19.0,1.0,5.0,5.0,0.0,7.0,5.0,2.0,0.0,5.0,0.0,3.0,1.0,1.0,1.0,0.0,0.0,6.0,2.0,0.0,1.0,1.0,3.0,0.0,1.0,0.0,0.0,2.0,0.0,4.0,0.0,0.0,3.0,1.0,0.0,1.0,0.0,0.0,10.0,3.0,3.0,3.0,2.0,0.0,3.0,4.0,1.0,22.0,4.0,8.0,11.0,8.0,0.0,0.0,1.0,0.0,0.0,0.0,0.0,0.0,0.0,0.0,0.0,18.0,5.0,8.0,0.0,0.0,0.0,0.0,1.0,0.0,0.0,2.0,2.0
176,9svqbq,anxiety,anxiety,"Background: This time last year I lost my job, got evicted and my car broke down all in the same month. Cut to today and I found out my site is closing and we'll all soon be out of the job. I just feel like a big ball of anxiety and like I can't quite turn my brain off. It's like the world beneath my feet is off and I'm doing everything I can not to cry. Sorry for the brick of text.",1,1.0,1540961525,83,69.77,7.43,99.0,1.0,16.6,7.23,95.18,60.24,18.07,14.46,13.25,1.2,0.0,0.0,0.0,3.61,6.02,19.28,9.64,2.41,6.02,2.41,16.87,3.61,4.82,0.0,0.0,2.41,7.23,0.0,7.23,1.2,0.0,4.82,2.41,0.0,0.0,0.0,0.0,9.64,2.41,0.0,0.0,1.2,3.61,2.41,1.2,0.0,0.0,1.2,2.41,2.41,0.0,0.0,0.0,6.02,1.2,1.2,2.41,1.2,0.0,4.82,12.05,2.41,22.89,3.61,12.05,7.23,2.41,1.2,0.0,0.0,0.0,0.0,0.0,0.0,0.0,0.0,0.0,0.0,13.25,6.02,1.2,1.2,0.0,0.0,0.0,0.0,0.0,4.82,0.0,0.0
47406,9i9y2v,anxiety,anxiety,"I just got a small job offer from a friend of mine who works prepping dessert plates at a restaurant, and well I agreed to try it out but I feel so anxious. This happens every time I look for jobs and they actually want to hear of me. I don’t know why, the whole process just feels like my embarrassment on display and I’m afraid to commit myself to working part time due to this. It’s nothing hard yet I feel so ashamed when I tell my family and partner that I didn’t simply like the job or feel like it’s demanding too much of me atm. It’s like getting a job takes so much from me atleast socially.",1,1.0,1537722282,120,32.98,13.93,86.07,6.91,24.0,14.17,96.67,58.33,20.83,14.17,13.33,0.0,0.0,0.0,0.83,6.67,5.0,15.0,5.0,10.0,8.33,2.5,18.33,3.33,3.33,2.5,0.0,4.17,5.0,1.67,3.33,3.33,0.0,0.0,8.33,0.83,1.67,0.0,0.0,12.5,4.17,0.83,0.83,1.67,2.5,3.33,6.67,1.67,0.83,4.17,1.67,0.0,0.0,0.0,1.67,10.83,3.33,2.5,2.5,2.5,0.0,1.67,15.83,0.0,7.5,0.0,3.33,4.17,5.0,1.67,0.83,0.83,0.0,0.0,1.67,0.0,0.83,0.0,0.83,0.0,10.83,4.17,1.67,0.0,0.0,0.0,0.0,0.0,0.0,5.0,0.0,0.0
371,8vwmzd,ptsd,ptsd,"We have an active community with diverse interests and diagnoses. We do require that our members be people suffering from disorders rather than asking for advice on another's behalf. Our focus is on support, so we have 10+ support channels in which you can talk 1:1 with a support volunteer. We have lots of off-topic channels for creativity, physical health, meme-spam, and a daily-prompt for writing exercises. The Haven: Care when you need it, care for others when you can.",0,1.0,1530658387,84,64.03,99.0,4.35,99.0,16.8,22.62,83.33,52.38,15.48,10.71,0.0,7.14,3.57,0.0,0.0,4.76,4.76,15.48,9.52,4.76,5.95,0.0,17.86,4.76,1.19,3.57,3.57,1.19,10.71,9.52,1.19,0.0,0.0,1.19,17.86,0.0,0.0,0.0,0.0,8.33,1.19,1.19,2.38,1.19,0.0,3.57,0.0,0.0,0.0,0.0,4.76,0.0,4.76,0.0,0.0,10.71,9.52,1.19,0.0,0.0,0.0,0.0,17.86,0.0,8.33,0.0,4.76,3.57,2.38,3.57,0.0,0.0,0.0,0.0,0.0,0.0,0.0,0.0,0.0,0.0,20.24,5.95,5.95,2.38,0.0,0.0,0.0,3.57,0.0,1.19,0.0,1.19
2581,6l3rru,anxiety,anxiety,I have it for 7.5mg twice a day. I also took Trazadone one night and felt similar effects from the Klonopin. Does Buspar have much in terms of withdrawal? I am thinking of maybe picking up some L-Ornithine HCL and Glycine for sleep quality to see if that helps. I would prefer to stay away from pharma medications just due to the possible side effects and withdrawal issues.,0,1.0,1499128164,70,85.46,28.39,52.86,52.57,14.0,20.0,81.43,47.14,8.57,5.71,5.71,0.0,0.0,0.0,0.0,2.86,4.29,17.14,7.14,4.29,7.14,0.0,17.14,1.43,1.43,0.0,4.29,2.86,1.43,1.43,0.0,0.0,0.0,0.0,1.43,0.0,0.0,0.0,0.0,15.71,7.14,4.29,4.29,5.71,0.0,1.43,2.86,1.43,0.0,1.43,5.71,1.43,4.29,0.0,0.0,4.29,1.43,0.0,1.43,1.43,0.0,2.86,10.0,0.0,11.43,1.43,7.14,4.29,0.0,0.0,0.0,0.0,0.0,0.0,0.0,0.0,0.0,0.0,0.0,0.0,8.57,5.71,0.0,0.0,0.0,1.43,0.0,1.43,0.0,0.0,0.0,0.0
54284,8i98ia,homeless,financial,"I might be homeless soon, I have about 500 dollars in my bank account and I NEED to get out of Massachusetts. I am going to be a college drop-out in my 3rd year due to family reason instead of academics. After a lot of research, I am contemplating between Wichita, Kansas and Columbus, Ohio. I really just want a minimum wage job where I can have a bed and private bathroom. Afterward I can get my life together and start taking programming jobs again.",1,0.6,1525898066,86,61.87,12.25,97.26,25.77,17.2,20.93,90.7,54.65,12.79,12.79,12.79,0.0,0.0,0.0,0.0,0.0,4.65,15.12,10.47,8.14,4.65,0.0,16.28,1.16,1.16,1.16,1.16,1.16,0.0,0.0,0.0,0.0,0.0,0.0,3.49,1.16,0.0,0.0,0.0,9.3,2.33,1.16,2.33,2.33,0.0,2.33,0.0,0.0,0.0,0.0,1.16,0.0,1.16,0.0,0.0,6.98,2.33,0.0,1.16,3.49,0.0,0.0,15.12,3.49,17.44,2.33,6.98,8.14,9.3,2.33,3.49,4.65,0.0,0.0,0.0,0.0,0.0,0.0,0.0,0.0,11.63,5.81,4.65,0.0,0.0,0.0,0.0,1.16,0.0,0.0,0.0,0.0
754,7nt9r6,relationships,social,"So the now: we had been commiserating for a while about our shitty exes and stress, and about 3 weeks ago I was on a date and realized I would have rather just spent the night with her instead of the date. A couple days later while having some drinks and de-stressing I kissed her. She kissed me back. We stopped before having sex and ended up meeting a couple days later where we both agreed to take things slow, in light of our most recent breakups. We ended up spending the next few nights together as she didn't want to be home around her ex and we just cuddled and would kiss but then stop before we had sex.",0,1.0,1514966681,121,37.94,92.0,81.8,40.65,24.2,8.26,96.69,59.5,14.88,14.05,3.31,6.61,0.0,4.13,0.0,0.83,6.61,13.22,9.09,9.09,10.74,0.83,15.7,8.26,5.79,0.83,0.83,4.96,5.79,3.31,2.48,1.65,0.83,0.0,15.7,0.0,1.65,4.13,0.0,8.26,0.83,0.0,3.31,1.65,0.0,3.31,0.83,0.83,0.0,0.0,3.31,0.83,0.0,1.65,0.83,14.88,10.74,0.0,1.65,0.83,1.65,9.09,4.13,0.83,26.45,0.83,7.44,19.83,0.83,0.83,0.83,1.65,0.0,0.0,1.65,0.83,0.0,0.0,0.0,0.0,8.26,4.13,1.65,0.83,0.0,0.0,0.0,0.83,0.0,0.83,0.0,0.0
914,8b0cas,ptsd,ptsd,"When I was eighteen I lived with my father as adult roomates, I found him four years later at 22, when he died of a heroin overdose. He was bereft at the fact that he had done wrong by us kids during those years. He had striven to be better than his father, who was a overtly cruel man who abandoned the family when he was 11. It is so hard for me to think he knew any better. The only way he could have done right by us, would have been to give us kids up.",0,0.6,1523295620,97,27.51,98.03,5.39,12.19,19.4,6.19,93.81,62.89,22.68,17.53,5.15,3.09,0.0,9.28,0.0,5.15,5.15,14.43,15.46,5.15,5.15,0.0,21.65,8.25,5.15,5.15,4.12,1.03,5.15,2.06,3.09,0.0,1.03,1.03,23.71,3.09,1.03,0.0,12.37,8.25,3.09,0.0,2.06,1.03,1.03,1.03,1.03,0.0,0.0,1.03,1.03,0.0,1.03,0.0,0.0,9.28,4.12,3.09,1.03,2.06,1.03,13.4,6.19,0.0,13.4,0.0,6.19,7.22,0.0,1.03,2.06,0.0,0.0,1.03,0.0,0.0,0.0,0.0,0.0,0.0,9.28,5.15,4.12,0.0,0.0,0.0,0.0,0.0,0.0,0.0,0.0,0.0
7727,61z3an,anxiety,anxiety,"I'm 29 and I've just committed to moving into a shared apartment in my city centre. I've never lived in a place like this before because it's an en-suite with my own double bedroom and bathroom, but the kitchen and lounge is shared with about 15 other 'profressionals' It's right in the centre of a bustling city near all the bars and music venues. I've always lived in the suburbs but I've always felt a bit disconnected from everything because most of my (limited) social life takes place in the city centre. But now I'm scared because I'm such an introvert and there's going to be lots of people around all the time and I'm worried I've made a mistake. Another big worry of mine is that my ex best friend lives just a few streets away from where I will be living and we are going to be sharing the same supermarket etc.",1,1.0,1490704882,155,58.69,25.93,96.14,25.77,31.0,13.55,91.61,56.77,14.84,10.32,9.68,0.65,0.0,0.0,0.0,4.52,9.68,14.84,12.26,5.81,8.39,0.65,21.29,5.16,3.23,0.65,1.94,5.16,5.16,2.58,2.58,1.94,0.0,0.0,5.81,0.0,0.65,0.0,0.0,12.26,0.65,2.58,0.65,1.29,4.52,2.58,1.29,0.0,0.65,0.65,4.52,0.0,3.23,0.0,1.29,6.45,3.87,1.29,1.29,1.29,0.0,3.87,14.19,1.94,19.35,1.94,13.55,3.87,0.0,2.58,2.58,0.0,0.0,0.0,0.65,0.0,0.0,0.0,0.0,0.0,14.84,3.23,0.65,0.0,0.0,0.0,0.0,0.65,0.0,9.03,1.29,0.0
831,86p2q2,homeless,financial,I wanna break down my situation. I know you guys can't help but I need to vent. My partner works in a job he is treated like crap in and hates for little money. He is looking for new work. That's good and I'm proud of him.,0,0.8,1521847111,47,41.79,33.52,51.84,25.77,9.4,8.51,93.62,57.45,23.4,21.28,12.77,0.0,2.13,6.38,0.0,2.13,2.13,17.02,10.64,0.0,6.38,2.13,19.15,2.13,2.13,0.0,0.0,0.0,8.51,4.26,4.26,0.0,4.26,0.0,14.89,0.0,4.26,0.0,8.51,10.64,2.13,0.0,4.26,0.0,0.0,4.26,2.13,2.13,0.0,0.0,2.13,2.13,0.0,0.0,0.0,14.89,4.26,6.38,4.26,2.13,0.0,0.0,21.28,2.13,12.77,0.0,8.51,2.13,6.38,0.0,0.0,2.13,0.0,0.0,4.26,2.13,0.0,0.0,0.0,0.0,17.02,10.64,0.0,0.0,0.0,0.0,0.0,0.0,0.0,6.38,0.0,0.0
319,7q4qv8,relationships,social,"When I'm single it's never an issue if a person I'm seeing is sleeping with others but as soon as I fall in love, I can get kind of possessive. My partner is very much the opposite. All of his relationships have been open and he's slept with pretty much all of his friends. Maybe a few months ago he told me that he'd really like it if I slept with other people. I was fairly keen but was getting weird gut fear at the thought of him sleeping with other people.",0,0.571428571,1515853873,91,18.66,33.02,49.19,45.98,18.2,10.99,97.8,60.44,21.98,15.38,8.79,0.0,0.0,6.59,0.0,6.59,5.49,13.19,13.19,6.59,8.79,1.1,23.08,7.69,3.3,1.1,1.1,6.59,5.49,3.3,2.2,1.1,0.0,0.0,15.38,0.0,2.2,0.0,6.59,18.68,1.1,0.0,2.2,6.59,3.3,9.89,1.1,1.1,0.0,0.0,6.59,5.49,0.0,0.0,0.0,6.59,4.4,0.0,0.0,2.2,0.0,7.69,10.99,1.1,9.89,1.1,3.3,5.49,0.0,0.0,0.0,0.0,0.0,0.0,0.0,0.0,0.0,0.0,0.0,0.0,12.09,5.49,1.1,0.0,0.0,0.0,0.0,0.0,0.0,5.49,0.0,0.0
949,9f9x15,domesticviolence,abuse,"While he constantly texts and asks what I'm doing. If I don't satisfactorily respond, he gets passive aggressive and tells me he's worried about what I'm doing, he's ""bugging out"" his ears are ringing so he knows I'm doing something. He said that today. Via text when I was on the phone with driver control. It makes me think he is psychic or something, because any time I do anything to try and get past this relationship, for myself, it's like he knows.",0,0.571428571,1536774082,83,1.0,64.13,18.69,10.54,16.6,18.07,93.98,65.06,32.53,21.69,10.84,0.0,0.0,10.84,0.0,10.84,1.2,9.64,16.87,4.82,10.84,1.2,30.12,2.41,1.2,3.61,0.0,1.2,3.61,1.2,2.41,1.2,1.2,0.0,18.07,0.0,0.0,0.0,10.84,15.66,3.61,3.61,1.2,8.43,0.0,2.41,4.82,0.0,4.82,0.0,1.2,1.2,0.0,0.0,0.0,7.23,1.2,1.2,2.41,2.41,0.0,3.61,24.1,0.0,10.84,0.0,3.61,7.23,0.0,0.0,0.0,0.0,0.0,0.0,0.0,0.0,0.0,0.0,0.0,0.0,22.89,6.02,6.02,0.0,0.0,0.0,0.0,0.0,2.41,8.43,0.0,0.0
623,96zmss,ptsd,ptsd,"They threw me up against the wall, patted me down and told me to sit down outside. The first agent ran in making quick tactical turns around the corners and in the rooms with his gun out. I asked one of the cops what was going on a few times before the words ""Child Pornography"" dropped out of his mouth like a fucking anvil in my gut. I didn't say anything, I could not comprehend that it was really happening. I've been through some shit in my life but I've never experienced the level of total bewilderment and unreality that I did when I realized the FBIs Crimes Against Children unit was raiding me for kiddie porn.",1,0.571428571,1534176820,117,82.0,8.59,99.0,6.64,23.4,15.38,88.89,58.97,17.95,13.68,11.11,0.0,0.0,1.71,0.85,4.27,8.55,19.66,7.69,3.42,4.27,2.56,17.09,2.56,1.71,1.71,1.71,2.56,1.71,0.0,1.71,0.0,1.71,0.0,6.84,0.0,0.0,0.0,1.71,11.97,1.71,0.85,0.85,1.71,1.71,5.13,1.71,0.0,0.85,0.0,5.98,2.56,0.85,2.56,0.0,5.98,0.0,0.85,5.13,0.0,0.0,9.4,4.27,0.85,23.93,3.42,14.53,5.98,0.85,0.0,0.85,0.0,0.0,0.0,1.71,1.71,0.0,0.0,0.0,0.0,10.26,4.27,1.71,0.0,0.0,0.0,0.0,0.0,1.71,2.56,0.0,0.0
10663,7rfjom,assistance,financial,"Link to donate: <url> Below You can find the mission statement for the fundraiser, but I'd like to say something first. This is the programs tenth year and we're looking to leave a legacy for the next ten years of players to come through. But not only the, but our community. We use a public field that is shared with our community and we love them.",0,1.0,1516332924,66,84.89,97.51,70.57,80.64,16.5,15.15,90.91,59.09,16.67,12.12,1.52,7.58,1.52,0.0,1.52,4.55,10.61,16.67,6.06,1.52,7.58,1.52,18.18,1.52,1.52,0.0,4.55,0.0,3.03,3.03,0.0,0.0,0.0,0.0,19.7,0.0,0.0,0.0,0.0,13.64,4.55,1.52,0.0,1.52,0.0,6.06,3.03,1.52,1.52,0.0,1.52,0.0,0.0,0.0,0.0,18.18,15.15,1.52,1.52,0.0,0.0,1.52,15.15,0.0,12.12,3.03,3.03,6.06,1.52,0.0,0.0,1.52,0.0,0.0,0.0,0.0,0.0,0.0,0.0,0.0,16.67,6.06,3.03,1.52,0.0,0.0,0.0,0.0,0.0,3.03,0.0,3.03
1142,7nzsj1,relationships,social,"He has struggled to hold jobs, finish his degree, or make rent on a monthly basis. Joe and Janet live in the big city a few hours away from the small town where they grew up. They came here for university and stayed. About half of Joe’s circle of friends is Janet’s friend circle including ex boyfriends and her college peers. The other half are bar friends.",0,0.571428571,1515032354,67,92.84,88.37,49.3,8.14,13.4,11.94,89.55,46.27,8.96,7.46,0.0,0.0,0.0,4.48,2.99,1.49,7.46,16.42,4.48,4.48,5.97,0.0,13.43,4.48,0.0,1.49,2.99,1.49,1.49,0.0,1.49,1.49,0.0,0.0,14.93,0.0,5.97,1.49,4.48,5.97,0.0,2.99,0.0,1.49,0.0,2.99,2.99,2.99,0.0,0.0,2.99,0.0,1.49,0.0,1.49,11.94,5.97,0.0,5.97,0.0,0.0,4.48,7.46,0.0,22.39,4.48,14.93,4.48,4.48,1.49,1.49,1.49,0.0,0.0,1.49,0.0,0.0,0.0,0.0,0.0,13.43,7.46,2.99,0.0,0.0,0.0,0.0,0.0,0.0,2.99,0.0,0.0
748,7260ll,anxiety,anxiety,"I am not sad, I am not depressed, I am still a very happy and optimistic person with a great life, good friends, family, job, all that. But I am struggling to manage this anxiety because it spills into life. I don't have thoughts I obsess over, I don't worry about anything really. It's just the stress I have been through set up my body for this crap response. Besides relaxation, meditation and such, what can you recommend?",1,0.6,1506270429,78,9.98,6.21,55.26,1.0,15.6,17.95,97.44,64.1,21.79,12.82,11.54,0.0,1.28,0.0,0.0,8.97,3.85,11.54,14.1,7.69,5.13,5.13,14.1,5.13,0.0,1.28,0.0,1.28,16.67,6.41,10.26,6.41,1.28,2.56,6.41,1.28,1.28,0.0,0.0,12.82,1.28,2.56,1.28,1.28,1.28,5.13,0.0,0.0,0.0,0.0,5.13,2.56,2.56,0.0,0.0,11.54,2.56,0.0,5.13,3.85,0.0,1.28,14.1,0.0,5.13,0.0,3.85,1.28,2.56,3.85,1.28,0.0,1.28,0.0,1.28,1.28,0.0,0.0,0.0,0.0,21.79,5.13,11.54,0.0,0.0,1.28,0.0,0.0,0.0,3.85,0.0,0.0
671,5x3dvl,anxiety,anxiety,"> Eventually I fell asleep, probably around 11:15 PM. During the night, I had many bizarre dreams, some bordering on nightmares. I woke up around 5:00 AM naturally, as I always do. My alarm is set for 7:00 AM, so I still had 2 hours to sleep. I tried to fall back asleep, and for the next 2 hours, I drifted in and out of sleep, continuing to have bizarre dreams whenever I did fall asleep.",0,1.0,1488463736,78,57.24,12.43,99.0,2.7,15.6,12.82,82.05,52.56,11.54,11.54,11.54,0.0,0.0,0.0,0.0,0.0,2.56,17.95,10.26,10.26,6.41,0.0,14.1,6.41,1.28,1.28,10.26,2.56,2.56,0.0,2.56,1.28,0.0,0.0,0.0,0.0,0.0,0.0,0.0,5.13,0.0,0.0,0.0,3.85,1.28,0.0,0.0,0.0,0.0,0.0,6.41,6.41,0.0,0.0,0.0,3.85,0.0,1.28,1.28,0.0,1.28,7.69,6.41,1.28,26.92,5.13,10.26,12.82,0.0,2.56,0.0,0.0,0.0,0.0,0.0,0.0,0.0,0.0,0.0,0.0,21.79,6.41,10.26,3.85,0.0,0.0,0.0,0.0,0.0,0.0,0.0,1.28
2658,7ffowi,food_pantry,financial,"I've had a really turbulent month and unexpected bills, and trouble with an old landlord, which has resulted in me almost being in minus on my account and almost out of rice to feed myself, i moved and got scammed out of my deposit from my landlord, which i am still awaiting, and had to buy some new things aswell as take care of my sick mate. Would really appreciate any help so i could feed myself the upcoming time, not sure if i can offer much in return except my utmost gratitude (Though tell me if you need anything and i might be able to help). This is really a last resort for me, no food banks nearby or any family i could get help from unfortunately. Thanks in advance for reading, cheers! Location Denmark",1,0.8,1511622218,136,39.39,8.12,87.63,67.46,27.2,13.97,94.12,58.09,16.91,13.24,12.5,0.0,0.74,0.0,0.0,3.68,2.94,15.44,9.56,5.88,8.82,1.47,15.44,2.94,0.74,1.47,0.0,2.94,6.62,4.41,2.21,0.0,0.0,0.0,5.88,0.74,0.74,0.0,0.0,16.91,0.74,0.74,4.41,7.35,0.74,6.62,0.0,0.0,0.0,0.0,3.68,0.0,0.74,0.0,2.94,9.56,3.68,1.47,3.68,2.94,0.74,2.94,8.82,1.47,12.5,1.47,5.88,5.15,0.74,0.74,2.21,3.68,0.0,0.0,0.0,0.0,0.0,0.0,0.0,0.0,11.03,2.21,5.88,0.0,0.0,0.0,0.74,0.0,0.0,0.74,1.47,0.0
1451,78sx70,ptsd,ptsd,"I had two friends attempt (no longer friends because one was a narcissist and the other was an abusive borderline) and both those attempts traumatized me. They made me so upset. I also was upset about the fake accusation about talking about rape porn. I keep thinking about my assault. It happened in public, at night time and it's almost like I can see how dark it is and how he forced himself upon me.",1,1.0,1508987660,75,8.19,34.44,52.22,1.0,15.0,20.0,94.67,60.0,21.33,14.67,10.67,0.0,0.0,2.67,1.33,6.67,5.33,10.67,9.33,12.0,12.0,1.33,16.0,5.33,2.67,2.67,2.67,1.33,9.33,0.0,9.33,2.67,4.0,0.0,9.33,0.0,2.67,0.0,2.67,12.0,1.33,6.67,0.0,2.67,0.0,1.33,2.67,2.67,0.0,0.0,2.67,0.0,0.0,2.67,0.0,5.33,2.67,0.0,2.67,0.0,0.0,8.0,6.67,0.0,10.67,0.0,8.0,2.67,0.0,0.0,0.0,0.0,0.0,0.0,0.0,0.0,0.0,0.0,0.0,0.0,12.0,6.67,1.33,0.0,0.0,0.0,0.0,0.0,0.0,1.33,2.67,0.0
20830,7s0csc,relationships,social,"I don't know. I keep overthinking everything and I am worrying about what it would be like to be with him for an extended amount of time. What if it is horrible and we end up hating each other? I fear that I cannot deliver what he wants and deserves emotionally and sexually, and those fears stunt my ability to love him freely. I am wary of the fact I have no control over the outcome of that.",1,1.0,1516567194,78,15.66,18.47,12.52,1.0,15.6,15.38,92.31,66.67,28.21,15.38,10.26,1.28,0.0,3.85,0.0,12.82,3.85,14.1,11.54,1.28,7.69,3.85,17.95,1.28,1.28,3.85,0.0,2.56,8.97,2.56,6.41,5.13,1.28,0.0,7.69,0.0,0.0,0.0,3.85,12.82,1.28,2.56,3.85,1.28,2.56,3.85,0.0,0.0,0.0,0.0,2.56,0.0,0.0,1.28,0.0,7.69,2.56,1.28,3.85,0.0,0.0,0.0,14.1,1.28,6.41,1.28,2.56,2.56,0.0,0.0,0.0,0.0,0.0,0.0,0.0,0.0,0.0,0.0,0.0,0.0,8.97,5.13,1.28,0.0,0.0,1.28,0.0,0.0,0.0,1.28,0.0,0.0
35323,7kcfds,ptsd,ptsd,"Posting on a throwaway. As a paramedic student I was working in a Detroit ER, and an 8 year old girl came in. Her babysitter (15 years old) couldn't find her (for 10 minutes) and ultimately found her face down in a swimming pool. The local fire dept. responded, initiated care and transported to the facility I was working at.",0,1.0,1513492797,60,95.54,63.05,82.75,57.28,12.0,26.67,85.0,46.67,8.33,8.33,3.33,0.0,0.0,5.0,0.0,0.0,11.67,15.0,5.0,1.67,6.67,1.67,15.0,1.67,1.67,0.0,5.0,0.0,1.67,1.67,0.0,0.0,0.0,0.0,8.33,0.0,0.0,6.67,0.0,6.67,3.33,1.67,1.67,0.0,0.0,0.0,1.67,0.0,0.0,1.67,1.67,1.67,0.0,0.0,0.0,8.33,0.0,5.0,3.33,0.0,0.0,6.67,3.33,0.0,26.67,5.0,11.67,10.0,6.67,3.33,0.0,0.0,0.0,0.0,1.67,0.0,0.0,0.0,1.67,0.0,20.0,8.33,3.33,0.0,0.0,0.0,0.0,0.0,0.0,1.67,6.67,0.0
321,9vaxit,ptsd,ptsd,"November 8 is the anniversary of when I was kidnapped and raped. The anniversaries are always hard on me, and this year is feeling extra hard. On Facebook a lot of my friends are celebrating their own or their kids’ birthdays today, their wedding anniversaries, sharing memories of the awesome vacations they were on on this day last year, etc. I feel weird and alone in my trauma. It’s not that I want anyone to have to join me in misery, but I guess I’m wondering if anyone else out there happens to be dealing with this at the same time as me.",1,0.8,1541690897,103,50.32,34.88,99.0,1.81,20.6,17.48,95.15,57.28,20.39,13.59,9.71,0.0,0.0,0.0,3.88,6.8,4.85,15.53,9.71,1.94,7.77,0.97,17.48,7.77,1.94,0.97,0.97,1.94,6.8,1.94,4.85,0.97,0.97,1.94,11.65,0.97,0.97,0.0,0.0,14.56,3.88,0.0,1.94,6.8,0.97,4.85,3.88,0.0,0.0,3.88,0.97,0.0,0.0,0.97,0.0,5.83,5.83,0.97,0.0,0.0,0.0,1.94,13.59,0.0,20.39,0.0,7.77,12.62,0.0,2.91,0.0,0.0,0.0,0.0,0.97,0.0,0.0,0.97,0.0,0.0,12.62,4.85,4.85,0.0,0.0,0.0,0.0,0.0,0.0,2.91,0.0,0.0
43149,7ryop0,relationships,social,"I got a fair amount of interest on Facebook (though og course a lot of people didn’t follow through) one lady (F 40’s or early 50’s) liked my post and sent a friend request. I accepted even though I don’t know her because I thought she might be interested in the team. It turns out she is very well connected in the horse word here and knows a lot of people I know (and seems very popular). Well, fast forward to now and this woman has posted all over about her starting an adult drill team. Her team is within 20 minutes of where my drill team would be, and so all the people who were interested in mine seem to have gone to hers (I think because she’s a connected horse person here).",0,1.0,1516552635,136,41.45,74.61,66.34,99.0,27.2,11.76,89.71,55.15,13.97,11.76,6.62,0.0,0.0,5.15,0.0,2.21,6.62,11.76,8.82,9.56,8.09,1.47,20.59,2.21,0.0,1.47,2.94,3.68,6.62,6.62,0.0,0.0,0.0,0.0,17.65,0.0,0.74,6.62,0.0,14.71,5.88,1.47,0.74,4.41,1.47,2.94,0.0,0.0,0.0,0.0,0.0,0.0,0.0,0.0,0.0,6.62,4.41,2.94,1.47,0.74,0.0,5.88,12.5,0.74,13.97,4.41,6.62,4.41,3.68,3.68,0.0,0.0,0.0,0.0,1.47,0.0,0.0,0.0,1.47,0.0,14.71,3.68,1.47,0.0,0.0,0.0,0.0,0.0,0.0,3.68,5.88,0.0
23764,7ocfua,relationships,social,"It was worse than that, I wanted to throw up, not because I found the scars disgusting but because the person I loved so so much, had done that to herself. This is when she told me more about her situation, basically all her issues is beacause of a very unstable family with an alcoholic, mentally abusive and neglective father. Her mom is her best friend in the world, but she too suffers from depression and anorexia. Her parents had a terrible divorce where she got caught in the middle, resulting in her falling deeper into depression and self harm tendencies, as well as her mother becoming very anorexic and depressed, all the while her father was drinking. She felt she couldn't burden her mother with her issues and instead keep it to herself, which she does til today as well.",1,0.8,1515170934,141,22.22,92.19,1.0,1.0,28.2,20.57,94.33,61.7,19.86,15.6,2.84,0.0,0.0,12.77,0.0,4.26,5.67,12.77,7.8,8.51,12.06,1.42,14.18,7.09,6.38,2.13,0.0,2.84,10.64,2.84,7.8,0.0,0.71,3.55,21.99,5.67,0.71,14.89,1.42,10.64,2.13,2.13,1.42,0.0,1.42,3.55,0.71,0.0,0.0,0.71,3.55,0.0,2.13,0.0,2.84,5.67,2.84,0.71,1.42,1.42,0.71,7.8,6.38,0.0,11.35,2.13,6.38,2.84,0.0,2.13,0.71,0.0,0.0,0.0,1.42,0.0,0.0,0.0,1.42,0.0,11.35,3.55,7.09,0.0,0.0,0.0,0.0,0.0,0.0,0.71,0.0,0.0
2411,7rewkv,relationships,social,"I'm dating her for more than one year now and everything seems fine. She's loving, she's caring and so am I. I know she truly loves me and I also loves her. However, although all of this, some thoughts keep coming at me. I'll try to focus on these problems below in a objective manner. **The I want to see other girls problem**.",0,0.8,1516326531,63,12.64,43.69,68.01,99.0,10.5,11.11,95.24,60.32,26.98,20.63,12.7,0.0,0.0,7.94,0.0,6.35,3.17,14.29,7.94,7.94,11.11,0.0,19.05,6.35,3.17,0.0,1.59,4.76,12.7,9.52,3.17,0.0,0.0,0.0,17.46,0.0,0.0,9.52,0.0,23.81,4.76,0.0,4.76,4.76,4.76,6.35,1.59,1.59,0.0,0.0,3.17,0.0,0.0,0.0,0.0,12.7,6.35,1.59,1.59,0.0,3.17,0.0,20.63,3.17,12.7,1.59,6.35,4.76,0.0,0.0,0.0,0.0,0.0,0.0,0.0,0.0,0.0,0.0,0.0,0.0,26.98,9.52,4.76,0.0,0.0,0.0,0.0,0.0,0.0,6.35,0.0,6.35
22749,9gg6w1,domesticviolence,abuse,"Original post here: <url> Quick update: my abusive ex, who put forward his candidacy for local council, was elected Friday by acclamation - meaning no one came forward to challenge him, so no election will be necessary, and he is automatically the winner. He is flush with victory at the moment. I have decided to come forward anyways, about the emotional and sexual abuse that I experienced during the relationship. I know I may pay a price, for speaking openly in our small community.",1,0.6,1537148588,83,63.52,72.65,69.72,25.77,20.75,26.51,90.36,49.4,14.46,12.05,6.02,1.2,0.0,4.82,0.0,2.41,6.02,12.05,8.43,4.82,3.61,2.41,15.66,4.82,0.0,1.2,1.2,0.0,7.23,3.61,3.61,0.0,2.41,0.0,13.25,0.0,0.0,0.0,4.82,6.02,3.61,0.0,0.0,1.2,1.2,0.0,2.41,0.0,1.2,0.0,1.2,0.0,0.0,1.2,0.0,8.43,3.61,3.61,3.61,2.41,0.0,3.61,7.23,2.41,19.28,7.23,8.43,9.64,3.61,0.0,0.0,2.41,0.0,0.0,2.41,0.0,0.0,0.0,0.0,1.2,18.07,4.82,7.23,2.41,0.0,0.0,0.0,1.2,0.0,0.0,0.0,2.41
956,86fnup,almosthomeless,financial,"I've been couchsurfing now for 75 days and life is getting harder at this time as money is sinking. Been getting into bad thought loops so I decided to write a blog that allows me to express my sadness through more ""happy"" words. I currently have two posts. [First one <url> was about how I ended up in this situation and describing overall how am I doing and the latest one is about last week and how mentally challenging it was to be sick as a homeless person. <url>",1,0.571428571,1521757396,89,32.22,28.71,79.03,11.29,17.8,17.98,91.01,52.81,12.36,7.87,7.87,0.0,0.0,0.0,0.0,4.49,3.37,14.61,13.48,7.87,11.24,0.0,22.47,7.87,5.62,3.37,5.62,1.12,5.62,2.25,3.37,0.0,0.0,1.12,2.25,0.0,0.0,0.0,0.0,7.87,2.25,4.49,0.0,1.12,0.0,0.0,1.12,0.0,0.0,1.12,3.37,0.0,2.25,0.0,1.12,8.99,0.0,2.25,3.37,2.25,1.12,6.74,11.24,0.0,15.73,1.12,4.49,10.11,2.25,2.25,1.12,1.12,0.0,0.0,0.0,0.0,0.0,0.0,0.0,0.0,13.48,4.49,0.0,0.0,0.0,0.0,0.0,0.0,2.25,1.12,0.0,5.62
55001,8msoyr,anxiety,anxiety,"Don't get me wrong, I know that this drug causes problems with cognition, but I wonder it helps with the cognition symptoms of my anxiety disorder. I quit my antidepressant and my Pregabalin  a few weeks ago. I did OK during that time, besides that I have the feeling, that my anxiety worsend (not my depression) and with that my cognition. I have now the plan to focus more on the anxiety with the meds. I also think that Pregabalin is a quiet good drug for that, but I was questioning how it will affect my cognition (because I startet studying) and want to hear your experiences guys.",0,1.0,1527535841,108,30.15,5.79,79.42,2.09,21.6,20.37,89.81,58.33,25.93,16.67,15.74,0.0,0.93,0.0,0.0,9.26,6.48,10.19,6.48,2.78,7.41,1.85,16.67,3.7,0.93,0.93,0.0,1.85,8.33,2.78,5.56,2.78,0.0,0.93,3.7,0.0,0.93,0.0,0.93,13.89,4.63,3.7,2.78,1.85,0.0,2.78,3.7,0.0,1.85,0.93,3.7,0.0,3.7,0.0,0.0,6.48,0.93,1.85,0.0,1.85,1.85,2.78,11.11,1.85,5.56,0.0,0.93,4.63,0.93,0.0,0.0,0.0,0.0,0.0,0.93,0.0,0.0,0.93,0.0,0.0,13.89,4.63,4.63,0.0,0.0,0.0,0.0,0.0,0.0,0.93,3.7,0.0
1911,7qkmsf,relationships,social,"Two years ago we moved to a different city for his work. He earns a lot more than me and his job offers a lot more career progression, so I wanted to support him. I’ve always thought we were a good team, there have been times where he’s struggled financially and I’ve helped him out no question. We talked about the extra money he’d be able to save by walking to work (2 mins away,) and it seemed as though we were on the same page for what we wanted in the future; buy our own place, a car and start a family. So I thought all was on the right track.",0,0.571428571,1516032636,112,57.49,90.97,35.37,59.59,22.4,8.04,94.64,54.46,17.86,16.07,4.46,5.36,0.0,6.25,0.0,1.79,8.93,13.39,8.93,5.36,7.14,0.89,20.54,6.25,5.36,1.79,1.79,5.36,3.57,2.68,0.89,0.89,0.0,0.0,16.07,0.89,0.0,0.0,6.25,11.61,3.57,0.0,1.79,3.57,1.79,2.68,0.0,0.0,0.0,0.0,0.0,0.0,0.0,0.0,0.0,12.5,7.14,4.46,0.89,1.79,0.0,9.82,9.82,0.89,16.07,2.68,8.04,5.36,6.25,1.79,0.89,2.68,0.0,0.0,0.0,0.0,0.0,0.0,0.0,0.0,14.29,4.46,3.57,0.0,0.89,0.0,0.0,0.0,0.0,3.57,1.79,0.0
41577,7leytg,assistance,financial,"I can send artwork from my portfolio to those who are interested. Writing samples can also be provided. If you choose, I am fine with receiving a portion of the funds at the beginning of the work, then the rest when everything is completed. PayPal transactions are preferred. Thanks for reading, and have a merry Christmas.",0,1.0,1513915555,56,62.42,63.97,41.07,99.0,11.2,26.79,94.64,58.93,12.5,7.14,5.36,0.0,1.79,0.0,0.0,5.36,10.71,12.5,14.29,3.57,8.93,0.0,17.86,1.79,0.0,3.57,0.0,1.79,7.14,7.14,0.0,0.0,0.0,0.0,8.93,0.0,0.0,0.0,0.0,8.93,3.57,0.0,3.57,1.79,3.57,1.79,0.0,0.0,0.0,0.0,0.0,0.0,0.0,0.0,0.0,1.79,0.0,1.79,0.0,0.0,0.0,3.57,19.64,1.79,12.5,3.57,1.79,8.93,7.14,0.0,0.0,7.14,1.79,0.0,0.0,0.0,0.0,0.0,0.0,0.0,14.29,8.93,5.36,0.0,0.0,0.0,0.0,0.0,0.0,0.0,0.0,0.0
18966,661fgo,anxiety,anxiety,"I'm having a rough time right now and going through some things where my anxiety and depression keep dragging me down. My roommates have not really experienced someone with anxiety before really. At least not someone who gets attacks. During the recovery of one of my episodes, I came up with this writing in the notes of my iPhone. So here it is.",1,0.8,1492500986,63,49.61,7.67,99.0,1.0,12.6,20.63,93.65,65.08,20.63,11.11,11.11,0.0,0.0,0.0,0.0,9.52,4.76,19.05,6.35,9.52,4.76,3.17,14.29,4.76,3.17,3.17,1.59,3.17,6.35,0.0,6.35,3.17,1.59,1.59,6.35,0.0,1.59,0.0,0.0,11.11,0.0,0.0,0.0,4.76,0.0,6.35,3.17,0.0,0.0,1.59,0.0,0.0,0.0,0.0,0.0,9.52,1.59,1.59,4.76,1.59,0.0,1.59,9.52,1.59,20.63,3.17,11.11,6.35,1.59,0.0,1.59,0.0,0.0,0.0,0.0,0.0,0.0,0.0,0.0,0.0,11.11,7.94,1.59,0.0,0.0,0.0,0.0,0.0,0.0,1.59,0.0,0.0
1380,8cb5gs,domesticviolence,abuse,"My sister is an alcoholic as well and also drinks too much, tho not as much as this fellow. I've never been comfortable with the level of her drinking or her personal choices and I live long distance from her. I try to nudge her in more positive directions and in the past 18 months have been offering a few hundred in financial support monthly to her to help her better provide for her kids. About 6 months ago, it came out that her boyfriend has been screaming in her face and laying his hands on her. Usually she beats him up as much or worse - I think it's pure insanity and I told her that she needed to make physical contact a 'red line' and if I heard about it, I would call the local police office and report him.",0,0.8,1523746334,141,32.26,83.97,4.23,66.07,28.2,14.18,96.45,57.45,21.28,17.02,5.67,0.0,0.0,11.35,0.0,4.26,4.26,14.89,6.38,5.67,11.35,1.42,13.48,9.22,4.96,0.0,2.13,3.55,5.67,3.55,1.42,0.0,0.0,0.0,19.86,0.71,2.13,9.93,3.55,9.93,1.42,0.71,2.13,3.55,2.13,2.84,2.84,0.71,1.42,0.71,4.96,1.42,2.13,0.0,2.13,7.09,2.13,1.42,2.84,1.42,0.71,6.38,8.51,0.0,14.18,0.71,8.51,4.96,2.84,2.13,0.0,0.71,0.0,0.0,1.42,0.0,0.71,0.0,0.71,0.0,9.22,3.55,2.13,0.0,0.0,0.0,0.0,0.71,0.0,2.84,0.0,0.0
26330,7unpo5,assistance,financial,"The vet went ahead and removed it but the cost was over $4000. She has a gofundme to try to raise some bucks to pay for the surgery so I thought I'd post it here to see if anyone could help. Danika is the direct beneficiary and every dime will be going to her directly, not through any middlemen. Here is the gofundme link: <url> Thanks again everyone, any little bit helps.",0,0.8,1517534032,72,64.56,50.0,39.76,92.4,18.0,13.89,88.89,54.17,11.11,5.56,2.78,0.0,0.0,2.78,0.0,5.56,8.33,12.5,11.11,5.56,6.94,1.39,20.83,0.0,0.0,0.0,1.39,6.94,4.17,4.17,0.0,0.0,0.0,0.0,8.33,0.0,0.0,2.78,0.0,19.44,2.78,0.0,2.78,8.33,4.17,4.17,1.39,1.39,0.0,0.0,1.39,0.0,1.39,0.0,0.0,6.94,2.78,2.78,2.78,0.0,0.0,2.78,11.11,4.17,15.28,4.17,6.94,2.78,1.39,0.0,0.0,5.56,0.0,0.0,0.0,0.0,0.0,0.0,0.0,0.0,15.28,5.56,2.78,1.39,0.0,0.0,0.0,0.0,0.0,1.39,0.0,4.17
977,84xngk,ptsd,ptsd,"He admitted to me that night that yes, she needs mental assistance. But after spending the morning with her, he thinks that it's better to have me in the house at all. This situation was over the top and heartbreaking that my parents would rather not work with a therapist (i've even suggest family therapy) and just decide to ban me from the house. I understand that isolating myself from them is the best option and I know it will be hard. But I do love my family, and I would rather not have to make this decision.",0,0.571428571,1521225007,98,23.51,20.71,52.86,44.45,19.6,13.27,97.96,65.31,25.51,16.33,11.22,0.0,0.0,4.08,1.02,9.18,6.12,12.24,11.22,4.08,6.12,2.04,19.39,6.12,4.08,0.0,0.0,1.02,5.1,3.06,2.04,0.0,0.0,2.04,11.22,3.06,0.0,2.04,2.04,18.37,6.12,1.02,5.1,1.02,1.02,6.12,1.02,0.0,0.0,1.02,3.06,0.0,2.04,0.0,0.0,9.18,4.08,4.08,3.06,2.04,0.0,2.04,14.29,1.02,7.14,0.0,4.08,3.06,2.04,2.04,4.08,1.02,0.0,0.0,1.02,0.0,0.0,1.02,0.0,0.0,12.24,5.1,3.06,0.0,0.0,0.0,0.0,0.0,0.0,2.04,2.04,0.0
1425,7oymlt,relationships,social,"Example 2. There was this life goal we had together and I happened to accomplish it much quicker than she did, but instead of being happy for me she would get super jealous and make me feel like shit for it. Even though I helped her in every possible way to accomplish that goal too. Example 3. Whenever she sees that I'm upset about something, she'd buy gifts, tell me that she has something planned for us (which later would turn out to be a lie) etc.",1,0.6,1515419576,87,12.25,54.57,8.19,11.04,17.4,16.09,91.95,60.92,26.44,16.09,6.9,2.3,0.0,6.9,0.0,10.34,1.15,13.79,11.49,8.05,5.75,0.0,20.69,6.9,4.6,2.3,2.3,2.3,5.75,2.3,3.45,1.15,2.3,0.0,11.49,0.0,0.0,6.9,0.0,13.79,1.15,1.15,2.3,3.45,1.15,4.6,2.3,1.15,0.0,1.15,2.3,1.15,1.15,0.0,0.0,11.49,3.45,6.9,0.0,3.45,0.0,5.75,10.34,0.0,9.2,1.15,4.6,3.45,4.6,0.0,0.0,1.15,0.0,0.0,1.15,1.15,0.0,0.0,0.0,0.0,13.79,5.75,3.45,0.0,0.0,0.0,0.0,0.0,0.0,2.3,2.3,0.0
909,8hjm9d,ptsd,ptsd,"*Major trigger warning* I find comfort in confined spaces, and can spend prolonged time in confined spaces verycomfortably. This is odd to most people, but I’ll explain why. When I was with my parents, they were super abusive. They forced me to watch animals die, and frequently changed around my room so I wasn’t familiar with it. They forcefully put splinters in my feet, allowed men to sexually assault me, and they even pepper sprayed me a couple times as a 2 year old.",1,0.571428571,1525653566,84,28.22,27.59,98.01,10.67,16.8,23.81,88.1,50.0,19.05,16.67,11.9,0.0,0.0,0.0,4.76,2.38,2.38,11.9,7.14,7.14,8.33,1.19,13.1,4.76,2.38,2.38,1.19,2.38,5.95,2.38,3.57,0.0,2.38,0.0,9.52,1.19,0.0,0.0,1.19,14.29,2.38,7.14,1.19,1.19,0.0,2.38,1.19,1.19,0.0,0.0,2.38,1.19,0.0,1.19,0.0,8.33,1.19,1.19,4.76,0.0,1.19,4.76,8.33,1.19,17.86,2.38,8.33,7.14,0.0,0.0,1.19,1.19,0.0,1.19,0.0,0.0,0.0,0.0,0.0,0.0,17.86,5.95,7.14,0.0,0.0,0.0,0.0,0.0,0.0,2.38,0.0,2.38
28707,5re9qs,survivorsofabuse,abuse,"I am 22 years old and a newly wedded wife of 5+ months. I married my husband after waiting for the right guy my whole life. I waited my whole life because men scared me. I grew up believing all men were like my abuser, my dad, who abused me for the majority of my 22 years. Throughout my engagement, after I made it clear I wanted my dad to walk me down the aisle, I was met with questions of ""why?""",0,0.8,1485935852,82,75.2,19.68,99.0,3.09,16.4,10.98,93.9,52.44,24.39,21.95,21.95,0.0,0.0,0.0,0.0,2.44,4.88,15.85,3.66,1.22,2.44,0.0,12.2,4.88,3.66,2.44,3.66,4.88,4.88,1.22,3.66,1.22,2.44,0.0,13.41,6.1,1.22,1.22,7.32,9.76,2.44,3.66,1.22,1.22,2.44,0.0,1.22,1.22,0.0,0.0,2.44,0.0,2.44,0.0,0.0,7.32,4.88,0.0,2.44,0.0,0.0,8.54,2.44,0.0,17.07,2.44,3.66,10.98,0.0,0.0,0.0,0.0,0.0,0.0,0.0,0.0,0.0,0.0,0.0,0.0,14.63,4.88,4.88,0.0,0.0,1.22,0.0,0.0,2.44,0.0,0.0,1.22
1641,6smggz,anxiety,anxiety,I especially appreciate stories of similar experiences and such. I hope everyone's have a nice day. TL;DR: I ended up with anxiety due to relationship and health anxiety and now I can't stop thinking about how I might some terminal illness (cancer) just because I feel some weird tingling or pain in an area I didn't before. Or even a cough can freak me out a little. If you also/used to suffer from this how do/did you deal with it?,1,1.0,1502294664,83,24.59,13.91,93.56,1.0,16.6,16.87,96.39,60.24,15.66,12.05,9.64,0.0,2.41,0.0,0.0,3.61,4.82,13.25,7.23,10.84,12.05,2.41,13.25,4.82,2.41,2.41,0.0,2.41,10.84,3.61,7.23,2.41,0.0,1.2,6.02,0.0,0.0,0.0,0.0,21.69,3.61,4.82,2.41,8.43,2.41,6.02,4.82,0.0,0.0,3.61,8.43,0.0,8.43,0.0,0.0,4.82,1.2,0.0,2.41,0.0,1.2,4.82,9.64,2.41,13.25,0.0,6.02,7.23,0.0,0.0,0.0,0.0,0.0,0.0,1.2,1.2,0.0,0.0,0.0,0.0,16.87,4.82,0.0,1.2,1.2,1.2,0.0,0.0,0.0,3.61,2.41,2.41
47149,9ilexy,ptsd,ptsd,Every rational part of me believes I'm retroactively terrified of the fact I almost didn't get to live the life I'm living now. I wish I wouldn't think about it. But I just keep doing it. It's like I get some sick thrill out of the fear and anxiety like it's a horror movie or rollercoaster. I know I shouldn't be feeling that way about it but I am and I don't know why or how to stop it.,1,1.0,1537820072,79,5.39,1.0,94.09,1.0,15.8,11.39,98.73,64.56,24.05,15.19,15.19,0.0,0.0,0.0,0.0,8.86,5.06,12.66,13.92,8.86,8.86,5.06,27.85,2.53,2.53,2.53,0.0,3.8,7.59,1.27,6.33,5.06,0.0,0.0,0.0,0.0,0.0,0.0,0.0,25.32,7.59,3.8,3.8,5.06,2.53,6.33,1.27,0.0,0.0,1.27,5.06,0.0,5.06,0.0,0.0,3.8,0.0,0.0,0.0,2.53,1.27,1.27,20.25,1.27,5.06,0.0,2.53,2.53,0.0,2.53,0.0,0.0,0.0,0.0,0.0,0.0,0.0,0.0,0.0,0.0,16.46,6.33,0.0,0.0,0.0,0.0,0.0,0.0,0.0,10.13,0.0,0.0
24962,7qhn5c,relationships,social,"I don't think it would be different in another relationship, and I think both of us accept that we have sexual hangups. But I always wonder if I would be more sexually passionate in a different relationship.   ---   **tl;dr**: Do men just inherently look at the greener grass, or does a good relationship make you feel settled and satisfied? And please don't say ""open relationship"" as the answer...",0,0.8,1515994672,68,26.21,55.84,81.91,99.0,17.0,20.59,91.18,51.47,14.71,10.29,5.88,2.94,1.47,0.0,0.0,4.41,5.88,7.35,13.24,1.47,10.29,2.94,26.47,5.88,5.88,0.0,0.0,4.41,7.35,7.35,0.0,0.0,0.0,0.0,13.24,0.0,0.0,0.0,1.47,22.06,8.82,1.47,4.41,4.41,1.47,7.35,4.41,1.47,1.47,1.47,5.88,0.0,1.47,4.41,0.0,11.76,8.82,0.0,1.47,1.47,0.0,0.0,22.06,0.0,8.82,0.0,7.35,1.47,0.0,0.0,0.0,0.0,0.0,0.0,0.0,0.0,0.0,0.0,0.0,0.0,30.88,7.35,2.94,1.47,1.47,1.47,0.0,4.41,2.94,2.94,0.0,5.88
12223,5ngnzq,anxiety,anxiety,My therapist told me to do some free writes about my anxiety and OCD thoughts (being afraid of panic attacks and fear I will act on violent thoughts) and in the book Imp Of The Mind the author talks about writing out thoughts. I just don't know how to set it up. Do you write as if the thought came true? Do you just write the thought is there and why it isn't true? Anyone do anything like this?,1,0.8,1484187999,79,36.54,39.99,53.46,1.0,15.8,13.92,93.67,60.76,15.19,8.86,6.33,0.0,2.53,0.0,0.0,6.33,6.33,15.19,11.39,8.86,8.86,2.53,24.05,7.59,2.53,2.53,0.0,1.27,11.39,3.8,7.59,5.06,2.53,0.0,6.33,0.0,0.0,0.0,0.0,18.99,7.59,2.53,1.27,5.06,2.53,2.53,0.0,0.0,0.0,0.0,2.53,0.0,2.53,0.0,0.0,2.53,0.0,0.0,2.53,0.0,0.0,2.53,15.19,1.27,6.33,1.27,5.06,0.0,6.33,1.27,0.0,1.27,0.0,0.0,0.0,0.0,0.0,0.0,0.0,0.0,11.39,2.53,0.0,0.0,0.0,3.8,0.0,0.0,0.0,2.53,2.53,0.0
42996,8cprrd,homeless,financial,"I want to know about your story, how you got there, struggles you never realized you would face (as well as how you dealt with the ones you already expected), how you got out of it (if you did). Anything and everything you think might be relevant for me to look into. You do not HAVE to be a singer/musician to reply. Every story is worth listening to for me. If you're in NYC and can meet in person, that would be amazing as well.",0,0.8,1523903160,86,11.64,99.0,3.96,69.6,17.2,11.63,95.35,70.93,20.93,16.28,3.49,0.0,12.79,0.0,0.0,4.65,2.33,19.77,13.95,10.47,11.63,2.33,23.26,5.81,3.49,3.49,0.0,1.16,4.65,3.49,1.16,1.16,0.0,0.0,20.93,0.0,0.0,0.0,0.0,20.93,3.49,3.49,6.98,4.65,3.49,3.49,3.49,1.16,2.33,0.0,1.16,1.16,0.0,0.0,0.0,4.65,1.16,0.0,1.16,2.33,0.0,5.81,15.12,2.33,6.98,0.0,4.65,2.33,0.0,1.16,0.0,1.16,0.0,0.0,2.33,0.0,0.0,0.0,2.33,0.0,17.44,5.81,4.65,0.0,0.0,0.0,0.0,0.0,0.0,1.16,4.65,1.16
1553,7vb8ih,ptsd,ptsd,He's in a group of people. The problem is that because of what happened to me (police brutality/stalking) the general public think the police are the good guys and are not understanding when I give them explain that's not always the case. My doctor was almost treating my fear of police as a phobia instead of what it truly is... PTSD! This is my first post here. I appreciate any insight or experience y'all may have with seeking treatment.,1,0.6,1517793878,80,30.86,40.12,59.88,10.13,13.33,18.75,92.5,60.0,18.75,11.25,7.5,0.0,1.25,1.25,1.25,7.5,8.75,10.0,12.5,6.25,6.25,2.5,17.5,2.5,1.25,3.75,1.25,2.5,8.75,3.75,5.0,2.5,1.25,0.0,11.25,0.0,1.25,0.0,2.5,20.0,6.25,1.25,1.25,5.0,2.5,5.0,1.25,0.0,0.0,0.0,2.5,0.0,2.5,0.0,0.0,10.0,1.25,1.25,5.0,1.25,1.25,2.5,13.75,1.25,6.25,0.0,1.25,3.75,5.0,0.0,0.0,0.0,0.0,0.0,0.0,0.0,0.0,0.0,0.0,0.0,17.5,8.75,0.0,0.0,0.0,0.0,1.25,0.0,0.0,3.75,2.5,1.25
42357,8cqq8m,anxiety,anxiety,"This is my first post here, and I wanted to contribute something that has helped me with dealing with my anxiety recently. Maybe it will help you, too. [Success and Failure Don't Change Who You <url> In short, a success or failure does not define who YOU are. You are still the same person that you were before you were faced with whatever adversity came your way, and win or lose, you are that same person in the end.",0,1.0,1523910353,79,7.66,93.54,69.44,2.8,19.75,13.92,94.94,64.56,26.58,15.19,5.06,0.0,10.13,0.0,0.0,11.39,3.8,8.86,12.66,5.06,6.33,2.53,18.99,6.33,5.06,3.8,1.27,0.0,10.13,3.8,6.33,1.27,0.0,3.8,16.46,0.0,0.0,0.0,0.0,10.13,1.27,1.27,1.27,5.06,0.0,3.8,0.0,0.0,0.0,0.0,0.0,0.0,0.0,0.0,0.0,10.13,1.27,8.86,5.06,3.8,3.8,6.33,11.39,1.27,15.19,2.53,5.06,6.33,5.06,0.0,0.0,0.0,0.0,0.0,0.0,0.0,0.0,0.0,0.0,0.0,16.46,5.06,6.33,0.0,0.0,0.0,0.0,0.0,0.0,1.27,0.0,3.8
135,9th76b,anxiety,anxiety,"I get peace of mind, moments of clarity and complete happiness for like 1 minute a few times a day, I feel like I can conquer the world, then my head gets heavy and foggy again and I start thinking hard about everything. My head gets heavier and my mind goes off more when I’m alone and not doing anything. Watching TV and YouTube helps. Then after I’m done with TV/YouTube, I can feel my mind getting heavy and full again. If you have read this far, THANK YOU.",0,0.8,1541135197,90,24.86,18.71,98.69,84.54,18.0,14.44,93.33,52.22,17.78,14.44,12.22,0.0,2.22,0.0,0.0,3.33,3.33,10.0,7.78,4.44,12.22,1.11,20.0,11.11,5.56,1.11,1.11,2.22,5.56,4.44,1.11,0.0,0.0,1.11,4.44,0.0,0.0,0.0,0.0,8.89,3.33,0.0,1.11,2.22,2.22,2.22,7.78,1.11,0.0,6.67,2.22,2.22,0.0,0.0,0.0,6.67,1.11,1.11,1.11,4.44,0.0,1.11,15.56,2.22,17.78,1.11,4.44,12.22,1.11,4.44,0.0,0.0,0.0,0.0,0.0,0.0,0.0,0.0,0.0,0.0,14.44,5.56,5.56,0.0,0.0,0.0,0.0,0.0,0.0,2.22,0.0,1.11
346,8r6v4a,homeless,financial,"Later that night someone snuck into the building we were sleeping in and killed Daniel.. he was chopped up with what I presume was a hatchet. I don't know why they spared me or Jay to this fucking day but I'd gladly take Daniel's place, he was the sweetest boy I ever knew. We were heartbroken and I vowed that I would find the bastard and get revenge for Daniel. I'm crying as I am typing this part because this is what fucked me up the most. Chapter seven: adopted",1,0.8,1529022996,90,15.95,21.83,71.7,1.0,15.0,16.67,87.78,58.89,25.56,16.67,11.11,2.22,0.0,2.22,1.11,8.89,5.56,8.89,12.22,2.22,7.78,1.11,22.22,6.67,4.44,3.33,1.11,3.33,10.0,2.22,7.78,0.0,5.56,2.22,7.78,0.0,0.0,0.0,3.33,13.33,4.44,2.22,1.11,3.33,1.11,2.22,1.11,0.0,0.0,0.0,4.44,1.11,0.0,2.22,1.11,6.67,2.22,0.0,2.22,2.22,0.0,7.78,8.89,0.0,10.0,0.0,5.56,4.44,1.11,0.0,0.0,0.0,0.0,1.11,3.33,3.33,0.0,0.0,0.0,0.0,13.33,6.67,1.11,1.11,0.0,0.0,0.0,0.0,0.0,4.44,0.0,0.0
426,8bre67,ptsd,ptsd,"So, for a few years now I've been in a relationship with this girl who very likely has PTSD, given her upbringing. She has trust issues after suffering abuse from her birth parents at a young age, and her situation is only complicated further with bipolar depression and fetal-alcohol syndrome. She's in good hands now, living with her aunt, and is becoming independent with a job. Though I've noticed throughout our relationship that she has a tendency to push me away l, whereas I am the exact opposite, though I understand her situation; it's not her fault. She says she loves me, and I love her, but she doesn't seem comfortable showing any affection; holding hands, hugging, and kisses on the cheek are extremely rare from her.",0,0.714285714,1523549717,128,25.57,80.48,12.38,81.93,25.6,21.09,92.97,57.81,20.31,17.19,5.47,0.78,0.0,10.94,0.0,3.12,5.47,11.72,10.94,6.25,7.81,1.56,17.19,5.47,1.56,0.78,0.0,1.56,9.38,6.25,3.12,0.0,0.78,1.56,19.53,1.56,0.0,12.5,0.0,12.5,3.91,0.78,0.0,2.34,1.56,4.69,3.12,0.78,0.78,1.56,7.03,2.34,3.12,0.0,0.78,9.38,6.25,0.0,0.78,0.78,1.56,2.34,14.84,0.0,10.94,0.78,4.69,5.47,0.78,0.78,0.0,0.0,0.0,0.0,0.0,0.0,0.0,0.0,0.0,0.0,18.75,3.91,8.59,0.0,1.56,0.0,0.0,0.78,0.0,3.91,0.0,0.0
1912,7uxkki,domesticviolence,abuse,"He abused his ex girlfriends as well. I left him last June, after he tried to kill me after being released from a one week sentence for DV. That incident landed me in the hospital, though it wasn't the worst incident of abuse. But that night, I had a wave of courage for two seconds and told the staff what really happened. He was arrested and has been in jail ever since.",0,0.6,1517636657,72,60.8,44.48,74.76,2.09,14.4,13.89,91.67,59.72,18.06,12.5,5.56,0.0,0.0,6.94,0.0,5.56,6.94,16.67,8.33,5.56,6.94,1.39,13.89,5.56,5.56,1.39,2.78,0.0,8.33,2.78,5.56,0.0,4.17,0.0,11.11,0.0,1.39,0.0,6.94,8.33,0.0,1.39,0.0,0.0,1.39,5.56,0.0,0.0,0.0,0.0,1.39,0.0,1.39,0.0,0.0,5.56,1.39,1.39,1.39,0.0,1.39,11.11,1.39,0.0,20.83,1.39,4.17,15.28,1.39,0.0,0.0,0.0,0.0,1.39,2.78,0.0,0.0,0.0,1.39,0.0,12.5,6.94,4.17,0.0,0.0,0.0,0.0,0.0,0.0,1.39,0.0,0.0
292,9co0fc,survivorsofabuse,abuse,"This post was originally posted to letsnotmeet but was removed and i was told to post here so here it is. So about two years ago i did a photoshoot with a guy who used to work for my family. When he came to do the shoot he brought this dude with him that i didnt know, ill call him dave for this story. Dave seemed pretty normal. He introduced him self to me told me he was a homosexual, not that it was any if my buisness but whatever.",0,1.0,1536000057,90,10.87,58.78,23.51,46.22,18.0,10.0,92.22,63.33,25.56,15.56,7.78,0.0,0.0,7.78,0.0,10.0,4.44,11.11,10.0,7.78,7.78,2.22,18.89,1.11,0.0,3.33,1.11,1.11,1.11,1.11,0.0,0.0,0.0,0.0,17.78,1.11,2.22,0.0,8.89,11.11,2.22,1.11,1.11,4.44,0.0,5.56,0.0,0.0,0.0,0.0,2.22,0.0,1.11,1.11,0.0,2.22,1.11,1.11,0.0,0.0,0.0,16.67,4.44,0.0,10.0,3.33,0.0,4.44,1.11,1.11,1.11,0.0,0.0,0.0,1.11,0.0,0.0,0.0,0.0,0.0,7.78,5.56,2.22,0.0,0.0,0.0,0.0,0.0,0.0,0.0,0.0,0.0
32800,9g5y48,survivorsofabuse,abuse,"The current study explores the experience of young adults aged 18 - 40 years who have previously been in foster care or had involvement with the Department of Child Safety/Protection and remained with their biological family. If you have a spare 10 - 25 minutes and are willing to participate it would be greatly appreciated. Please click on the link below for more information around how the process works and how your confidentiality will be protected. Thank you kindly for your assistance, as your experience will be valuable in guiding research and clinical interventions for those in the foster care system. <url>",0,1.0,1537053663,101,77.55,93.12,29.8,99.0,20.2,24.75,85.15,49.5,8.91,5.94,0.0,0.0,4.95,0.0,0.99,2.97,6.93,14.85,10.89,2.97,8.91,0.0,14.85,3.96,1.98,2.97,3.96,0.99,8.91,7.92,0.0,0.0,0.0,0.0,11.88,0.99,0.0,0.0,0.0,8.91,3.96,1.98,1.98,1.98,0.0,1.98,2.97,0.0,0.99,0.0,1.98,0.0,0.99,0.0,0.0,7.92,0.99,0.99,1.98,0.99,2.97,2.97,10.89,1.98,13.86,0.99,6.93,5.94,5.94,0.99,0.99,0.0,0.0,0.0,0.0,0.0,0.0,0.0,0.0,0.0,9.9,3.96,0.99,0.0,0.0,0.0,0.0,1.98,0.0,0.0,0.0,2.97
1692,7icszn,ptsd,ptsd,"But I’ve also had a lot of pain and it seems to be getting worse. It didn’t use to last as long as it does now, I’ve been lying in pain for hours. Nothing helps I’ve taken painkillers and they haven’t helped at all.. Should I mention this to a doctor? ?",1,0.8,1512710679,51,11.58,11.97,77.28,1.0,12.75,7.84,98.04,64.71,17.65,9.8,7.84,0.0,0.0,0.0,1.96,7.84,3.92,17.65,19.61,3.92,11.76,5.88,33.33,5.88,5.88,0.0,0.0,3.92,9.8,1.96,7.84,0.0,1.96,0.0,7.84,0.0,0.0,0.0,0.0,17.65,1.96,1.96,1.96,3.92,3.92,5.88,3.92,0.0,0.0,3.92,5.88,0.0,5.88,0.0,0.0,9.8,1.96,0.0,1.96,3.92,1.96,9.8,21.57,0.0,11.76,0.0,5.88,5.88,1.96,0.0,0.0,0.0,0.0,0.0,0.0,0.0,0.0,0.0,0.0,0.0,23.53,7.84,1.96,0.0,0.0,3.92,0.0,0.0,0.0,9.8,0.0,0.0
1480,8xu5u9,homeless,financial,"“Yeah I saw, I think he out to steal.” “That’s what I think, keep an eye out man this place ain’t bad but you gotta watch yourself.” *nods* Then I fell asleep. And woke up to a stolen charger.",0,0.571428571,1531263231,39,42.69,39.87,98.01,1.0,9.75,5.13,92.31,53.85,25.64,17.95,10.26,0.0,5.13,2.56,0.0,7.69,5.13,12.82,5.13,0.0,7.69,2.56,25.64,2.56,0.0,2.56,0.0,0.0,5.13,0.0,5.13,0.0,0.0,0.0,10.26,0.0,0.0,0.0,5.13,10.26,5.13,0.0,0.0,0.0,0.0,5.13,7.69,7.69,0.0,0.0,5.13,5.13,0.0,0.0,0.0,7.69,0.0,0.0,2.56,2.56,2.56,7.69,15.38,5.13,15.38,2.56,10.26,2.56,0.0,0.0,0.0,0.0,0.0,0.0,5.13,0.0,2.56,2.56,0.0,0.0,35.9,10.26,5.13,0.0,0.0,0.0,0.0,0.0,10.26,5.13,0.0,5.13
252,9i6jjx,assistance,financial,"She also has very heavy periods that the only one I have seen so far lasted two weeks. I really like this girl and I want to make it work between us. We had a talk about sex last night and she just said it's painful and she wishes so hard that we could have sex all the time but she is in pain, it's like certain positions or even going down on her is the best option. Can anyone give me any advise moving forward? She keeps telling me ""I don't know why you are with me because of this"" (somewhat sarcastically) and I let her know that I am here for her and we will work this out no matter what but at the same time I want her satisfy her sexually on a regular basis.",1,0.6,1537685488,138,6.87,78.74,13.9,25.77,27.6,9.42,99.28,65.22,26.09,18.12,7.25,2.9,0.72,7.25,0.0,7.97,4.35,10.14,10.87,8.7,8.7,1.45,19.57,4.35,2.9,1.45,1.45,2.17,4.35,2.17,2.17,0.0,0.72,0.0,15.94,0.0,0.0,7.97,0.0,14.49,1.45,2.9,2.9,3.62,1.45,2.9,4.35,0.72,0.72,2.9,3.62,0.0,1.45,2.17,0.0,5.8,2.9,2.17,1.45,0.72,0.0,2.17,15.22,2.17,13.04,2.17,6.52,5.8,2.17,0.0,0.0,0.0,0.0,0.0,0.0,0.0,0.0,0.0,0.0,0.0,9.42,2.9,0.72,0.0,0.0,0.72,0.0,0.0,1.45,2.17,1.45,0.0
1749,78kr2e,domesticviolence,abuse,"Today at work I took a customer's payment over the phone. I was pulling up her account so there was a moment of silence between us. I could hear a man in the back yelling,""I'm gonna slap you"" I didn't tell her I had her page pulled up so I could keep listening, because I was convinced I heard incorrectly. ""Bitch I'm gonna slap you"" a couple seconds of silence,""I don't give a fuck"" , a couple seconds of silence, ""I will fucking slap you"" finally I said ma'am. It took her longer than it should have to respond to.",0,1.0,1508898119,101,35.39,57.85,73.41,1.0,20.2,17.82,95.05,59.41,22.77,20.79,12.87,0.99,2.97,3.96,0.0,1.98,7.92,11.88,12.87,4.95,2.97,1.98,27.72,2.97,1.98,0.0,0.0,1.98,3.96,0.0,3.96,0.0,3.96,0.0,17.82,0.0,0.0,4.95,0.99,6.93,0.99,0.99,2.97,0.0,0.0,1.98,8.91,0.0,8.91,0.0,1.98,0.0,0.0,1.98,0.0,7.92,0.99,0.99,3.96,1.98,0.0,8.91,10.89,2.97,15.84,3.96,6.93,5.94,2.97,0.0,0.0,2.97,0.0,0.0,4.95,2.97,1.98,0.0,0.0,0.0,23.76,4.95,4.95,0.0,0.0,0.0,0.0,0.0,7.92,5.94,0.0,0.0
277,9i1yov,domesticviolence,abuse,"He laid me down and went to take off his clothes, then I sprung up, ran to the bathroom, grabbed the key(only one we have), ran to the guest room and locked myself in there. Finally safe. No pillow or comforter though, just a thin blanket and some clean laundry. No matter, I couldn't fall asleep anyways. Around 6am I crept outside, took a shower, gathered most of his stuff I could find and left him a note saying I took his key, and when I'd be back at 8pm he should be gone and anything that he leaves behind goes to the bin.",0,0.571428571,1537641465,105,32.98,46.19,55.99,43.09,21.0,11.43,88.57,60.0,18.1,15.24,7.62,0.95,0.0,6.67,0.0,2.86,6.67,12.38,6.67,8.57,9.52,2.86,19.05,4.76,0.95,0.95,0.95,1.9,0.95,0.95,0.0,0.0,0.0,0.0,10.48,0.0,0.95,0.0,6.67,8.57,0.95,0.0,2.86,3.81,0.0,1.9,1.9,0.0,0.95,0.95,1.9,1.9,0.0,0.0,0.0,7.62,1.9,0.0,1.9,2.86,0.95,7.62,5.71,0.95,20.95,6.67,11.43,3.81,0.0,0.95,4.76,0.0,0.0,0.0,0.95,0.0,0.0,0.0,0.0,0.95,17.14,4.76,8.57,0.0,0.0,0.0,0.0,0.0,0.0,1.9,1.9,0.0
1203,6hnuhg,ptsd,ptsd,"He also went to jail when I was in pre school. Last year, my real mom sent me a letter. I had never talked to her. She randomly sent me an easter letter and I saw it and felt weird. I almost started crying but I didnt know why.",0,0.571428571,1497632712,49,4.08,27.03,99.0,1.0,9.8,4.08,93.88,57.14,24.49,22.45,16.33,0.0,0.0,6.12,0.0,2.04,4.08,6.12,6.12,10.2,10.2,4.08,24.49,2.04,0.0,4.08,0.0,0.0,4.08,0.0,4.08,0.0,0.0,2.04,18.37,2.04,0.0,6.12,2.04,16.33,4.08,2.04,0.0,4.08,2.04,4.08,4.08,2.04,0.0,2.04,0.0,0.0,0.0,0.0,0.0,0.0,0.0,0.0,0.0,0.0,0.0,20.41,2.04,0.0,20.41,6.12,4.08,10.2,2.04,0.0,0.0,0.0,0.0,0.0,0.0,0.0,0.0,0.0,0.0,0.0,12.24,10.2,2.04,0.0,0.0,0.0,0.0,0.0,0.0,0.0,0.0,0.0
669,9c8c4s,ptsd,ptsd,"I did a few EMDR sessions, had great success, but also don't want to go through that again as I became severely depressed in the days following sessions. Anyone else sharing this feeling?? Like maybe sometimes its better/easier to not go to therapy and revisit everything and try to get ahold of it yourself? I definitely do have a skill set learned from my time in therapy that I feel I can rely on right now, but if I get worse I am not sure if just that is enough...though hopeful I will not get worse. Would appreciate your feedback whether you also share these feelings, or if you think it is better to return to therapy.",1,0.8,1535851067,119,14.53,13.73,91.95,98.87,23.8,19.33,95.8,59.66,19.33,10.92,7.56,0.0,3.36,0.0,0.0,8.4,2.52,11.76,9.24,6.72,10.92,3.36,20.17,7.56,5.88,0.84,0.0,0.84,12.61,9.24,3.36,0.0,0.0,0.84,6.72,0.0,0.0,0.0,0.0,24.37,5.88,0.0,5.04,7.56,2.52,10.08,2.52,0.0,0.0,2.52,2.52,0.0,2.52,0.0,0.0,10.92,1.68,4.2,0.0,5.88,1.68,3.36,16.81,1.68,10.92,2.52,3.36,5.04,5.88,0.0,0.0,0.0,0.0,0.0,0.0,0.0,0.0,0.0,0.0,0.0,12.61,5.04,3.36,0.0,0.0,2.52,0.0,0.0,0.0,0.84,0.0,0.84
36997,7dr3pz,anxiety,anxiety,"Lately I realized that if its possible to have our minds immortalized by transferring them to a digital copy (basically creating a backup with a computer, or slowly replacing each neuron with a computer to keep our conciousness intact) that its possible to wind up in a situation where humans have created an eternal hell. I am terrified that one day the government will force people to have digital copies of their brain, or ""go digital"". It will probably start with the military, but eventually everyone will have to (the government loves control). At this point, it would be possible for a hacker, or a shady government, to just torture a person.... forever. I mean, until the universe ended, if it does.",0,0.8,1510985186,122,79.4,53.28,57.48,25.77,20.33,24.59,92.62,57.38,13.93,5.74,2.46,1.64,0.0,0.0,1.64,8.2,10.66,13.93,9.02,4.92,5.74,0.0,16.39,4.92,0.0,0.82,0.82,0.82,4.92,2.46,2.46,0.82,1.64,0.0,7.38,0.0,0.0,0.0,0.0,15.57,1.64,3.28,2.46,7.38,1.64,4.92,0.0,0.0,0.0,0.0,2.46,1.64,0.0,0.0,0.0,9.84,2.46,1.64,5.74,0.0,0.0,2.46,9.84,3.28,15.57,3.28,4.92,8.2,4.92,0.0,0.0,0.0,1.64,0.82,0.82,0.82,0.0,0.0,0.0,0.0,18.85,7.38,6.56,0.0,0.0,0.0,0.0,0.0,1.64,0.0,3.28,0.0
699,7pqqrs,relationships,social,"Been together for 5 years, married for 1 year. My husband outwardly reserved/introverted but he's also very goofy around me. We joke around and are playful with each other in most interactions unless it comes to serious subjects. Lots of teasing, tickling, and 'play wrestling' in our home. The problem has always been when it comes to, umm, being romantic.",0,1.0,1515700308,61,47.68,79.38,72.51,56.75,12.2,24.59,86.89,50.82,13.11,8.2,3.28,3.28,0.0,1.64,0.0,4.92,1.64,18.03,9.84,8.2,9.84,0.0,13.11,4.92,1.64,1.64,3.28,4.92,11.48,6.56,4.92,0.0,1.64,0.0,13.11,3.28,0.0,0.0,3.28,11.48,0.0,0.0,1.64,3.28,1.64,4.92,0.0,0.0,0.0,0.0,0.0,0.0,0.0,0.0,0.0,13.11,11.48,0.0,0.0,0.0,1.64,3.28,8.2,0.0,19.67,3.28,9.84,6.56,0.0,4.92,1.64,0.0,0.0,0.0,1.64,0.0,0.0,0.0,1.64,0.0,22.95,8.2,8.2,0.0,0.0,0.0,0.0,0.0,0.0,4.92,0.0,1.64
7419,5lge1y,anxiety,anxiety,Currently in s constant state of anxiety with heart palptations. Woke up this morning with panic attacks. We broke up 4 months ago (it happened suddenly over text) as the relationship was shaky. Is there anything I can do about this? Conciously I'm not trying to think about the situation but unconsciously I still have the physical symptoms (anxiety/panic/heart rate and palpitations).,1,1.0,1483295706,64,67.71,31.97,82.31,1.0,12.8,26.56,84.38,51.56,12.5,6.25,4.69,1.56,0.0,0.0,0.0,6.25,4.69,17.19,9.38,7.81,4.69,1.56,15.62,4.69,1.56,0.0,1.56,0.0,10.94,0.0,10.94,7.81,1.56,1.56,3.12,0.0,0.0,0.0,0.0,9.38,1.56,0.0,0.0,4.69,0.0,3.12,0.0,0.0,0.0,0.0,6.25,3.12,3.12,0.0,0.0,10.94,3.12,1.56,6.25,0.0,0.0,7.81,10.94,0.0,17.19,0.0,6.25,10.94,0.0,0.0,0.0,0.0,0.0,0.0,0.0,0.0,0.0,0.0,0.0,0.0,18.75,6.25,0.0,0.0,0.0,1.56,0.0,0.0,0.0,1.56,6.25,3.12
1163,7mo9ri,anxiety,anxiety,"I tried multiple times to get him to join in on the fun but my attempts unintentionally put him on the spot and had the reverse effect. Truthfully, I got distracted after a while trying to get lucky. I feel guilty because I don't know how to help him in those situations. What if anything can I do to help him come out of his shell? Should I just let him be?",0,0.8,1514484784,72,45.11,39.05,48.89,77.0,14.4,12.5,91.67,63.89,22.22,18.06,9.72,0.0,0.0,8.33,0.0,4.17,5.56,16.67,9.72,2.78,8.33,1.39,22.22,5.56,1.39,2.78,0.0,1.39,6.94,4.17,1.39,1.39,0.0,0.0,11.11,0.0,0.0,0.0,8.33,18.06,5.56,4.17,2.78,5.56,1.39,2.78,1.39,0.0,0.0,1.39,0.0,0.0,0.0,0.0,0.0,12.5,4.17,2.78,2.78,5.56,0.0,4.17,13.89,0.0,13.89,2.78,6.94,4.17,0.0,1.39,0.0,0.0,0.0,0.0,0.0,0.0,0.0,0.0,0.0,0.0,9.72,4.17,1.39,0.0,0.0,2.78,0.0,0.0,0.0,1.39,0.0,0.0
52426,9o75v7,anxiety,anxiety,I seem to have these bouts of anxiety. I'm not constantly anxious but if something worries me enough there's a good chance I'll start on this downward spiral. When I get like this not only do I start worrying I get this terrible feeling. All I can describe it as is like a heavy dark feeling. It's very hard for me to shake it.,1,0.8,1539557256,64,7.54,1.0,99.0,1.0,12.8,17.19,96.88,62.5,26.56,14.06,14.06,0.0,0.0,0.0,0.0,12.5,3.12,12.5,12.5,7.81,6.25,3.12,25.0,7.81,4.69,1.56,0.0,1.56,10.94,1.56,9.38,7.81,0.0,0.0,0.0,0.0,0.0,0.0,0.0,15.62,4.69,0.0,1.56,6.25,1.56,6.25,7.81,1.56,0.0,6.25,0.0,0.0,0.0,0.0,0.0,4.69,0.0,0.0,0.0,4.69,0.0,0.0,21.88,1.56,12.5,3.12,3.12,6.25,0.0,0.0,0.0,0.0,0.0,0.0,0.0,0.0,0.0,0.0,0.0,0.0,14.06,7.81,0.0,0.0,0.0,0.0,0.0,0.0,0.0,6.25,0.0,0.0
199,9axlry,ptsd,ptsd,"For the first time, I put my hard-won progress/my mental health/myself first, ahead of my mom, for her birthday in a couple of weeks. My mom isn’t the primary problem. Her second husband is. He is my abuser. I’m going home for her birthday, something I haven’t done in 5 years.",0,0.571428571,1535450541,54,50.37,13.32,98.01,5.77,10.8,12.96,96.3,55.56,25.93,24.07,16.67,0.0,0.0,7.41,0.0,1.85,5.56,14.81,11.11,0.0,0.0,3.7,16.67,3.7,0.0,0.0,7.41,1.85,5.56,1.85,3.7,0.0,1.85,0.0,12.96,5.56,0.0,9.26,3.7,7.41,0.0,0.0,1.85,1.85,0.0,3.7,1.85,0.0,0.0,1.85,1.85,0.0,1.85,0.0,0.0,12.96,1.85,9.26,0.0,1.85,1.85,3.7,9.26,3.7,22.22,3.7,3.7,14.81,0.0,0.0,1.85,0.0,0.0,0.0,0.0,0.0,0.0,0.0,0.0,0.0,27.78,9.26,7.41,0.0,0.0,0.0,0.0,1.85,0.0,5.56,0.0,3.7
598,8ly5vj,ptsd,ptsd,. . . I had an emotionally and physically abusive mother growing up and and an absent drunk father. At 13 I was convinced by a 30-something year old man I was his girlfriend and introduced to drugs.,1,0.6,1527213616,36,68.15,71.09,58.07,2.09,12.0,22.22,88.89,52.78,13.89,11.11,8.33,0.0,0.0,2.78,0.0,2.78,8.33,11.11,8.33,0.0,11.11,0.0,11.11,0.0,0.0,0.0,5.56,0.0,2.78,0.0,2.78,0.0,2.78,0.0,13.89,5.56,2.78,2.78,8.33,5.56,2.78,0.0,0.0,2.78,0.0,0.0,0.0,0.0,0.0,0.0,8.33,0.0,5.56,0.0,2.78,5.56,2.78,0.0,2.78,0.0,0.0,8.33,0.0,0.0,13.89,2.78,5.56,5.56,2.78,2.78,0.0,0.0,0.0,0.0,0.0,0.0,0.0,0.0,0.0,0.0,16.67,13.89,0.0,0.0,0.0,0.0,0.0,2.78,0.0,0.0,0.0,0.0
4043,7q4qv8,relationships,social,I thought that sounded fun so I agreed. The whole way there I was so nervous and anxious. And during was kind of fine but I was fairly scared. it ended up with my friend also having sex with me and I agreed but I was so wasted. Afterwards I felt so sick and repulsed and freaked out by what had happened.,1,1.0,1515853873,61,2.71,3.6,95.44,7.09,12.2,14.75,96.72,62.3,19.67,14.75,14.75,0.0,0.0,0.0,0.0,4.92,1.64,9.84,9.84,9.84,19.67,0.0,16.39,9.84,0.0,1.64,0.0,1.64,14.75,6.56,8.2,4.92,0.0,0.0,1.64,0.0,1.64,0.0,0.0,9.84,3.28,0.0,0.0,3.28,0.0,3.28,3.28,0.0,1.64,1.64,3.28,0.0,1.64,1.64,0.0,3.28,1.64,0.0,1.64,0.0,0.0,13.11,0.0,0.0,9.84,0.0,4.92,4.92,0.0,1.64,0.0,0.0,0.0,0.0,1.64,1.64,0.0,0.0,0.0,0.0,8.2,8.2,0.0,0.0,0.0,0.0,0.0,0.0,0.0,0.0,0.0,0.0
41375,9odxgb,assistance,financial,"60 days past due, need 1,500 by the end up business Friday, current payment and past due amount. I made a post on r/borrow and would be willing to offer same terms to anyone here. There I requested $2250, to also help consolidate some loans I have there, with a pay back amount of $2,750 over 5 months. If I lose this car, my world will collapse and I will most likely end up homeless. I'm hoping there is a kind soul on here who can help, but hope all have a blessed day!",1,1.0,1539619012,97,61.27,37.84,73.36,81.5,19.4,9.28,89.69,47.42,10.31,7.22,7.22,0.0,0.0,0.0,0.0,3.09,5.15,11.34,9.28,7.22,6.19,0.0,13.4,3.09,2.06,1.03,7.22,5.15,6.19,4.12,1.03,0.0,0.0,1.03,6.19,0.0,0.0,0.0,0.0,12.37,0.0,1.03,5.15,7.22,1.03,2.06,0.0,0.0,0.0,0.0,0.0,0.0,0.0,0.0,0.0,10.31,2.06,1.03,8.25,1.03,1.03,3.09,10.31,4.12,20.62,1.03,7.22,12.37,3.09,0.0,0.0,5.15,2.06,0.0,1.03,0.0,1.03,0.0,0.0,0.0,17.53,4.12,8.25,0.0,0.0,0.0,1.03,0.0,0.0,1.03,0.0,3.09
39729,8tq8a3,anxiety,anxiety,"I've had anxiety for a few years (I'm seventeen) and only got diagnosed properly like 7 months ago alongside depression. Over the past few months I've developed a stutter and I've been unable to form proper sentences which has given me a fear of talking to friends and even just talking in general. I'm not the smartest person in my family and have got the lowest grades but I've always been excellent with my literacy but when I'm talking to either my family or friends, the words just can't come out. I've recently had something happen to nw  where I was used for comedy & told to ""try electro shock therapy"" to help my mental illnesses by some guy pretending to be there for me. This is only really related because this has made me really antisocial and I can't trust people anymore.",1,0.666666667,1529930844,142,30.95,14.54,96.24,8.79,28.4,19.72,92.96,56.34,15.49,11.97,11.97,0.0,0.0,0.0,0.0,3.52,4.93,12.68,13.38,7.04,7.04,2.11,21.13,6.34,3.52,2.11,1.41,2.82,7.04,2.82,4.23,1.41,0.0,1.41,9.86,1.41,2.11,0.0,0.7,13.38,2.11,2.11,0.0,2.82,0.7,6.34,0.7,0.0,0.7,0.0,2.11,0.0,2.11,0.0,0.0,9.15,3.52,2.11,2.11,1.41,0.7,9.15,13.38,0.0,11.27,0.7,4.23,6.34,2.11,2.11,1.41,0.0,0.0,0.0,0.0,0.0,0.0,0.0,0.0,0.0,14.79,3.52,0.7,0.0,0.0,0.0,0.0,0.0,1.41,7.04,1.41,0.7
1253,9g1yjn,homeless,financial,"I had a moment earlier when I was setting up for the night that I kinda, realized that life hasn't quite gone to plan, huh? [Handy dandy storage box! Nobody questions someone carrying an awkwardly large <url> Anyway, my bedroll is one of the only real constants in my life at the moment, and I kinda wanted to share it. I'd imagine that for others who are in less than ideal situations that your bedroll, or whatever sleeping arrangement you have is in some way special to you--anyone else wanna share what bed looks like for you tonight?",0,0.8,1537022441,99,47.97,45.96,85.21,91.46,24.75,18.18,86.87,55.56,23.23,11.11,7.07,0.0,4.04,0.0,0.0,12.12,5.05,14.14,9.09,3.03,3.03,2.02,13.13,6.06,4.04,4.04,1.01,2.02,4.04,4.04,0.0,0.0,0.0,0.0,9.09,0.0,0.0,0.0,0.0,17.17,3.03,0.0,3.03,8.08,0.0,5.05,1.01,1.01,0.0,0.0,3.03,1.01,2.02,0.0,0.0,6.06,2.02,2.02,2.02,0.0,0.0,6.06,8.08,3.03,15.15,2.02,7.07,6.06,0.0,0.0,1.01,0.0,0.0,0.0,5.05,0.0,3.03,0.0,1.01,1.01,16.16,1.01,5.05,0.0,0.0,2.02,1.01,2.02,0.0,2.02,0.0,3.03
17828,9ve7m2,ptsd,ptsd,"Hi everyone, (edit: the title should say “after reading the symptoms” btw). I feel like I should give a little background. About 7-8 months ago I left my abusive ex-girlfriend, she was my first serious partner and we were together for about a year and a half. She pretty much ruined my life, and I experienced all kinds of abuse while I was with her (and even when we were apart), including emotional, mental and physical. Fast forward to today, I have a new relationship with the sweetest girl in the world, a brand new start since I’m a freshman in college, and there’s a good chance that I will never have to speak with or maybe even see my ex for a good while.",0,0.8,1541712951,126,60.8,56.31,84.08,14.75,25.2,14.29,96.03,56.35,15.08,13.49,9.52,1.59,0.0,2.38,0.0,1.59,9.52,12.7,8.73,6.35,7.94,0.79,15.08,6.35,2.38,0.79,3.17,1.59,7.14,3.17,3.97,0.0,1.59,0.79,12.7,0.0,1.59,3.17,0.0,10.32,0.79,0.79,1.59,3.17,2.38,2.38,4.76,0.79,1.59,0.79,3.17,0.0,2.38,0.0,0.79,7.94,4.76,0.79,0.79,1.59,0.0,4.76,8.73,0.79,18.25,1.59,6.35,12.7,2.38,0.0,0.0,0.0,0.0,0.0,1.59,0.0,0.79,0.0,0.0,0.0,19.05,3.97,6.35,0.79,0.0,0.0,0.0,1.59,1.59,1.59,3.17,0.0
16139,9wuwdo,assistance,financial,With my daughter recovering and my wife getting further in her diagnosis and her pregnancy I haven’t been able to catch up and it’s snowballing out of control. We applied for social security for both my wife and daughter but our paperwork was “lost in the system”.     I went to court last week and the writ of possession will be filed tomorrow morning to have my belongings removed from the home. I have asked for loans and co-signers but nobody close to the family is willing to take a hit to their credit. I have sought out rental assistance from local charities but they will only help me if I got the balance down to $500.,1,0.8,1542155458,117,70.85,50.0,82.02,58.1,23.4,18.8,90.6,56.41,15.38,13.68,8.55,1.71,0.0,1.71,1.71,1.71,5.13,17.95,9.4,0.85,8.55,1.71,15.38,1.71,0.85,0.0,0.85,0.85,4.27,2.56,0.85,0.0,0.0,0.85,12.82,5.13,0.0,5.13,0.0,6.84,1.71,0.85,0.85,0.85,0.0,4.27,0.85,0.85,0.0,0.0,1.71,0.0,1.71,0.85,0.0,17.09,6.84,2.56,4.27,3.42,0.85,5.98,6.84,2.56,14.53,2.56,8.55,3.42,2.56,0.85,2.56,3.42,0.0,0.0,0.0,0.0,0.0,0.0,0.0,0.0,9.4,4.27,0.0,0.0,0.0,0.0,0.0,0.85,1.71,1.71,0.0,0.85
30377,8llkv5,domesticviolence,abuse,"I dont know what im trying to do by writing this, maybe just to vent, or get advice.. i dont really know.. but here we go. I was in an abusive relationship for 6 years. Everything was great at first. He was a bad boy, but i saw so much more than what he did. I loved him with everything i had and i was ALWAYS there for him.",0,0.666666667,1527099208,69,5.04,33.19,72.78,25.77,9.86,7.25,97.1,69.57,26.09,18.84,11.59,1.45,0.0,5.8,0.0,7.25,2.9,13.04,14.49,8.7,7.25,2.9,24.64,4.35,2.9,2.9,2.9,2.9,5.8,2.9,2.9,0.0,1.45,0.0,15.94,0.0,0.0,0.0,7.25,17.39,2.9,0.0,0.0,4.35,4.35,7.25,1.45,1.45,0.0,0.0,1.45,0.0,0.0,0.0,0.0,11.59,4.35,2.9,0.0,2.9,1.45,10.14,11.59,0.0,8.7,1.45,2.9,4.35,1.45,0.0,0.0,0.0,0.0,0.0,0.0,0.0,0.0,0.0,0.0,0.0,17.39,13.04,4.35,0.0,0.0,0.0,0.0,0.0,0.0,0.0,0.0,0.0
240,7t9sv1,relationships,social,"I've been dating this guy for nearly three months. We met at a bar and had a one night stand, so my expectations were very low. We started by taking it slow (dinner or takeout and a movie on Saturdays) but things felt really nice and normal. I'm used to meeting guys on apps where everything is a game and usually they are dating multiple people at once; this felt different. We met before Thanksgiving and managed to keep the momentum going through a lot of travel and three weeks spent apart.",0,1.0,1517021301,92,55.74,83.61,97.31,25.77,18.4,14.13,96.74,52.17,13.04,7.61,3.26,3.26,0.0,0.0,1.09,5.43,6.52,11.96,7.61,6.52,9.78,0.0,20.65,5.43,2.17,1.09,4.35,2.17,2.17,1.09,1.09,0.0,0.0,1.09,15.22,0.0,2.17,0.0,2.17,14.13,2.17,1.09,1.09,4.35,1.09,5.43,2.17,0.0,0.0,2.17,2.17,0.0,0.0,0.0,2.17,11.96,8.7,0.0,2.17,1.09,0.0,11.96,6.52,2.17,22.83,3.26,7.61,13.04,2.17,4.35,0.0,1.09,0.0,0.0,1.09,0.0,1.09,0.0,0.0,0.0,11.96,5.43,1.09,0.0,1.09,0.0,0.0,0.0,0.0,2.17,2.17,0.0
4096,7ofaqb,relationships,social,"I'm aware I have problems when it comes to dating, I get jealous, paranoid and suspicious very easily. I hate it about myself and hide it from my boyfriend very well. Take for example my bf, we have each other on snapchat, we maybe send one or two to each other a day it's not like a thing we do but it could be, I tried to send him more but it wasn't reciprocated. Yet I always see his snapchat score go up by like 30 or more at a time (I know I shouldn't snoop it just feeds my problems but I can't help it). Anyway I just get jealous that he snaps loads to other people but not me, I don't know who.. it could be another girl.. he never sends a face pic to me but is he to others and if so why not me?",1,1.0,1515194963,149,2.66,8.98,90.47,1.0,21.29,8.72,95.97,67.11,28.86,17.45,12.08,2.01,0.0,3.36,0.0,11.41,2.68,10.07,8.72,8.72,8.72,5.37,17.45,1.34,2.68,2.01,2.01,3.36,6.04,1.34,4.7,1.34,2.01,0.0,13.42,0.0,1.34,0.67,4.7,20.13,2.68,0.67,4.03,2.68,1.34,11.41,1.34,1.34,0.0,0.0,1.34,0.67,0.0,0.0,0.67,12.08,6.04,0.67,1.34,2.68,2.01,1.34,14.77,0.0,10.07,3.36,2.01,4.7,0.0,1.34,0.0,0.0,0.0,0.0,4.03,0.0,2.68,0.0,0.67,0.67,15.44,5.37,4.03,0.0,0.0,0.67,0.0,0.0,0.0,4.03,1.34,0.0
55416,64sedu,homeless,financial,"there are guards you have to ask for everythig and the other people who live there - while most are ""ok"" some either look like trouble or actually give trouble. . In theory I would have moved to the capital and taken up fitness instructor course and applied for an education. only my GPA is bad even though I took higher level classes than requirred. so I need to fix my study habits and I need to either sue my dad or find closure with him and cut him out of my life.",1,0.6,1491932680,91,45.79,22.08,56.48,1.1,22.75,13.19,93.41,54.95,14.29,12.09,8.79,0.0,1.1,2.2,0.0,2.2,3.3,14.29,6.59,7.69,10.99,0.0,17.58,5.49,6.59,1.1,0.0,4.4,5.49,1.1,4.4,0.0,0.0,0.0,8.79,1.1,0.0,0.0,3.3,17.58,2.2,0.0,3.3,5.49,0.0,8.79,1.1,1.1,0.0,0.0,3.3,0.0,3.3,0.0,0.0,10.99,0.0,1.1,3.3,2.2,4.4,3.3,13.19,0.0,7.69,1.1,5.49,1.1,7.69,1.1,0.0,0.0,0.0,0.0,1.1,0.0,0.0,1.1,0.0,0.0,8.79,5.49,0.0,0.0,0.0,0.0,0.0,1.1,2.2,0.0,0.0,0.0
1014,7m1di1,domesticviolence,abuse,Then I started to notice how much of a temper he has. The first few weeks he was good at hiding it but it started coming out. He was full of compliments for me but they were pretty generic and he took me on a bunch of dates. The last few days I was kind of avoiding him and he kind of tried getting controlling. Yesterday I was going to spend Christmas eve with him and his family and I tried bringing up some major concerns about the way things were going and he flipped out and started screaming and throwing shit.,1,1.0,1514208867,100,48.57,61.81,63.05,12.51,20.0,17.0,95.0,55.0,19.0,16.0,6.0,0.0,0.0,9.0,1.0,3.0,5.0,13.0,7.0,2.0,11.0,0.0,20.0,3.0,0.0,1.0,1.0,5.0,7.0,3.0,4.0,1.0,2.0,0.0,12.0,1.0,0.0,0.0,9.0,9.0,1.0,2.0,0.0,4.0,0.0,2.0,1.0,0.0,1.0,0.0,1.0,1.0,0.0,0.0,0.0,12.0,2.0,3.0,2.0,3.0,2.0,13.0,3.0,4.0,23.0,4.0,7.0,12.0,0.0,1.0,1.0,1.0,1.0,0.0,1.0,1.0,0.0,0.0,0.0,0.0,5.0,5.0,0.0,0.0,0.0,0.0,0.0,0.0,0.0,0.0,0.0,0.0
52129,83973l,homeless,financial,"""Fuck you bitch, I can make your life hell and get you kicked out of here. I manage this place when the owner is not around"" Needless to say that is all a lie from him, He is here from DSS/Social Services just like I am. What I am worried about is my safety and security. This guy is obviously mentally ill and a drug addict and alchie, and now I am really concerned that he will do something to me because I stood up to him and his nonsense bullshit.",1,1.0,1520622241,92,9.17,50.0,6.6,4.13,23.0,11.96,94.57,66.3,23.91,17.39,8.7,0.0,3.26,5.43,0.0,6.52,3.26,11.96,11.96,8.7,8.7,1.09,17.39,2.17,1.09,2.17,0.0,1.09,7.61,2.17,4.35,1.09,3.26,0.0,13.04,0.0,1.09,0.0,6.52,7.61,0.0,2.17,0.0,1.09,2.17,2.17,1.09,0.0,1.09,0.0,5.43,0.0,4.35,1.09,0.0,7.61,1.09,0.0,3.26,1.09,2.17,2.17,16.3,1.09,6.52,0.0,4.35,2.17,2.17,0.0,0.0,0.0,1.09,0.0,4.35,4.35,0.0,0.0,0.0,0.0,10.87,4.35,3.26,0.0,0.0,0.0,0.0,0.0,2.17,0.0,0.0,1.09
8995,96i4s2,almosthomeless,financial,"My situation is that I might be homeless for about a month. I have plenty of money coming in from my clients during the month of October--more than enough to meet the 3x income requirement for most apartments in the city where I plan to move (my hometown). However, my lease here ends Sept 30. I don't have quite enough to meet the 3x income requirement before then. Some of my clients have really slow pay schedules.",1,0.8,1534007517,78,84.3,7.93,98.79,25.77,15.6,14.1,89.74,53.85,12.82,11.54,11.54,0.0,0.0,0.0,0.0,1.28,6.41,19.23,8.97,6.41,2.56,1.28,14.1,6.41,5.13,1.28,1.28,5.13,0.0,0.0,0.0,0.0,0.0,0.0,2.56,0.0,0.0,0.0,0.0,8.97,0.0,0.0,0.0,5.13,0.0,3.85,0.0,0.0,0.0,0.0,0.0,0.0,0.0,0.0,0.0,5.13,2.56,1.28,1.28,0.0,0.0,0.0,11.54,5.13,19.23,3.85,5.13,11.54,10.26,0.0,2.56,6.41,0.0,0.0,0.0,0.0,0.0,0.0,0.0,0.0,14.1,6.41,1.28,0.0,0.0,0.0,0.0,2.56,0.0,1.28,2.56,0.0
1812,5u1jd5,almosthomeless,financial,"I currently have $7k in my bank account. I have $1.4k in credit card debt, which nets me $5.6k. I have no incoming cash flow other than tax refund that I have not filed for yet. In worst case scenario, I can tap into parts of my 401k/roth savings, which do amount to over $35k, but obviously there are tax penalties associated with that along with having some restrictions. Due to ongoing expenses, like car payments, insurance, food, airBnb, etc, I project to have no cash in my checking account in about 4 months.",0,0.571428571,1487093154,97,69.39,3.99,87.27,25.77,19.4,16.49,78.35,49.48,15.46,10.31,10.31,0.0,0.0,0.0,0.0,5.15,0.0,18.56,9.28,3.09,1.03,3.09,8.25,2.06,3.09,2.06,3.09,2.06,2.06,1.03,1.03,0.0,0.0,0.0,0.0,0.0,0.0,0.0,0.0,6.19,0.0,0.0,0.0,1.03,1.03,4.12,0.0,0.0,0.0,0.0,1.03,0.0,0.0,0.0,1.03,5.15,0.0,0.0,3.09,0.0,2.06,0.0,10.31,0.0,13.4,2.06,7.22,4.12,7.22,0.0,0.0,14.43,0.0,0.0,2.06,0.0,2.06,2.06,0.0,0.0,20.62,5.15,10.31,0.0,0.0,0.0,0.0,0.0,0.0,0.0,0.0,5.15
367,9b13so,survivorsofabuse,abuse,I'm an ex wife and mother. My daughter is 14. I met my ex husband 8 years ago and together we raised my daughter. We separated 3 yeara ago. Although the marriage didn't work we continued to co-parent.,0,0.8,1535478674,39,23.17,97.98,99.0,25.77,7.8,20.51,84.62,41.03,20.51,20.51,12.82,7.69,0.0,0.0,0.0,0.0,5.13,2.56,7.69,0.0,7.69,2.56,10.26,0.0,0.0,0.0,7.69,0.0,0.0,0.0,0.0,0.0,0.0,0.0,35.9,17.95,0.0,10.26,2.56,7.69,0.0,0.0,0.0,0.0,0.0,7.69,0.0,0.0,0.0,0.0,0.0,0.0,0.0,0.0,0.0,25.64,23.08,2.56,0.0,0.0,0.0,10.26,7.69,0.0,15.38,0.0,5.13,10.26,2.56,0.0,0.0,0.0,0.0,0.0,5.13,0.0,0.0,0.0,0.0,0.0,20.51,12.82,0.0,0.0,0.0,0.0,0.0,2.56,0.0,5.13,0.0,0.0
1632,9rf88a,anxiety,anxiety,"That being said, I feel like every idea I have to contribute gets shot down. It doesn't help that I'm not the best at communicating ideas. I feel like I'm at a dead end and am not being considered to move up because of it. It's gotten me so anxious that I don't know what to do except look for other opportunities. I feel like he's just pretending to appreciate what I do.",1,1.0,1540508090,73,18.84,3.77,99.0,76.42,14.6,10.96,97.26,67.12,26.03,13.7,12.33,0.0,0.0,1.37,0.0,12.33,2.74,19.18,16.44,2.74,4.11,5.48,30.14,2.74,5.48,2.74,0.0,1.37,5.48,4.11,1.37,1.37,0.0,0.0,5.48,0.0,0.0,0.0,1.37,20.55,12.33,1.37,0.0,0.0,1.37,5.48,6.85,1.37,1.37,4.11,0.0,0.0,0.0,0.0,0.0,10.96,2.74,2.74,5.48,5.48,0.0,2.74,23.29,0.0,8.22,1.37,5.48,1.37,0.0,0.0,0.0,0.0,0.0,1.37,0.0,0.0,0.0,0.0,0.0,0.0,16.44,6.85,1.37,0.0,0.0,0.0,0.0,0.0,0.0,8.22,0.0,0.0
543,7otibf,domesticviolence,abuse,I lost a child because of this man and i went back for round 2? Am I nuts? Why am I so surprised i've come out looking like i've just had 10 round with Tyson? Advice please - anyone gone through a similar experience? What did you do?,1,0.8,1515360647,47,16.67,50.0,65.58,66.07,9.4,12.77,91.49,61.7,21.28,14.89,12.77,0.0,2.13,0.0,0.0,6.38,4.26,12.77,14.89,8.51,6.38,0.0,25.53,8.51,4.26,4.26,4.26,0.0,6.38,4.26,2.13,0.0,0.0,2.13,10.64,0.0,0.0,0.0,2.13,6.38,0.0,4.26,0.0,2.13,0.0,0.0,8.51,6.38,0.0,4.26,0.0,0.0,0.0,0.0,0.0,4.26,0.0,2.13,2.13,0.0,0.0,10.64,12.77,0.0,10.64,6.38,4.26,2.13,0.0,0.0,0.0,0.0,0.0,0.0,0.0,0.0,0.0,0.0,0.0,0.0,17.02,0.0,0.0,0.0,0.0,10.64,0.0,2.13,0.0,4.26,0.0,0.0
28209,7r08ft,relationships,social,As someone in there house is no longer going to be living with them as a mutual agreement. I get along really well with some people in this agreed group and they are far more enthusiastic and keen than the others I mentioned above. I discussed with this group prior to the free slot that it would be lovely to live with them if possible and now that they have a slot it's actually possible. Since that happened I agreed to live take the slot with them. Having a house with them (five of us total) and I think it's in my best interest as they are a tight friend group meaning communication to sort it out is easier and they're more assertive - four of them are also taking the same subject as me.,0,1.0,1516186683,134,55.23,69.94,26.12,99.0,26.8,10.45,96.27,62.69,20.15,11.94,5.22,0.75,0.0,0.0,5.97,8.21,5.97,18.66,9.7,4.48,8.21,0.75,16.42,11.19,8.21,0.0,1.49,5.22,8.21,8.21,0.0,0.0,0.0,0.0,14.18,0.0,0.75,0.0,0.0,11.19,1.49,0.75,1.49,4.48,0.75,3.73,0.75,0.0,0.0,0.75,2.24,0.0,2.24,0.0,0.0,9.7,4.48,0.75,2.24,3.73,0.0,1.49,12.69,0.75,8.21,0.75,5.22,2.24,0.0,0.0,1.49,0.75,0.0,0.0,0.75,0.0,0.0,0.0,0.75,0.0,8.21,3.73,0.0,0.0,0.0,0.0,0.0,0.75,0.0,2.24,1.49,0.0
43974,80osn7,ptsd,ptsd,"That you're super grateful that you're alive and want to share what you have with everyone, or that you don't feel like you were one of the lucky ones. It's probably something she just stuffed. Who knows. But again, is my sister a survivor of 9/11 or a victim? I think she was missed in count of the walking wounded, until today.""",0,1.0,1519756252,63,15.14,94.36,19.65,82.57,12.6,12.7,92.06,65.08,26.98,14.29,3.17,0.0,7.94,3.17,0.0,12.7,6.35,12.7,12.7,4.76,7.94,1.59,22.22,4.76,1.59,3.17,4.76,0.0,9.52,6.35,3.17,0.0,0.0,1.59,17.46,1.59,0.0,4.76,0.0,17.46,4.76,0.0,1.59,7.94,1.59,4.76,1.59,0.0,0.0,1.59,3.17,0.0,3.17,0.0,0.0,9.52,3.17,3.17,1.59,1.59,0.0,4.76,19.05,0.0,7.94,1.59,1.59,4.76,0.0,0.0,0.0,0.0,0.0,1.59,0.0,0.0,0.0,0.0,0.0,0.0,22.22,6.35,4.76,0.0,0.0,1.59,0.0,0.0,1.59,6.35,0.0,1.59
348,6fjee1,survivorsofabuse,abuse,"I have suffered for years through an abusive relationship with my husband. Drunk driving, attempting to detain me in one place so he could continue to yell at me, child endangerment, stalking, physical and sexual abuse, cheated on me multiple times, (including one instance I am sure was actually rape). I kicked him out months ago and filed for divorce as soon as I was able after that. Now I have a court date for the restraining order for me and my son, which I finally gathered up the courage (and the witness testimony) to file. I know that everything I've said is true, and I'm confident that my evidence is strong.",1,0.8,1496721054,112,49.9,29.6,95.6,13.64,22.4,23.21,91.07,57.14,20.54,16.07,14.29,0.0,0.0,1.79,0.0,4.46,4.46,16.07,8.93,4.46,7.14,0.0,13.39,5.36,2.68,0.89,1.79,0.89,9.82,4.46,5.36,0.0,4.46,0.89,9.82,2.68,0.89,0.0,3.57,7.14,1.79,0.0,0.89,0.0,3.57,0.89,1.79,0.0,1.79,0.0,3.57,0.0,0.89,1.79,0.89,8.93,2.68,2.68,4.46,0.89,0.0,5.36,9.82,0.89,16.96,0.89,5.36,9.82,0.0,0.89,0.0,0.0,0.0,0.0,0.0,0.0,0.0,0.0,0.0,0.0,16.96,4.46,7.14,0.0,0.0,0.0,0.0,0.0,0.0,1.79,3.57,0.0
19805,8isz1t,homeless,financial,"I'm new to living in my car. Very limited access to cooking and can't afford ice. The basis of my diet is whole wheat bread. I eat it with peanut butter and honey/jam, canned tuna, and vegetable/bean/lentil soups. I often eat canned peaches, mandarin oranges, green beans, corn, and white/pinto beans.",0,0.8,1526089842,55,61.63,13.76,31.94,25.77,11.0,10.91,76.36,36.36,10.91,9.09,9.09,0.0,0.0,0.0,0.0,1.82,1.82,9.09,3.64,3.64,7.27,1.82,9.09,5.45,0.0,0.0,0.0,1.82,0.0,0.0,0.0,0.0,0.0,0.0,1.82,0.0,1.82,0.0,0.0,5.45,0.0,1.82,0.0,1.82,0.0,1.82,7.27,3.64,0.0,0.0,23.64,0.0,3.64,0.0,21.82,3.64,0.0,1.82,0.0,1.82,0.0,0.0,9.09,0.0,7.27,1.82,1.82,3.64,0.0,1.82,0.0,0.0,0.0,0.0,0.0,0.0,0.0,0.0,0.0,0.0,30.91,9.09,10.91,0.0,0.0,0.0,0.0,0.0,0.0,3.64,0.0,7.27
52427,9md6qz,survivorsofabuse,abuse,"My father was diagnosed with Stage 4 prostate cancer, and while it's well-controlled, the side effects of his hormonal and chemo treatments have left him far more emotional (but, at least, unable to just sublimate his depression/anxiety into anger and vent it at any available target anymore), and the physical side effects have forced him into an early retirement, meaning 80% of the time he's home and sitting in the livingroom. He's no longer directing the same vitriol and venom at me that he used to, and neither does my sister, but... It's all the little things they do to invalidate my feelings, treating more like a live-in servant than a family member, and the occasional outbursts if they get angry/upset that trigger me badly... It's making me lose ground, lose progress, and I'm having more and more trouble coping with everyday life...  And I'm afraid I'm going to just, break. Crumble under the weight of it all...",1,1.0,1538988585,162,50.37,42.65,54.03,1.0,27.0,19.75,88.27,52.47,17.28,11.11,5.56,0.0,0.0,4.32,1.23,6.17,6.79,11.73,9.26,1.85,9.26,1.23,14.2,9.88,6.17,0.0,1.23,4.94,7.41,0.62,6.79,1.85,1.23,1.85,8.02,1.85,0.0,0.62,4.94,12.35,3.09,4.32,0.62,1.85,1.85,3.09,1.23,0.0,0.0,1.23,4.32,0.62,3.09,0.62,0.62,8.02,1.85,2.47,2.47,0.62,1.85,1.85,9.88,0.62,14.81,0.62,9.88,3.7,0.62,0.62,1.23,0.0,0.0,0.0,0.62,0.0,0.0,0.0,0.62,0.0,25.93,8.64,8.02,0.0,0.0,0.0,0.0,1.23,0.0,4.94,1.23,1.85
1359,7m6ura,domesticviolence,abuse,He has anger issues and he seems like a good guy sometimes (even though i know he's a fucking monster) and i know he's had a bad childhood. It's even harder because if he does get arrested or something for it my best friend won't have anyone to support her/pay for her tuition or her meals even... her mom doesn't have the money to do that and i think that's why she still stays with them... just so she can support her daughter. My family would be willing to take her in but we're not doing well w/ money either.  I really want to do something about it but idk what i can do. He's been horrible to his family since forever.,1,0.857142857,1514279855,123,1.06,59.64,1.67,40.38,17.57,12.2,97.56,69.92,27.64,20.33,6.5,0.81,0.0,12.2,0.81,7.32,3.25,9.76,17.07,8.94,8.94,3.25,24.39,4.88,3.25,1.63,0.0,0.81,8.13,4.07,3.25,0.81,1.63,0.0,19.51,3.25,1.63,8.13,6.5,18.7,3.25,2.44,2.44,6.5,0.81,7.32,0.81,0.0,0.0,0.81,1.63,0.0,0.0,0.81,0.81,8.13,3.25,0.81,0.81,4.07,0.81,1.63,21.95,0.81,5.69,0.81,1.63,4.07,0.81,1.63,1.63,3.25,0.0,0.0,3.25,0.81,1.63,0.0,0.81,0.81,17.89,8.94,0.0,0.0,0.0,0.0,0.0,0.0,0.0,6.5,1.63,0.81
235,97ew1p,ptsd,ptsd,"I would rather kill myself than hurt other people so why the fuck did that even occur to me? My therapist told me I'm meant to be alive and hugged me and I don't even know why because how could I be meant to be alive if I have thoughts like this? What's the point? It honestly feels like depression or ptsd or whatever this is has stripped me of normal human emotions and humanity and I'm just like this vacuum moving around undetected that people, like my therapist, fail to see is awful and unlovable and unfixable. I don't feel anything in conversations, I have trouble with empathy sometimes.",1,1.0,1534302609,110,4.32,5.1,77.1,1.0,22.0,16.36,95.45,64.55,22.73,13.64,13.64,0.0,0.0,0.0,0.0,9.09,1.82,11.82,14.55,8.18,10.91,1.82,22.73,4.55,4.55,4.55,0.0,0.0,10.0,1.82,7.27,0.0,1.82,2.73,5.45,0.0,0.0,0.0,0.0,18.18,5.45,3.64,3.64,4.55,0.0,5.45,3.64,0.91,0.0,2.73,4.55,0.0,3.64,0.91,0.0,4.55,2.73,0.91,0.91,0.0,1.82,3.64,16.36,0.0,4.55,0.91,2.73,0.91,0.91,0.0,0.91,0.0,0.0,2.73,0.91,0.91,0.0,0.0,0.0,0.0,11.82,1.82,2.73,0.0,0.0,2.73,0.0,0.0,0.0,4.55,0.0,0.0
48349,7shrmz,relationships,social,"They have lives outside the group and are often coming from far away to go to this group. Should I try and be friends with them? I feel like they're not going to want to hang out with a dorky 23 year old, and I have no idea what we'd even do anyway. I also tried Bumble BFF to make friends but found the constant swiping and texting to be really boring and depressing. There's only so much bland small talk a person can make.",1,0.8,1516741900,85,38.18,63.81,73.15,1.0,17.0,8.24,95.29,60.0,10.59,8.24,4.71,1.18,0.0,0.0,2.35,2.35,4.71,15.29,12.94,9.41,9.41,2.35,27.06,3.53,1.18,1.18,1.18,3.53,3.53,0.0,3.53,0.0,0.0,1.18,14.12,0.0,3.53,0.0,0.0,14.12,3.53,2.35,2.35,2.35,0.0,3.53,1.18,0.0,0.0,1.18,1.18,0.0,1.18,0.0,0.0,11.76,8.24,2.35,1.18,0.0,0.0,2.35,21.18,2.35,15.29,4.71,5.88,4.71,0.0,0.0,0.0,0.0,0.0,0.0,3.53,1.18,1.18,0.0,0.0,1.18,10.59,4.71,1.18,0.0,0.0,1.18,0.0,0.0,0.0,3.53,0.0,0.0
17065,6a43k9,ptsd,ptsd,"DO NOT BLAME HIM. PEOPLE WHO ABUSE ARE SOME OF THE MOST MANIPULATIVE AND BELIEVABLE LIARS. That being said; Parent's if you have a child, who is going to EXTREMES to say show their disapproval for a person, LISTEN TO THEM. CHILDREN FUCKING KNOW. And it is YOUR responsibility to ensure THEIR safety and happiness, not satisfy your own at their cost.",1,0.6,1494317158,62,44.1,99.0,1.0,7.28,12.4,16.13,91.94,54.84,19.35,12.9,0.0,0.0,4.84,1.61,6.45,6.45,4.84,11.29,9.68,0.0,6.45,3.23,17.74,3.23,1.61,3.23,0.0,3.23,11.29,4.84,6.45,0.0,6.45,0.0,32.26,1.61,0.0,0.0,1.61,11.29,1.61,1.61,1.61,4.84,0.0,4.84,6.45,1.61,4.84,0.0,1.61,0.0,0.0,1.61,0.0,8.06,1.61,0.0,4.84,0.0,1.61,1.61,12.9,1.61,3.23,1.61,1.61,0.0,1.61,0.0,0.0,1.61,0.0,0.0,1.61,1.61,0.0,0.0,0.0,0.0,16.13,8.06,4.84,0.0,1.61,0.0,0.0,0.0,0.0,1.61,0.0,0.0
1827,7nzsj1,relationships,social,Do I ask the boss (who’s like family to me) to not bring him back once our coming winter layoff is over? How do I continue to stay sane while seeing this guy who is abusive to my extended family and completely absent with my immediate family while telling our friends he’s a happy uncle?   ---   **tl;dr**: SO's brother works with me. He is abusive to SO and her family and won't acknowledge pregnancy.,1,0.8,1515032354,74,19.71,94.74,45.17,9.26,18.5,14.86,95.95,56.76,20.27,16.22,8.11,2.7,0.0,5.41,0.0,4.05,2.7,12.16,9.46,5.41,9.46,2.7,20.27,2.7,1.35,4.05,1.35,0.0,4.05,1.35,2.7,0.0,2.7,0.0,25.68,9.46,2.7,1.35,8.11,5.41,1.35,1.35,0.0,0.0,1.35,1.35,1.35,1.35,0.0,0.0,2.7,0.0,2.7,1.35,0.0,16.22,10.81,1.35,4.05,0.0,0.0,0.0,16.22,2.7,14.86,4.05,4.05,9.46,5.41,5.41,5.41,0.0,0.0,0.0,0.0,0.0,0.0,0.0,0.0,0.0,25.68,2.7,0.0,1.35,1.35,2.7,0.0,4.05,0.0,5.41,2.7,5.41
36442,7v07et,assistance,financial,"My troubles began when I confronted her about withdrawing large and frequent amounts of cash from her account and asked her what she was spending all that money on when she wasn't paying for my siblings. I asked her for my 9 year old sister's dad number , so I could bring up her not spending the child support money she was receiving on my sister. She refused to give me his number and since then I cannot even talk to her. She has even told me not to take my sister out with me and my brother because she says she does not have money to pay me back. If i mention anything about what I spend on them she say ""I need to see a receipt"" but when I ask if she bought anything for them and to show me a receipt she says ""Of course I don't keep them"".",1,0.6,1517674614,151,9.24,62.97,22.95,16.32,30.2,13.25,96.03,64.9,29.8,26.49,13.25,0.0,0.0,11.26,1.99,3.31,1.99,13.91,5.96,5.96,9.27,3.97,18.54,1.32,0.0,3.31,0.66,1.32,1.99,0.66,1.32,0.0,0.66,0.0,25.83,3.97,0.0,12.58,1.99,9.93,0.0,1.32,2.65,2.65,0.66,5.3,3.31,1.32,1.99,0.0,0.0,0.0,0.0,0.0,0.0,7.95,3.31,0.0,3.31,0.66,0.66,5.3,11.92,0.66,11.92,1.32,4.64,7.28,1.99,0.0,0.0,7.28,0.0,0.0,0.0,0.0,0.0,0.0,0.0,0.0,8.61,3.31,0.66,0.0,0.0,0.0,0.0,0.0,2.65,1.99,0.0,0.0
30804,8i56dy,homeless,financial,"We are making a one hour documentary for BBC One Children in Need on what it’s like to be young and homeless in the UK. Part presented by Stacey Dooley, we hope that a film centered on young people’s experiences will not only shed light on this often hidden population but also raise awareness around the need for greater support and understanding. Whether you’re sofa surfing, in a hostel or having to consider sleeping rough, we’d like to hear from you. All contact will be confidential and doesn’t mean you have to take part, we’d just like to hear about your experiences.",0,1.0,1525864921,102,68.57,92.92,28.81,79.41,25.5,18.63,89.22,54.9,11.76,7.84,0.0,3.92,3.92,0.0,0.0,3.92,4.9,19.61,11.76,5.88,6.86,1.96,23.53,6.86,3.92,1.96,1.96,2.94,2.94,2.94,0.0,0.0,0.0,0.0,12.75,0.0,0.98,0.0,0.0,13.73,3.92,0.98,2.94,2.94,0.98,3.92,6.86,1.96,1.96,0.98,0.98,0.98,0.0,0.0,0.0,6.86,3.92,0.0,1.96,0.98,0.0,0.0,15.69,2.94,12.75,0.98,7.84,3.92,0.0,1.96,0.98,0.0,0.0,0.0,0.0,0.0,0.0,0.0,0.0,0.0,13.73,3.92,3.92,0.0,0.0,0.0,0.0,0.0,0.0,5.88,0.0,0.0
2474,7sjovi,relationships,social,"I broke up with my bf of 2.5 yrs on Sunday after suspecting he was the reason why I had fallen into depression for the past year or so. I became more irritable, rude, negative and angry... which was not like my usual positive, polite, and bubbly self. He was often very negative, had anger issues/tantrums, impatient, interrupted me a lot, would ditch me for cocaine, didn't know how to drink alcohol (often consumes until he pukes), was a hypochondriac, always broke (yet had money for weed/shatter or sports betting or junk food or alcohol...), but at the same time did not look after his own health unless I pushed him to... just a lot of care-taking and issues. He has depression and anxiety as well. One of the things that really killed me inside about him was his last girlfriend who had died in a car crash about 1 year before he met me.",1,0.6,1516758588,158,45.31,28.45,69.44,1.0,22.57,12.03,90.51,57.59,14.56,12.03,6.33,0.0,0.0,5.7,0.0,2.53,5.06,15.19,8.23,7.59,8.86,3.16,14.56,6.96,4.43,2.53,1.9,1.9,11.39,2.53,8.86,1.9,3.8,2.53,10.13,0.0,1.27,0.0,6.33,15.19,2.53,1.9,0.63,5.7,1.27,6.33,0.63,0.63,0.0,0.0,3.8,0.0,2.53,0.0,2.53,4.43,1.9,0.0,0.63,1.9,0.0,11.39,2.53,0.0,15.19,1.9,3.8,9.49,0.0,2.53,0.0,1.27,0.0,1.27,1.27,0.0,0.63,0.0,0.63,0.0,21.52,8.86,7.59,0.0,0.0,0.0,0.0,0.63,0.0,0.63,2.53,1.27
1017,6pnnr1,domesticviolence,abuse,"If you intervene he will stoop down to the lowest level cursing his sons out with the worst imaginable. First the obvious question, is this domestic abuse? Domestic violence? Am I imagining this or blowing it out of proportion? I'm in Canada, are there any legal avenues we can use to end this?",1,0.571428571,1501071721,53,65.04,77.48,72.17,1.0,10.6,22.64,88.68,54.72,18.87,11.32,3.77,1.89,1.89,3.77,0.0,7.55,5.66,15.09,11.32,1.89,3.77,0.0,11.32,3.77,3.77,0.0,1.89,1.89,7.55,0.0,7.55,0.0,1.89,1.89,11.32,1.89,0.0,0.0,5.66,15.09,5.66,1.89,1.89,7.55,1.89,3.77,0.0,0.0,0.0,0.0,0.0,0.0,0.0,0.0,0.0,9.43,1.89,1.89,3.77,0.0,1.89,0.0,11.32,1.89,16.98,0.0,13.21,3.77,1.89,0.0,3.77,0.0,0.0,0.0,0.0,0.0,0.0,0.0,0.0,0.0,15.09,1.89,3.77,0.0,0.0,7.55,0.0,0.0,0.0,1.89,0.0,0.0
5187,6vfkc2,domesticviolence,abuse,"She has had wounds on her face once, one doctor saw them, wrote them down, and offered to call the police. They replied that she'd have to come there by herself and sue her husband. Which of course did not happen. Turns out I get really numb as the only way to not get dragged into this emotional swamp, but is a hell for its own. Hating every single contact here.",1,0.6,1503450563,71,48.21,75.94,5.25,1.0,14.2,9.86,92.96,57.75,18.31,12.68,1.41,0.0,0.0,7.04,4.23,5.63,4.23,15.49,8.45,5.63,5.63,2.82,19.72,4.23,1.41,1.41,4.23,2.82,4.23,0.0,4.23,0.0,2.82,0.0,18.31,1.41,1.41,7.04,1.41,7.04,0.0,0.0,0.0,0.0,1.41,5.63,1.41,1.41,0.0,0.0,4.23,1.41,2.82,0.0,0.0,8.45,1.41,0.0,4.23,2.82,0.0,5.63,11.27,0.0,11.27,2.82,7.04,1.41,5.63,0.0,0.0,0.0,1.41,0.0,1.41,1.41,0.0,0.0,0.0,0.0,14.08,7.04,5.63,0.0,0.0,0.0,0.0,0.0,0.0,1.41,0.0,0.0
22980,8ttziu,homeless,financial,"A nasty one. Once it cleared up in a while I decided to take his advice and find a ride to brunswick. I asked around and the last person I asked said he was headed that way and I could join him and his wife, provided I showed some ID, I look younger than I am, so he assumed I was a runaway. When I rode to Brunswick he preached to me about God and told me he was from Florida. Another storm approached.",0,0.8,1529959430,84,25.4,54.73,74.76,10.67,16.8,14.29,92.86,59.52,26.19,22.62,14.29,0.0,0.0,8.33,0.0,3.57,5.95,11.9,7.14,4.76,9.52,0.0,20.24,2.38,2.38,1.19,2.38,2.38,1.19,0.0,1.19,0.0,1.19,0.0,16.67,1.19,0.0,1.19,8.33,7.14,3.57,0.0,1.19,2.38,0.0,1.19,3.57,2.38,1.19,0.0,0.0,0.0,0.0,0.0,0.0,7.14,2.38,0.0,2.38,2.38,0.0,14.29,5.95,0.0,15.48,4.76,4.76,5.95,0.0,0.0,0.0,0.0,2.38,0.0,0.0,0.0,0.0,0.0,0.0,0.0,9.52,5.95,3.57,0.0,0.0,0.0,0.0,0.0,0.0,0.0,0.0,0.0
359,7nwk5x,relationships,social,"So I don't believe she's telling me the real reason shes pressuring me to have another baby I am going to leave it here, please ask, I made a fake account so I can be honest as possible. Here are my primary concerns though 1) The day care incident with money. I feel like I cant trust her with finances.",1,0.6,1515004113,60,8.19,15.86,74.76,84.54,20.0,16.67,93.33,58.33,23.33,20.0,15.0,0.0,0.0,5.0,0.0,3.33,5.0,10.0,13.33,8.33,6.67,3.33,25.0,5.0,3.33,0.0,1.67,1.67,10.0,6.67,3.33,1.67,0.0,0.0,11.67,1.67,0.0,3.33,0.0,11.67,5.0,3.33,0.0,1.67,0.0,3.33,1.67,0.0,0.0,1.67,0.0,0.0,0.0,0.0,0.0,1.67,0.0,0.0,0.0,0.0,1.67,1.67,25.0,1.67,6.67,3.33,0.0,3.33,1.67,0.0,0.0,5.0,0.0,0.0,0.0,0.0,0.0,0.0,0.0,0.0,13.33,5.0,3.33,0.0,0.0,0.0,0.0,0.0,0.0,3.33,1.67,0.0
1845,8kuxs4,survivorsofabuse,abuse,idk why I'm doing this. I guess I just am. Maybe it will help someone else. IDK... <url>,0,0.571428571,1526844950,18,1.0,1.0,98.01,25.77,3.6,5.56,94.44,77.78,44.44,27.78,27.78,0.0,0.0,0.0,0.0,16.67,0.0,0.0,22.22,16.67,0.0,11.11,27.78,0.0,0.0,5.56,0.0,0.0,0.0,0.0,0.0,0.0,0.0,0.0,11.11,0.0,0.0,0.0,0.0,27.78,0.0,5.56,0.0,16.67,0.0,5.56,0.0,0.0,0.0,0.0,0.0,0.0,0.0,0.0,0.0,5.56,5.56,0.0,5.56,0.0,0.0,0.0,16.67,5.56,0.0,0.0,0.0,0.0,0.0,0.0,0.0,0.0,0.0,0.0,11.11,0.0,11.11,0.0,0.0,11.11,50.0,33.33,0.0,0.0,0.0,0.0,0.0,0.0,0.0,5.56,0.0,11.11
36619,7c4yyu,domesticviolence,abuse,"She's talked about a restraining order, but I don't know what Amanda needs to do that or what's involved. Amanda is planning on living with us for a month or so before finding a new job and apartment nearby. I think she should stay longer for safety's sake, but that's up to her. Thanks for any input. We just want to help her; I don't want to forget anything that should be obvious.",0,1.0,1510357845,73,27.75,60.81,7.43,51.4,14.6,10.96,90.41,60.27,20.55,12.33,4.11,2.74,0.0,5.48,0.0,8.22,4.11,16.44,13.7,4.11,8.22,2.74,27.4,4.11,2.74,2.74,0.0,1.37,1.37,1.37,0.0,0.0,0.0,0.0,12.33,0.0,0.0,5.48,0.0,20.55,4.11,0.0,6.85,5.48,1.37,5.48,0.0,0.0,0.0,0.0,1.37,0.0,1.37,0.0,0.0,8.22,4.11,1.37,4.11,0.0,0.0,1.37,21.92,1.37,10.96,1.37,5.48,4.11,1.37,0.0,1.37,0.0,0.0,0.0,0.0,0.0,0.0,0.0,0.0,0.0,19.18,6.85,2.74,0.0,1.37,0.0,0.0,0.0,0.0,8.22,0.0,0.0
789,8cjgq2,ptsd,ptsd,"If I could, I'd put security cameras all over his house so I can watch whatever he does and says. I don't even like him. I hate him, in fact- I've spent hours fantasizing about ways to kill him. When I was in high school, I picked routes that passed him and hung out in places he walked by. Does anybody know why I feel this way, or have any research on this type of behavior?",1,0.571428571,1523837517,76,7.38,34.64,81.22,25.77,15.2,9.21,94.74,61.84,27.63,21.05,11.84,0.0,0.0,9.21,0.0,6.58,0.0,14.47,11.84,6.58,7.89,1.32,22.37,1.32,1.32,3.95,0.0,2.63,5.26,2.63,2.63,0.0,2.63,0.0,11.84,0.0,0.0,0.0,9.21,14.47,2.63,2.63,2.63,5.26,2.63,2.63,3.95,1.32,1.32,1.32,0.0,0.0,0.0,0.0,0.0,3.95,0.0,0.0,2.63,0.0,1.32,6.58,14.47,0.0,21.05,5.26,13.16,2.63,2.63,1.32,1.32,1.32,0.0,1.32,0.0,0.0,0.0,0.0,0.0,0.0,17.11,5.26,5.26,0.0,0.0,1.32,0.0,1.32,0.0,3.95,0.0,0.0
26,5wp1rd,ptsd,ptsd,"Then he slowly brought me back to the real world. Wow. I felt like in 7th heaven, I was able to dig deep and pull out those memories. My homework was to repeat my fav animals words until my next session, and this was just the starter. Next time we go deeper.",0,1.0,1488300165,52,53.63,28.2,99.0,98.66,10.4,11.54,90.38,51.92,19.23,15.38,11.54,1.92,0.0,1.92,0.0,3.85,3.85,13.46,5.77,3.85,7.69,0.0,13.46,9.62,3.85,0.0,0.0,0.0,5.77,5.77,0.0,0.0,0.0,0.0,3.85,0.0,0.0,0.0,1.92,3.85,3.85,0.0,0.0,0.0,0.0,0.0,1.92,0.0,0.0,1.92,0.0,0.0,0.0,0.0,0.0,3.85,1.92,1.92,0.0,0.0,0.0,9.62,1.92,1.92,32.69,7.69,11.54,17.31,3.85,0.0,1.92,0.0,1.92,0.0,1.92,0.0,1.92,0.0,0.0,0.0,13.46,9.62,3.85,0.0,0.0,0.0,0.0,0.0,0.0,0.0,0.0,0.0
2334,7psz04,relationships,social,"So I pursued him, invited him to come out drinking with our friend group a couple times and slept with him early on. We continued sleeping with each other and I guess fell into a FWB situation (though he wanted us to be exclusive and we were). In the beginning it was mostly us going out to bars and me coming to his house to have sex. We got on really well and it wasn't just a sex thing, but it seemed like it wasn't going to turn into a relationship and I was fine with that. Mostly because he didn't seem really concerned with it.",0,1.0,1515719469,106,31.22,74.56,60.79,61.55,21.2,10.38,96.23,67.92,22.64,15.09,3.77,5.66,0.0,5.66,0.0,7.55,4.72,17.92,7.55,7.55,9.43,2.83,19.81,2.83,0.94,0.0,0.0,2.83,2.83,1.89,0.0,0.0,0.0,0.0,15.09,0.0,1.89,0.0,5.66,14.15,1.89,0.94,0.94,4.72,0.0,7.55,0.0,0.0,0.0,0.0,6.6,1.89,0.0,2.83,1.89,10.38,9.43,0.0,0.0,0.94,0.0,10.38,5.66,2.83,16.04,5.66,6.6,3.77,0.0,1.89,0.94,0.0,0.0,0.0,1.89,0.0,0.94,0.0,0.94,0.0,11.32,4.72,1.89,0.0,0.0,0.0,0.0,0.0,0.0,2.83,1.89,0.0
1639,6ksbx5,anxiety,anxiety,"It did still worry me a little though. Then last night, I rushed to a doctor because I was getting severe chest pains and my heart was beating so fast. And today I've just been getting so many of my old symptoms back. Trouble breathing, choking sensations, weird body aches...you name it. I can't help but feel I've somehow taken two steps backward after doing so well.",1,1.0,1498985230,68,2.91,11.97,99.0,1.0,13.6,16.18,100.0,52.94,16.18,13.24,11.76,0.0,1.47,0.0,0.0,2.94,2.94,4.41,10.29,13.24,13.24,1.47,17.65,2.94,1.47,0.0,1.47,1.47,10.29,1.47,8.82,1.47,0.0,0.0,4.41,0.0,0.0,0.0,0.0,8.82,1.47,1.47,0.0,1.47,0.0,4.41,5.88,0.0,0.0,5.88,14.71,7.35,7.35,0.0,0.0,10.29,1.47,0.0,4.41,4.41,1.47,7.35,8.82,1.47,19.12,5.88,4.41,13.24,1.47,0.0,0.0,0.0,0.0,0.0,1.47,0.0,0.0,0.0,1.47,0.0,20.59,11.76,4.41,0.0,0.0,0.0,0.0,0.0,0.0,4.41,0.0,0.0
1726,7q242z,relationships,social,"A few weeks ago I found some notes of hers open at our computer. She had written questions to ask for a psychic reading or some such(she's into that stuff). One of them was, ""is this guy worth pursuing?"" ""This guy"" refers to an online friend from out of state she had been having extensive conversations with, which we had talked about not long before, and of course she labeled him as ""just a friend"", albeit him growing more and more fascinated with her. I offered an open relationship, partly because I had entertained the idea before, but mostly to de-escalate what could be a relationship ending event.",0,0.571428571,1515814659,110,64.09,92.7,8.41,42.25,22.0,15.45,90.0,58.18,18.18,12.73,2.73,1.82,0.0,7.27,0.91,5.45,6.36,16.36,10.0,3.64,5.45,0.91,17.27,5.45,4.55,1.82,0.91,5.45,0.91,0.91,0.0,0.0,0.0,0.0,19.09,0.0,3.64,5.45,3.64,11.82,3.64,0.91,0.91,5.45,0.0,2.73,0.0,0.0,0.0,0.0,0.0,0.0,0.0,0.0,0.0,6.36,6.36,0.0,0.0,0.0,0.0,9.09,5.45,0.0,11.82,0.91,5.45,5.45,2.73,0.91,0.0,0.91,0.0,0.0,0.0,0.0,0.0,0.0,0.0,0.0,19.09,3.64,5.45,0.0,0.0,0.91,0.0,0.91,5.45,0.91,1.82,0.0
1614,64nycs,anxiety,anxiety,"I had no more than three consecutive appointments with each specialist before being shifted away to a different department, then being put on a 3-6 month waiting list. I eventually got a new psychologist who admitted after four sessions he didn't have a clue what to do with me, so I quit seeking treatment for a year. I've since attempted treatment again and was referred to CBT despite my protests. After two half hour sessions, they decided to refer me back to psychology. I've been on a waiting list for the past 4 months and am beginning to lose hope.",1,1.0,1491875330,101,83.38,16.1,99.0,12.61,20.2,22.77,87.13,54.46,11.88,9.9,7.92,0.0,0.0,0.99,0.99,1.98,6.93,18.81,10.89,3.96,3.96,1.98,19.8,6.93,5.94,1.98,6.93,1.98,2.97,0.99,1.98,0.0,0.99,0.99,3.96,0.0,0.0,0.0,0.99,10.89,4.95,0.99,0.99,0.99,0.0,3.96,0.0,0.0,0.0,0.0,0.99,0.0,0.99,0.0,0.0,2.97,0.0,1.98,0.0,0.99,0.99,7.92,6.93,2.97,20.79,0.99,3.96,16.83,4.95,0.0,0.0,0.0,0.0,0.0,0.0,0.0,0.0,0.0,0.0,0.0,11.88,4.95,2.97,0.0,0.0,0.0,0.0,0.99,0.0,2.97,0.0,0.0
1755,75l8od,assistance,financial,"I'm building a school PC. My current laptop lags when doing Excel intensive work, which sucks for my chemistry lab work, so it definitely doesn't have much processing power. I'm not sure what the exact specs I need are, but I know that my i3 processor in my laptop doesn't cut it. I've been collecting PC parts to build my own and so far I have a low-tier processor (it'll need upgrading eventually, but is okay for now), a monitor, a graphics card, a power supply, a mouse and a keyboard. So I just need a case, motherboard, RAM, and a hard drive.",0,1.0,1507679889,104,15.66,3.42,44.66,43.27,20.8,14.42,78.85,51.92,17.31,11.54,11.54,0.0,0.0,0.0,0.0,5.77,9.62,3.85,11.54,7.69,8.65,2.88,16.35,1.92,0.0,2.88,0.0,0.96,6.73,3.85,2.88,0.0,0.96,0.96,0.0,0.0,0.0,0.0,0.0,9.62,0.96,0.0,2.88,0.0,2.88,2.88,2.88,1.92,0.0,0.96,0.0,0.0,0.0,0.0,0.0,5.77,0.0,2.88,2.88,0.0,0.0,0.96,17.31,1.92,7.69,0.96,2.88,3.85,8.65,0.0,0.0,0.0,0.0,0.0,1.92,0.96,0.0,0.96,0.0,0.0,24.04,4.81,10.58,0.0,0.0,0.0,0.0,0.96,0.0,5.77,1.92,0.0
38697,9sp4g5,ptsd,ptsd,"For the past 15 years I have had some frantic events happen in my life which I did not think effected me that badly. About 5 years ago I started feeling small signs of PTSD but just brushed it off like it wasn’t a real thing until it just kept getting worse and eating away at me, until I realized enough is enough. I thought maybe I have PTSD but then I would contradict myself and say that it’s not real and I don’t have it which would make me feel worse. I’m finally getting help and yesterday for the first time in 15 years I have officially by a doctor been diagnosed with PTSD, it’s weird to say this but for the first time ever I felt a sigh of relief like a weight was lifted off my shoulders.",0,1.0,1540914209,140,29.95,5.02,99.0,1.0,35.0,10.71,90.71,59.29,20.71,12.14,12.14,0.0,0.0,0.0,0.0,8.57,5.0,13.57,11.43,4.29,7.14,2.86,22.86,2.86,2.86,1.43,3.57,0.71,5.71,0.71,5.0,0.71,0.71,0.71,2.86,0.0,0.0,0.0,0.0,14.29,5.71,1.43,1.43,1.43,0.71,4.29,5.0,0.0,1.43,3.57,4.29,0.71,2.14,0.0,1.43,7.14,0.71,1.43,2.86,1.43,1.43,8.57,12.86,0.71,16.43,0.0,5.0,11.43,0.71,0.0,0.0,0.0,0.0,0.0,0.71,0.0,0.0,0.0,0.71,0.0,7.86,2.86,1.43,0.0,0.0,0.0,0.0,0.0,0.0,3.57,0.0,0.0
859,73jxie,almosthomeless,financial,"According to the sheriffs department, I have rights because I help support the household and I receive mail at this address. Thing is, I just have no idea what the fuck I'm going to do. I've asked friends and the few family members I have, but to no avail. Help, please? EDIT: I FIXED THINGS AND WE ARE BACK TOGETHER!",0,0.666666667,1506835150,60,12.41,43.37,74.76,57.28,12.0,18.33,91.67,60.0,21.67,15.0,13.33,1.67,0.0,0.0,0.0,6.67,6.67,6.67,13.33,3.33,8.33,3.33,20.0,1.67,0.0,1.67,0.0,1.67,5.0,3.33,1.67,0.0,1.67,0.0,16.67,1.67,1.67,0.0,0.0,5.0,1.67,1.67,0.0,0.0,0.0,1.67,0.0,0.0,0.0,0.0,1.67,0.0,0.0,1.67,0.0,11.67,11.67,0.0,3.33,0.0,0.0,1.67,16.67,1.67,8.33,3.33,5.0,3.33,3.33,1.67,5.0,0.0,0.0,0.0,1.67,1.67,0.0,0.0,0.0,0.0,20.0,5.0,6.67,1.67,0.0,1.67,1.67,0.0,0.0,3.33,0.0,0.0
420,87yqkc,anxiety,anxiety,I can have it in front of me and still overthink and ask my self over and over. Any advice or opinions? Thanks. P.S. I don’t suffer a lot when I’m busy at work or with friends.,1,0.5,1522300568,38,21.43,14.62,99.0,25.77,7.6,7.89,89.47,60.53,15.79,13.16,13.16,0.0,0.0,0.0,0.0,2.63,2.63,15.79,10.53,5.26,15.79,2.63,15.79,2.63,0.0,2.63,0.0,5.26,5.26,2.63,2.63,0.0,0.0,2.63,10.53,0.0,2.63,0.0,0.0,10.53,0.0,0.0,0.0,10.53,0.0,5.26,0.0,0.0,0.0,0.0,0.0,0.0,0.0,0.0,0.0,10.53,2.63,2.63,5.26,0.0,0.0,0.0,21.05,0.0,21.05,0.0,13.16,7.89,5.26,0.0,0.0,0.0,0.0,0.0,0.0,0.0,0.0,0.0,0.0,0.0,21.05,13.16,0.0,0.0,0.0,2.63,0.0,0.0,0.0,5.26,0.0,0.0
25617,7sjovi,relationships,social,"We've been through so much. This is easily the toughest break up I've ever had; my other relationships were very easy to get over. **TL;DR** I broke up with my bf who had anger issues, financial issues, drug and alcohol issues, depression and anxiety, and unresolved feelings from a gf that died in a car crash 1 year before he met me. But his good qualities where he was considerate, loyal, caring, honest, gentlemanly and supportive is what makes me miss him. Especially his good-bye text.",1,1.0,1516758588,88,28.6,75.24,25.48,94.75,17.6,15.91,90.91,52.27,19.32,13.64,6.82,1.14,0.0,5.68,0.0,5.68,3.41,10.23,10.23,5.68,6.82,0.0,17.05,9.09,2.27,3.41,1.14,1.14,15.91,10.23,5.68,1.14,1.14,3.41,14.77,0.0,2.27,1.14,7.95,7.95,1.14,1.14,0.0,1.14,2.27,2.27,1.14,0.0,0.0,1.14,3.41,0.0,3.41,0.0,1.14,14.77,6.82,0.0,4.55,3.41,0.0,10.23,6.82,0.0,12.5,1.14,5.68,4.55,1.14,1.14,0.0,1.14,0.0,1.14,2.27,0.0,2.27,0.0,0.0,0.0,25.0,5.68,9.09,0.0,2.27,0.0,0.0,1.14,0.0,2.27,0.0,4.55
1863,9owxla,homeless,financial,"Until just a bit before I decide to move to that other city I've been thinking about moving to, I guess. Actually, I was told that it's cleared by cops every month, and I remember a flashlight being shined on me last month when I was too stoned to completely wake up (at least not so slowly) or to see whether it was a cop. Maybe it's the right kind of cop and I look the the kind of person they don't feel any need to bother for being here. This is more of an /r/randomthoughts post for me, but I'm putting it here because it's relevant.",0,0.571428571,1539766797,106,26.61,7.86,97.71,13.09,26.5,12.26,96.23,63.21,18.87,10.38,9.43,0.0,0.0,0.0,0.94,8.49,6.6,15.09,12.26,9.43,8.49,1.89,22.64,3.77,2.83,1.89,0.0,4.72,0.94,0.0,0.94,0.0,0.94,0.0,2.83,0.0,0.0,0.0,0.0,17.92,3.77,0.94,0.94,5.66,1.89,5.66,2.83,1.89,0.0,0.94,0.94,0.94,0.0,0.0,0.0,3.77,0.0,0.0,3.77,0.0,0.0,5.66,13.21,0.0,15.09,3.77,4.72,6.6,0.0,0.94,0.0,0.0,0.0,0.0,0.94,0.0,0.94,0.0,0.0,0.0,16.98,3.77,3.77,0.0,0.0,0.0,0.0,0.0,0.0,5.66,1.89,1.89
38738,7ekmbb,anxiety,anxiety,"She's been attack free for months now. There seems to be a downside to this though, our relationship is taking a turn for the worst. The doctor said one of the side effects would be a loss of sex drive, which I understood and was ok with as long as it helped her. Lately though she's been just colder to me. We had a talk the other day and she says she still loves me, but more as a friend.",0,0.6,1511293893,80,40.83,84.14,21.42,25.77,16.0,5.0,98.75,65.0,17.5,12.5,3.75,2.5,0.0,6.25,0.0,5.0,11.25,13.75,12.5,8.75,10.0,0.0,21.25,8.75,7.5,1.25,1.25,1.25,7.5,3.75,3.75,0.0,1.25,1.25,16.25,0.0,1.25,6.25,0.0,10.0,3.75,1.25,1.25,1.25,0.0,5.0,3.75,0.0,2.5,1.25,3.75,0.0,1.25,1.25,0.0,12.5,6.25,1.25,2.5,1.25,2.5,8.75,13.75,0.0,11.25,2.5,2.5,6.25,1.25,0.0,0.0,1.25,0.0,0.0,1.25,0.0,0.0,1.25,0.0,0.0,12.5,6.25,3.75,0.0,0.0,0.0,0.0,0.0,0.0,2.5,0.0,0.0
1279,7cbb5z,domesticviolence,abuse,"And I hated him too. I had dreams of him stabbing me in the chest. Eventually I went to my mum, essentially I wanted out, him or me, like a stroppy teenager, and I made her tell me what was going on. He'd been making death threats, this time, and the last time too. He'd kill us all because we'd held him back.",1,1.0,1510437389,63,5.53,73.73,37.24,1.0,12.6,11.11,96.83,66.67,31.75,28.57,14.29,3.17,0.0,11.11,0.0,3.17,4.76,9.52,9.52,7.94,7.94,0.0,22.22,0.0,1.59,1.59,0.0,1.59,4.76,0.0,4.76,1.59,4.76,0.0,19.05,1.59,0.0,3.17,9.52,9.52,0.0,4.76,1.59,1.59,1.59,1.59,0.0,0.0,0.0,0.0,1.59,1.59,0.0,0.0,0.0,6.35,3.17,0.0,3.17,0.0,1.59,12.7,1.59,3.17,15.87,3.17,6.35,7.94,0.0,1.59,0.0,0.0,0.0,3.17,0.0,0.0,0.0,0.0,0.0,0.0,22.22,7.94,9.52,0.0,0.0,0.0,0.0,0.0,0.0,4.76,0.0,0.0
39529,7txy81,relationships,social,"She keeps using the phrase ""right now"". Whenever I ask her about us she says ""right now, no, but in the future who knows?"" I decided to put no contact measures into place as I could not give her what she wants while staying in contact with her. As much as it pained me to stop talking to her, I know that I need to do this for her as well as for myself. When this happened she was bawling over the phone, but she never questioned it.",0,0.6,1517281209,88,18.69,75.24,46.36,25.77,17.6,11.36,96.59,68.18,28.41,20.45,7.95,1.14,0.0,11.36,0.0,7.95,3.41,19.32,3.41,7.95,11.36,4.55,20.45,5.68,5.68,4.55,0.0,1.14,2.27,1.14,1.14,0.0,0.0,0.0,21.59,0.0,2.27,11.36,0.0,13.64,4.55,1.14,3.41,1.14,1.14,3.41,3.41,0.0,2.27,1.14,1.14,0.0,1.14,0.0,0.0,3.41,1.14,0.0,1.14,0.0,1.14,4.55,12.5,2.27,19.32,2.27,9.09,9.09,0.0,0.0,0.0,0.0,0.0,0.0,1.14,0.0,0.0,0.0,1.14,0.0,14.77,4.55,4.55,0.0,0.0,1.14,0.0,0.0,4.55,0.0,0.0,0.0
26274,9csgdv,survivorsofabuse,abuse,"This means I also found it never quit heroine, but it was doing drugs behind my back. I even asked one time if it still did drugs and it lied to my face. However, it also had the audacity to question my loyalty and asked if i was hanging out with it to entertain my friends. What kind of time do you think I have... Figured out it was a covert narc abuser down to a T.",0,0.8,1536035916,76,8.78,21.49,96.09,50.32,15.2,13.16,94.74,65.79,23.68,11.84,10.53,0.0,1.32,0.0,0.0,11.84,3.95,11.84,10.53,9.21,10.53,1.32,19.74,0.0,0.0,1.32,1.32,0.0,6.58,3.95,2.63,0.0,2.63,0.0,7.89,0.0,1.32,1.32,0.0,14.47,6.58,0.0,2.63,5.26,1.32,5.26,0.0,0.0,0.0,0.0,3.95,1.32,2.63,0.0,0.0,5.26,2.63,1.32,1.32,0.0,0.0,11.84,5.26,0.0,11.84,0.0,6.58,6.58,0.0,2.63,0.0,0.0,0.0,0.0,0.0,0.0,0.0,0.0,0.0,0.0,11.84,9.21,2.63,0.0,0.0,0.0,0.0,0.0,0.0,0.0,0.0,0.0
2069,7ri0ob,relationships,social,"I asked him how he's doing to fund this, if there are any bursaries and if so, how much these are, but he never gives a clear answer.   ---   **tl;dr**: Boyfriend is unemployed, looking for 'perfect' job until he starts his Medicine degree, unsure how he will fund this degree. I resent him for poor financial judgement and day-time chilling. How to change this?",1,0.6,1516365274,65,2.01,73.08,1.0,1.51,16.25,13.85,93.85,55.38,20.0,13.85,3.08,0.0,0.0,10.77,0.0,6.15,1.54,7.69,9.23,10.77,16.92,1.54,15.38,4.62,0.0,6.15,0.0,3.08,6.15,1.54,4.62,1.54,1.54,0.0,15.38,0.0,1.54,0.0,12.31,21.54,1.54,7.69,3.08,6.15,4.62,4.62,3.08,3.08,0.0,0.0,3.08,0.0,3.08,0.0,0.0,9.23,1.54,0.0,4.62,1.54,1.54,1.54,10.77,1.54,9.23,1.54,0.0,7.69,4.62,1.54,0.0,6.15,0.0,0.0,0.0,0.0,0.0,0.0,0.0,0.0,33.85,4.62,7.69,1.54,1.54,1.54,0.0,6.15,0.0,4.62,0.0,6.15
28867,8c2km8,survivorsofabuse,abuse,Went to my first survivors of incest mtg yesterday. Sexually abused between 4/5-8/9. Have been crying for the last 3 hours and can’t think of anything else except how lonely and how much of a failure I’ve become. I’ve been in therapy since 19 but hadn’t disclosed to ANYONE about the sexual abuse by my two brothers. Then I was forced to disclose to my therapist the truth about the abuse when one of the brothers reached out to me one random day  saying he wanted to perform sexual acts on me.,1,1.0,1523653144,95,82.59,23.07,85.58,1.0,19.0,14.74,90.53,53.68,11.58,9.47,8.42,0.0,0.0,1.05,0.0,2.11,6.32,21.05,8.42,5.26,7.37,2.11,13.68,1.05,0.0,3.16,10.53,1.05,7.37,1.05,6.32,0.0,3.16,3.16,7.37,2.11,0.0,0.0,3.16,17.89,4.21,4.21,1.05,3.16,1.05,4.21,1.05,0.0,1.05,0.0,6.32,0.0,2.11,4.21,0.0,6.32,2.11,3.16,2.11,0.0,1.05,7.37,6.32,1.05,12.63,1.05,3.16,8.42,2.11,0.0,0.0,0.0,0.0,0.0,0.0,0.0,0.0,0.0,0.0,0.0,12.63,5.26,0.0,0.0,0.0,0.0,0.0,1.05,0.0,4.21,0.0,2.11
268,7twpw9,relationships,social,"She never disclosed any of this to me, and probably never would have if the embassy hadn't discovered it first. In her words, she was afraid I would lose all interest in her if I found out she was married before. Truth be told, I likely would have, as I was still young when we first met. She claims she left that husband because of the abuse she received from him and his relatives ((still lived with his parents)). I was crushed at that time, as we had only been married for about a month.",0,0.6,1517269679,95,8.19,91.43,8.16,11.97,19.0,14.74,96.84,68.42,24.21,20.0,6.32,2.11,0.0,11.58,0.0,4.21,3.16,14.74,13.68,8.42,8.42,3.16,21.05,5.26,3.16,1.05,2.11,2.11,7.37,3.16,4.21,1.05,1.05,2.11,23.16,5.26,0.0,8.42,4.21,15.79,3.16,1.05,5.26,4.21,4.21,2.11,0.0,0.0,0.0,0.0,1.05,0.0,1.05,0.0,0.0,12.63,8.42,3.16,1.05,0.0,1.05,12.63,5.26,0.0,17.89,1.05,5.26,12.63,0.0,0.0,0.0,0.0,0.0,0.0,0.0,0.0,0.0,0.0,0.0,0.0,15.79,5.26,5.26,0.0,0.0,0.0,0.0,0.0,0.0,1.05,4.21,0.0
23034,7tve07,relationships,social,"Whats the chances of his employer asking for his certificate randomly? I feel like he cant apply to other jobs at more prestigious companies. As someone who who tried very hard to get her degree and succeeded, his lack of care and access to these jobs undermines my work. I cant shake this feeling. Advice?",0,0.6,1517258668,55,46.23,64.21,1.14,60.23,11.0,18.18,92.73,54.55,27.27,14.55,5.45,0.0,0.0,9.09,0.0,12.73,1.82,16.36,1.82,1.82,5.45,3.64,14.55,5.45,5.45,3.64,0.0,1.82,5.45,3.64,1.82,1.82,0.0,0.0,18.18,0.0,0.0,1.82,7.27,14.55,3.64,0.0,1.82,3.64,0.0,5.45,5.45,0.0,0.0,5.45,0.0,0.0,0.0,0.0,0.0,14.55,0.0,5.45,3.64,5.45,1.82,1.82,14.55,0.0,3.64,1.82,1.82,0.0,12.73,0.0,0.0,0.0,0.0,0.0,0.0,0.0,0.0,0.0,0.0,0.0,10.91,5.45,1.82,0.0,0.0,3.64,0.0,0.0,0.0,0.0,0.0,0.0
416,6nxy13,homeless,financial,"Hey all! I'm in San Diego CA and about 2 years ago I was diagnosed with lupus nephritis. I haven't had the most stable care and have had to move all over the country just to maintain safety. Most recently, my mother who I have a very rough (to say the least) relationship with said she would help take care of me financially as I cannot work right now. Well for some reason this last month my mom just stopped paying my rent which led to eviction.",1,0.571428571,1500345234,87,52.74,32.29,86.38,95.04,17.4,10.34,89.66,50.57,14.94,11.49,10.34,0.0,0.0,1.15,0.0,3.45,4.6,13.79,10.34,6.9,3.45,2.3,18.39,6.9,5.75,2.3,1.15,6.9,4.6,4.6,0.0,0.0,0.0,0.0,10.34,2.3,0.0,3.45,0.0,12.64,2.3,2.3,1.15,3.45,2.3,2.3,3.45,0.0,2.3,1.15,1.15,0.0,1.15,0.0,0.0,8.05,2.3,1.15,2.3,1.15,2.3,8.05,13.79,0.0,14.94,2.3,4.6,8.05,3.45,0.0,1.15,3.45,0.0,0.0,2.3,0.0,0.0,0.0,1.15,0.0,11.49,4.6,1.15,0.0,0.0,0.0,1.15,0.0,0.0,2.3,2.3,0.0
1266,761542,homeless,financial,"Hi. So, my husband is emotionally and mentally abusive. I've tried to leave several times but he threatens to kill himself if I do, by crashing his car or running into traffic. However, I have nowhere to go even if I do. My family dosent want/can't afford to have me live with them again.",1,0.5,1507853560,55,6.41,7.3,85.21,1.0,11.0,21.82,90.91,61.82,20.0,20.0,12.73,0.0,0.0,5.45,1.82,0.0,0.0,12.73,10.91,7.27,12.73,3.64,21.82,0.0,0.0,0.0,0.0,1.82,5.45,0.0,5.45,1.82,5.45,0.0,12.73,3.64,0.0,0.0,7.27,14.55,0.0,0.0,5.45,5.45,1.82,10.91,0.0,0.0,0.0,0.0,3.64,0.0,3.64,0.0,0.0,9.09,5.45,1.82,1.82,0.0,1.82,1.82,20.0,0.0,14.55,7.27,3.64,3.64,0.0,3.64,1.82,0.0,0.0,1.82,0.0,0.0,0.0,0.0,0.0,0.0,20.0,9.09,5.45,0.0,0.0,0.0,0.0,0.0,0.0,3.64,0.0,1.82
849,9ot7d4,assistance,financial,"It is completely anonymous, and you can choose to opt out at any time. At the end of the survey, please select “Fitzgerald Wilkins” when prompted for the name of the student who gave you this survey. If you know anyone else who might be interested in taking this survey, we ask that you please pass it on to them as well. Thank you for your time. <url>",0,0.571428571,1539734232,68,62.14,99.0,37.68,99.0,13.6,10.29,86.76,60.29,23.53,11.76,0.0,1.47,8.82,0.0,1.47,11.76,5.88,17.65,5.88,4.41,5.88,0.0,13.24,1.47,1.47,4.41,0.0,1.47,7.35,7.35,0.0,0.0,0.0,0.0,22.06,0.0,0.0,0.0,0.0,11.76,2.94,0.0,1.47,5.88,1.47,2.94,0.0,0.0,0.0,0.0,0.0,0.0,0.0,0.0,0.0,4.41,1.47,0.0,1.47,1.47,0.0,1.47,10.29,1.47,14.71,1.47,7.35,5.88,1.47,0.0,0.0,0.0,0.0,0.0,1.47,0.0,0.0,0.0,1.47,0.0,16.18,5.88,4.41,0.0,0.0,0.0,0.0,0.0,2.94,0.0,0.0,2.94
1906,7tdpe7,relationships,social,"He turns it on first thing in the morning and turns it on the moment he gets home from work at night to play until midnight or later. Any free moment he has is spent playing this game. I'm a stay at home mom so I really look forward to talking to him, he's usually the only adult I talk to face to face during the week. Plus I love talking with him and spending time with him anyways, that's why I married him! Back when this all started, I told him that I needed him to spend more time with his kids and  I.",1,0.571428571,1517070920,105,43.31,85.26,49.68,89.5,21.0,10.48,99.05,60.0,24.76,18.1,7.62,0.0,0.0,10.48,0.0,6.67,4.76,17.14,4.76,7.62,7.62,0.0,18.1,2.86,1.9,1.9,0.95,2.86,3.81,3.81,0.0,0.0,0.0,0.0,20.0,1.9,0.0,0.95,10.48,6.67,0.0,0.95,0.95,2.86,0.95,1.9,0.95,0.95,0.0,0.0,2.86,1.9,0.0,0.0,0.0,6.67,2.86,1.9,0.0,1.9,0.0,3.81,12.38,0.0,22.86,3.81,7.62,15.24,0.95,2.86,1.9,3.81,0.0,0.0,0.95,0.0,0.0,0.0,0.0,0.95,10.48,3.81,2.86,0.0,0.0,0.0,0.95,0.0,0.0,2.86,0.0,0.0
52339,8h7lxa,domesticviolence,abuse,"My sister told me yesterday that my dad violently abused her as a child. She also said that my dad was about to punch me in me the face when I was 10 years old (and she was 14) and she rescued me. My mum, stood by and did nothing, for some reason. I don't remember. My sister was an angry kid and she said her experiences sent her into a depression for about ten years.",0,0.8,1525527927,76,16.37,74.48,33.36,1.0,15.2,9.21,94.74,60.53,26.32,23.68,14.47,0.0,0.0,9.21,0.0,2.63,5.26,11.84,7.89,5.26,9.21,2.63,15.79,2.63,1.32,1.32,3.95,1.32,5.26,0.0,5.26,0.0,3.95,1.32,23.68,6.58,0.0,13.16,2.63,5.26,2.63,1.32,0.0,1.32,1.32,0.0,3.95,0.0,2.63,0.0,1.32,1.32,0.0,0.0,0.0,5.26,2.63,0.0,2.63,0.0,0.0,15.79,1.32,0.0,10.53,1.32,2.63,6.58,0.0,0.0,0.0,0.0,0.0,0.0,0.0,0.0,0.0,0.0,0.0,0.0,13.16,6.58,2.63,0.0,0.0,0.0,0.0,0.0,0.0,1.32,2.63,0.0
12018,69bwm9,anxiety,anxiety,"It sorta works, but I don't like the feeling of being deadheaded. I also don't have a good relationships with doctors considering I was misdiagnosed with bipolar as a teen and given lithium... Had a terrible reaction to it. What are some more natural remedies or self-help you all do to keep yourself in the proper mindset to calm your triggers? I've started meditation and taking CBD oil (which work great, but kinda expensive), but it doesn't seem to be enough. I just want to start living and be able to enjoy life.",1,0.8,1493949205,94,38.83,41.59,15.43,93.02,15.67,20.21,91.49,52.13,13.83,8.51,5.32,0.0,3.19,0.0,0.0,5.32,5.32,11.7,12.77,2.13,9.57,3.19,24.47,6.38,2.13,2.13,0.0,3.19,6.38,5.32,1.06,0.0,0.0,0.0,7.45,0.0,0.0,0.0,0.0,14.89,3.19,2.13,1.06,5.32,1.06,4.26,2.13,0.0,0.0,1.06,4.26,0.0,4.26,0.0,0.0,10.64,2.13,3.19,3.19,3.19,0.0,4.26,15.96,0.0,3.19,0.0,1.06,2.13,3.19,1.06,0.0,1.06,1.06,0.0,1.06,0.0,1.06,0.0,0.0,0.0,20.21,7.45,3.19,0.0,0.0,1.06,0.0,1.06,0.0,5.32,2.13,0.0
16433,8erc6x,survivorsofabuse,abuse,"Fast foward almost a year later.. My mom begs me to let stepfather move back in with us (Im 16, paying a lot of the bills while my mom parties, leaving me to watch my 2 little brothers.). Well, I say f*ck it because she'll probably do it anyway. Two months after he moves in, I was raped by the person I was dating at the time.. I was a virgin. I cried and begged him to stop.",1,1.0,1524635940,79,50.71,60.01,96.18,25.77,13.17,7.59,93.67,58.23,21.52,18.99,13.92,1.27,0.0,3.8,0.0,2.53,7.59,12.66,8.86,6.33,3.8,0.0,16.46,2.53,2.53,0.0,3.8,1.27,5.06,2.53,2.53,0.0,1.27,1.27,15.19,5.06,0.0,3.8,5.06,5.06,0.0,1.27,0.0,3.8,0.0,0.0,2.53,1.27,1.27,0.0,2.53,0.0,0.0,2.53,0.0,8.86,5.06,0.0,2.53,0.0,1.27,6.33,8.86,1.27,21.52,5.06,6.33,12.66,1.27,1.27,0.0,2.53,0.0,0.0,2.53,0.0,0.0,0.0,1.27,1.27,21.52,11.39,5.06,0.0,0.0,0.0,0.0,0.0,0.0,1.27,2.53,1.27
301,9usdt9,anxiety,anxiety,"So I have been suffering from chronic anxiety for eight years.The kind where you feel some enemy is breathing down on your neck always.I don't want to get into the details of this matter because it's is very personal. But from the beginning of this anxiety my breathing got messed up. Like I was alternating my breathing between hyperventilation and shallow breathing through out the day for all these years. During these last five years I have suffered bone TB, now stomach gastritis for three years,also found out I have recurring kidney stones in my left kidney.Before all this begun I was relatively healthy without any complicated disease like  bone tb or stomach gastritis. So it seems to me this long chronic anxiety and the resulting hyperventilation and shallow breathing and high blood pressure did make my immune system rather weak or damaged.",1,0.8,1541538203,147,59.86,20.71,93.16,1.0,29.4,24.49,90.48,51.02,14.29,8.84,7.48,0.0,1.36,0.0,0.0,5.44,3.4,15.65,7.48,5.44,7.48,1.36,14.29,4.08,2.04,0.68,2.04,2.72,8.16,1.36,6.12,2.72,0.68,1.36,2.72,0.0,0.0,0.0,0.0,12.24,2.72,2.04,1.36,3.4,2.04,3.4,0.68,0.0,0.0,0.68,12.24,8.84,3.4,0.0,0.0,4.08,0.0,0.0,2.72,1.36,0.0,5.44,8.84,0.0,17.69,0.0,7.48,10.2,0.0,0.0,0.0,0.0,0.0,0.0,0.0,0.0,0.0,0.0,0.0,0.0,8.16,5.44,1.36,0.0,0.0,0.0,0.0,0.0,0.0,1.36,0.0,0.0
140,8rjm83,survivorsofabuse,abuse,"I do not want to hurt anybody. The therapist says it is self punishment, that I want these people to tell me what a piece of shit I am to verify what I already believe. But I never ever think of it like that at the time. I feel better if they are kind, and ambivalent or a tiny bit worse if they are cold and clinical. If it is unconscious, well I am getting sick of that idea.",1,0.666666667,1529158652,79,14.29,10.29,69.44,2.8,15.8,11.39,96.2,64.56,25.32,12.66,10.13,0.0,0.0,0.0,2.53,12.66,5.06,10.13,8.86,5.06,8.86,2.53,18.99,6.33,3.8,2.53,0.0,2.53,10.13,3.8,6.33,0.0,2.53,1.27,8.86,0.0,0.0,0.0,0.0,18.99,5.06,0.0,6.33,6.33,2.53,7.59,5.06,0.0,1.27,3.8,5.06,1.27,3.8,0.0,0.0,6.33,0.0,1.27,2.53,2.53,1.27,1.27,18.99,0.0,7.59,0.0,2.53,5.06,0.0,0.0,0.0,0.0,0.0,0.0,2.53,1.27,0.0,0.0,1.27,0.0,10.13,6.33,3.8,0.0,0.0,0.0,0.0,0.0,0.0,0.0,0.0,0.0
398,7fv9ap,ptsd,ptsd,"Obviously this was a horrible idea--I would chase off perfectly lovely people who may have stayed had I waited to disclose at a more natural pace, and it gave the people who *did* hang around a false sense that they knew me more intimately than  they did. I've started seeing someone recently. I haven't been excited about someone in a long time, but I'm excited about this one. I've mentioned very vaguely that I live with PTSD and ""blah blah childhood trauma, et cetera"". This weekend was a tough one.",0,0.8,1511790362,91,28.22,45.62,92.56,67.32,18.2,17.58,92.31,53.85,21.98,10.99,8.79,0.0,0.0,0.0,2.2,10.99,6.59,9.89,14.29,4.4,3.3,1.1,23.08,9.89,4.4,2.2,2.2,2.2,7.69,4.4,2.2,1.1,0.0,0.0,12.09,0.0,0.0,0.0,0.0,15.38,4.4,0.0,1.1,4.4,2.2,3.3,2.2,1.1,0.0,0.0,1.1,0.0,1.1,0.0,0.0,3.3,0.0,1.1,0.0,3.3,0.0,12.09,7.69,1.1,14.29,2.2,6.59,6.59,0.0,1.1,0.0,0.0,0.0,0.0,2.2,0.0,0.0,0.0,0.0,2.2,19.78,5.49,3.3,0.0,0.0,0.0,0.0,2.2,2.2,4.4,0.0,2.2
36574,7rarlc,relationships,social,"The first is my girlfriend of around 9 months. She doesn't really like her current living situation and suggested we look together. The positives here are that we get along pretty well as far as my relationships have gone, and it would save me money, probably around $5-600 a month. That's not insignificant. The thing is I probably *could* be ready for that step if I had to, I'm just not really for or against it.",0,0.8,1516292204,77,9.38,21.79,65.41,99.0,15.4,14.29,94.81,68.83,20.78,12.99,7.79,2.6,0.0,2.6,0.0,7.79,5.19,14.29,14.29,11.69,7.79,3.9,20.78,5.19,3.9,0.0,5.19,0.0,6.49,6.49,0.0,0.0,0.0,0.0,10.39,0.0,1.3,2.6,0.0,16.88,0.0,0.0,3.9,6.49,1.3,9.09,1.3,1.3,0.0,0.0,1.3,0.0,1.3,0.0,0.0,11.69,6.49,1.3,1.3,2.6,0.0,2.6,15.58,0.0,12.99,2.6,5.19,5.19,0.0,0.0,0.0,1.3,0.0,0.0,1.3,0.0,0.0,0.0,1.3,0.0,19.48,6.49,3.9,0.0,0.0,0.0,0.0,1.3,0.0,3.9,0.0,3.9
1406,8wouin,homeless,financial,"An interesting fact I once heard was that some people die out in the desert with water still in the bottle. These people would try and conserve their water supply but would end up dehydrating themselves in the process, laughable over a few shots of whiskey but an important note at that. I  drink nearly all I have and only saving a little to keep the mouth moist after a smoke and I find that by doing so I stay hydrated, never feeling like crap because the water hadn’t finished absorbing into my system. Remember that folks. When I finished watching the trains I found a place with a plug and wifi to jam out to music.",0,1.0,1530920739,117,85.02,27.49,78.04,58.1,23.4,13.68,87.18,55.56,12.82,8.55,6.84,0.0,0.0,0.0,1.71,4.27,11.11,15.38,5.13,5.13,7.69,1.71,15.38,2.56,1.71,0.85,0.85,2.56,3.42,2.56,0.85,0.0,0.85,0.0,5.13,0.85,0.0,0.0,0.0,12.82,3.42,0.85,1.71,2.56,2.56,1.71,5.13,0.85,2.56,1.71,6.84,1.71,0.0,0.0,5.13,3.42,0.0,0.85,2.56,0.0,0.0,5.98,5.13,0.0,15.38,0.85,10.26,5.13,0.0,2.56,0.0,0.85,0.0,0.85,0.85,0.85,0.0,0.0,0.0,0.0,6.84,4.27,1.71,0.0,0.0,0.0,0.0,0.0,0.0,0.85,0.0,0.0
52429,7thu6s,relationships,social,"Hi everyone. I met a great guy - let's call him Dave - about a year ago. We started off as friends but started dating around November. Let me preface this by saying that Dave is probably the best boyfriend I've ever had. He'll drive an hour just to see me, always pays when we go out for food or drinks and is reluctant even when I insist to pay.",0,1.0,1517110219,68,33.48,92.92,97.06,53.41,13.6,13.24,94.12,55.88,17.65,13.24,7.35,4.41,0.0,1.47,0.0,4.41,5.88,13.24,7.35,11.76,8.82,0.0,19.12,4.41,2.94,2.94,0.0,0.0,4.41,2.94,1.47,1.47,0.0,0.0,20.59,0.0,4.41,0.0,5.88,8.82,0.0,0.0,0.0,2.94,4.41,2.94,2.94,1.47,1.47,0.0,2.94,0.0,0.0,0.0,2.94,16.18,11.76,1.47,1.47,2.94,1.47,7.35,8.82,1.47,23.53,2.94,4.41,16.18,2.94,1.47,0.0,2.94,0.0,0.0,0.0,0.0,0.0,0.0,0.0,0.0,16.18,7.35,1.47,0.0,0.0,0.0,0.0,2.94,0.0,4.41,0.0,0.0
863,89qdod,ptsd,ptsd,"In a shame spiral, validation after asking feedback from peers, I'm over-reacting or too sensitive. Thank god my GF still loves me. I am in states of hypervigilance, catastrophizing, and hypersensitivity and it blows. Just needing to write this out, it helps. Thank you for reading.",1,0.571428571,1522855193,47,70.98,58.41,65.58,99.0,9.4,19.15,85.11,53.19,17.02,10.64,8.51,0.0,2.13,0.0,0.0,6.38,2.13,19.15,4.26,6.38,6.38,0.0,19.15,4.26,2.13,0.0,0.0,0.0,10.64,8.51,2.13,2.13,0.0,0.0,10.64,0.0,2.13,2.13,0.0,6.38,0.0,2.13,2.13,2.13,0.0,2.13,0.0,0.0,0.0,0.0,2.13,0.0,0.0,0.0,0.0,12.77,6.38,0.0,6.38,0.0,0.0,0.0,14.89,0.0,14.89,2.13,8.51,4.26,4.26,0.0,0.0,0.0,2.13,0.0,2.13,0.0,2.13,0.0,0.0,0.0,25.53,10.64,10.64,0.0,0.0,0.0,0.0,2.13,0.0,2.13,0.0,0.0
33281,6zh3my,survivorsofabuse,abuse,The next day I called M and told him what happened. He was furious and talked about breaking up and told me I lied to him and he had trust issues because of his ex girlfriend who attacked him with a knife or hatchet or something. And it was one thing after another like that. Often about things that I didn't think were 'lying'. The next thing I knew I wasn't going out anymore because he'd always get mad for some reason.,0,0.8,1505152902,82,9.3,68.71,40.2,1.0,16.4,13.41,93.9,64.63,29.27,15.85,7.32,0.0,0.0,8.54,0.0,13.41,3.66,12.2,8.54,3.66,10.98,2.44,21.95,3.66,2.44,2.44,1.22,2.44,7.32,1.22,6.1,0.0,6.1,0.0,19.51,0.0,1.22,0.0,8.54,15.85,3.66,3.66,0.0,6.1,1.22,4.88,0.0,0.0,0.0,0.0,0.0,0.0,0.0,0.0,0.0,6.1,1.22,0.0,2.44,1.22,1.22,15.85,3.66,1.22,12.2,1.22,2.44,8.54,0.0,0.0,0.0,0.0,0.0,0.0,1.22,0.0,0.0,0.0,0.0,0.0,12.2,6.1,0.0,0.0,0.0,0.0,0.0,0.0,0.0,6.1,0.0,0.0
760,5xrc3m,ptsd,ptsd,"I'm livid....this only proves to me that you can't trust ANYONE not even your friggin therapist. She exploited me...pushing me to do this program wasn't to help me but she  did it for herself to try to get a raise, promotion or something. What should I do? I wrote an email to the administrator but I feel like I need to do more....I want the other participants of this program to be notified IMMEDIATELY that their sessions where they talk about very difficult/painful things, things that they don't like talking about, are being used for training purposes and God knows what else. Update: That asshole “therapist” was in fact promoted after pushing people to do this  dumb and unethical program...People that play dirty and use people get ahead.",1,0.833333333,1488775166,133,19.92,35.34,26.84,15.24,26.6,19.55,95.49,61.65,26.32,13.53,7.52,0.0,1.5,2.26,2.26,12.78,3.01,13.53,9.77,5.26,4.51,3.01,19.55,3.76,2.26,2.26,0.0,0.75,5.26,2.26,3.01,0.0,1.5,0.0,13.53,0.0,0.0,2.26,0.0,15.79,2.26,2.26,2.26,3.01,1.5,6.02,1.5,0.0,0.0,1.5,3.01,0.75,2.26,0.0,0.0,9.02,0.75,3.76,2.26,3.01,1.5,3.76,14.29,0.75,6.02,1.5,1.5,3.01,6.02,0.75,0.0,0.0,0.75,0.0,2.26,2.26,0.0,0.0,0.0,0.0,23.31,13.53,2.26,0.75,0.0,0.75,0.0,0.0,1.5,3.76,0.0,0.75
55067,8qqaw7,homeless,financial,"I am looking for any advice on how to cope being homless in Los Angeles and what sort of services there are out there to help. I am so determined on keeping my job, However, I feel I might not be able to if my check comes in late again and will be forced to spend the weekend on the streets. I have no valid high school diploma as I finished it in Australia and haven't been able to secure my GED due to the time limitations with working everyday and commuting between Compton and Glendale. I appreciate anybody taking the time to read this and welcome any advice. Thanks.",1,0.6,1528872152,110,48.83,13.76,95.06,94.75,22.0,20.0,90.0,58.18,13.64,9.09,9.09,0.0,0.0,0.0,0.0,4.55,3.64,17.27,10.0,5.45,10.0,2.73,18.18,2.73,0.91,1.82,0.0,1.82,4.55,4.55,0.0,0.0,0.0,0.0,4.55,0.0,0.0,0.0,0.0,13.64,2.73,1.82,0.91,5.45,0.91,3.64,1.82,0.91,0.0,0.91,0.0,0.0,0.0,0.0,0.0,10.0,1.82,4.55,2.73,0.91,0.91,1.82,10.0,1.82,16.36,1.82,8.18,6.36,6.36,0.91,0.0,0.91,0.0,0.0,0.0,0.0,0.0,0.0,0.0,0.0,7.27,4.55,1.82,0.0,0.0,0.0,0.0,0.0,0.0,0.91,0.0,0.0
50819,95fnff,stress,anxiety,· Did your parent/parents not provide healthy meals or enough daily exercise or activities? · Why didn’t you change the habits when you became of age? · Do you cook? · Are you too busy? · Have you made a daily planner of your day to be able to notice where you have an opportunity to be able to prep meals and cook more?,0,1.0,1533676120,60,28.78,98.41,65.14,84.54,12.0,11.67,93.33,55.0,13.33,13.33,0.0,0.0,13.33,0.0,0.0,0.0,5.0,10.0,13.33,6.67,6.67,3.33,18.33,8.33,1.67,5.0,0.0,1.67,3.33,3.33,0.0,0.0,0.0,0.0,18.33,3.33,0.0,0.0,0.0,15.0,3.33,5.0,0.0,3.33,0.0,6.67,0.0,0.0,0.0,0.0,8.33,0.0,1.67,0.0,6.67,10.0,3.33,5.0,1.67,1.67,0.0,6.67,13.33,1.67,13.33,1.67,1.67,10.0,1.67,5.0,0.0,0.0,0.0,0.0,0.0,0.0,0.0,0.0,0.0,0.0,11.67,0.0,0.0,0.0,0.0,8.33,0.0,0.0,0.0,1.67,0.0,1.67
2447,7rk4mp,relationships,social,--- TL;DR; Ghosted after over a month of talking to a guy. Met in hotel room. Made out but didn't have sex. If he didn't want to cheat or chickened out at the last minute why would he carry on so long with me?,0,0.6,1516384507,44,90.34,24.76,96.4,3.73,11.0,6.82,95.45,59.09,6.82,6.82,2.27,0.0,0.0,4.55,0.0,0.0,6.82,25.0,9.09,4.55,9.09,4.55,20.45,2.27,2.27,2.27,0.0,0.0,2.27,0.0,2.27,0.0,2.27,0.0,11.36,0.0,2.27,0.0,6.82,20.45,0.0,4.55,6.82,4.55,0.0,11.36,0.0,0.0,0.0,0.0,4.55,0.0,2.27,2.27,0.0,9.09,2.27,2.27,4.55,0.0,0.0,9.09,6.82,0.0,29.55,2.27,18.18,9.09,0.0,2.27,2.27,0.0,0.0,2.27,0.0,0.0,0.0,0.0,0.0,0.0,25.0,6.82,0.0,0.0,4.55,2.27,0.0,6.82,0.0,4.55,0.0,0.0
1093,7omcze,anxiety,anxiety,"I won't go into too much detail but what stems off of that is thoughts of being and feeling worthless like I'm not good enough for anyone and that I'm undeserving of the good things given to me but then another thought stems off of that one which would be something along the lines of me thinking how stupid I was acting and then another thought after that and so on. Another little thing I'd like to add is that that I seriously struggle seeing my own self worth and how much I mean to my friends and family (who are all amazing by the way I love them all so much). Eventually on fairly rare occasions those thoughts tend to lead to depression, paranoia that people around me hate me and don't want anything to do with me, dissociation with reality and then finally the rock bottom of that would be thoughts of suicide (though I've never acted out on these thoughts or would ever want to) and the occasional anxiety attack where I feel nauseous, my heart beats really fast, my limbs feel like jelly, heavy breathing, I feel panicked and I just want to get out of the situation as quickly as possible. Other than that though I'm quite optimistic and I tend to be a genuinely upbeat and happy person! I'm seeing someone about these problems but I just thought I'd ask if anyone has any extra advice they could give if things start to get a bit out of control.",0,0.6,1515276597,255,22.71,14.48,87.3,7.59,51.0,16.08,94.51,62.35,21.57,10.98,10.2,0.0,0.0,0.0,0.78,10.59,3.14,16.47,9.02,7.06,11.37,1.57,18.43,5.88,3.14,2.35,0.39,4.71,7.06,2.75,4.31,1.57,1.18,0.78,5.88,0.39,0.39,0.0,0.0,20.39,5.49,1.57,3.92,5.1,1.57,4.71,2.75,0.78,0.0,1.96,1.57,0.78,0.39,0.0,0.0,6.67,1.18,0.39,2.75,2.35,0.39,0.78,12.16,1.96,11.37,1.57,5.49,5.1,0.39,0.78,0.39,0.39,0.0,0.39,0.0,0.0,0.0,0.0,0.0,0.0,9.41,1.57,2.35,0.0,0.0,0.0,0.39,0.0,0.0,3.53,1.57,0.0
24959,68w2gs,anxiety,anxiety,"I hope I can remember that my anxiety was misguided and ultimately wrong. And more than that, I hope that whoever reads this (if anyone does) can remember it too. I wasn't sure how to end this before, and I am not sure how to end it now, so I will leave you with one of my favorite quotes from the great Stanley Kubrick...  ***""And remember no matter how vast the darkness, we must supply our own light. ""***",0,0.8,1493760501,78,2.22,18.47,55.26,97.19,19.5,14.1,89.74,65.38,25.64,14.1,10.26,2.56,1.28,0.0,0.0,11.54,2.56,8.97,10.26,8.97,11.54,3.85,15.38,8.97,3.85,5.13,1.28,1.28,10.26,7.69,2.56,1.28,0.0,0.0,6.41,0.0,0.0,0.0,0.0,20.51,3.85,3.85,5.13,5.13,3.85,5.13,2.56,2.56,0.0,0.0,0.0,0.0,0.0,0.0,0.0,5.13,2.56,0.0,0.0,1.28,1.28,6.41,10.26,3.85,7.69,1.28,1.28,5.13,0.0,0.0,0.0,0.0,0.0,0.0,0.0,0.0,0.0,0.0,0.0,0.0,26.92,7.69,5.13,0.0,0.0,0.0,0.0,0.0,2.56,1.28,2.56,7.69
20372,7tbgh6,relationships,social,"I've been trying to act like nothing happened but I can't stop thinking about all this. I feel weird that i'm even thinking about it so much. I should just brush it off. Everyone keeps telling me I should go for it. Even my guy friends, which I assumed would agree with me feeling gross about all this.",1,1.0,1517040105,58,3.16,4.25,91.69,6.54,11.6,15.52,98.28,63.79,31.03,17.24,17.24,0.0,0.0,0.0,0.0,13.79,0.0,13.79,10.34,12.07,3.45,3.45,25.86,3.45,1.72,1.72,0.0,5.17,5.17,1.72,3.45,0.0,0.0,0.0,6.9,0.0,3.45,0.0,1.72,25.86,8.62,0.0,5.17,3.45,6.9,3.45,5.17,0.0,0.0,5.17,0.0,0.0,0.0,0.0,0.0,5.17,1.72,1.72,0.0,0.0,1.72,3.45,10.34,0.0,5.17,1.72,1.72,1.72,0.0,0.0,0.0,0.0,0.0,0.0,1.72,0.0,0.0,1.72,0.0,0.0,15.52,8.62,1.72,0.0,0.0,0.0,0.0,0.0,0.0,5.17,0.0,0.0
1901,82vf1x,survivorsofabuse,abuse,"I feel like I cannot trust anyone. I truly feel that I have never felt any sort of platonic or romantic love. I still feel so much anxiety interacting with anyone, and especially those who show interest in me. W**d has been the one thing that helped me realize all of this. As you can imagine, however, my family is deeply opposed to this.",1,1.0,1520490020,65,4.27,26.92,97.02,99.0,13.0,15.38,95.38,61.54,27.69,13.85,12.31,0.0,1.54,0.0,0.0,13.85,1.54,10.77,9.23,9.23,7.69,3.08,16.92,1.54,3.08,1.54,1.54,4.62,9.23,7.69,1.54,1.54,0.0,0.0,12.31,1.54,0.0,0.0,0.0,26.15,9.23,0.0,0.0,7.69,6.15,4.62,7.69,1.54,0.0,6.15,1.54,0.0,0.0,0.0,0.0,9.23,6.15,0.0,1.54,0.0,1.54,4.62,15.38,0.0,6.15,0.0,3.08,3.08,0.0,1.54,1.54,0.0,0.0,0.0,0.0,0.0,0.0,0.0,0.0,0.0,15.38,7.69,4.62,0.0,0.0,0.0,0.0,0.0,0.0,0.0,0.0,3.08
1254,9910ij,assistance,financial,"Hi everyone. I’m broke, as many people on this sub are. I’m not actually asking for money, not money to keep anyway. I already entered the promo code you need to get the $5 bonus from cash app but i don’t have $5 in my bank account. As I understand it, if someone can send me $5 and I send it right back I will then have $5.",0,0.8,1534835240,68,10.28,11.97,97.06,25.77,13.6,10.29,89.71,60.29,22.06,14.71,13.24,0.0,1.47,0.0,0.0,7.35,2.94,11.76,11.76,5.88,8.82,4.41,23.53,2.94,2.94,0.0,5.88,1.47,2.94,1.47,1.47,0.0,0.0,1.47,11.76,0.0,0.0,0.0,0.0,13.24,1.47,0.0,2.94,2.94,1.47,7.35,0.0,0.0,0.0,0.0,0.0,0.0,0.0,0.0,0.0,5.88,1.47,1.47,1.47,2.94,0.0,4.41,19.12,2.94,13.24,4.41,5.88,4.41,1.47,0.0,0.0,8.82,0.0,0.0,2.94,0.0,1.47,0.0,0.0,1.47,22.06,7.35,4.41,0.0,0.0,0.0,0.0,0.0,0.0,4.41,0.0,5.88
24346,85clow,domesticviolence,abuse,"I decided to park behind it to see what their business was. They called 911 on me. I saw the copper stoppers coming and decided to pull in to my driveway, unload my kids and go inside while they dealt with the strange people. Well, the were there to deal with me! And one was walking up to question me while the other followed my children into my house!",1,0.666666667,1521393567,69,77.02,38.58,99.0,25.77,13.8,14.49,89.86,62.32,21.74,17.39,13.04,0.0,0.0,0.0,4.35,4.35,5.8,20.29,4.35,2.9,7.25,0.0,18.84,1.45,0.0,1.45,2.9,0.0,2.9,1.45,1.45,0.0,0.0,0.0,11.59,0.0,0.0,0.0,0.0,5.8,4.35,0.0,0.0,1.45,0.0,1.45,2.9,2.9,0.0,0.0,0.0,0.0,0.0,0.0,0.0,2.9,0.0,0.0,2.9,0.0,0.0,11.59,2.9,1.45,18.84,7.25,8.7,2.9,1.45,0.0,2.9,1.45,0.0,0.0,1.45,0.0,0.0,0.0,1.45,0.0,10.14,4.35,2.9,0.0,0.0,0.0,2.9,0.0,0.0,0.0,0.0,0.0
1548,5zjmqv,domesticviolence,abuse,"Hi everyone, So I am in abusive relationship. We live together. He doesn't pay for anything but his alcohol and drugs and occasionally his gas. When he's feeling generous he has been known to give me 10 dollars toward gas.",0,0.6,1489587889,40,2.73,98.72,7.84,25.77,10.0,25.0,92.5,57.5,25.0,20.0,5.0,2.5,0.0,12.5,0.0,5.0,0.0,10.0,12.5,5.0,12.5,2.5,22.5,0.0,0.0,2.5,2.5,0.0,5.0,2.5,2.5,0.0,2.5,0.0,30.0,0.0,0.0,0.0,12.5,15.0,5.0,0.0,0.0,5.0,2.5,2.5,2.5,0.0,0.0,2.5,7.5,0.0,7.5,0.0,2.5,10.0,10.0,0.0,0.0,0.0,0.0,5.0,15.0,0.0,12.5,0.0,7.5,5.0,2.5,2.5,0.0,5.0,0.0,0.0,0.0,0.0,0.0,0.0,0.0,0.0,17.5,10.0,2.5,0.0,0.0,0.0,0.0,0.0,0.0,5.0,0.0,0.0
202,83ydws,assistance,financial,"Nevertheless, he looks like someone I would like to be friends with, but I'm too afraid to actually speak to him at this point, so I figured I could write him a letter. I don't want to assume he can read like I read (given the white cane), so I think it would be a good idea to write him a letter in braille and maybe including a written copy as well. I  have read that I should acquire a slate and a stylus to write braille by hand, but I would love some more help or tips if anyone knows how to write in braille. Are there any services that will transcribe a written letter to braille that don't cost very much?  Thank you!",0,1.0,1520887570,125,29.6,43.64,3.88,82.9,25.0,12.8,92.0,61.6,18.4,12.8,8.0,0.0,0.8,4.0,0.0,5.6,6.4,13.6,11.2,8.0,8.8,1.6,23.2,3.2,3.2,0.8,0.0,3.2,4.8,4.0,0.8,0.8,0.0,0.0,12.0,0.0,0.8,0.0,4.0,18.4,4.0,0.8,5.6,6.4,0.0,4.8,3.2,1.6,0.8,0.8,1.6,0.8,0.0,0.0,0.0,4.0,2.4,0.8,0.8,1.6,0.0,2.4,14.4,0.8,3.2,0.0,3.2,0.0,8.0,0.0,0.0,0.8,0.0,0.0,0.8,0.0,0.0,0.0,0.8,0.0,12.0,2.4,4.0,0.0,0.0,0.8,0.8,0.0,0.0,2.4,1.6,0.0
51952,7sgawy,relationships,social,"I listen to him when he’s having a bad day and thinking about what I did to him. I listen and try to say silent when he yells and screams at me. I take his insults in stride, as best as I can, because I feel like I deserve it. He tells me that he “has no respect for me” and I am “nothing but a mistake” and he tells me that I am trash, I do not deserve anything that I have, and that I am just a waste of his time. He tells me that he hates me.",1,0.6,1516730674,100,1.28,30.86,20.24,1.0,20.0,10.0,95.0,74.0,37.0,29.0,18.0,0.0,0.0,11.0,0.0,8.0,3.0,11.0,10.0,4.0,12.0,3.0,21.0,3.0,4.0,3.0,0.0,0.0,8.0,2.0,6.0,0.0,3.0,0.0,18.0,0.0,0.0,0.0,11.0,9.0,2.0,1.0,1.0,2.0,1.0,2.0,7.0,0.0,6.0,1.0,0.0,0.0,0.0,0.0,0.0,5.0,0.0,2.0,2.0,2.0,1.0,1.0,19.0,0.0,6.0,0.0,2.0,4.0,0.0,0.0,0.0,0.0,0.0,0.0,0.0,0.0,0.0,0.0,0.0,0.0,14.0,5.0,4.0,0.0,0.0,0.0,0.0,0.0,4.0,1.0,0.0,0.0
344,8fseme,survivorsofabuse,abuse,"The day I actually did it he wasn't there. He had stormed off shouting 'you're fucking useless'. At the time, this had spurred me on and I actually ended up riding without any help. We used to work together as he is a builder, so he would ask me to get him a Philips screwdriver. As an adult I assume most people know what a Philips screwdriver is but as a young boy I didn't.",0,0.571428571,1525019368,75,29.6,34.44,69.14,1.0,15.0,18.67,93.33,62.67,21.33,17.33,8.0,1.33,1.33,6.67,0.0,4.0,9.33,13.33,12.0,5.33,8.0,4.0,20.0,8.0,5.33,1.33,0.0,2.67,5.33,0.0,5.33,0.0,4.0,1.33,17.33,0.0,0.0,0.0,8.0,16.0,2.67,1.33,1.33,4.0,0.0,8.0,1.33,0.0,1.33,0.0,4.0,0.0,0.0,4.0,0.0,9.33,4.0,1.33,4.0,1.33,0.0,9.33,9.33,0.0,13.33,1.33,6.67,5.33,1.33,0.0,0.0,0.0,0.0,0.0,4.0,4.0,0.0,0.0,0.0,0.0,16.0,6.67,2.67,0.0,0.0,0.0,0.0,0.0,0.0,6.67,0.0,0.0
273,6mk8j2,anxiety,anxiety,"I also used to get really bad nightmares about dying and the afterlife when I was a kid and my mom would have to rub my chest til I fell asleep. I never ever thought it was anxiety and I didnʻt want to diagnose myself because I know some people actually have it and I wouldnʻt want to compare my stress to that. Just wondering if itʻs possible that this is like mild ""anxiety"" or I am just sleep deprived? Also if its possible that anxiety can be come back after a decade of not having any noticeable events? Thanks ahead of time for any help.",1,0.8,1499751211,106,13.64,6.58,81.66,1.0,21.2,15.09,94.34,60.38,17.92,11.32,11.32,0.0,0.0,0.0,0.0,6.6,2.83,12.26,9.43,10.38,11.32,1.89,18.87,2.83,2.83,0.94,0.0,2.83,7.55,0.94,6.6,3.77,0.0,0.94,3.77,0.94,0.0,0.94,0.0,20.75,3.77,1.89,4.72,8.49,1.89,5.66,0.94,0.0,0.0,0.94,3.77,2.83,0.94,0.0,0.0,4.72,0.94,0.94,1.89,0.94,0.94,3.77,12.26,0.94,10.38,1.89,0.94,8.49,0.0,0.0,0.0,0.0,0.94,0.94,0.0,0.0,0.0,0.0,0.0,0.0,6.6,2.83,0.0,0.0,0.0,1.89,0.0,0.0,1.89,0.0,0.0,0.0
44132,8q7ima,homeless,financial,"It's not a black nd white situation, I panicked, argued and a bunch over this with them, admittedly not helping my case, but I'm over that. I want help for my issues.  Enough sobbing, I sometimes feel so hopeless, but I need to remember that while I am down, I am not out. Employment, temporary housing, even just basic street smarts, I'd like to know how to cope with this situation. What to do, first 100 days and all.",1,1.0,1528700499,79,26.92,3.84,97.6,1.0,15.8,15.19,87.34,58.23,21.52,13.92,12.66,0.0,0.0,0.0,1.27,7.59,2.53,15.19,7.59,5.06,8.86,3.8,15.19,2.53,1.27,2.53,2.53,2.53,6.33,1.27,5.06,1.27,1.27,2.53,5.06,0.0,0.0,0.0,0.0,17.72,3.8,1.27,2.53,2.53,1.27,6.33,3.8,2.53,0.0,1.27,0.0,0.0,0.0,0.0,0.0,7.59,1.27,1.27,6.33,0.0,0.0,1.27,11.39,0.0,12.66,0.0,6.33,6.33,1.27,0.0,1.27,0.0,0.0,0.0,0.0,0.0,0.0,0.0,0.0,0.0,24.05,6.33,13.92,0.0,0.0,0.0,0.0,0.0,0.0,3.8,0.0,0.0
2059,8xqnpo,domesticviolence,abuse,"I have an answer for you. it is because he made you a part of his game. see, sociopaths will do anything and everything to manipulate others to make themselves happy. to feel liked, loved. mostly, they feed off of other people.",0,1.0,1531239188,42,40.66,98.33,2.82,99.0,8.4,14.29,97.62,66.67,28.57,16.67,2.38,0.0,4.76,4.76,4.76,11.9,4.76,16.67,9.52,2.38,4.76,0.0,21.43,2.38,0.0,0.0,0.0,2.38,7.14,7.14,0.0,0.0,0.0,0.0,23.81,0.0,0.0,0.0,4.76,26.19,4.76,9.52,0.0,4.76,2.38,4.76,4.76,2.38,0.0,2.38,4.76,0.0,0.0,0.0,2.38,7.14,4.76,0.0,2.38,0.0,0.0,4.76,14.29,2.38,2.38,0.0,2.38,0.0,0.0,2.38,0.0,0.0,0.0,0.0,0.0,0.0,0.0,0.0,0.0,0.0,19.05,11.9,7.14,0.0,0.0,0.0,0.0,0.0,0.0,0.0,0.0,0.0
45967,8tqoz8,anxiety,anxiety,"3. Watch telenovelas (if you haven't seen the drama in those shows, it makes you forget about anxiety pretty quick. After all, who will Jane choose, Michael or Rafael??) 4. Go for a walk, though now that my new employment is 15 minutes away each way via walking, I am getting some decent walking in 5 days a week.",0,1.0,1529934915,59,64.62,36.73,99.0,57.83,11.8,13.56,86.44,44.07,13.56,6.78,3.39,0.0,3.39,0.0,0.0,6.78,5.08,11.86,6.78,5.08,5.08,1.69,20.34,3.39,1.69,1.69,6.78,5.08,5.08,3.39,1.69,1.69,0.0,0.0,5.08,0.0,0.0,0.0,0.0,15.25,1.69,1.69,1.69,6.78,1.69,6.78,5.08,5.08,0.0,0.0,0.0,0.0,0.0,0.0,0.0,1.69,0.0,0.0,0.0,1.69,0.0,1.69,15.25,1.69,27.12,6.78,8.47,11.86,1.69,1.69,0.0,0.0,0.0,0.0,0.0,0.0,0.0,0.0,0.0,0.0,23.73,6.78,8.47,0.0,0.0,3.39,0.0,0.0,0.0,1.69,3.39,0.0
1233,7nhsqj,relationships,social,"She did not acknowledge his invite to come down for Christmas. Then they go on the trip 2 days later and everything is peachy keen. -Her car broke down so my dad leant her my mom's car that we still have. She said that he needed to quit referring to it as my mom's car....like, legally it's my mom's car. Shut it.",0,0.6,1514842529,63,24.5,92.33,76.81,25.77,12.6,7.94,93.65,57.14,28.57,19.05,6.35,1.59,0.0,9.52,1.59,9.52,1.59,14.29,6.35,3.17,6.35,1.59,17.46,4.76,4.76,0.0,1.59,0.0,3.17,1.59,1.59,0.0,0.0,1.59,22.22,6.35,0.0,11.11,4.76,7.94,3.17,0.0,1.59,0.0,1.59,1.59,1.59,0.0,1.59,0.0,0.0,0.0,0.0,0.0,0.0,6.35,1.59,1.59,3.17,0.0,0.0,6.35,7.94,1.59,25.4,11.11,6.35,7.94,1.59,0.0,0.0,0.0,1.59,0.0,0.0,0.0,0.0,0.0,0.0,0.0,23.81,14.29,1.59,0.0,0.0,0.0,0.0,1.59,0.0,6.35,0.0,0.0
19281,93t20i,anxiety,anxiety,"I've heard it's less activating and more calming than Zoloft, as it's the most serotonin selective. I've also heard Trazodone may be an option, for someone who wants SSRI-like-effects without any activation. Additionally, my Psych doctor mentioned Gabapentin as a way to directly target anxiety without any of the long-term concerns of daily benzo use. (though I've read it's not without its own drawbacks.) Obviously, this wouldn't have any serotonergic effect, but could be a good alternative to the Xanax.",0,0.8,1533157810,83,46.61,7.43,38.69,48.1,16.6,26.51,85.54,48.19,13.25,4.82,4.82,0.0,0.0,0.0,0.0,8.43,7.23,14.46,14.46,2.41,7.23,6.02,20.48,8.43,8.43,1.2,0.0,7.23,3.61,2.41,1.2,1.2,0.0,0.0,6.02,0.0,0.0,0.0,0.0,30.12,2.41,6.02,3.61,8.43,2.41,9.64,2.41,0.0,2.41,0.0,3.61,0.0,3.61,0.0,0.0,2.41,0.0,0.0,1.2,1.2,0.0,2.41,13.25,2.41,6.02,0.0,3.61,2.41,3.61,0.0,0.0,0.0,0.0,0.0,0.0,0.0,0.0,0.0,0.0,0.0,26.51,6.02,6.02,0.0,0.0,0.0,0.0,3.61,0.0,8.43,2.41,0.0
1181,8wt8p8,domesticviolence,abuse,"... My husband is an injured veteran. He was pretty seriously injured in Iraq and then again in Afghanistan (muscle tear and then a spinal injury.) However, the injuries occurred before we met. When we met, dated, and eventually married, he was under the influence of Vicodin, OxyContin, and Percocet.",0,0.571428571,1530970869,49,38.77,94.86,46.05,25.77,9.8,30.61,87.76,57.14,10.2,10.2,2.04,4.08,0.0,4.08,0.0,0.0,8.16,10.2,6.12,10.2,16.33,0.0,10.2,4.08,2.04,2.04,0.0,0.0,4.08,2.04,2.04,0.0,0.0,0.0,16.33,4.08,0.0,0.0,6.12,6.12,0.0,2.04,0.0,2.04,0.0,2.04,0.0,0.0,0.0,0.0,14.29,12.24,12.24,0.0,0.0,18.37,12.24,0.0,6.12,0.0,0.0,8.16,2.04,6.12,20.41,0.0,6.12,14.29,0.0,0.0,0.0,0.0,0.0,0.0,0.0,0.0,0.0,0.0,0.0,0.0,30.61,14.29,12.24,0.0,0.0,0.0,0.0,0.0,0.0,0.0,4.08,0.0
325,7rsota,relationships,social,"I need some advice here. I'm not sure if my insecurities have run wild or if I'm justified in thinking my boyfriend is being out of line. He met this girl through friends who set them up and for their first date they went jogging. Weird, I know, but it's her hobby and he wanted to get into it. They'd never met before this.",1,0.5,1516478372,64,7.54,62.28,88.24,7.63,12.8,10.94,95.31,60.94,28.12,20.31,9.38,0.0,0.0,4.69,6.25,7.81,0.0,14.06,10.94,3.12,9.38,3.12,25.0,3.12,1.56,1.56,1.56,1.56,4.69,1.56,3.12,1.56,0.0,0.0,23.44,0.0,4.69,3.12,4.69,20.31,4.69,1.56,6.25,6.25,3.12,7.81,0.0,0.0,0.0,0.0,0.0,0.0,0.0,0.0,0.0,12.5,6.25,1.56,3.12,1.56,0.0,6.25,14.06,0.0,17.19,4.69,6.25,6.25,0.0,3.12,0.0,0.0,0.0,0.0,0.0,0.0,0.0,0.0,0.0,0.0,17.19,7.81,3.12,0.0,0.0,0.0,0.0,0.0,0.0,6.25,0.0,0.0
1052,72p2on,homeless,financial,"Do some sort of entertainment such as playing music or the like(busking). 5. Other? Side Question: Any advice for being able to properly discern legitimate homeless people and ""fake"" homeless? Thanks for your time and I hope your situation improves.",0,1.0,1506476051,41,77.86,83.54,14.43,99.0,8.2,26.83,87.8,41.46,9.76,7.32,2.44,0.0,4.88,0.0,0.0,2.44,2.44,14.63,4.88,2.44,9.76,0.0,12.2,4.88,4.88,0.0,2.44,4.88,14.63,12.2,2.44,0.0,0.0,0.0,12.2,0.0,0.0,0.0,0.0,19.51,4.88,0.0,2.44,14.63,0.0,4.88,2.44,0.0,2.44,0.0,0.0,0.0,0.0,0.0,0.0,9.76,0.0,4.88,4.88,0.0,0.0,0.0,7.32,2.44,4.88,0.0,2.44,2.44,0.0,7.32,0.0,0.0,0.0,0.0,0.0,0.0,0.0,0.0,0.0,0.0,24.39,7.32,0.0,2.44,0.0,4.88,0.0,0.0,4.88,0.0,4.88,0.0
1714,7lg1vq,ptsd,ptsd,"I am more than my pain and I deserve that. LSD has helped me realize this. Don’t just take this willy nilly, it takes a lot of mental preparation. But the fact that I am doing more self evaluation and healing now than I have in years of therapy or whatever medication they said would make me “better” is incredible. Discuss?",0,0.6,1513929357,61,13.31,9.5,72.51,56.75,12.2,16.39,95.08,57.38,22.95,13.11,11.48,0.0,0.0,0.0,1.64,9.84,3.28,8.2,13.11,3.28,6.56,1.64,24.59,11.48,8.2,1.64,0.0,4.92,4.92,3.28,1.64,0.0,0.0,0.0,6.56,0.0,0.0,0.0,0.0,16.39,3.28,1.64,1.64,3.28,1.64,6.56,3.28,0.0,1.64,1.64,6.56,0.0,6.56,0.0,0.0,4.92,0.0,1.64,0.0,4.92,0.0,3.28,18.03,1.64,4.92,0.0,1.64,3.28,0.0,1.64,0.0,0.0,0.0,0.0,0.0,0.0,0.0,0.0,0.0,0.0,14.75,6.56,1.64,0.0,0.0,1.64,0.0,0.0,3.28,1.64,0.0,0.0
11627,9kdy7c,ptsd,ptsd,"Sit or lie comfortably, quietly. Allow yourself to be here fully in this moment. With your eyes closed, begin to connect with your inner world of thought and feeling. Gradually let the horseshit of the external world fade from your awareness. If you find your mind wandering to other thoughts, don’t let it concern you.",0,1.0,1538375243,55,61.63,94.9,95.06,60.23,11.0,23.64,89.09,54.55,18.18,12.73,0.0,0.0,12.73,0.0,0.0,5.45,3.64,16.36,7.27,3.64,5.45,1.82,18.18,0.0,0.0,0.0,0.0,0.0,1.82,1.82,0.0,0.0,0.0,0.0,12.73,0.0,0.0,0.0,0.0,16.36,9.09,1.82,1.82,3.64,0.0,5.45,5.45,1.82,1.82,1.82,1.82,1.82,0.0,0.0,0.0,3.64,0.0,0.0,1.82,0.0,1.82,0.0,9.09,0.0,18.18,0.0,12.73,5.45,0.0,0.0,0.0,0.0,0.0,0.0,1.82,1.82,0.0,0.0,0.0,0.0,16.36,9.09,5.45,0.0,0.0,0.0,0.0,0.0,0.0,1.82,0.0,0.0
49039,5mkgo2,ptsd,ptsd,I don't think the users there are harsh from what I saw but I think the whole atmosphere they are preserving there (I think the moderators encourage it) is kinda unhelpful to be honest...and I think the moderators there are shady and harsh. I think some of the resources are good but I just mean the forum. I'm scared to post this here but I don't know where else would be good to ask so I'm taking the risk. It's just that they both seem to be such prominent forums for vulnerable people. So I just wanted to know if anyone else had similar thoughts about them?,0,0.8,1483795451,108,10.63,13.32,74.76,13.28,21.6,10.19,92.59,60.19,18.52,12.96,10.19,0.0,0.0,0.0,2.78,5.56,6.48,8.33,13.89,11.11,7.41,1.85,25.93,4.63,0.93,1.85,0.0,2.78,8.33,3.7,4.63,2.78,0.0,0.0,6.48,0.0,0.0,0.0,0.0,19.44,9.26,0.0,2.78,4.63,0.0,5.56,2.78,0.93,0.0,1.85,0.0,0.0,0.0,0.0,0.0,6.48,0.93,0.0,1.85,2.78,0.93,2.78,21.3,0.0,2.78,0.0,1.85,0.0,0.93,0.0,0.0,0.0,0.0,0.0,0.93,0.0,0.93,0.0,0.0,0.0,13.89,6.48,0.0,0.0,0.0,0.93,0.0,0.0,0.0,4.63,1.85,0.0
753,86rsm2,survivorsofabuse,abuse,"For the rest of the 7 years, I’ve received different forms of violent punishments. I don’t want to get into it but they involved sharp objects, attempts to drown me, paddling, etc. I was generally OK growing up, didn’t think about the abuse a lot, but friends started noticing strange behaviors and phobias that I cannot hide. Now at 30 years old I went to a therapist. I found out that my behaviors are probably caused by suppressing my memories and not finding proper closure from the incident because it’s as if I’m still taking the blame for an abuse that was done to me.",1,0.6,1521879577,105,56.83,5.29,99.0,1.0,21.0,23.81,91.43,56.19,16.19,11.43,10.48,0.0,0.0,0.0,0.95,4.76,7.62,15.24,9.52,4.76,6.67,3.81,18.1,3.81,1.9,0.0,1.9,0.95,7.62,0.95,6.67,0.95,4.76,0.0,4.76,0.0,0.95,0.0,0.0,18.1,5.71,1.9,1.9,3.81,0.0,6.67,0.95,0.0,0.0,0.95,1.9,0.0,1.9,0.0,0.0,6.67,0.95,0.0,2.86,1.9,1.9,6.67,9.52,0.0,15.24,4.76,3.81,7.62,0.0,0.0,0.0,0.0,0.0,0.95,0.95,0.0,0.0,0.95,0.0,0.0,15.24,4.76,5.71,0.0,0.0,0.0,0.0,0.0,0.0,4.76,0.0,0.0
45886,7p50wi,relationships,social,"So let’s say I like person b [16F] and recently went on a date with her. Person b [16F] tells me that my best friend is telling his girlfriend (who is person b’s best friend) everything that me, person c[16M] (our best friend as well), and other boyfriend discuss as a group of really tight friends. And I mean everything. Person b doesn’t want me to say anything, but should I confront other boyfriend, tell friend c, or just shrug it off? **TL;DR** Us three guys have been friends for three years now and met these girls about 6 months ago; what should I do?",0,0.6,1515476304,107,15.72,98.01,29.43,88.85,21.4,11.21,92.52,50.47,22.43,12.15,7.48,2.8,0.0,1.87,0.0,10.28,1.87,8.41,7.48,5.61,8.41,0.93,18.69,7.48,5.61,1.87,2.8,0.93,5.61,4.67,0.93,0.0,0.93,0.0,30.84,0.0,10.28,1.87,3.74,11.21,0.93,0.0,2.8,1.87,1.87,4.67,2.8,0.0,1.87,0.93,0.93,0.0,0.93,0.0,0.0,16.82,13.08,2.8,3.74,2.8,0.0,3.74,13.08,0.0,9.35,1.87,1.87,5.61,0.0,0.0,0.0,0.0,0.0,0.0,3.74,0.0,2.8,0.0,0.93,0.0,27.1,2.8,4.67,0.0,1.87,1.87,0.0,0.0,0.0,2.8,3.74,9.35
26496,9md6qz,survivorsofabuse,abuse,"Three months of this and talking with the one friend whom I could call for free between 9pm and 6AM due to AT&T's GoPhone policies whenever I could get away with it, or texting on a Nokia Tracphone (the ancient indestructible brick phone), and my sister lashing out at me about being ungrateful that they allowed me to come over and use the internet, triggered by my snapping back due to, something, I can't remember, and I just, stopped asking. Ended up losing contact with everyone but the one friend I could talk to maybe, once or twice a week for a couple hours. She'd try to keep me apprised of stuff going on with folks, and those phonecalls ended up bring the spark that bloomed into us being a couple, but... It wasn't enough. The same negativity, the same feelings of selfhatred, of self-disgust, of ***believing*** everything my father had dumped on me slowly took over.",1,1.0,1538988585,159,83.4,50.0,90.67,5.57,31.8,18.24,89.94,57.23,16.35,9.43,7.55,0.63,0.0,0.63,0.63,6.92,6.92,19.5,5.03,3.14,6.92,1.89,15.09,2.52,1.26,1.26,3.14,1.26,3.14,0.63,2.52,0.0,0.0,0.63,12.58,1.89,1.89,1.26,0.63,12.58,1.89,1.89,1.89,3.14,1.26,3.77,1.89,0.0,1.26,0.63,0.0,0.0,0.0,0.0,0.0,10.06,3.14,1.26,3.77,1.26,1.26,4.4,5.03,0.63,18.24,3.14,8.18,8.18,0.63,0.0,0.0,0.63,0.0,0.0,0.0,0.0,0.0,0.0,0.0,0.0,21.38,4.4,8.18,0.0,0.0,0.0,0.0,0.63,0.0,2.52,1.26,4.4
14020,7z45n5,anxiety,anxiety,"For a bit of background, our relationship isn’t perfect. We’re different people. For example, I’m a very liberal individual, feminist at heart, not very sportsy. He however is more moderate, has much older parents and is more moderate in terms of gender roles and very sportsy. Overall though our differences don’t really bother me.",0,1.0,1519202716,54,21.64,50.0,45.81,25.77,10.8,29.63,85.19,51.85,11.11,11.11,3.7,5.56,0.0,1.85,0.0,0.0,3.7,11.11,11.11,11.11,7.41,5.56,12.96,11.11,9.26,0.0,0.0,7.41,3.7,1.85,1.85,0.0,1.85,0.0,16.67,1.85,0.0,0.0,1.85,16.67,0.0,0.0,0.0,1.85,1.85,12.96,0.0,0.0,0.0,0.0,1.85,1.85,0.0,0.0,0.0,11.11,9.26,0.0,0.0,1.85,0.0,0.0,14.81,0.0,5.56,0.0,3.7,1.85,0.0,3.7,0.0,0.0,0.0,0.0,0.0,0.0,0.0,0.0,0.0,0.0,25.93,9.26,9.26,0.0,0.0,0.0,0.0,0.0,0.0,7.41,0.0,0.0
27339,7sn1i9,food_pantry,financial,"For the dog, at least, I can get stuff for cheap dog food or something, but the cat we'd need cat food. All of this weighs on my mind. With my anxiety, I keep going over it in my head again and again. I know I need to see a therapist, but you guessed it, no money. I'm really hoping someone can help out.",1,1.0,1516800266,64,41.7,13.7,88.24,25.77,12.8,7.81,92.19,60.94,25.0,15.62,12.5,1.56,1.56,0.0,0.0,9.38,4.69,15.62,6.25,4.69,6.25,1.56,18.75,1.56,1.56,0.0,0.0,3.12,3.12,1.56,1.56,1.56,0.0,0.0,6.25,0.0,0.0,0.0,0.0,18.75,1.56,0.0,4.69,7.81,1.56,6.25,1.56,1.56,0.0,0.0,7.81,1.56,1.56,0.0,4.69,7.81,3.12,0.0,4.69,1.56,0.0,1.56,15.62,3.12,12.5,1.56,7.81,3.12,0.0,0.0,0.0,3.12,0.0,0.0,0.0,0.0,0.0,0.0,0.0,0.0,20.31,7.81,9.38,0.0,0.0,0.0,0.0,0.0,0.0,3.12,0.0,0.0
49639,7nzsj1,relationships,social,"And after every episode with them he treats me like shit for a couple hours at work I assume wondering if I know about his behaviour and if I’ll say anything. I completely ignore it and refuse to let it invade our work environment. It’s my world, and my people, and I’m his superior. He’s not going to win a power struggle, so I don’t even have to worry about it. Other days we get along fine from 9-5.",0,0.8,1515032354,80,11.24,30.86,67.65,10.13,16.0,10.0,95.0,62.5,27.5,20.0,11.25,2.5,0.0,5.0,1.25,7.5,2.5,15.0,8.75,6.25,10.0,2.5,17.5,2.5,2.5,0.0,2.5,2.5,8.75,3.75,5.0,2.5,1.25,0.0,12.5,0.0,0.0,0.0,5.0,12.5,3.75,0.0,2.5,6.25,2.5,5.0,1.25,0.0,1.25,0.0,1.25,1.25,0.0,0.0,0.0,13.75,2.5,3.75,7.5,2.5,0.0,0.0,16.25,2.5,11.25,2.5,5.0,3.75,2.5,0.0,0.0,0.0,0.0,0.0,1.25,1.25,0.0,0.0,0.0,0.0,17.5,6.25,3.75,0.0,0.0,0.0,0.0,1.25,0.0,6.25,0.0,0.0
1538,7kepbk,anxiety,anxiety,"I can't tell if that's me being a toxic person or not, and I feel guilty for feeling relieved. We were such good friends once, but I have to admit we hadn't talked about art or writing (the things that made us friends) for years. My anxiety has muddied the waters, and maybe all my shit and all my emotional abuse crap did ruin everything and it was all my fault. Maybe I did end things because I'd felt blamed for 2 months straight and just wanted to get away from the anxiety it was all causing me. Maybe I should have been the one to grovel, because I'd fucked up so bad over the situation.",1,0.6,1513528465,116,11.84,17.15,69.96,1.0,23.2,12.93,95.69,61.21,19.83,13.79,11.21,2.59,0.0,0.0,0.0,6.03,5.17,9.48,12.93,6.03,10.34,2.59,22.41,2.59,0.0,0.0,2.59,3.45,12.07,1.72,10.34,2.59,4.31,0.86,9.48,0.0,1.72,0.0,0.0,20.69,3.45,3.45,2.59,5.17,4.31,5.17,2.59,0.0,0.0,2.59,3.45,1.72,0.86,0.86,0.0,9.48,4.31,0.0,1.72,1.72,1.72,10.34,7.76,0.0,6.9,0.0,3.45,3.45,0.86,0.86,0.0,0.0,0.0,0.0,2.59,2.59,0.0,0.0,0.0,0.0,13.79,4.31,3.45,0.0,0.0,0.0,0.0,0.0,0.0,4.31,1.72,0.0
46331,5zclnp,assistance,financial,"His medical equipment (wheelchair, Hoyer lift, bedside table, trapeze lift and air mattress) belong to us to donate as we wish. We're looking for a good charity that would be able to pick these items up (So, with a truck?) and re-use them for a patient in need. Thank you very much for your help in this. If it helps, we're in the central Florida area.",0,1.0,1489503691,67,82.42,98.68,1.0,99.0,13.4,16.42,80.6,52.24,17.91,11.94,0.0,5.97,2.99,1.49,1.49,5.97,5.97,17.91,2.99,2.99,7.46,0.0,17.91,1.49,1.49,0.0,0.0,1.49,5.97,5.97,0.0,0.0,0.0,0.0,14.93,0.0,0.0,0.0,1.49,8.96,0.0,2.99,5.97,1.49,0.0,1.49,1.49,1.49,0.0,0.0,1.49,0.0,1.49,0.0,0.0,16.42,11.94,1.49,2.99,1.49,0.0,0.0,13.43,1.49,10.45,0.0,10.45,0.0,0.0,0.0,1.49,2.99,0.0,0.0,0.0,0.0,0.0,0.0,0.0,0.0,25.37,5.97,7.46,0.0,0.0,1.49,0.0,1.49,0.0,2.99,5.97,0.0
41685,7nxm4c,relationships,social,"I am moving in with my BF and am fine with doing it 'early' because I love him and want to spend more time with him, I am moving back to my hometown where I have a large safety net, and we are choosing an apartment that he can afford on his own if he needs to. I know having a back up plan doesn't sound romantic, but both he and I have discussed all of the above, and both of us are long term planners who place 'back-up' plans in place in case anything goes awry. I have always been in relationships where I was still able to be an independent unit and avoid too much commitment because I was always scared to lose my independence. But this is the first relationship where I feel like we're a really good fit, and it doesn't feel like a sacrifice I don't want to make. I will still be doing a lot of things on my own, he is also an independent person, and both of us have lived on our own for years and know we can take care of ourselves.",0,1.0,1515012834,192,29.29,60.29,79.95,55.21,38.4,8.85,94.79,64.58,19.27,15.62,8.33,3.65,0.0,3.65,0.0,3.65,5.21,14.06,13.02,5.73,7.81,1.56,20.83,2.6,1.56,2.08,0.52,3.65,4.69,3.12,1.56,1.04,0.0,0.52,10.94,0.0,0.52,0.0,4.17,12.5,2.6,3.12,2.08,1.56,2.08,2.08,1.56,0.0,0.52,1.04,1.04,0.0,0.52,0.0,0.0,13.02,6.25,2.6,2.08,1.04,1.56,2.08,16.67,1.56,18.75,1.56,12.5,6.25,0.0,0.0,0.52,0.52,0.52,0.0,0.52,0.0,0.52,0.0,0.0,0.0,10.94,2.6,3.65,0.0,0.0,0.0,0.0,0.52,0.0,4.17,0.0,0.0
34761,6rtiew,survivorsofabuse,abuse,"Bit of background... My abuser was my mother's father, let's call him J, because he doesn't deserve the title Grandpa. My mother's mother was H, because she didn't like us kids and doesn't deserve the title grandma. Between 1987 and 1989, I would stay at J's house for up to a week at a time and every night he would come into the room to abuse me. It always centered on sexual humiliation.",0,0.8,1501959076,73,61.43,83.12,29.73,2.2,14.6,17.81,86.3,53.42,16.44,15.07,6.85,2.74,0.0,5.48,0.0,1.37,6.85,13.7,9.59,0.0,6.85,4.11,13.7,0.0,0.0,0.0,2.74,2.74,5.48,1.37,4.11,1.37,4.11,0.0,19.18,8.22,0.0,6.85,6.85,9.59,0.0,2.74,2.74,0.0,2.74,1.37,0.0,0.0,0.0,0.0,1.37,0.0,0.0,1.37,0.0,5.48,2.74,0.0,2.74,0.0,0.0,4.11,6.85,0.0,17.81,2.74,10.96,5.48,0.0,0.0,2.74,0.0,0.0,0.0,0.0,0.0,0.0,0.0,0.0,0.0,26.03,9.59,5.48,0.0,0.0,0.0,0.0,0.0,0.0,10.96,0.0,0.0
1140,9gzded,ptsd,ptsd,"I tell her this, which falls on deaf ears. Next day, we go to work things out. And I freak out when staff at the library call cops over us ""being loud"", I freak out over some very minor warrants. Which leads to her disappearing untill today when we have a meeting with a councilor. While waiting & the drop in center for the shower she assaults me & I block her blows.",1,0.6,1537308968,71,74.53,83.8,92.35,1.0,14.2,9.86,94.37,56.34,22.54,16.9,7.04,4.23,0.0,5.63,0.0,5.63,7.04,16.9,2.82,4.23,5.63,0.0,8.45,1.41,0.0,5.63,0.0,1.41,4.23,0.0,4.23,0.0,1.41,0.0,15.49,0.0,0.0,5.63,0.0,2.82,0.0,1.41,0.0,1.41,0.0,0.0,5.63,1.41,4.23,0.0,2.82,1.41,1.41,0.0,0.0,15.49,4.23,2.82,9.86,0.0,0.0,0.0,7.04,0.0,28.17,5.63,12.68,9.86,8.45,0.0,1.41,0.0,0.0,0.0,2.82,2.82,0.0,0.0,0.0,0.0,16.9,7.04,4.23,0.0,0.0,0.0,0.0,0.0,2.82,0.0,0.0,2.82
27811,7qfl6c,almosthomeless,financial,"A LARGE portion of each of my check goes to making payments to this card but with the interest charges each month I budgeted and itll take me decades to pay it off and cost me thousands. I was in a tough spot, jobless, homeless, and had to rely on the card but now I need to find options on how to pay it off or get a lower interest rate. I have heard of those advertisements about taking out a personal loan with a lower rate and using that to pay off the card then just paying the personal loan off, are those viable options? What is my best option right now, these interest rate charges are killing me and I can barely make ends meet. Any advice would be deeply appreciated",1,0.666666667,1515972708,133,74.51,27.38,73.74,54.07,26.6,14.29,89.47,54.14,14.29,7.52,7.52,0.0,0.0,0.0,0.0,6.77,6.77,15.79,7.52,4.51,7.52,0.0,15.04,5.26,2.26,1.5,0.75,2.26,8.27,3.76,2.26,0.0,0.75,1.5,3.76,0.0,0.0,0.0,0.0,12.03,1.5,3.01,1.5,4.51,0.0,2.26,0.75,0.0,0.75,0.0,0.0,0.0,0.0,0.0,0.0,8.27,0.75,0.75,5.26,3.01,0.0,2.26,11.28,1.5,15.04,0.75,9.77,4.51,4.51,0.0,0.0,6.77,0.0,0.75,0.0,0.0,0.0,0.0,0.0,0.0,6.77,2.26,3.76,0.0,0.0,0.75,0.0,0.0,0.0,0.0,0.0,0.0
40438,9ezmsq,assistance,financial,"Hello lovely people! I'm looking for anyone who is interested in taking a 10 minute survey, with the chance to win a £100 (or equivalent) Amazon voucher. You need to be over 18, speak English as a first language, and be able to listen to some audio files and select matching pictures. I've been told it's fun to do! Anyone who enters will be really helping me as I try to progress my research into language and meaning.",0,1.0,1536687254,78,67.61,81.53,23.51,99.0,15.6,16.67,87.18,51.28,14.1,7.69,6.41,0.0,1.28,0.0,0.0,6.41,5.13,16.67,12.82,1.28,7.69,0.0,23.08,5.13,3.85,2.56,5.13,1.28,6.41,6.41,0.0,0.0,0.0,0.0,16.67,0.0,0.0,0.0,0.0,11.54,1.28,0.0,1.28,7.69,0.0,2.56,6.41,2.56,3.85,0.0,0.0,0.0,0.0,0.0,0.0,10.26,1.28,6.41,2.56,2.56,0.0,2.56,16.67,1.28,7.69,1.28,3.85,2.56,1.28,1.28,0.0,0.0,0.0,0.0,0.0,0.0,0.0,0.0,0.0,0.0,16.67,3.85,3.85,0.0,0.0,0.0,2.56,0.0,0.0,3.85,2.56,0.0
2951,8llkv5,domesticviolence,abuse,"He came home from who knows where and he walks in. I asked him where he had been because i was starting to get worried. He was mad, i could see it in his eyes and hear it in his voice. Next thing i knew he was behind me with his arm around my neck squeezing. He continued as he threw me on the couch and wrapped his legs around my stomach.",1,0.5,1527099208,72,11.24,83.46,23.51,2.09,14.4,9.72,98.61,66.67,33.33,27.78,11.11,0.0,0.0,16.67,0.0,5.56,1.39,15.28,8.33,5.56,6.94,0.0,23.61,4.17,1.39,4.17,0.0,0.0,2.78,0.0,2.78,1.39,1.39,0.0,20.83,0.0,0.0,0.0,16.67,5.56,2.78,1.39,1.39,0.0,0.0,0.0,6.94,2.78,2.78,1.39,6.94,6.94,0.0,0.0,0.0,1.39,0.0,0.0,0.0,1.39,0.0,12.5,6.94,0.0,20.83,4.17,12.5,4.17,0.0,0.0,2.78,0.0,0.0,0.0,0.0,0.0,0.0,0.0,0.0,0.0,8.33,6.94,1.39,0.0,0.0,0.0,0.0,0.0,0.0,0.0,0.0,0.0
1085,5wwot0,survivorsofabuse,abuse,I wonder about that night. Did you ever get past that night? Did you have other nights like that? Did anyone ever ask if you were okay? Do you forgive me?,1,0.8,1488383264,31,1.0,98.75,99.0,99.0,6.2,3.23,100.0,70.97,35.48,19.35,6.45,0.0,12.9,0.0,0.0,16.13,0.0,6.45,19.35,9.68,3.23,0.0,29.03,0.0,3.23,0.0,0.0,0.0,6.45,6.45,0.0,0.0,0.0,0.0,22.58,0.0,0.0,0.0,0.0,22.58,6.45,0.0,3.23,9.68,6.45,6.45,0.0,0.0,0.0,0.0,0.0,0.0,0.0,0.0,0.0,3.23,0.0,0.0,0.0,3.23,0.0,16.13,16.13,0.0,19.35,0.0,0.0,19.35,0.0,0.0,0.0,0.0,0.0,0.0,3.23,0.0,0.0,3.23,0.0,0.0,16.13,3.23,0.0,0.0,0.0,12.9,0.0,0.0,0.0,0.0,0.0,0.0
1507,8c4soy,anxiety,anxiety,"Today I made the choice to go sign up for a gym membership. The working out part isn’t hard. It’s the fact that it’s a new place, and fairly wide open. I struggle with open spaces. But I walked in and signed up!!",0,1.0,1523674193,43,90.27,12.25,99.0,3.52,8.6,6.98,95.35,51.16,13.95,6.98,6.98,0.0,0.0,0.0,0.0,6.98,11.63,16.28,6.98,0.0,6.98,2.33,20.93,6.98,0.0,0.0,0.0,2.33,2.33,0.0,2.33,2.33,0.0,0.0,2.33,0.0,0.0,0.0,0.0,13.95,2.33,2.33,0.0,2.33,2.33,4.65,2.33,0.0,0.0,2.33,0.0,0.0,0.0,0.0,0.0,11.63,2.33,2.33,6.98,0.0,0.0,4.65,16.28,0.0,30.23,4.65,20.93,4.65,2.33,2.33,0.0,0.0,0.0,0.0,0.0,0.0,0.0,0.0,0.0,0.0,23.26,9.3,2.33,0.0,0.0,0.0,4.65,0.0,0.0,6.98,0.0,0.0
406,6a595u,assistance,financial,"Hello r/assistance. My name is Cameron and recently I was denied my social security payments on the ground of my mental disability improving enough to be considered able to work. My doctor disagrees with their assessment and local social workers are helping me with my appeal. Unfortunately, due to the social security office filing my appeal paperwork slowly, I passed the deadline to where I could continue to receive payment while under appeal. If anyone would be willing to contribute to my bills while I am under appeal, it would be greatly appreciated.",0,0.571428571,1494335032,94,62.72,33.52,82.45,82.79,18.8,24.47,88.3,50.0,15.96,13.83,12.77,0.0,0.0,0.0,1.06,2.13,3.19,13.83,10.64,1.06,5.32,0.0,13.83,3.19,1.06,1.06,0.0,0.0,8.51,5.32,2.13,0.0,0.0,0.0,9.57,0.0,0.0,0.0,0.0,7.45,2.13,0.0,4.26,2.13,0.0,1.06,0.0,0.0,0.0,0.0,1.06,0.0,1.06,0.0,0.0,15.96,4.26,4.26,5.32,1.06,2.13,3.19,8.51,0.0,14.89,3.19,6.38,7.45,9.57,0.0,0.0,3.19,0.0,0.0,1.06,0.0,1.06,0.0,0.0,0.0,9.57,5.32,3.19,0.0,0.0,0.0,0.0,0.0,0.0,0.0,0.0,1.06
1688,9l7rup,ptsd,ptsd,it wasn't my fault it feels like my fault I feel like the reason That mother shouldn't have had to bury her boy I should have been a better friend,1,1.0,1538619189,30,8.19,15.86,23.51,1.03,30.0,3.33,100.0,66.67,26.67,16.67,13.33,0.0,0.0,3.33,0.0,10.0,6.67,10.0,23.33,0.0,0.0,6.67,30.0,3.33,10.0,0.0,0.0,0.0,10.0,3.33,6.67,0.0,0.0,0.0,13.33,3.33,3.33,6.67,3.33,20.0,10.0,3.33,6.67,0.0,0.0,3.33,6.67,0.0,0.0,6.67,0.0,0.0,0.0,0.0,0.0,13.33,3.33,3.33,0.0,3.33,6.67,10.0,13.33,0.0,0.0,0.0,0.0,0.0,0.0,0.0,0.0,0.0,0.0,3.33,0.0,0.0,0.0,0.0,0.0,0.0,6.67,0.0,0.0,0.0,0.0,0.0,0.0,0.0,0.0,6.67,0.0,0.0
415,7nyzod,relationships,social,"Every day I hope she messages me, calls me, or post on my Facebook. Any advice would mean the world to me. Thank you.   ---   **tl;dr - can't get over my ex**: How to get over my ex!",1,1.0,1515024737,37,46.8,39.34,99.0,97.99,9.25,5.41,97.3,51.35,24.32,24.32,18.92,0.0,2.7,2.7,0.0,0.0,2.7,13.51,2.7,2.7,5.41,2.7,16.22,2.7,0.0,2.7,0.0,5.41,5.41,5.41,0.0,0.0,0.0,0.0,21.62,0.0,0.0,2.7,0.0,21.62,2.7,2.7,5.41,8.11,2.7,5.41,0.0,0.0,0.0,0.0,2.7,0.0,2.7,0.0,0.0,18.92,5.41,0.0,8.11,5.41,0.0,0.0,16.22,2.7,16.22,0.0,10.81,2.7,0.0,2.7,0.0,0.0,0.0,0.0,5.41,0.0,0.0,0.0,0.0,0.0,45.95,8.11,5.41,2.7,2.7,0.0,2.7,10.81,0.0,2.7,0.0,10.81
1204,9gz6kk,ptsd,ptsd,"They would text and call constantly throughout the day begging me to forgive them for hurting me but that  they're in love and love can't be stopped. They got increasingly angry and started calling me selfish for trying to keep them apart. After I wrote a bit about the sexual abuse in an anonymous online diary my ex (who knew my username but I thought I had blocked from the site) started harassing me more. Angrily telling me that I need to stop pretending he raped me and how I wanted everything that happened and that I was just a jealous ex. I won't and kinda can't (remember missing pieces of time) go into all the details, but he gaslighted me pretty bad.",1,0.833333333,1537307557,123,36.85,28.46,93.48,1.0,24.6,21.14,94.31,55.28,22.76,17.89,13.01,0.0,0.0,1.63,3.25,4.88,5.69,10.57,4.88,3.25,8.13,2.44,18.7,2.44,1.63,1.63,0.0,3.25,10.57,3.25,7.32,0.0,4.07,1.63,14.63,0.0,0.0,0.0,1.63,16.26,4.07,0.81,2.44,2.44,1.63,4.88,0.81,0.0,0.0,0.81,3.25,0.0,0.0,1.63,0.0,6.5,1.63,0.81,0.81,0.81,2.44,8.94,5.69,0.81,12.2,1.63,4.07,6.5,0.81,0.81,0.0,0.81,0.0,0.0,2.44,0.0,0.81,0.0,0.0,0.0,11.38,4.07,0.81,0.0,0.0,0.0,0.0,0.0,0.0,3.25,3.25,0.0
210,7u4t68,relationships,social,"This has *obviously* created some crushing tension in the apartment, with no one really having to go other than work during the day. (We've all recently moved to the area and don't really have family/mutual friends to stay with.) Flash forward to last night...I'm asleep on the couch and she comes in at 1AM, blackout drunk, shakes me awake violently to tell me of the Tinder date she just got back from and how awful it was. But the guy she had sex with last night was pretty good, etc. This goes on and on, turns to threats of violence against me for uprooting and throwing her life into whack.",1,1.0,1517350375,112,84.57,46.43,86.72,2.37,22.4,13.39,91.07,54.46,11.61,8.04,3.57,0.89,0.0,3.57,0.0,3.57,5.36,20.54,8.04,4.46,6.25,1.79,16.07,3.57,1.79,0.89,0.89,1.79,8.04,2.68,5.36,2.68,1.79,0.0,8.93,0.89,2.68,3.57,0.89,10.71,0.0,1.79,0.0,1.79,1.79,5.36,0.0,0.0,0.0,0.0,3.57,0.89,0.89,0.89,0.89,8.04,2.68,1.79,1.79,1.79,0.89,6.25,9.82,0.0,22.32,7.14,9.82,8.93,0.89,1.79,2.68,0.0,0.0,0.0,0.0,0.0,0.0,0.0,0.0,0.0,18.75,7.14,4.46,0.0,0.0,0.0,0.0,0.0,0.0,2.68,1.79,2.68
90,9oa6wp,domesticviolence,abuse,"I have no worth or identity or breathe. He has blamed me for everything. I guess I am getting an abortion. I was upset his friend brought him somewhere that he ran into a girl he loves, and even though it was just a second it really hurt me. He hides me from his friends and his friends reject me but all he says is I do not like his friends.",1,0.714285714,1539584285,70,1.43,71.61,5.55,1.91,14.0,15.71,97.14,65.71,34.29,27.14,12.86,0.0,0.0,14.29,0.0,5.71,4.29,4.29,8.57,7.14,8.57,1.43,15.71,1.43,0.0,0.0,1.43,1.43,8.57,2.86,5.71,1.43,1.43,2.86,27.14,0.0,5.71,1.43,14.29,12.86,0.0,0.0,0.0,5.71,2.86,7.14,2.86,0.0,1.43,1.43,4.29,1.43,1.43,1.43,0.0,11.43,7.14,0.0,1.43,1.43,1.43,5.71,10.0,0.0,5.71,2.86,2.86,0.0,0.0,0.0,0.0,1.43,0.0,0.0,0.0,0.0,0.0,0.0,0.0,0.0,8.57,7.14,1.43,0.0,0.0,0.0,0.0,0.0,0.0,0.0,0.0,0.0
1853,7nya6p,relationships,social,"Email her? She lives in his hometown, so an in-person meeting is not possible, nor do I think it would be wise. Should I do it anonymously? Should I provide screen shots of our conversations right off the bat, or wait and see if she requests it? I feel like I may only have one shot to do this and want to make sure I do it right.",0,0.571428571,1515018369,69,7.59,55.76,13.9,78.8,13.8,10.14,94.2,63.77,23.19,15.94,8.7,1.45,0.0,5.8,0.0,7.25,2.9,10.14,15.94,2.9,8.7,2.9,26.09,1.45,1.45,0.0,1.45,0.0,2.9,2.9,0.0,0.0,0.0,0.0,17.39,0.0,0.0,4.35,1.45,21.74,4.35,1.45,7.25,5.8,1.45,5.8,4.35,2.9,0.0,1.45,1.45,0.0,1.45,0.0,0.0,5.8,2.9,0.0,2.9,0.0,0.0,0.0,21.74,1.45,8.7,0.0,7.25,1.45,1.45,0.0,0.0,0.0,0.0,0.0,0.0,0.0,0.0,0.0,0.0,0.0,13.04,2.9,4.35,0.0,0.0,4.35,0.0,1.45,0.0,0.0,0.0,0.0
1582,72jogj,stress,anxiety,"Rubbing with shoulders with people and socializing too frequently may also be source of stress as the soul and body needs to re-energize it frequently. This is similar to the phoenix rising from the ashes to become a stronger self- a dramatic example which, yet all too relevant. **Leave your Comfort Zone** The familiar can also be a cause of stress ass the more used to you is to familiarity the more stress any unknown element will give you. It’s best to change ones surroundings and indulge in new activities to push yourself to your limit.",0,0.571428571,1506424992,97,82.87,89.18,3.76,44.66,24.25,21.65,88.66,52.58,9.28,5.15,0.0,0.0,5.15,0.0,0.0,4.12,9.28,15.46,9.28,7.22,6.19,0.0,14.43,10.31,6.19,1.03,0.0,4.12,7.22,4.12,3.09,3.09,0.0,0.0,8.25,0.0,0.0,0.0,0.0,10.31,1.03,4.12,1.03,3.09,1.03,0.0,1.03,0.0,0.0,1.03,3.09,3.09,0.0,0.0,0.0,3.09,0.0,2.06,2.06,1.03,0.0,1.03,10.31,2.06,10.31,4.12,2.06,4.12,0.0,1.03,0.0,0.0,1.03,0.0,1.03,1.03,0.0,0.0,0.0,0.0,12.37,4.12,1.03,0.0,0.0,0.0,0.0,2.06,0.0,1.03,0.0,4.12
9377,9orda5,ptsd,ptsd,"I only get it when I have a flashback or strong reaction to a trigger. I notice it sticks around even when I feel emotionally calm and can stick around for a long time after the trigger, like days or weeks. It’s a new symptom I think. Also been having lots of nightmares again recently. Not sure what to do as I’m not currently in therapy, but I am waiting to be seen at a mental health clinic.",1,0.857142857,1539721114,78,35.66,3.66,99.0,73.64,15.6,14.1,94.87,61.54,14.1,8.97,8.97,0.0,0.0,0.0,0.0,5.13,7.69,15.38,11.54,10.26,10.26,2.56,17.95,8.97,5.13,3.85,0.0,1.28,5.13,3.85,1.28,0.0,0.0,0.0,0.0,0.0,0.0,0.0,0.0,16.67,3.85,3.85,0.0,3.85,1.28,6.41,2.56,1.28,0.0,1.28,5.13,0.0,5.13,0.0,0.0,2.56,0.0,0.0,1.28,1.28,0.0,2.56,15.38,0.0,20.51,0.0,6.41,14.1,0.0,0.0,0.0,0.0,0.0,0.0,0.0,0.0,0.0,0.0,0.0,0.0,11.54,6.41,2.56,0.0,0.0,0.0,0.0,0.0,0.0,2.56,0.0,0.0
26336,9h5uha,ptsd,ptsd,"I go through periods where all night I have nightmares and I can’t slee because of them. These periods last for weeks or months on end and then stop briefly. Three years ago I used to be on a medicine that helped with the nightmares, I can’t remember the name though. It was a really old blood pressure medicine from the fifties that they gave to soldiers returning from war and they figured out that it helped with ptsd too. But it made me so tired.",1,0.8,1537368926,86,45.47,14.76,99.0,1.0,17.2,17.44,97.67,59.3,18.6,10.47,6.98,0.0,0.0,0.0,3.49,8.14,5.81,13.95,3.49,6.98,10.47,2.33,11.63,1.16,0.0,1.16,2.33,1.16,4.65,0.0,4.65,1.16,1.16,0.0,5.81,0.0,0.0,0.0,0.0,13.95,2.33,3.49,0.0,1.16,1.16,6.98,0.0,0.0,0.0,0.0,4.65,1.16,3.49,0.0,0.0,3.49,0.0,0.0,2.33,0.0,1.16,9.3,5.81,1.16,22.09,2.33,4.65,16.28,0.0,0.0,0.0,0.0,0.0,1.16,0.0,0.0,0.0,0.0,0.0,0.0,9.3,5.81,1.16,0.0,0.0,0.0,0.0,0.0,0.0,2.33,0.0,0.0
376,81rj48,ptsd,ptsd,i faced up to myself. i completed probation. it's not the drugs i need. it's to leave my environment and everything i know; it's to get a fresh start. i'm only 22.,0,0.8,1520098052,32,11.24,1.0,99.0,25.77,6.4,12.5,93.75,62.5,34.38,21.88,21.88,0.0,0.0,0.0,0.0,12.5,6.25,12.5,12.5,3.12,3.12,3.12,28.12,3.12,0.0,0.0,3.12,0.0,0.0,0.0,0.0,0.0,0.0,0.0,3.12,0.0,0.0,0.0,0.0,15.62,3.12,0.0,3.12,0.0,6.25,3.12,0.0,0.0,0.0,0.0,3.12,0.0,3.12,0.0,0.0,9.38,0.0,0.0,6.25,3.12,0.0,3.12,28.12,0.0,12.5,3.12,6.25,3.12,0.0,0.0,0.0,0.0,0.0,0.0,0.0,0.0,0.0,0.0,0.0,0.0,31.25,15.62,0.0,0.0,3.12,0.0,0.0,0.0,0.0,12.5,0.0,0.0
1664,87wphr,anxiety,anxiety,"I suffered a concussion a month ago and I noticed it really has provoked my anxiety to be scared about getting worse and it has even led to me getting depressed and thinking of harming myself I have been like this before, I have had anxiety but not to this level. I have felt better since the concussion has healed but I am worried I won't recover from my anxiety and I have been perscribed Celprix (Escitalopram) and unsure if I should take it. I kind of feel like I can recover from this by getter back to my routine and return to work. Anyone else been through a life changing injury and had some bad anxiety from it?",1,1.0,1522280650,118,21.9,2.61,87.71,1.0,29.5,20.34,94.07,63.56,20.34,13.56,13.56,0.0,0.0,0.0,0.0,6.78,3.39,13.56,14.41,3.39,8.47,1.69,22.03,4.24,4.24,0.0,0.0,0.85,11.86,1.69,10.17,5.93,0.0,1.69,0.85,0.0,0.0,0.0,0.0,16.1,3.39,3.39,1.69,4.24,0.0,5.08,1.69,0.0,0.0,1.69,2.54,0.85,2.54,0.0,0.0,8.47,0.0,3.39,0.0,3.39,2.54,9.32,11.86,0.85,7.63,1.69,1.69,5.08,0.85,0.0,0.0,0.0,0.0,0.0,0.0,0.0,0.0,0.0,0.0,0.0,6.78,2.54,0.85,0.0,0.0,0.85,0.0,0.0,0.0,0.85,1.69,0.0
545,5qdybg,assistance,financial,"We've been living in my grandmother's house since loosing the apt. All of our possessions, as well as all of my grandmother's possessions were in the home at the time of the fire. The property was supposed to be sold on December 29th, but when my cousin who was also living on the property unexpectedly passed away on December 24th, the buyers backed out. Due to these circumstances, our home insurance had lapsed, so at the moment we have no resources to work with, except for the generosity of others. It's a massive tragedy for our family, because we didn't have any funds available for Christmas either, and between family, and friends, we were able to have a great holiday, but now all of those gifts are gone as well.",1,0.714285714,1485476212,130,83.39,80.12,63.54,69.28,26.0,17.69,90.0,60.0,11.54,7.69,2.31,5.38,0.0,0.0,0.0,3.85,8.46,21.54,10.77,4.62,8.46,1.54,15.38,4.62,3.08,1.54,0.0,3.85,3.85,3.08,0.77,0.0,0.0,0.77,11.54,3.85,0.77,1.54,0.0,10.0,0.0,1.54,0.0,1.54,2.31,4.62,0.77,0.0,0.0,0.77,1.54,0.0,1.54,0.0,0.0,11.54,8.46,1.54,0.77,0.77,0.0,10.0,6.15,0.0,16.15,1.54,7.69,6.92,1.54,2.31,3.85,3.08,0.77,0.0,1.54,0.0,0.0,0.0,1.54,0.0,16.15,3.85,8.46,0.0,0.0,0.0,0.0,0.0,0.0,3.85,0.0,0.0
114,64sedu,homeless,financial,I don't know what to do with myself ! At times I feel like just killing myself. but I have been thinking that for a couple of years now so thats not happening. .  About a month ago I chose to go homeless because I was stuck.,1,1.0,1491932680,45,17.96,1.0,99.0,3.92,11.25,11.11,97.78,68.89,22.22,15.56,15.56,0.0,0.0,0.0,0.0,6.67,4.44,17.78,13.33,8.89,6.67,4.44,26.67,0.0,2.22,2.22,0.0,2.22,2.22,0.0,2.22,0.0,2.22,0.0,0.0,0.0,0.0,0.0,0.0,13.33,6.67,2.22,0.0,0.0,0.0,4.44,2.22,0.0,0.0,2.22,0.0,0.0,0.0,0.0,0.0,2.22,0.0,0.0,2.22,0.0,0.0,8.89,17.78,0.0,20.0,2.22,4.44,13.33,0.0,0.0,0.0,0.0,0.0,2.22,0.0,0.0,0.0,0.0,0.0,0.0,13.33,8.89,0.0,0.0,0.0,0.0,2.22,0.0,0.0,2.22,0.0,0.0
432,6e2gfv,anxiety,anxiety,"This post was spurred by the fact that I was just scrolling through photos I took of my boyfriend last year and I found myself thinking, ""is this person actually my boyfriend?"" I don't mean that in a sappy ""how did I get so lucky"" way (although I did luck out with him, for sure) but more in a ""how do I see this person all the time and still feel like I don't recognize him in photos"" way. We've been together for over five years. It just... it doesn't make any sense. Normally I only do this with people from high school, many of whom I haven't seen since we graduated six years ago.",1,0.5,1496087533,115,18.51,24.32,97.73,74.37,19.17,10.43,97.39,60.87,22.61,14.78,11.3,1.74,0.0,1.74,0.0,7.83,3.48,13.91,11.3,6.96,6.09,3.48,19.13,3.48,1.74,2.61,1.74,3.48,2.61,2.61,0.0,0.0,0.0,0.0,9.57,0.0,1.74,0.0,3.48,18.26,5.22,3.48,0.87,2.61,2.61,3.48,5.22,3.48,0.0,0.87,0.0,0.0,0.0,0.0,0.0,9.57,4.35,0.0,1.74,3.48,0.0,8.7,10.43,0.0,15.65,0.0,7.83,6.96,1.74,0.0,0.0,0.0,0.0,0.0,0.0,0.0,0.0,0.0,0.0,0.0,20.87,6.09,2.61,0.0,0.0,0.87,0.0,0.0,5.22,4.35,1.74,0.0
50304,9iqgl6,survivorsofabuse,abuse,"/r/MadOver30 is a sub for general discussion of mental health issues, specifically for the over 30's age group. &#x200B; &#x200B; &#x200B; The group was started because a number of people at /r/mentalhealth expressed an interest in having a place to talk about mental illness with people who share a commonality of being in a more mature in years.",0,1.0,1537865250,61,99.0,92.99,14.89,83.88,30.5,18.03,81.97,45.9,1.64,0.0,0.0,0.0,0.0,0.0,0.0,1.64,13.11,21.31,6.56,3.28,1.64,0.0,8.2,8.2,1.64,1.64,1.64,4.92,3.28,3.28,0.0,0.0,0.0,0.0,14.75,0.0,0.0,0.0,0.0,3.28,0.0,1.64,0.0,0.0,1.64,0.0,0.0,0.0,0.0,0.0,6.56,0.0,3.28,0.0,1.64,8.2,4.92,0.0,3.28,0.0,0.0,3.28,4.92,0.0,14.75,0.0,9.84,4.92,0.0,1.64,0.0,0.0,0.0,0.0,3.28,0.0,3.28,0.0,0.0,0.0,27.87,3.28,1.64,0.0,4.92,0.0,0.0,0.0,0.0,1.64,0.0,16.39
434,5re9qs,survivorsofabuse,abuse,"and ""how could you let me do this?"" Although my family and friends will never see this, I'm here to answer the question: ""why?"" It wasn't as simple as some of my friends may think. I didn't magically wake up one day and think ""You know what, I think I'll let my abuser walk me down the aisle."" It's taken 5 years for me just to sit across from him and have dinner without having a full blown panic attack.",1,0.571428571,1485935852,80,5.82,13.02,98.26,1.0,16.0,7.5,95.0,65.0,22.5,16.25,12.5,0.0,2.5,1.25,0.0,6.25,3.75,13.75,16.25,6.25,10.0,5.0,26.25,5.0,2.5,3.75,2.5,1.25,3.75,0.0,3.75,1.25,2.5,0.0,8.75,1.25,2.5,0.0,1.25,20.0,7.5,2.5,1.25,3.75,1.25,5.0,1.25,1.25,0.0,0.0,2.5,1.25,0.0,0.0,1.25,8.75,3.75,0.0,3.75,1.25,0.0,3.75,13.75,3.75,11.25,1.25,6.25,3.75,0.0,1.25,1.25,0.0,0.0,0.0,0.0,0.0,0.0,0.0,0.0,0.0,23.75,3.75,2.5,1.25,0.0,2.5,0.0,0.0,7.5,6.25,0.0,0.0
1505,9ls8x9,anxiety,anxiety,"I was having a mild form of attack during the appointment too, but I don't think the hot flash was there. Does anyone else experience this? Thanks everyone! EDIT:  I forgot to mention I'm doing nofap, but only today have I started doing it right, since until now I've still been edging which is bad. This might temporarily unbalance your hormones, so maybe it's contributing.",0,1.0,1538789863,65,2.01,22.08,91.48,7.8,13.0,13.85,87.69,64.62,21.54,10.77,9.23,0.0,1.54,0.0,0.0,10.77,4.62,7.69,21.54,10.77,6.15,1.54,27.69,1.54,0.0,1.54,0.0,0.0,4.62,1.54,3.08,0.0,1.54,0.0,6.15,0.0,0.0,0.0,0.0,15.38,1.54,1.54,0.0,6.15,1.54,4.62,3.08,0.0,0.0,1.54,1.54,0.0,1.54,0.0,0.0,3.08,0.0,0.0,1.54,0.0,1.54,7.69,16.92,1.54,13.85,0.0,1.54,12.31,1.54,0.0,0.0,0.0,0.0,0.0,0.0,0.0,0.0,0.0,0.0,0.0,21.54,4.62,6.15,1.54,0.0,1.54,1.54,0.0,0.0,6.15,0.0,0.0
447,6mefg5,anxiety,anxiety,"My anxiety caused me to become independent and cold towards him, but inside I was screaming. All I wanted was for him to hold me and tell me everything was fine. But my anxiety got the best of us and caused a rift. We broke up for a week and then when we got back together we were really good for maybe a month or two and the same insecurities slipped in. Mind you, he has NEVER cheated or even acted interested in other girls.",1,1.0,1499693231,85,26.21,63.81,79.21,3.42,17.0,12.94,94.12,64.71,20.0,17.65,8.24,4.71,1.18,3.53,0.0,2.35,5.88,12.94,7.06,7.06,12.94,1.18,12.94,4.71,2.35,1.18,1.18,1.18,11.76,4.71,7.06,3.53,1.18,1.18,14.12,0.0,0.0,1.18,3.53,17.65,1.18,3.53,1.18,3.53,3.53,7.06,2.35,0.0,1.18,1.18,0.0,0.0,0.0,0.0,0.0,14.12,5.88,2.35,3.53,4.71,0.0,9.41,3.53,1.18,14.12,0.0,8.24,7.06,0.0,0.0,0.0,0.0,0.0,0.0,0.0,0.0,0.0,0.0,0.0,0.0,8.24,5.88,2.35,0.0,0.0,0.0,0.0,0.0,0.0,0.0,0.0,0.0
39662,8b9j8h,stress,anxiety,"Your responses to the survey items will be anonymous and kept confidential. Clicking the “SURVEY” link below will take you to a page asking you to read through a consent form explaining the purpose of this research, the content of the survey, the type of questions you will be asked, the amount of time it may take to complete the survey, and the risks and benefits of your participation. At the end of the form you can click “AGREE” to consent to the use of the answers you provide and to begin completing the survey. Thank you for your time and interest. <url>",0,1.0,1523381550,103,98.64,99.0,4.29,79.01,20.6,18.45,84.47,55.34,10.68,8.74,0.0,0.0,8.74,0.0,0.0,1.94,15.53,17.48,6.8,0.0,4.85,0.0,15.53,0.0,0.0,0.0,0.0,0.97,4.85,3.88,0.97,0.97,0.0,0.0,14.56,0.0,0.0,0.0,0.0,8.74,3.88,2.91,0.0,1.94,0.97,0.0,1.94,0.0,1.94,0.0,0.0,0.0,0.0,0.0,0.0,5.83,0.0,0.97,0.97,2.91,0.97,1.94,8.74,3.88,6.8,0.0,2.91,3.88,2.91,0.0,0.0,0.0,0.0,0.0,0.97,0.0,0.0,0.97,0.0,0.0,13.59,3.88,3.88,0.0,0.0,0.0,0.0,0.0,3.88,0.0,0.0,1.94
25976,78sx70,ptsd,ptsd,I wish I could go back and just not fuck up so horribly. I was begged not to go out on this date from tinder. My friend was raped off tinder and told me all guys want are sex off tinder. I had talked to my assaulter and told him I didn't want to be touched and he was fine with it and seemed perfectly normal. I'm so stupid.,1,0.833333333,1508987660,69,11.0,12.32,64.25,1.0,13.8,5.8,95.65,60.87,18.84,15.94,13.04,0.0,0.0,2.9,0.0,2.9,0.0,14.49,13.04,5.8,10.14,4.35,27.54,4.35,0.0,0.0,0.0,1.45,10.14,2.9,7.25,1.45,5.8,0.0,11.59,0.0,4.35,0.0,4.35,14.49,1.45,0.0,5.8,1.45,2.9,4.35,1.45,0.0,0.0,1.45,4.35,0.0,0.0,4.35,0.0,7.25,1.45,1.45,4.35,1.45,0.0,14.49,11.59,1.45,13.04,2.9,8.7,2.9,0.0,0.0,0.0,0.0,0.0,0.0,1.45,1.45,0.0,0.0,0.0,0.0,10.14,7.25,0.0,0.0,0.0,0.0,0.0,0.0,0.0,2.9,0.0,0.0
847,6nvuoh,assistance,financial,"NEW STUFF: I called the movers last week and told them to refund both the deposit and the money order and gave them until that Monday (7/17) before I filed a criminal complaint. This morning (7/17) I called both the ""billing department"" and my moving manager guy to tell them that the money still hadn't been returned. The billing department hung up on me and Arthur, the moving manager, told me that the billing department had not, in fact, hung up on me. I told him I'd be going to the police.",0,0.6,1500323740,94,70.98,54.25,96.52,11.87,23.5,13.83,91.49,52.13,19.15,13.83,9.57,0.0,0.0,1.06,3.19,5.32,10.64,10.64,5.32,1.06,6.38,2.13,15.96,2.13,1.06,0.0,4.26,2.13,1.06,0.0,1.06,0.0,0.0,0.0,13.83,0.0,1.06,0.0,2.13,2.13,0.0,0.0,0.0,0.0,1.06,1.06,0.0,0.0,0.0,0.0,0.0,0.0,0.0,0.0,0.0,7.45,0.0,0.0,7.45,0.0,0.0,9.57,2.13,1.06,22.34,4.26,7.45,9.57,6.38,0.0,0.0,7.45,0.0,0.0,0.0,0.0,0.0,0.0,0.0,0.0,20.21,4.26,4.26,1.06,0.0,0.0,0.0,0.0,2.13,2.13,4.26,2.13
767,8c5geq,anxiety,anxiety,"I know it’s terrible and selfish and obviously people can be friends with each other but I just miss having a really strong and healthy friendship with another girl the way that we did. I want to have a good weekend but it feels impossible now, and I want everyone there to have a good weekend and I don’t want to make it bad. I don’t know what to do. So I just feel like crawling into my little isolation hole and being sad by myself while knowing that everyone hates me... to be honest I don’t know why I’m overthinking it cause honestly no one would care if I did isolate myself. It’s just I want to be better, not just for other people but for myself too.",1,1.0,1523681922,129,4.04,5.19,73.71,25.77,21.5,13.95,98.45,65.89,23.26,13.18,12.4,0.78,0.0,0.0,0.0,10.08,3.1,10.08,13.95,7.75,9.3,3.88,24.03,5.43,1.55,1.55,0.78,1.55,12.4,6.2,6.2,0.0,0.78,3.1,5.43,0.0,0.78,0.78,0.0,20.16,4.65,2.33,5.43,0.78,2.33,6.2,1.55,0.0,0.0,1.55,0.0,0.0,0.0,0.0,0.0,5.43,1.55,0.78,0.78,2.33,0.78,1.55,20.93,0.0,6.98,0.78,3.1,3.1,0.0,1.55,0.0,0.0,0.0,0.0,0.0,0.0,0.0,0.0,0.0,0.0,12.4,6.2,1.55,0.0,0.0,0.0,0.0,0.0,0.0,4.65,0.0,0.0
299,7oi7hy,ptsd,ptsd,"I never felt so uncomfortable and scared other than the night he did put his hands on me and it was exact same feeling today. That was the scariest part. It felt like that night never ended and I was just at the peak of emotion. I know most of you will say ‘you need to leave’ or something obvious - yes I know. But things aren’t that easy and than there’s a me that is holding on to a stupid fucking thread of hope that he, of all people, will change.",1,0.8,1515228857,91,23.17,22.08,81.48,1.1,18.2,8.79,96.7,62.64,23.08,12.09,6.59,0.0,2.2,3.3,0.0,10.99,5.49,13.19,9.89,5.49,7.69,3.3,21.98,9.89,6.59,0.0,0.0,3.3,8.79,2.2,5.49,3.3,2.2,0.0,7.69,0.0,0.0,0.0,3.3,23.08,5.49,1.1,2.2,4.4,5.49,6.59,5.49,0.0,1.1,4.4,2.2,1.1,0.0,1.1,0.0,0.0,0.0,0.0,0.0,0.0,0.0,7.69,10.99,3.3,13.19,3.3,3.3,6.59,0.0,0.0,0.0,0.0,0.0,0.0,2.2,1.1,0.0,1.1,0.0,0.0,13.19,5.49,2.2,0.0,0.0,0.0,0.0,1.1,1.1,3.3,0.0,0.0
188,8u3m2p,survivorsofabuse,abuse,"She rebuffed most of the time, trying to get out of the situation. But several times, he asked her to work late or to visit his office when he knew no one would be around. Come to find out, a few of those times, he called her into the office and closed the door and got touchy/feely. She was uncomfortable but admitted that she never told him no. She said ""This is wrong"" several times but never got up and left.",0,0.6,1530046451,82,49.34,86.38,19.56,3.09,16.4,7.32,96.34,57.32,17.07,13.41,0.0,0.0,0.0,13.41,0.0,3.66,6.1,14.63,4.88,4.88,9.76,4.88,21.95,4.88,1.22,1.22,1.22,4.88,2.44,0.0,2.44,1.22,0.0,0.0,20.73,0.0,0.0,7.32,6.1,14.63,3.66,0.0,1.22,3.66,2.44,4.88,2.44,0.0,1.22,1.22,0.0,0.0,0.0,0.0,0.0,8.54,0.0,2.44,1.22,3.66,1.22,12.2,7.32,0.0,21.95,2.44,9.76,9.76,3.66,0.0,1.22,0.0,0.0,0.0,0.0,0.0,0.0,0.0,0.0,0.0,14.63,6.1,4.88,0.0,0.0,0.0,0.0,0.0,2.44,0.0,0.0,1.22
50235,8jao6w,survivorsofabuse,abuse,"If you want to chat about anything, visit the support forum and hang around to find a member of support staff (such as myself) who will do their best to support you through whatever you are going through. We are based in Dundee, Scotland (UK) but have supported survivors from all over the world. Those who are local, or are willing to make the trip, we have Centre in Dundee where you can talk to volunteers and support staff in person. I hope you all find the peace you are looking for, Ross",0,1.0,1526286214,93,65.15,97.94,32.52,99.0,23.25,15.05,92.47,59.14,17.2,11.83,2.15,2.15,6.45,0.0,1.08,5.38,5.38,18.28,10.75,4.3,6.45,0.0,24.73,3.23,2.15,4.3,0.0,2.15,9.68,8.6,0.0,0.0,0.0,0.0,17.2,0.0,0.0,0.0,0.0,12.9,2.15,2.15,3.23,4.3,2.15,3.23,1.08,1.08,0.0,0.0,0.0,0.0,0.0,0.0,0.0,10.75,4.3,2.15,4.3,2.15,0.0,1.08,21.51,3.23,13.98,4.3,9.68,0.0,2.15,1.08,0.0,0.0,0.0,0.0,0.0,0.0,0.0,0.0,0.0,0.0,12.9,3.23,5.38,0.0,0.0,0.0,0.0,0.0,0.0,0.0,4.3,0.0
3231,86xvw9,survivorsofabuse,abuse,"Both him and my mom left pornographic magazines laying on their bedroom floor ( we were in the process of moving and I saw them and was grossed out. Then they joked around about how I reacted and that they were my biological dads magazines and i should get mad at him for it. ( No older than 14) My stepdad told my mom (this is what she says) that I wanted a massage, i was sleeping on the couch and my mom for whatever reason got freaked out and ran out of the room naked to see what was going on. And she says that he saw her and stopped walking towards me (13) my mom did ask me if anything happened on the way to school",0,0.571428571,1521943890,126,34.21,65.44,68.01,7.46,31.5,14.29,96.83,61.9,26.19,19.05,10.32,0.79,0.0,4.76,3.17,7.14,3.97,15.08,6.35,2.38,9.52,0.79,21.43,3.17,1.59,3.17,1.59,0.79,3.17,0.79,2.38,0.0,0.79,0.0,16.67,4.76,0.0,5.56,3.97,6.35,0.79,2.38,2.38,1.59,0.0,1.59,3.97,2.38,1.59,0.0,3.17,1.59,0.0,1.59,0.0,3.17,0.79,0.0,0.0,1.59,0.79,12.7,4.76,1.59,18.25,3.17,12.7,2.38,1.59,2.38,2.38,0.0,0.0,0.0,0.79,0.79,0.0,0.0,0.0,0.0,8.73,2.38,0.79,0.0,0.0,0.0,0.0,0.0,0.0,0.0,5.56,0.0
84,7q4qv8,relationships,social,"I thought we had an open door, honestly policy about our hook ups, but last week found out he'd made out with a few people during our relationship that I didn't know about. I got hit by a wave of how incompatible we are and tried to break up with him but I realised I was being a hypocrite and letting my insecurities control me and I mended things. ANYWAY, onto the issue. I had a pretty scary time with a friend of mine last night. He invited me around for a few beers, and maybe two drinks in he asked if I'd be down to have sex.",1,0.833333333,1515853873,108,55.62,46.3,90.03,25.77,21.6,9.26,91.67,62.04,20.37,18.52,11.11,3.7,0.0,3.7,0.0,1.85,7.41,17.59,9.26,5.56,7.41,0.93,17.59,2.78,0.0,0.93,0.93,1.85,3.7,1.85,1.85,1.85,0.0,0.0,11.11,0.0,0.93,0.0,3.7,11.11,2.78,2.78,0.93,2.78,0.0,3.7,0.0,0.0,0.0,0.0,2.78,0.0,0.0,0.93,1.85,12.04,5.56,0.93,4.63,0.93,0.0,8.33,4.63,0.0,15.74,0.93,8.33,5.56,0.93,1.85,0.93,0.0,0.0,0.0,0.93,0.0,0.0,0.0,0.0,0.93,11.11,4.63,3.7,0.0,0.0,0.0,0.0,0.0,0.0,2.78,0.0,0.0
30152,853qq0,survivorsofabuse,abuse,"The last Sticky thread before this one: <url> There is all kinds of things that friends or therapists say which has helped us, what helps for one person doesn't help for another, but I think it may be helpful if people share what has helped them here. It doesn't have to specifically be related to abuse, it can be advice that helps you in general. I guess what helps me is to remember that any one person can only do their best under the circumstances, not more.",0,1.0,1521293578,87,10.67,82.12,20.67,98.62,29.0,10.34,95.4,60.92,22.99,8.05,3.45,1.15,1.15,0.0,2.3,14.94,2.3,10.34,16.09,4.6,3.45,3.45,24.14,5.75,3.45,4.6,3.45,4.6,8.05,6.9,1.15,0.0,1.15,0.0,19.54,0.0,1.15,0.0,0.0,14.94,3.45,0.0,1.15,5.75,2.3,5.75,1.15,0.0,1.15,0.0,1.15,0.0,1.15,0.0,0.0,11.49,9.2,1.15,3.45,1.15,0.0,3.45,22.99,1.15,4.6,0.0,2.3,2.3,0.0,0.0,0.0,0.0,0.0,0.0,0.0,0.0,0.0,0.0,0.0,0.0,13.79,3.45,4.6,1.15,0.0,0.0,0.0,0.0,0.0,2.3,0.0,2.3
78,8kquqf,ptsd,ptsd,"He told me that I needed to be naked because he wanted to see my “sexy body” he said a lot of sexual things and took off my clothes. I was naked; exposed, lying on his bed on my stomach with my head in a pillow. He flipped me over and sat at the foot of the bed. I put a pillow over my face and at this time it all becomes a blur. He was giving me oral sex, fingering me, and telling me how “hot” I was.",0,0.571428571,1526795378,89,54.0,36.8,44.87,46.47,17.8,8.99,96.63,60.67,26.97,22.47,15.73,0.0,0.0,6.74,0.0,4.49,6.74,14.61,5.62,1.12,6.74,0.0,17.98,4.49,0.0,1.12,0.0,2.25,3.37,2.25,1.12,0.0,1.12,0.0,12.36,0.0,0.0,0.0,6.74,8.99,1.12,2.25,2.25,2.25,1.12,0.0,4.49,1.12,1.12,2.25,13.48,10.11,0.0,5.62,0.0,3.37,0.0,0.0,2.25,1.12,0.0,10.11,3.37,0.0,12.36,1.12,8.99,2.25,0.0,1.12,4.49,0.0,0.0,0.0,0.0,0.0,0.0,0.0,0.0,0.0,14.61,5.62,3.37,0.0,1.12,0.0,0.0,0.0,4.49,0.0,0.0,0.0
22056,8mpqox,stress,anxiety,"Long story short: Worked in a call centre for 4 years for a vehicle breakdown service, starting to not be able to cope with it any more due to a combination of things (change in management, not enough staff for a constantly expanding customer base, rewards based on whether your face ""fits"" rather than actual demonstrable achievements, etc). Unable to relax after work, constantly thinking/dreading going to work. Get random mood swings about it, either intensely rageful, or wanting to burst in to tears. Headaches that go on for 3 or 4 days at a time are now a regular occurence. Starting to manifest in other physical ways (unable to sleep, constantly weary, having a lot more sickness than usual).",1,1.0,1527510965,121,98.22,25.41,92.76,6.99,24.2,22.31,85.12,44.63,4.96,0.83,0.0,0.0,0.83,0.0,0.0,4.13,5.79,21.49,4.13,4.96,2.48,1.65,10.74,9.92,4.96,0.83,2.48,4.13,5.79,1.65,3.31,0.83,0.83,0.83,2.48,0.0,0.0,0.0,0.0,14.05,0.83,1.65,1.65,4.13,0.0,8.26,0.0,0.0,0.0,0.0,4.96,1.65,3.31,0.0,0.0,9.92,0.0,6.61,1.65,2.48,0.83,0.83,6.61,0.83,22.31,3.31,9.09,9.92,6.61,0.83,0.0,0.83,0.0,0.0,0.0,0.0,0.0,0.0,0.0,0.0,18.18,4.13,7.44,0.83,0.0,0.0,0.0,0.0,1.65,0.0,3.31,0.83
1470,72w2mu,ptsd,ptsd,"I also have been taking Zoloft 25mg for 12 days. I plan to start exercising nightly for 20 minutes beginning tonight. I want to do all that I can to alleviate my symptoms but if there is a cure, I would love to know. I'm not a patient person and this illness is really making me fed up to the point where I'm getting angry! Anything helps!",0,0.6,1506553502,67,28.72,5.04,92.99,53.85,13.4,16.42,91.04,56.72,17.91,13.43,13.43,0.0,0.0,0.0,0.0,4.48,4.48,11.94,13.43,5.97,5.97,1.49,23.88,1.49,0.0,1.49,2.99,1.49,4.48,2.99,1.49,0.0,1.49,0.0,4.48,0.0,0.0,0.0,0.0,14.93,1.49,1.49,4.48,2.99,1.49,5.97,0.0,0.0,0.0,0.0,8.96,0.0,5.97,0.0,1.49,8.96,2.99,1.49,1.49,2.99,0.0,2.99,16.42,2.99,13.43,0.0,4.48,8.96,0.0,1.49,0.0,0.0,0.0,0.0,0.0,0.0,0.0,0.0,0.0,0.0,11.94,4.48,1.49,0.0,0.0,0.0,2.99,0.0,0.0,2.99,0.0,0.0
1917,8mqmx3,anxiety,anxiety,"Not a huge amount of weight, but it was a big deal for me. I was on the treadmill every night for 45 minutes. I was doing good. Now I can't be on the treadmill or I start feeling ill again. Anyway, after the garbage issue I ended up in the hospital again.",1,0.6,1527519277,53,74.41,1.23,99.0,61.55,10.6,11.32,88.68,64.15,13.21,11.32,11.32,0.0,0.0,0.0,0.0,1.89,11.32,15.09,9.43,7.55,3.77,3.77,15.09,3.77,1.89,0.0,1.89,3.77,1.89,1.89,0.0,0.0,0.0,0.0,0.0,0.0,0.0,0.0,0.0,11.32,1.89,0.0,0.0,1.89,1.89,7.55,3.77,0.0,0.0,3.77,5.66,0.0,3.77,0.0,1.89,7.55,0.0,0.0,5.66,1.89,0.0,7.55,7.55,0.0,26.42,0.0,11.32,15.09,0.0,0.0,0.0,0.0,0.0,0.0,1.89,0.0,0.0,0.0,0.0,1.89,15.09,9.43,3.77,0.0,0.0,0.0,0.0,0.0,0.0,1.89,0.0,0.0
900,8re60j,ptsd,ptsd,"I'm afraid of going into too much detail only because I constantly fear that he knows that I talk about him. To keep it short, my father was physically violent towards me, my mother, our dog, mistreated all of his animals, leaked our information on shady sites before multiple times, and has made my life a living hell up until I went to court to stop having visitation with him. I almost died twice thanks to him. I thought that it wouldn't really affect anything outside of startle reflex, trust issues, etc, but here I am years after my last visit with him and it's still affecting me fucking terribly. I just sat in bed sobbing for a half hour because I'm afraid of everyone around me.",1,1.0,1529095029,127,34.75,34.68,91.23,1.0,25.4,16.54,92.13,58.27,25.2,18.9,12.6,1.57,0.0,4.72,0.0,6.3,1.57,17.32,6.3,7.87,4.72,0.79,17.32,6.3,1.57,0.0,1.57,2.36,8.66,1.57,7.09,3.15,2.36,0.79,11.02,1.57,0.0,0.79,5.51,11.81,2.36,3.94,0.79,1.57,1.57,1.57,0.0,0.0,0.0,0.0,3.15,0.0,2.36,0.79,0.0,3.94,1.57,0.0,0.79,0.0,1.57,3.94,7.87,0.79,18.11,2.36,7.09,8.66,0.0,0.0,0.79,0.0,0.79,0.79,1.57,1.57,0.0,0.0,0.0,0.0,14.17,3.94,7.09,0.0,0.0,0.0,0.0,0.0,0.0,3.15,0.0,0.0
32115,7rtcl8,relationships,social,"Me (28F) and boyfriend (39M) been happily monogamous for 1.5 years. We have a good sex life. We have only mentioned a couple times that it might be hot to add someone else to the mix, if the right opportunity presented itself. I met her (22F) in my pottery class and immediately felt a girl crush which is really out of the ordinary for me. She’s super cute and we have hung out as friends on several occasions.",0,1.0,1516484556,78,57.24,81.53,30.55,99.0,15.6,16.67,85.9,56.41,17.95,11.54,5.13,3.85,0.0,2.56,0.0,6.41,7.69,12.82,10.26,3.85,6.41,0.0,12.82,5.13,1.28,1.28,1.28,3.85,6.41,6.41,0.0,0.0,0.0,0.0,14.1,0.0,2.56,3.85,1.28,7.69,1.28,0.0,1.28,3.85,0.0,3.85,2.56,0.0,0.0,2.56,2.56,0.0,1.28,1.28,0.0,12.82,7.69,2.56,0.0,3.85,0.0,3.85,8.97,1.28,11.54,0.0,6.41,5.13,1.28,0.0,0.0,0.0,0.0,0.0,0.0,0.0,0.0,0.0,0.0,0.0,16.67,6.41,1.28,0.0,0.0,0.0,0.0,0.0,0.0,1.28,7.69,0.0
190,6mk8j2,anxiety,anxiety,"Itʻs at the point where I am scared I canʻt focus on driving and will crash or just space out going 45 mph. In the past Ive had 3 major ""panic attacks(?)"" where my whole body is in pins and needles and I canʻt breathe well but they were all triggered by major emotional events. I also used to get really bad nightmares about dying and the afterlife when I was a kid and my mom would have to rub my chest til I fell asleep. I never ever thought it was anxiety and I didnʻt want to diagnose myself because I know some people actually have it and I wouldnʻt want to compare my stress to that.",1,1.0,1499751211,118,18.5,7.5,95.76,1.0,23.6,12.71,87.29,56.78,16.95,14.41,13.56,0.0,0.0,0.0,0.85,2.54,3.39,11.02,9.32,9.32,11.02,0.85,16.95,3.39,0.85,2.54,1.69,2.54,7.63,0.85,6.78,3.39,0.85,0.0,3.39,0.85,0.0,0.85,0.0,14.41,2.54,2.54,2.54,1.69,2.54,3.39,0.85,0.0,0.0,0.85,4.24,3.39,0.85,0.0,0.0,3.39,0.0,0.0,1.69,0.85,0.85,5.93,8.47,1.69,14.41,2.54,7.63,4.24,0.0,0.0,0.0,0.0,0.85,0.85,0.85,0.0,0.0,0.0,0.85,0.0,7.63,3.39,0.0,0.0,0.0,0.85,0.0,0.0,1.69,0.0,1.69,0.0
1560,98uic9,anxiety,anxiety,"So, I used tap water in a neti pot. My cold seemed to get worse right after. I googled, “Can a neti pot make a cold worse?” Suddenly, information appears that if you use tap water in a neti pot you can get that brain eating amoeba, Naegleria fowleri... (the same one that kills kids who swim in fresh water). I guess two people in Louisiana died from it via tap water\neti pots a few years back.",0,0.571428571,1534778510,78,86.39,60.13,55.26,1.0,13.0,8.97,80.77,39.74,14.1,7.69,5.13,0.0,2.56,0.0,0.0,6.41,7.69,10.26,2.56,3.85,2.56,0.0,14.1,10.26,5.13,1.28,2.56,1.28,3.85,0.0,3.85,0.0,1.28,0.0,6.41,0.0,0.0,0.0,0.0,10.26,2.56,3.85,1.28,5.13,0.0,1.28,3.85,1.28,0.0,2.56,7.69,1.28,0.0,0.0,6.41,5.13,0.0,0.0,0.0,2.56,2.56,5.13,12.82,0.0,14.1,1.28,8.97,5.13,0.0,1.28,0.0,0.0,0.0,2.56,0.0,0.0,0.0,0.0,0.0,0.0,21.79,8.97,5.13,0.0,0.0,1.28,0.0,0.0,2.56,0.0,2.56,1.28
10918,5p8rpv,ptsd,ptsd,I'm assuming I have PTSD and my work gave me a number to call and I'm debating doing so. But I hate asking for help and I feel pathetic because nothing happened. I'm physically fine. I just really need advice because I'm struggling on how to feel. I don't know why I can't just brush this off considering I'm alright.,1,1.0,1484972470,60,1.0,1.0,99.0,6.91,12.0,18.33,95.0,61.67,23.33,21.67,21.67,0.0,0.0,0.0,0.0,1.67,1.67,8.33,13.33,10.0,13.33,5.0,28.33,3.33,0.0,3.33,0.0,0.0,8.33,3.33,5.0,1.67,1.67,1.67,8.33,0.0,0.0,0.0,0.0,23.33,8.33,6.67,1.67,1.67,1.67,5.0,5.0,0.0,0.0,5.0,1.67,0.0,1.67,0.0,0.0,6.67,1.67,1.67,5.0,0.0,0.0,3.33,23.33,0.0,3.33,0.0,3.33,0.0,1.67,0.0,0.0,0.0,0.0,0.0,1.67,0.0,0.0,1.67,0.0,0.0,20.0,8.33,0.0,0.0,0.0,0.0,0.0,0.0,0.0,11.67,0.0,0.0
132,97on6i,homeless,financial,"Back ground, me and my girl have been homeless independently for about a year and we've been together for six months now. We lived in Olympia Washington for a while and where trying to make it and eventually move out of the toxic town. I received about 3.5k$ worth of back pay EFC payments the state owed me and shortly after my girl's grandmother died and she wanted to make it to the funeral so we decided to make a road trip of it, get jobs in florida and be set. We figured the lower cost of living would offset the vastly lower minimum wage and we'd be fine. We both got jobs at her old workplace (Wendy's, never go to the Lakeland Highlands Wendy's so many healthcode violations btw) and worked for two months and got fired for bs reasons (I got trained wrong and wasn't told about 60% of my responsibilities by a guy who was on his phone 75% of the time and quit a week later, she overslept and no call no showed one day and got immediately taken off the schedule)",1,0.6,1534388303,187,68.11,75.66,59.61,4.3,37.4,13.9,89.84,51.87,11.23,9.09,3.74,3.21,0.0,2.14,0.0,2.14,6.95,14.44,5.35,7.49,9.09,2.14,17.11,3.21,2.14,1.07,3.21,1.07,3.21,0.53,2.67,0.0,0.53,1.07,10.7,0.53,0.53,3.21,1.07,6.42,1.6,2.67,1.07,0.53,0.53,0.53,1.07,0.53,0.53,0.0,1.6,0.0,1.6,0.0,0.0,10.7,3.74,1.6,1.6,3.21,0.53,9.63,5.35,0.53,19.79,2.14,9.63,9.63,4.81,0.0,0.0,3.21,0.0,1.07,1.6,0.53,1.6,0.53,0.0,0.0,11.23,2.14,2.14,0.0,0.0,0.0,0.0,0.0,0.0,3.21,2.14,1.6
1168,60kzmj,anxiety,anxiety,"I keep alternating between crying, laughing, and freaking out. I'm also really upset right now and my boyfriend isn't making me feel better. He keeps saying things like, this is all your fault and no one is making you think these things. And to be patient with things.... I feel like this is going to kill me?",1,1.0,1490062465,57,6.15,24.13,72.35,1.0,11.4,10.53,96.49,61.4,26.32,15.79,10.53,0.0,3.51,1.75,0.0,10.53,0.0,12.28,10.53,5.26,8.77,3.51,28.07,3.51,5.26,0.0,1.75,1.75,12.28,3.51,8.77,1.75,1.75,1.75,8.77,0.0,1.75,0.0,3.51,14.04,5.26,3.51,0.0,0.0,1.75,3.51,7.02,0.0,3.51,3.51,0.0,0.0,0.0,0.0,0.0,5.26,1.75,1.75,0.0,1.75,1.75,0.0,21.05,1.75,7.02,1.75,3.51,1.75,0.0,0.0,0.0,0.0,0.0,1.75,1.75,1.75,0.0,0.0,0.0,0.0,22.81,12.28,5.26,0.0,0.0,1.75,0.0,0.0,0.0,3.51,0.0,0.0
1159,8njxps,anxiety,anxiety,"My heart is palpitating because I finally responded in a group chat that I'm not so active in because I'm scared nobody is going to care what I say. So I finally responded this morning because the chat seems active and it couldn't possibly hurt right? I'm trying to beat my anxiety. Well, my fears were confirmed. Nobody responded to what I texted.",1,0.8,1527785037,63,1.6,13.32,89.63,25.77,12.6,22.22,96.83,60.32,26.98,15.87,15.87,0.0,0.0,0.0,0.0,11.11,3.17,7.94,11.11,7.94,9.52,6.35,20.63,4.76,0.0,3.17,0.0,1.59,12.7,6.35,6.35,4.76,0.0,1.59,12.7,0.0,0.0,0.0,0.0,12.7,1.59,4.76,1.59,4.76,0.0,1.59,3.17,0.0,1.59,1.59,1.59,1.59,0.0,0.0,0.0,9.52,6.35,3.17,1.59,0.0,0.0,3.17,12.7,1.59,11.11,1.59,4.76,4.76,0.0,3.17,0.0,0.0,0.0,0.0,1.59,0.0,0.0,0.0,1.59,0.0,15.87,6.35,1.59,0.0,0.0,1.59,0.0,0.0,0.0,6.35,0.0,0.0
18552,7t13ph,food_pantry,financial,"-In not giving financial advice. -I'm not doing this for people to MAKE money, but to help those struggling to feed themselves and/or family. My days of that are over. -if any supermarkets or stores offer similar promotions in other countries, let me know and I'll look into what can be done. DM me regarding this.",0,0.833333333,1516929718,57,21.43,10.98,96.09,25.77,11.4,14.04,98.25,63.16,21.05,10.53,8.77,0.0,0.0,0.0,1.75,10.53,0.0,17.54,14.04,0.0,10.53,3.51,19.3,1.75,1.75,1.75,0.0,1.75,3.51,1.75,1.75,1.75,0.0,0.0,12.28,1.75,0.0,0.0,0.0,17.54,1.75,1.75,1.75,7.02,0.0,12.28,1.75,1.75,0.0,0.0,1.75,0.0,0.0,0.0,1.75,10.53,5.26,1.75,5.26,1.75,0.0,1.75,12.28,1.75,10.53,0.0,8.77,1.75,3.51,1.75,1.75,5.26,0.0,0.0,1.75,0.0,1.75,0.0,0.0,0.0,22.81,8.77,3.51,0.0,0.0,0.0,0.0,5.26,0.0,3.51,0.0,1.75
1385,9csgdv,survivorsofabuse,abuse,"Looking back on it, I was pretty fucking clear. After all this, I started reflecting back. First red flag I didn't realize was a red flag was it said it loved me A WEEK WITHIN KNOWING ME. I knew it was weird, but I didn't know it was lovebombing (manipulating) me. Fortunately I never said it back because why the fuck would I love anyone after a week.",0,0.571428571,1536035916,68,5.7,2.82,99.0,53.41,13.6,14.71,95.59,61.76,26.47,14.71,14.71,0.0,0.0,0.0,0.0,11.76,5.88,5.88,11.76,8.82,2.94,4.41,25.0,10.29,2.94,1.47,1.47,1.47,10.29,5.88,4.41,0.0,2.94,0.0,7.35,0.0,0.0,0.0,0.0,25.0,7.35,4.41,1.47,2.94,4.41,4.41,8.82,5.88,2.94,0.0,5.88,0.0,0.0,2.94,0.0,5.88,2.94,1.47,1.47,0.0,0.0,16.18,4.41,0.0,17.65,0.0,7.35,14.71,0.0,0.0,0.0,0.0,0.0,0.0,2.94,2.94,0.0,0.0,0.0,0.0,17.65,7.35,4.41,0.0,0.0,0.0,0.0,0.0,0.0,2.94,2.94,0.0
1784,70ui7i,almosthomeless,financial,"Like many I was living in California, working in a kitchen and making decent money. My living situation fell apart and I ended up couch surfing, living out of a truck and finally I ended up living and working on a farm in the north. Not the first time but... i wanted to share a bit of advice for anybody goig through a hard time. 1. I had co workers and friends offer to let me stay with them and I was too proud to accept.",0,0.571428571,1505735791,86,91.63,24.26,98.24,95.29,14.33,12.79,91.86,54.65,11.63,10.47,9.3,0.0,0.0,0.0,1.16,1.16,8.14,18.6,4.65,2.33,8.14,1.16,20.93,1.16,1.16,0.0,2.33,2.33,4.65,4.65,0.0,0.0,0.0,0.0,6.98,0.0,1.16,0.0,0.0,8.14,1.16,1.16,1.16,1.16,0.0,3.49,1.16,0.0,0.0,1.16,5.81,0.0,4.65,0.0,1.16,10.47,2.33,5.81,3.49,0.0,0.0,8.14,2.33,0.0,20.93,3.49,11.63,6.98,3.49,1.16,2.33,1.16,0.0,0.0,0.0,0.0,0.0,0.0,0.0,0.0,11.63,9.3,2.33,0.0,0.0,0.0,0.0,0.0,0.0,0.0,0.0,0.0
53902,9t4jar,anxiety,anxiety,"I always feel like no one actually likes me and they just put up with me out of pity. It’s a vicious cycle, because that insecurity makes me more self-conscious and standoffish, which makes me more unlikeable. I just feel like I’m nothing but a drain on everyone and an inconvenience. I’m constantly plagued by these thoughts about what a terrible person and I am, and it’s just so exhausting. I wish I was normal.",1,1.0,1541031314,76,10.38,7.4,93.86,1.0,15.2,19.74,94.74,64.47,25.0,15.79,14.47,0.0,0.0,0.0,1.32,9.21,5.26,11.84,7.89,9.21,10.53,2.63,17.11,6.58,5.26,2.63,1.32,2.63,7.89,1.32,6.58,1.32,1.32,1.32,5.26,0.0,0.0,0.0,0.0,17.11,5.26,3.95,1.32,0.0,3.95,2.63,2.63,0.0,0.0,2.63,1.32,0.0,1.32,0.0,0.0,3.95,0.0,0.0,3.95,0.0,0.0,1.32,13.16,1.32,9.21,1.32,3.95,3.95,0.0,0.0,0.0,0.0,0.0,1.32,0.0,0.0,0.0,0.0,0.0,0.0,17.11,6.58,3.95,0.0,0.0,0.0,0.0,1.32,0.0,5.26,0.0,0.0
1776,8vaflh,domesticviolence,abuse,She gave me an 11 pm curfew even though I was in my 20s and never gave me a key. She not picked every little thing I did even though I tried so hard to be a good guest because I thought maybe that’s why She didn’t like me. Whenever I am allowed to come here I have to bring my own food and own blanket. When I told my mom I was in such a bad mental space that I thought I was going to kill myself and didn’t feel safe to be alone she said I couldn’t come over.,1,1.0,1530457111,101,1.67,3.76,97.37,25.77,25.25,7.92,92.08,64.36,24.75,21.78,17.82,0.0,0.0,3.96,0.0,2.97,3.96,7.92,11.88,11.88,8.91,4.95,24.75,3.96,0.0,2.97,0.99,0.99,5.94,2.97,2.97,0.0,0.99,0.99,9.9,0.99,0.99,4.95,0.0,15.84,2.97,3.96,0.99,0.99,1.98,4.95,2.97,0.0,0.99,1.98,0.99,0.0,0.0,0.0,0.99,5.94,0.0,0.99,1.98,0.99,1.98,11.88,8.91,0.99,11.88,3.96,4.95,2.97,0.0,0.0,0.0,0.0,0.0,0.99,0.0,0.0,0.0,0.0,0.0,0.0,8.91,3.96,0.0,0.0,0.0,0.0,0.0,0.0,0.0,4.95,0.0,0.0
328,6z38wk,survivorsofabuse,abuse,"Those are all the ones I can coherently explain. I've also felt extremely lonely and I've been craving touch more than I did before I was with him. Watching movies, playing games, hanging out with friends etc all distract me for a while but when I stop all the bad feelings just come at once. Not only sadness/loneliness, but I also feel hate and rage. Does anyone have any way to help me move on?",1,1.0,1504980896,76,21.43,14.62,99.0,1.0,15.2,15.79,97.37,56.58,15.79,13.16,11.84,0.0,0.0,1.32,0.0,2.63,3.95,11.84,11.84,7.89,10.53,1.32,21.05,3.95,3.95,1.32,1.32,6.58,10.53,1.32,7.89,0.0,2.63,3.95,7.89,0.0,1.32,0.0,1.32,21.05,7.89,0.0,0.0,2.63,5.26,5.26,6.58,1.32,0.0,5.26,0.0,0.0,0.0,0.0,0.0,7.89,3.95,0.0,1.32,1.32,2.63,5.26,14.47,0.0,14.47,2.63,5.26,6.58,0.0,5.26,0.0,0.0,0.0,0.0,0.0,0.0,0.0,0.0,0.0,0.0,14.47,5.26,3.95,0.0,0.0,1.32,0.0,0.0,0.0,2.63,0.0,1.32
1122,600dy4,ptsd,ptsd,any way. I'll do the procedure. I always do. cheers if you read this. I'm just saying my frustrations out into the void.,0,0.571428571,1489785686,23,15.38,19.23,98.89,25.77,4.6,8.7,91.3,60.87,26.09,21.74,17.39,0.0,4.35,0.0,0.0,4.35,8.7,8.7,17.39,4.35,4.35,0.0,26.09,0.0,0.0,0.0,0.0,4.35,8.7,4.35,4.35,0.0,4.35,0.0,8.7,0.0,0.0,0.0,0.0,13.04,0.0,0.0,4.35,8.7,4.35,4.35,4.35,0.0,4.35,0.0,0.0,0.0,0.0,0.0,0.0,0.0,0.0,0.0,0.0,0.0,0.0,0.0,13.04,4.35,17.39,0.0,13.04,4.35,4.35,0.0,0.0,0.0,0.0,0.0,0.0,0.0,0.0,0.0,0.0,0.0,30.43,21.74,0.0,0.0,0.0,0.0,0.0,0.0,0.0,8.7,0.0,0.0
35391,5yamxz,ptsd,ptsd,"When it's abuse in the workplace, it seems like everyone just says, ""Oh, get over it, and don't be a baby. There's nothing wrong with you."" I actually had one women tell me that my husband's behavior was 'completely normal' and that 'everyone acts like that' (I was floored. I don't know one other person who goes through shit like this at work or who acts like that - WTF?). They just want to brush it off, and no one gives a shit.",1,0.6,1489007252,82,12.53,45.16,48.21,1.0,16.4,12.2,96.34,64.63,25.61,8.54,6.1,0.0,1.22,0.0,1.22,17.07,3.66,13.41,9.76,7.32,6.1,4.88,19.51,2.44,4.88,3.66,3.66,0.0,4.88,0.0,4.88,0.0,3.66,0.0,15.85,2.44,0.0,1.22,1.22,12.2,2.44,0.0,1.22,2.44,4.88,3.66,2.44,0.0,1.22,1.22,2.44,2.44,0.0,0.0,0.0,6.1,1.22,1.22,1.22,1.22,1.22,3.66,17.07,0.0,9.76,2.44,6.1,1.22,1.22,0.0,0.0,0.0,0.0,0.0,4.88,3.66,1.22,0.0,1.22,0.0,30.49,6.1,6.1,0.0,0.0,1.22,0.0,1.22,2.44,10.98,2.44,0.0
1804,5luwz3,almosthomeless,financial,"I am afraid that she will sell the house because of this and I'm not sure what the future holds for my family. Because I made some very bad decisions in the past, my credit is horrible. I have tried to get a loan and it's just not happening. I have no car (no money to get a car, let alone make payments) and payday loans are not offered in AZ. Every online loan option, although bad, seems like a better fate than losing my home of 12 years.",1,0.8,1483481590,89,44.41,4.62,73.23,1.0,17.8,8.99,95.51,53.93,14.61,10.11,8.99,0.0,0.0,1.12,0.0,4.49,6.74,10.11,10.11,2.25,6.74,5.62,20.22,5.62,3.37,1.12,1.12,2.25,10.11,3.37,6.74,2.25,0.0,2.25,3.37,1.12,0.0,1.12,0.0,16.85,2.25,4.49,0.0,3.37,2.25,5.62,0.0,0.0,0.0,0.0,0.0,0.0,0.0,0.0,0.0,12.36,1.12,3.37,3.37,3.37,3.37,3.37,13.48,3.37,8.99,2.25,2.25,4.49,3.37,1.12,3.37,8.99,0.0,0.0,0.0,0.0,0.0,0.0,0.0,0.0,14.61,5.62,4.49,0.0,0.0,0.0,0.0,0.0,0.0,2.25,2.25,0.0
8207,82dnj5,anxiety,anxiety,"Had a good weekend, went to a movie together the 19th. Feb 22 she started full dose of Zoloft. Feb 23 weekend, we hung out again, but mostly stayed in because I was tired from traveling for work again. She seemed a bit more distant than I'd seen her but still content, and we had a good weekend together. Everything remained normal up til Feb 26 or so, regular texting, sexy texts, etc.",0,1.0,1520326191,73,68.64,75.34,93.59,92.0,14.6,19.18,83.56,47.95,10.96,9.59,2.74,2.74,0.0,4.11,0.0,1.37,6.85,12.33,5.48,6.85,9.59,0.0,15.07,9.59,2.74,0.0,4.11,2.74,4.11,4.11,0.0,0.0,0.0,0.0,12.33,0.0,0.0,4.11,0.0,10.96,1.37,1.37,0.0,4.11,1.37,5.48,1.37,1.37,0.0,0.0,5.48,0.0,4.11,1.37,0.0,12.33,6.85,1.37,1.37,2.74,0.0,10.96,1.37,0.0,24.66,4.11,10.96,10.96,1.37,6.85,0.0,0.0,0.0,0.0,0.0,0.0,0.0,0.0,0.0,0.0,17.81,6.85,9.59,0.0,0.0,0.0,0.0,0.0,0.0,1.37,0.0,0.0
1049,9lqjsr,ptsd,ptsd,"I was a friendly person, who enjoyed speaking and interacting with people. I definitely did more than my fair share to help/get things done. And i enjoyed helping people and sharing my knowledge to help novices. Quite extroverted but without being loud. Since this happened i've become introverted, i don't particularly like anyone (because unfortunately, i now tend to focus on the bad side in people), and i attempt to not get past small talk.",0,0.571428571,1538775566,76,37.39,44.78,90.72,99.0,15.2,23.68,93.42,55.26,17.11,11.84,11.84,0.0,0.0,0.0,0.0,5.26,2.63,14.47,9.21,3.95,7.89,3.95,17.11,5.26,3.95,1.32,0.0,1.32,13.16,9.21,2.63,0.0,0.0,0.0,19.74,0.0,1.32,0.0,0.0,15.79,2.63,2.63,0.0,2.63,2.63,5.26,2.63,0.0,2.63,0.0,0.0,0.0,0.0,0.0,0.0,13.16,7.89,0.0,3.95,2.63,1.32,6.58,11.84,0.0,9.21,0.0,5.26,3.95,0.0,0.0,0.0,0.0,0.0,0.0,0.0,0.0,0.0,0.0,0.0,0.0,18.42,6.58,5.26,0.0,0.0,0.0,0.0,0.0,0.0,2.63,2.63,1.32
31340,7kcnod,anxiety,anxiety,"I check on my mom several times a day and I KNOW it has to be annoying. I am trying to find the right medication but none seem to work for me, I go to therapy, and I talk about it — but I am so sick of feeling this way. I know it is temporary and that I won’t be this way forever, but right now, it sucks. I can’t sleep because I worry so much, it’s hard to focus at work because I worry so much, it’s hard to be social because I worry so much. Thanks for listening.",1,1.0,1513496766,100,7.16,3.62,99.0,1.0,20.0,11.0,98.0,61.0,23.0,14.0,14.0,0.0,0.0,0.0,0.0,9.0,2.0,12.0,10.0,6.0,13.0,3.0,23.0,4.0,0.0,0.0,0.0,5.0,7.0,1.0,6.0,3.0,2.0,0.0,4.0,1.0,0.0,1.0,0.0,15.0,5.0,3.0,0.0,3.0,1.0,4.0,4.0,0.0,1.0,3.0,4.0,1.0,3.0,0.0,0.0,4.0,1.0,3.0,0.0,0.0,0.0,0.0,24.0,1.0,12.0,1.0,6.0,5.0,2.0,0.0,0.0,0.0,0.0,0.0,1.0,1.0,0.0,0.0,0.0,0.0,15.0,5.0,6.0,0.0,0.0,0.0,0.0,0.0,0.0,4.0,0.0,0.0
27018,9ekm8i,survivorsofabuse,abuse,I'm in college now and got high last night and felt pretty sad. I'm a wreck. I thought I've overcome this all but I'm just feeling alone again. After trauma i started isolating myself and attaching to creative work to get a sense of worth. I declined socially by a lot and can't feel connected to anyone past a surface level.,1,1.0,1536562895,61,52.37,7.01,99.0,1.13,12.2,19.67,93.44,49.18,16.39,13.11,13.11,0.0,0.0,0.0,0.0,3.28,6.56,11.48,6.56,4.92,8.2,1.64,19.67,8.2,1.64,0.0,0.0,3.28,9.84,3.28,6.56,0.0,0.0,4.92,3.28,0.0,0.0,0.0,0.0,19.67,8.2,1.64,0.0,4.92,1.64,3.28,6.56,0.0,0.0,4.92,0.0,0.0,0.0,0.0,0.0,11.48,1.64,4.92,1.64,3.28,0.0,6.56,16.39,0.0,18.03,0.0,6.56,11.48,3.28,0.0,0.0,1.64,0.0,0.0,0.0,0.0,0.0,0.0,0.0,0.0,16.39,8.2,0.0,0.0,0.0,0.0,0.0,0.0,0.0,8.2,0.0,0.0
356,9cdadt,stress,anxiety,"Only 7 years ago at the age of 9 I think I peaked in life. I was possibly the most fun kid in class and had no problem socializing with others. Used to be so happy then. Now I’m just known by everybody as the quiet guy who rarely ever smiles. Interacting with others (especially girls) is so hard, and I’m always so conscious about how I look.",1,0.5,1535905344,68,17.06,32.96,95.02,79.41,13.6,10.29,94.12,60.29,14.71,8.82,8.82,0.0,0.0,0.0,0.0,5.88,4.41,14.71,8.82,16.18,11.76,1.47,14.71,8.82,2.94,2.94,2.94,1.47,5.88,4.41,1.47,0.0,0.0,0.0,8.82,0.0,1.47,1.47,1.47,20.59,4.41,2.94,1.47,2.94,5.88,2.94,4.41,1.47,1.47,1.47,1.47,0.0,1.47,0.0,0.0,5.88,1.47,0.0,2.94,0.0,1.47,7.35,10.29,1.47,16.18,0.0,4.41,11.76,1.47,1.47,0.0,0.0,0.0,0.0,0.0,0.0,0.0,0.0,0.0,0.0,14.71,7.35,1.47,0.0,0.0,0.0,0.0,0.0,0.0,2.94,2.94,0.0
1944,8j4t8q,stress,anxiety,"I have completely given up hobbies and interests outside work. I do not have time to engage in them. Things that I could normally do to relax, like exercise or yoga, are absolutely out of the question because I work 16 hours a day. 3. I am frequently sleep deprived due to my work hours.",1,0.8,1526227670,55,46.23,13.76,95.06,87.86,11.0,20.0,96.36,61.82,16.36,12.73,10.91,0.0,0.0,0.0,1.82,3.64,3.64,16.36,12.73,5.45,5.45,1.82,14.55,0.0,1.82,0.0,3.64,0.0,7.27,5.45,1.82,0.0,0.0,1.82,5.45,0.0,0.0,0.0,0.0,14.55,1.82,1.82,3.64,3.64,3.64,3.64,0.0,0.0,0.0,0.0,3.64,1.82,1.82,0.0,0.0,7.27,0.0,5.45,1.82,0.0,0.0,1.82,16.36,0.0,18.18,0.0,7.27,10.91,5.45,7.27,0.0,0.0,0.0,0.0,1.82,0.0,0.0,1.82,0.0,0.0,12.73,9.09,3.64,0.0,0.0,0.0,0.0,0.0,0.0,0.0,0.0,0.0
516,6r58q0,anxiety,anxiety,"I had the depo shot for the first time at the beginning of March, decided to not go back for the 2nd because I wasn't a fan. Didn't experience any issues while on it , but once I came off of it, all hell broke loose. My once controlled anxiety became out of control and I had random days where I felt depressed/crying spells. The intrusive thoughts were out of control, and had an anxiety attack the 2nd week of working at my new job. I had to leave work and go home, which hadn't happened in almost half a year.",1,0.6,1501690413,101,83.38,4.64,99.0,1.0,20.2,13.86,92.08,53.47,10.89,7.92,7.92,0.0,0.0,0.0,0.0,2.97,8.91,15.84,7.92,2.97,5.94,3.96,18.81,2.97,0.0,1.98,3.96,1.98,6.93,0.0,6.93,1.98,1.98,2.97,0.0,0.0,0.0,0.0,0.0,15.84,3.96,3.96,0.0,2.97,0.99,3.96,2.97,0.0,0.0,1.98,0.0,0.0,0.0,0.0,0.0,6.93,0.0,2.97,3.96,0.0,0.0,13.86,3.96,0.0,23.76,3.96,8.91,11.88,2.97,0.0,0.99,0.0,0.99,0.0,0.99,0.99,0.0,0.0,0.0,0.0,13.86,4.95,4.95,0.0,0.0,0.0,0.0,0.0,0.0,2.97,0.0,0.99
558,7vejmn,homeless,financial,"Make sure to take the bus when it comes to WalMart the last time, about 7pm. 6) There is a Chick-Fil-""A"" next to Walmart where you can get hot food. You can buy Top Rommin at WalMart which sells for 10 cents per cup (yes...really) and you can use hot water to put in it, and it is ready to eat. 7)  How do you get ""out"" of that situation? I don't know.",0,0.8,1517835092,76,59.58,78.51,33.36,74.74,15.2,5.26,82.89,51.32,13.16,6.58,1.32,0.0,5.26,0.0,0.0,6.58,5.26,14.47,9.21,7.89,5.26,1.32,18.42,5.26,1.32,5.26,3.95,0.0,2.63,2.63,0.0,0.0,0.0,0.0,6.58,0.0,0.0,1.32,0.0,7.89,1.32,3.95,0.0,0.0,1.32,1.32,2.63,0.0,0.0,2.63,3.95,0.0,0.0,0.0,3.95,5.26,0.0,1.32,1.32,3.95,0.0,0.0,21.05,0.0,14.47,2.63,6.58,5.26,0.0,0.0,0.0,3.95,0.0,0.0,1.32,0.0,0.0,1.32,0.0,0.0,27.63,9.21,2.63,0.0,0.0,1.32,0.0,2.63,5.26,1.32,5.26,0.0
627,6aklyg,assistance,financial,"**Just a quick update - My friend has had to be rushed to hospital as she is experiencing ruptured ovaries. She will need assistance urgently as she will have to stay somewhere and recover while trying to take care of her dog. I'd really appreciate any help on this. Thanks** My friend, Amanda, moved to North Carolina for a great job, with her doggy.",0,0.571428571,1494514438,63,54.14,73.73,8.33,99.0,15.75,15.87,90.48,53.97,15.87,12.7,4.76,0.0,0.0,7.94,0.0,1.59,3.17,17.46,12.7,4.76,6.35,0.0,23.81,4.76,3.17,0.0,0.0,1.59,6.35,6.35,0.0,0.0,0.0,0.0,12.7,0.0,3.17,7.94,0.0,9.52,1.59,0.0,1.59,4.76,0.0,1.59,1.59,0.0,0.0,0.0,3.17,1.59,1.59,1.59,0.0,11.11,4.76,3.17,1.59,3.17,0.0,3.17,14.29,3.17,14.29,4.76,6.35,4.76,3.17,0.0,0.0,0.0,0.0,0.0,0.0,0.0,0.0,0.0,0.0,0.0,20.63,6.35,4.76,0.0,0.0,0.0,0.0,1.59,0.0,1.59,0.0,6.35
14077,6gx7iv,ptsd,ptsd,"Is it more than that? I have been considering finally confessing my secret because it feels like I am choking on it. I repress it as much as I can, but when it bubbles to the surface, it effects everything in my life. Thank you for listening/reading. I need help and I need to find the right way to deal and approach this.",1,0.6,1497323236,64,22.13,31.97,98.64,25.77,12.8,20.31,96.88,64.06,28.12,14.06,12.5,0.0,1.56,0.0,0.0,14.06,3.12,15.62,7.81,3.12,10.94,0.0,18.75,7.81,7.81,1.56,0.0,3.12,3.12,1.56,1.56,1.56,0.0,0.0,9.38,0.0,0.0,0.0,0.0,18.75,9.38,3.12,3.12,0.0,1.56,3.12,3.12,0.0,1.56,1.56,3.12,0.0,3.12,0.0,0.0,3.12,1.56,0.0,1.56,1.56,0.0,1.56,14.06,0.0,12.5,1.56,7.81,3.12,0.0,0.0,0.0,0.0,1.56,0.0,0.0,0.0,0.0,0.0,0.0,0.0,12.5,6.25,3.12,0.0,0.0,1.56,0.0,0.0,0.0,0.0,0.0,1.56
16961,8qgnei,assistance,financial,"Okay y'all first and foremost this is gonna be a long one, and I apologize for that. I'm looking for advice, information, help, honestly anything! So lets start at the beginning. For 2 years I've been working a full\-time hourly job, I was only getting paid minimum wage, however it was more then I had ever really made before and I was able to put money away. I felt secure enough to get a few credit cards that I used gently, got a 'adult' phone line ( T\-Mobile ) and was content with life.",0,0.6,1528783724,94,38.83,45.75,90.09,97.74,18.8,12.77,91.49,50.0,15.96,10.64,8.51,1.06,1.06,0.0,0.0,5.32,5.32,9.57,10.64,5.32,7.45,0.0,24.47,4.26,2.13,0.0,3.19,2.13,5.32,5.32,0.0,0.0,0.0,0.0,7.45,0.0,0.0,0.0,0.0,8.51,2.13,2.13,0.0,1.06,1.06,2.13,3.19,1.06,1.06,1.06,1.06,0.0,1.06,0.0,0.0,10.64,2.13,3.19,2.13,3.19,1.06,11.7,7.45,2.13,15.96,2.13,4.26,9.57,4.26,1.06,0.0,4.26,0.0,0.0,2.13,0.0,1.06,1.06,0.0,0.0,24.47,4.26,7.45,0.0,0.0,0.0,1.06,2.13,0.0,5.32,2.13,2.13
1833,9ha8n8,anxiety,anxiety,"She has no teeth (from abuse or just from scavenging on the streets we’re not sure), perfectly behaved, sweet, trusting, and most gentle dog you’ve ever met. No dog or human aggression at all. So if I adopted her I could also keep fostering as well. I’ve been fostering her for about 3 weeks now. She also has heart worms so the shelter told me they would waive the adoption fee for me.",0,0.833333333,1537400146,73,8.5,55.44,4.73,98.13,14.6,15.07,83.56,58.9,16.44,16.44,6.85,1.37,1.37,5.48,1.37,0.0,4.11,10.96,9.59,12.33,12.33,4.11,16.44,6.85,2.74,0.0,1.37,2.74,10.96,8.22,2.74,0.0,2.74,0.0,15.07,0.0,0.0,5.48,0.0,15.07,0.0,0.0,4.11,5.48,5.48,5.48,1.37,0.0,0.0,0.0,4.11,2.74,0.0,0.0,1.37,5.48,2.74,1.37,0.0,1.37,1.37,5.48,8.22,0.0,8.22,0.0,4.11,4.11,0.0,0.0,0.0,1.37,0.0,0.0,1.37,0.0,0.0,0.0,1.37,0.0,19.18,6.85,5.48,0.0,0.0,0.0,0.0,0.0,0.0,4.11,2.74,0.0
39756,7nk62d,relationships,social,"On his 21st birthday, he consumed way too much alcohol to celebrate, and I regrettably saw an entire different side of him. I noticed that he had crazy eyes, and he was being very aggressive in speech. He seemed very off to me, and demanded to know why I didn't want to sleep in his bed that night. When I made up the excuse that I had to be up for something early in the morning, he demanded to know what was wrong with our relationship. I kept calmly assuring him that we were fine, and that I just needed rest that night.",0,0.666666667,1514867743,103,31.66,68.62,22.69,5.27,20.6,13.59,97.09,62.14,26.21,18.45,7.77,1.94,0.0,8.74,0.0,7.77,2.91,15.53,7.77,5.83,4.85,0.97,17.48,5.83,0.97,2.91,0.0,1.94,6.8,1.94,3.88,0.0,0.97,0.97,13.59,0.0,0.0,0.0,8.74,13.59,3.88,1.94,2.91,1.94,1.94,1.94,2.91,1.94,0.97,0.0,2.91,1.94,0.97,0.0,0.97,8.74,3.88,0.97,3.88,0.0,0.97,11.65,3.88,0.0,14.56,0.0,8.74,5.83,0.0,1.94,0.97,0.0,0.0,0.0,0.0,0.0,0.0,0.0,0.0,0.0,11.65,4.85,5.83,0.0,0.0,0.0,0.0,0.0,0.0,0.97,0.0,0.0
450,8os1lm,domesticviolence,abuse,"I can't be in an abusive relationship, but I find my brain trying to rationalize this. To expand a little more, this incident happened just a week after we had a huge fight over my depression, which he doesn't seem to understand completely. I've been stuck in a depressive episode for the greater part of a year, despite medication changes and weekly therapy sessions. I've been suicidal for quite some time now and he knows that, but last week he actually told me ""maybe you should just kill yourself."" So, in light of that happening very recently, I'm in a very dark place right now.",1,1.0,1528214919,105,45.99,38.74,99.0,1.0,21.0,20.0,99.05,59.05,18.1,13.33,7.62,0.95,1.9,2.86,0.0,4.76,7.62,13.33,8.57,9.52,4.76,1.9,17.14,3.81,3.81,0.95,0.0,2.86,5.71,0.95,4.76,0.0,2.86,1.9,8.57,0.0,0.0,0.0,2.86,16.19,4.76,1.9,0.95,4.76,0.95,4.76,1.9,1.9,0.0,0.0,2.86,0.95,1.9,0.0,0.0,4.76,1.9,0.95,1.9,0.0,0.0,5.71,11.43,0.0,22.86,0.95,10.48,11.43,0.95,0.0,0.0,0.0,0.0,1.9,0.0,0.0,0.0,0.0,0.0,0.0,18.1,4.76,6.67,0.0,0.0,0.0,0.0,0.0,1.9,4.76,0.0,0.0
1150,8eji3q,ptsd,ptsd,"(Shit, if one doesn't exist, it should.) And if there isn't something like that, how do you guys cope or manage with that? Do you research it (if so, how and where), or do you bring a self-care kit, or...? Just any information or experiences I could hear from this would be great. Thanks ahead of time.",0,0.6,1524567213,58,1.0,30.24,11.5,85.87,11.6,6.9,94.83,68.97,17.24,6.9,1.72,0.0,5.17,0.0,0.0,10.34,1.72,8.62,15.52,10.34,20.69,3.45,22.41,1.72,1.72,5.17,1.72,1.72,6.9,5.17,1.72,0.0,1.72,0.0,10.34,0.0,1.72,0.0,1.72,27.59,1.72,3.45,10.34,15.52,0.0,13.79,3.45,0.0,1.72,0.0,1.72,1.72,0.0,0.0,0.0,5.17,0.0,1.72,1.72,1.72,0.0,0.0,17.24,1.72,6.9,1.72,1.72,3.45,3.45,0.0,0.0,0.0,0.0,0.0,1.72,1.72,0.0,0.0,0.0,0.0,36.21,10.34,10.34,0.0,0.0,3.45,0.0,1.72,0.0,3.45,6.9,0.0
52543,9nctci,anxiety,anxiety,"If you want to stay in and watch Netflix, STAY IN. Your mental health is YOUR mental health. It's no one else's. I understand that not everyone sees mental health the same way, but believe me, even if it feels like no one is on your side, we all are. Since then, I have come to find that one of my best friends has been battling life crippling anxiety for a lot longer than I knew her for.",0,1.0,1539284382,78,39.13,50.0,88.5,9.85,15.6,10.26,97.44,56.41,20.51,14.1,6.41,1.28,5.13,1.28,0.0,6.41,2.56,14.1,8.97,1.28,6.41,3.85,21.79,8.97,6.41,0.0,3.85,2.56,3.85,1.28,2.56,1.28,1.28,0.0,10.26,0.0,1.28,1.28,0.0,19.23,6.41,1.28,3.85,3.85,2.56,6.41,3.85,2.56,0.0,1.28,5.13,0.0,5.13,0.0,0.0,5.13,2.56,1.28,2.56,1.28,0.0,2.56,20.51,1.28,14.1,3.85,10.26,2.56,0.0,1.28,0.0,0.0,0.0,0.0,0.0,0.0,0.0,0.0,0.0,0.0,15.38,6.41,6.41,0.0,0.0,0.0,0.0,0.0,0.0,2.56,0.0,0.0
427,9g7e4d,ptsd,ptsd,"I phoned my actual therapist, but mostly I sat alone and chained smoked, if someone talked to me I tried to be nice and polite, and I simply reminded myself that all the evidence showed this would be possible in September, that only by acting out could I fuck it up. So I left well, pretending hopefulness I did not feel, with everyone's well wishes. Now I return tomorrow. Disability is paying for my ride, I am taking the train for the first time. It was really a wonderful place.",0,0.571428571,1537066765,90,17.96,5.99,96.92,84.54,18.0,14.44,92.22,61.11,22.22,14.44,14.44,0.0,0.0,0.0,0.0,7.78,4.44,10.0,8.89,8.89,6.67,1.11,18.89,4.44,0.0,0.0,1.11,1.11,7.78,5.56,2.22,0.0,1.11,1.11,5.56,0.0,0.0,0.0,0.0,16.67,3.33,0.0,4.44,4.44,2.22,4.44,3.33,1.11,1.11,1.11,3.33,0.0,1.11,1.11,1.11,4.44,0.0,2.22,1.11,1.11,0.0,7.78,7.78,2.22,14.44,1.11,5.56,7.78,1.11,0.0,0.0,1.11,0.0,0.0,3.33,1.11,0.0,0.0,2.22,0.0,14.44,5.56,7.78,0.0,0.0,0.0,0.0,0.0,0.0,1.11,0.0,0.0
32015,6wt5nn,almosthomeless,financial,"I recieved an eviction notice on 8/28/17 I have forms for food stamps and mediCal, some of my possessions are at a friends house for safe keeping. I want advice on where to live that is affordable, has a decent college nearby for when I can pay for education, and a place where work is available. My highest education is High School Graduate. If I have to move than that is fine but I need to make a plan so that I manage what little money I may have.",1,0.857142857,1504031033,91,52.06,11.35,70.18,84.1,22.75,14.29,87.91,54.95,15.38,10.99,10.99,0.0,0.0,0.0,0.0,4.4,5.49,13.19,12.09,4.4,6.59,0.0,17.58,6.59,2.2,4.4,3.3,1.1,3.3,3.3,0.0,0.0,0.0,0.0,2.2,0.0,1.1,0.0,0.0,9.89,1.1,1.1,3.3,3.3,0.0,3.3,0.0,0.0,0.0,0.0,3.3,0.0,2.2,0.0,1.1,9.89,1.1,2.2,5.49,0.0,1.1,0.0,18.68,2.2,12.09,1.1,9.89,1.1,8.79,0.0,1.1,3.3,0.0,0.0,0.0,0.0,0.0,0.0,0.0,0.0,9.89,4.4,3.3,0.0,0.0,0.0,0.0,0.0,0.0,0.0,0.0,2.2
28270,7q1ny3,relationships,social,"To make up for it I made a cute little note and I made him a batch of his favorite cookies. I was honestly so damn proud of the gift when I finished putting it together, it looked awesome! To add some context, I have attended a few games with him (and the rest of the family) and absolutely loved them. I didn’t care about the actual games themselves, but I loved being there with my family and the cool atmosphere and stuff. Well, apparently my dad didn’t think it was so awesome.",0,1.0,1515809630,93,29.7,41.5,26.35,99.0,18.6,15.05,92.47,60.22,20.43,15.05,9.68,0.0,0.0,3.23,2.15,5.38,8.6,10.75,6.45,8.6,9.68,2.15,13.98,6.45,0.0,1.08,0.0,3.23,12.9,11.83,1.08,0.0,1.08,0.0,13.98,3.23,0.0,0.0,4.3,10.75,1.08,3.23,0.0,2.15,1.08,3.23,2.15,1.08,0.0,1.08,3.23,0.0,0.0,0.0,1.08,10.75,7.53,1.08,1.08,1.08,0.0,9.68,5.38,0.0,6.45,2.15,3.23,1.08,0.0,5.38,2.15,0.0,0.0,0.0,6.45,1.08,0.0,4.3,1.08,0.0,13.98,4.3,4.3,0.0,0.0,0.0,1.08,0.0,0.0,2.15,2.15,0.0
51546,61eiq6,assistance,financial,"Where do I go with this kind of shit? I'm not violent or suicidal, so the hospital is a no go. But I don't really know where you seek help outside the ER. I dunno the process, how you set up organized appointments, how you pay (got insurance however), don't know any of it All I know is the shit I've seen really affects me to the point where I have a home and a job yet still feel so disconnected from normal society",1,0.8,1490428087,83,11.45,7.43,98.25,1.0,20.75,15.66,93.98,60.24,15.66,13.25,9.64,0.0,3.61,0.0,0.0,2.41,9.64,7.23,9.64,14.46,9.64,4.82,20.48,3.61,0.0,6.02,0.0,2.41,3.61,0.0,3.61,0.0,3.61,0.0,6.02,0.0,0.0,0.0,0.0,20.48,4.82,3.61,0.0,4.82,1.2,7.23,2.41,1.2,0.0,1.2,3.61,2.41,1.2,0.0,0.0,3.61,1.2,0.0,2.41,1.2,0.0,3.61,16.87,0.0,12.05,2.41,7.23,2.41,3.61,0.0,1.2,2.41,0.0,1.2,4.82,2.41,1.2,0.0,1.2,1.2,15.66,2.41,4.82,0.0,0.0,1.2,0.0,0.0,0.0,4.82,2.41,0.0
25027,83bev4,food_pantry,financial,"Hi there, Wall of text: I moved to the area for a job transfer, but that was completely botched and I had to find a new job. My initial start date was 2/12, but a hospital stay from 2/9-2/19 messed with that. I *finally* get to start on Monday (3/12), but in addition to not having had a proper paycheck in over a month, ~~I've only got a package of eggs left~~.",1,0.571428571,1520640332,77,89.94,14.93,99.0,25.77,25.67,11.69,81.82,53.25,9.09,6.49,6.49,0.0,0.0,0.0,0.0,2.6,9.09,16.88,7.79,5.19,5.19,1.3,18.18,1.3,0.0,0.0,10.39,0.0,0.0,0.0,0.0,0.0,0.0,0.0,2.6,0.0,1.3,0.0,0.0,7.79,1.3,0.0,0.0,0.0,1.3,5.19,0.0,0.0,0.0,0.0,2.6,0.0,1.3,0.0,1.3,5.19,1.3,0.0,1.3,2.6,0.0,9.09,7.79,0.0,23.38,3.9,10.39,10.39,5.19,0.0,0.0,1.3,0.0,0.0,0.0,0.0,0.0,0.0,0.0,0.0,29.87,3.9,6.49,1.3,0.0,0.0,0.0,1.3,0.0,1.3,2.6,12.99
51158,6a43k9,ptsd,ptsd,"A couple months after we though she was out of our lives, she broke into our house at 2 am. I was playing diablo 2, as at this point in my life I had severe insomnia. I heard the break in and woke my dad and his new girlfriend up [my dad has had a lot of women in his life....] saying dotty had broken in. I had seen her from the balcony of our stairs when getting my dad. Had i not been up, My dad had thought I had broken a cup or something and wasnt going to bother checking, I was known for having insomnia at this point in my life already, so she may very well have attacked any one of us that night.",1,0.8,1494317158,128,31.26,65.21,88.24,7.63,21.33,8.59,95.31,64.06,21.88,18.75,10.16,3.91,0.0,4.69,0.0,3.12,3.91,16.41,13.28,4.69,6.25,1.56,21.88,3.91,1.56,0.78,2.34,2.34,4.69,1.56,3.12,0.0,1.56,0.78,14.84,3.12,0.78,3.91,4.69,7.81,1.56,0.0,0.0,3.91,0.0,3.12,2.34,0.78,1.56,0.0,4.69,0.0,4.69,0.0,0.0,7.81,4.69,0.0,2.34,0.78,0.0,14.06,3.12,1.56,17.97,0.78,11.72,4.69,0.0,0.78,1.56,0.0,0.0,0.0,0.78,0.0,0.0,0.0,0.78,0.0,12.5,7.03,3.91,0.0,0.0,0.0,0.0,0.0,0.0,0.0,0.0,1.56
1390,7ojz2k,anxiety,anxiety,"I can’t stop sweating, the second I cough up phlegm there is immediately more and I’m like gagging on it, my nose is stuffed and I have to actively try to breathe, I feel so uncomfortable, I’m losing my mind. I’ve hit my breaking point and I’m just sobbing uncontrollably. I’m stressing because I’ve already had to use sick time at work this year and it’s only the first week, the house is covered in all of my sick germs and I don’t have the strength to disinfect it, the laundry is piling up and the house is messy. I probably sound like an absolute baby right now but I can’t do multiple days of being incapacitated. I feel like shit and can’t do anything I need to get done.",1,1.0,1515254163,130,17.02,1.92,94.81,1.0,26.0,16.92,92.31,60.77,18.46,14.62,14.62,0.0,0.0,0.0,0.0,3.85,5.38,11.54,15.38,6.15,7.69,3.08,22.31,3.08,3.08,0.0,1.54,2.31,8.46,1.54,6.92,2.31,0.77,1.54,0.77,0.77,0.0,0.0,0.0,10.77,1.54,1.54,0.77,2.31,1.54,3.08,3.08,0.0,0.77,1.54,5.38,3.08,2.31,0.0,0.0,6.92,0.0,3.08,2.31,0.77,1.54,2.31,21.54,0.0,12.31,0.0,5.38,6.92,0.77,0.0,2.31,0.0,0.0,0.0,0.77,0.77,0.0,0.0,0.0,0.0,16.92,3.85,4.62,0.0,0.0,0.0,0.0,0.0,0.0,8.46,0.0,0.0
925,7ey3kz,anxiety,anxiety,"What temperature is it outside? What do is smell? What do I️ taste? What do I️ see? It can go on, I️ stop when I’m feeling more present.",0,1.0,1511423796,28,1.0,7.67,99.0,25.77,5.6,14.29,96.43,67.86,35.71,14.29,14.29,0.0,0.0,0.0,0.0,21.43,0.0,7.14,25.0,3.57,3.57,0.0,32.14,3.57,3.57,17.86,0.0,3.57,0.0,0.0,0.0,0.0,0.0,0.0,0.0,0.0,0.0,0.0,0.0,3.57,3.57,0.0,0.0,0.0,0.0,0.0,14.29,3.57,0.0,3.57,3.57,0.0,0.0,0.0,3.57,3.57,0.0,0.0,0.0,0.0,3.57,0.0,35.71,0.0,21.43,3.57,7.14,10.71,0.0,0.0,0.0,0.0,0.0,0.0,0.0,0.0,0.0,0.0,0.0,0.0,25.0,3.57,3.57,0.0,0.0,14.29,0.0,0.0,0.0,3.57,0.0,0.0
39403,7cbb5z,domesticviolence,abuse,I want him to die because then we'll be truly safe. But I don't want him to suffer. There have been times when I did. And I denied that there was ever any love because that was easier than accepting that a man who once loved his family decided he hated them so much he wanted to kill them. I've still got half my life to lead.,1,0.714285714,1510437389,67,1.0,77.22,10.38,94.38,13.4,5.97,100.0,64.18,26.87,20.9,8.96,1.49,0.0,7.46,2.99,5.97,1.49,7.46,13.43,10.45,10.45,1.49,26.87,4.48,2.99,2.99,2.99,2.99,13.43,8.96,4.48,0.0,2.99,1.49,19.4,1.49,0.0,0.0,8.96,19.4,2.99,4.48,4.48,1.49,2.99,2.99,0.0,0.0,0.0,0.0,4.48,0.0,1.49,0.0,0.0,11.94,5.97,1.49,2.99,1.49,1.49,13.43,11.94,2.99,10.45,1.49,0.0,8.96,1.49,1.49,1.49,0.0,0.0,2.99,0.0,0.0,0.0,0.0,0.0,0.0,11.94,7.46,0.0,0.0,0.0,0.0,0.0,0.0,0.0,4.48,0.0,0.0
13398,95u5no,anxiety,anxiety,This is all 1 days worth of stuff and it’s not even everything but this has been going on for months. My mum says she doesn’t know what to do with me that I’ve always been mildly anxious but it’s just completely spiralled out of control since Christmas time. Also I can’t sleep I’m getting 5 hours ish a night and I used to get 8 hours everyday. I don’t know what to do whether I’m justified going to a doctor or I’m just being stupid and making people with real anxiety and other mental illness look bad I feel like I’m being stupid and I hate my personality. Edit:sorry I haven’t posted on here before so I’m a bit worried I’ve come to the wrong sub or written it wrong.,1,1.0,1533797816,132,8.02,2.93,98.47,1.0,26.4,11.36,93.18,59.85,21.97,12.88,12.12,0.0,0.0,0.76,0.0,9.09,3.03,12.12,15.15,5.3,9.09,3.79,26.52,6.82,1.52,2.27,2.27,1.52,7.58,0.0,7.58,2.27,2.27,0.76,3.79,0.76,0.0,1.52,0.0,16.67,3.03,3.79,0.0,1.52,3.79,6.82,2.27,0.76,0.76,0.76,2.27,0.76,1.52,0.0,0.0,5.3,0.0,0.0,1.52,1.52,2.27,3.79,18.94,1.52,12.88,2.27,2.27,8.33,2.27,0.0,0.0,0.76,0.76,0.0,0.0,0.0,0.0,0.0,0.0,0.0,14.39,3.79,0.0,0.76,0.0,0.0,0.0,0.0,0.0,9.85,0.0,0.0
36233,7sf1ly,relationships,social,"This isn't the first time this has happened, even with my ex I used to put effort into creating funny and deep conversations and she'd make quite surface level replies, but I thought it was because she was severely depressed so I didn't mind making an effort with her. Am I missing something? She doesn't have many hobbies and works in a pub so I can't talk about her interests really as the only think she kinda likes is textiles and she doesn't do it anymore as she's so focused on her job. I should probably mention she's really really shy, which she has admitted to me. For example, when we meet in person, she's so nervous that she's physically shaking for about 15 minutes until she relaxes.",0,0.6,1516720545,128,2.34,65.21,9.92,14.89,25.6,19.53,96.09,63.28,24.22,17.97,6.25,0.78,0.0,10.94,0.0,6.25,3.12,11.72,14.06,10.16,10.94,3.91,24.22,4.69,1.56,1.56,1.56,0.78,8.59,3.91,4.69,2.34,0.0,1.56,18.75,0.0,0.0,10.94,0.0,15.62,2.34,3.91,0.78,3.12,0.0,5.47,0.0,0.0,0.0,0.0,0.78,0.0,0.78,0.0,0.0,6.25,2.34,3.91,0.0,0.0,0.0,4.69,15.62,0.0,10.94,0.78,5.47,4.69,3.12,2.34,0.0,0.0,0.0,0.0,1.56,0.0,0.78,0.0,0.0,0.0,15.62,3.12,3.91,0.0,0.0,0.78,0.0,0.0,0.0,7.81,0.0,0.0
45096,7kcnod,anxiety,anxiety,"I posted in this subreddit about 6 years ago and find myself here again. I am just venting, and hoping someone can normalize me... but I know it’s probably 1 in a million posts. The past several months have been horrific. I deal with death on a daily basis at my job, and worked the 1 October shooting in Las Vegas. Then, on 10/15, my mother was rushed to the hospital for a seizure.",1,0.857142857,1513496766,75,66.17,17.53,98.01,50.67,12.5,16.0,81.33,54.67,14.67,10.67,10.67,0.0,0.0,0.0,0.0,4.0,8.0,13.33,8.0,6.67,6.67,0.0,13.33,1.33,0.0,0.0,8.0,1.33,1.33,1.33,0.0,0.0,0.0,0.0,2.67,1.33,0.0,1.33,0.0,9.33,2.67,1.33,1.33,4.0,0.0,1.33,0.0,0.0,0.0,0.0,2.67,0.0,2.67,0.0,0.0,1.33,0.0,1.33,0.0,0.0,0.0,8.0,8.0,2.67,20.0,1.33,8.0,10.67,2.67,0.0,0.0,0.0,0.0,1.33,0.0,0.0,0.0,0.0,0.0,0.0,18.67,10.67,5.33,0.0,0.0,0.0,0.0,0.0,0.0,1.33,0.0,1.33
195,9vuatr,assistance,financial,"I've been looking around this sub for a while without posting. I'd like to do my part to help. Although there's a significant number of requesters who are just lazy and exaggerate their bad situations, there's a few people who actually would benefit from a bit of extra money every month. I recently spoke with a poster who claimed they had all the free time in the world and couldn't work, after I sent them $80 for a bill and a meal, they claimed they were always really busy and couldn't ever talk. **Criteria:**",0,1.0,1541856607,94,47.78,58.41,37.87,25.77,18.8,17.02,88.3,59.57,14.89,10.64,5.32,0.0,0.0,0.0,5.32,4.26,9.57,13.83,12.77,7.45,6.38,3.19,15.96,6.38,3.19,3.19,1.06,6.38,4.26,2.13,2.13,0.0,0.0,0.0,14.89,0.0,0.0,0.0,0.0,11.7,0.0,0.0,3.19,0.0,4.26,4.26,2.13,1.06,1.06,0.0,1.06,0.0,0.0,0.0,1.06,6.38,1.06,2.13,2.13,1.06,1.06,5.32,7.45,0.0,12.77,1.06,3.19,8.51,2.13,0.0,0.0,3.19,0.0,0.0,0.0,0.0,0.0,0.0,0.0,0.0,20.21,4.26,3.19,1.06,0.0,0.0,0.0,0.0,0.0,6.38,0.0,5.32
10822,8llkv5,domesticviolence,abuse,"It took some time. And took me running down the street with our 3 year old son in my arms with him chasing me for me to finally get away. Understand that what i have wrote here is literally just the tip of the iceberg.. i could write about it all, but i would need to write a book. I dont think i would ever run out of things to write about. I have seen 1 doctor since leaving him and he said i have PTSD... i dont like talking about it so i never went back.",0,0.6,1527099208,97,27.51,17.67,83.33,25.77,13.86,8.25,92.78,64.95,23.71,17.53,13.4,1.03,0.0,3.09,0.0,6.19,4.12,17.53,9.28,10.31,4.12,3.09,26.8,0.0,1.03,1.03,2.06,2.06,0.0,0.0,0.0,0.0,0.0,0.0,7.22,1.03,0.0,0.0,4.12,12.37,2.06,1.03,4.12,1.03,3.09,1.03,2.06,1.03,1.03,0.0,2.06,1.03,1.03,0.0,0.0,6.19,1.03,0.0,2.06,3.09,0.0,6.19,14.43,0.0,17.53,4.12,6.19,8.25,6.19,2.06,0.0,0.0,0.0,0.0,0.0,0.0,0.0,0.0,0.0,0.0,11.34,10.31,1.03,0.0,0.0,0.0,0.0,0.0,0.0,0.0,0.0,0.0
1408,9195az,assistance,financial,"Due to leaving my hairbrush at home during Spring Break, I haven't been able to brush my hair in months. I am also almost out of deodorant, toothpaste, and mouth rinse. My lease for my apartment will be running out on the 31st, meaning I'll be going back home to Houston (where I'll get a different job that actually calls me into work and doesn't leave me with only 8 cents in my account. I wish I was kidding). I'll need to clean the apartment for inspection, so I also need some cleaning supplies.",1,0.571428571,1532367495,94,38.83,2.8,99.0,45.3,18.8,17.02,90.43,56.38,17.02,15.96,15.96,0.0,0.0,0.0,0.0,1.06,3.19,17.02,11.7,8.51,5.32,2.13,21.28,2.13,1.06,1.06,1.06,1.06,1.06,1.06,0.0,0.0,0.0,0.0,2.13,0.0,0.0,0.0,0.0,9.57,1.06,0.0,3.19,2.13,0.0,3.19,1.06,0.0,0.0,1.06,2.13,2.13,0.0,0.0,0.0,3.19,0.0,2.13,0.0,1.06,0.0,2.13,10.64,6.38,19.15,4.26,9.57,5.32,2.13,1.06,5.32,3.19,0.0,0.0,0.0,0.0,0.0,0.0,0.0,0.0,18.09,5.32,5.32,0.0,0.0,0.0,0.0,0.0,0.0,5.32,2.13,0.0
38619,8xqnpo,domesticviolence,abuse,"they will see that someone else is willing to do all the work for them. once you try to lead the way, you’ll never stop because they will never take over for you. they will watch you do more & more for them until you are living your life completely for them. once you live for them, you become just like them. you will be completely controlled by them, not feeling comfortable being yourself.",0,1.0,1531239188,73,7.07,99.0,29.73,51.4,14.6,12.33,100.0,71.23,28.77,26.03,0.0,0.0,13.7,0.0,12.33,2.74,2.74,15.07,16.44,6.85,2.74,4.11,24.66,5.48,4.11,0.0,2.74,4.11,2.74,1.37,0.0,0.0,0.0,0.0,27.4,0.0,0.0,0.0,0.0,19.18,2.74,4.11,0.0,2.74,6.85,2.74,4.11,2.74,0.0,1.37,4.11,0.0,4.11,0.0,0.0,10.96,0.0,4.11,4.11,2.74,1.37,0.0,16.44,6.85,12.33,1.37,2.74,8.22,2.74,0.0,0.0,0.0,0.0,0.0,0.0,0.0,0.0,0.0,0.0,0.0,13.7,6.85,4.11,0.0,0.0,0.0,0.0,0.0,0.0,1.37,0.0,1.37
14282,9orm49,survivorsofabuse,abuse,"● active staff members ● active support staff ● helping channels and channels that you can share your art in, talk to others in, and voice chat in. ● rules that keep the community safe ● we have added a ""creative corner""... this is a place for writers and artists of any kind to share their works and get feedback on it if they'd like.",0,1.0,1539722692,60,73.6,98.41,5.99,99.0,20.0,16.67,100.0,50.0,16.67,8.33,0.0,1.67,3.33,0.0,3.33,8.33,5.0,15.0,6.67,0.0,8.33,0.0,11.67,6.67,1.67,0.0,0.0,3.33,15.0,15.0,0.0,0.0,0.0,0.0,20.0,0.0,0.0,0.0,0.0,6.67,0.0,1.67,1.67,3.33,0.0,3.33,1.67,0.0,1.67,0.0,0.0,0.0,0.0,0.0,0.0,23.33,10.0,3.33,5.0,3.33,1.67,1.67,16.67,0.0,10.0,0.0,10.0,0.0,8.33,8.33,0.0,0.0,0.0,0.0,0.0,0.0,0.0,0.0,0.0,0.0,16.67,8.33,3.33,0.0,0.0,0.0,0.0,0.0,3.33,1.67,0.0,0.0
1250,9t5tc9,domesticviolence,abuse,The violence was still happening. The mind games were also still happening so I felt like it was my fault. That I had done something wrong to “deserve” it. I supported both him and myself in this new state while he was in school. I ended up losing my job for reasons out of my control and had a really difficult time finding a new job.,1,0.6,1541041237,66,24.18,18.16,99.0,1.0,13.2,15.15,95.45,63.64,22.73,15.15,12.12,0.0,0.0,3.03,0.0,7.58,6.06,12.12,10.61,7.58,7.58,0.0,18.18,6.06,1.52,0.0,0.0,1.52,9.09,1.52,7.58,0.0,0.0,1.52,4.55,0.0,0.0,0.0,3.03,9.09,4.55,3.03,0.0,1.52,0.0,1.52,1.52,0.0,0.0,1.52,0.0,0.0,0.0,0.0,0.0,10.61,1.52,1.52,3.03,0.0,6.06,15.15,0.0,0.0,21.21,0.0,7.58,13.64,4.55,1.52,0.0,0.0,0.0,0.0,0.0,0.0,0.0,0.0,0.0,0.0,10.61,7.58,0.0,0.0,0.0,0.0,0.0,0.0,3.03,0.0,0.0,0.0
13181,6aiueq,almosthomeless,financial,"3: This is the big one. I'm currently unemployed, as I was in school (paid for by the Department of Rehabilitation), so I cannot meet ANY income requirement. Even places that overlook my felony won't budge on this. To top it off, I have nobody who is both able and willing to co-sign. I've tried offering more up front to no avail.",1,0.6,1494491099,63,36.32,10.22,84.08,25.77,12.6,12.7,88.89,55.56,19.05,9.52,9.52,0.0,0.0,0.0,0.0,9.52,3.17,17.46,12.7,3.17,4.76,6.35,17.46,7.94,4.76,1.59,3.17,4.76,1.59,0.0,0.0,0.0,0.0,0.0,4.76,0.0,0.0,0.0,0.0,3.17,0.0,0.0,0.0,1.59,0.0,1.59,0.0,0.0,0.0,0.0,1.59,0.0,1.59,0.0,0.0,11.11,1.59,4.76,4.76,1.59,0.0,4.76,12.7,1.59,15.87,0.0,14.29,1.59,7.94,0.0,0.0,3.17,0.0,0.0,0.0,0.0,0.0,0.0,0.0,0.0,23.81,7.94,4.76,1.59,0.0,0.0,0.0,1.59,0.0,4.76,3.17,0.0
39864,7qx06h,anxiety,anxiety,So I have been a bunch of strange symptoms over the last 3 weeks which have caused me to freak out thinking that I have MS. The symptoms are 1. A sense of something crawling over my skin. This is very random and never never localized and jumps from one leg to another and to my arms i think i got it even in my lower back and neck (I think),1,0.8,1516148681,71,29.18,4.57,99.0,1.0,23.67,11.27,95.77,63.38,21.13,12.68,12.68,0.0,0.0,0.0,0.0,8.45,5.63,14.08,8.45,8.45,7.04,2.82,15.49,4.23,1.41,1.41,4.23,2.82,4.23,0.0,4.23,0.0,0.0,1.41,0.0,0.0,0.0,0.0,0.0,12.68,5.63,1.41,0.0,2.82,2.82,0.0,2.82,0.0,0.0,1.41,8.45,5.63,2.82,0.0,0.0,5.63,0.0,0.0,4.23,1.41,0.0,2.82,11.27,0.0,18.31,2.82,9.86,7.04,0.0,0.0,0.0,0.0,0.0,0.0,1.41,1.41,0.0,0.0,0.0,0.0,7.04,4.23,0.0,0.0,0.0,0.0,0.0,0.0,0.0,0.0,2.82,0.0
463,7xnnft,anxiety,anxiety,"I am really worried about my future as it feels my anxiety always has me quitting jobs or having issues while I was in school. I can't even travel and work out of state as last time I tried I missed my interview and was nearly hospitalized with severe anxiety (travel is a trigger for me). I just got out of college and I'm really worried about how I can survive the working world in my future, otherwise I wouldn't care about losing this job. It hurts though and I feel like a total failure... Thanks for reading.",1,1.0,1518664410,98,17.33,1.0,99.0,1.0,19.6,15.31,97.96,61.22,19.39,16.33,16.33,0.0,0.0,0.0,0.0,3.06,3.06,15.31,9.18,10.2,11.22,2.04,20.41,4.08,3.06,1.02,0.0,1.02,11.22,2.04,9.18,4.08,0.0,4.08,1.02,0.0,0.0,0.0,0.0,14.29,2.04,2.04,1.02,2.04,2.04,6.12,3.06,0.0,0.0,3.06,1.02,0.0,1.02,0.0,0.0,8.16,0.0,7.14,1.02,1.02,2.04,5.1,13.27,2.04,13.27,2.04,5.1,6.12,8.16,2.04,0.0,0.0,0.0,0.0,0.0,0.0,0.0,0.0,0.0,0.0,13.27,7.14,1.02,0.0,0.0,0.0,0.0,0.0,0.0,3.06,2.04,0.0
1071,8tc9jd,survivorsofabuse,abuse,"Is it a true event that happened? Have I made it up somehow? Could a child make this up? Am I overreacting about this all? I have had a great youth and the sweetest family and friends, nothing ever went wrong or something.",0,0.571428571,1529781733,43,15.2,32.1,49.53,95.29,8.6,16.28,97.67,65.12,20.93,6.98,6.98,0.0,0.0,0.0,0.0,13.95,9.3,6.98,13.95,6.98,6.98,2.33,23.26,9.3,2.33,0.0,0.0,2.33,9.3,6.98,2.33,0.0,0.0,0.0,6.98,2.33,2.33,0.0,0.0,23.26,0.0,4.65,2.33,6.98,9.3,2.33,2.33,0.0,0.0,0.0,2.33,0.0,0.0,0.0,2.33,16.28,4.65,0.0,6.98,2.33,2.33,9.3,11.63,0.0,13.95,2.33,4.65,6.98,0.0,2.33,2.33,0.0,0.0,0.0,0.0,0.0,0.0,0.0,0.0,0.0,13.95,2.33,2.33,0.0,0.0,9.3,0.0,0.0,0.0,0.0,0.0,0.0
21227,6zef4o,domesticviolence,abuse,"The only woman who ever treated me with respect, my nan, died a few months ago. This household is screwing with all of us. There's nothing we can do, because she refuses to seek help, so this will never change. I want to move out, but I have nowhere to go, no job, and no money. The best I can do is wait it out until someone dies, I suppose.",1,0.833333333,1505123827,70,11.74,33.41,70.81,52.57,14.0,14.29,95.71,65.71,20.0,12.86,8.57,2.86,0.0,1.43,0.0,7.14,4.29,12.86,12.86,7.14,7.14,7.14,20.0,2.86,1.43,1.43,0.0,2.86,4.29,2.86,1.43,0.0,1.43,0.0,11.43,0.0,0.0,2.86,0.0,15.71,0.0,2.86,1.43,2.86,7.14,1.43,0.0,0.0,0.0,0.0,1.43,0.0,0.0,1.43,0.0,8.57,4.29,1.43,5.71,1.43,0.0,2.86,20.0,1.43,17.14,4.29,4.29,8.57,1.43,0.0,1.43,1.43,0.0,2.86,1.43,1.43,0.0,0.0,0.0,0.0,20.0,7.14,11.43,0.0,0.0,0.0,0.0,0.0,0.0,1.43,0.0,0.0
20778,73w12q,anxiety,anxiety,"I try to take all opinions with a grain of salt, but ""incel"" isn't really an isolated trend, and there are more cases that it's part of the way our modern male/female gender system works. Also, I don't understand this, but questioning this stuff doesn't mean I hate all women. It doesn't even imply that. But doesn't everyone have a right to vent frustration? I want to talk more and give you more details.",0,0.6,1506981112,75,13.41,29.68,34.86,1.0,15.0,9.33,88.0,53.33,18.67,8.0,5.33,1.33,1.33,0.0,0.0,10.67,5.33,8.0,10.67,5.33,8.0,6.67,22.67,8.0,4.0,0.0,0.0,8.0,4.0,0.0,4.0,0.0,2.67,1.33,10.67,0.0,0.0,2.67,1.33,18.67,4.0,1.33,1.33,2.67,4.0,6.67,1.33,0.0,0.0,0.0,1.33,0.0,0.0,0.0,1.33,5.33,1.33,2.67,0.0,1.33,0.0,0.0,22.67,0.0,4.0,0.0,2.67,1.33,1.33,0.0,0.0,0.0,0.0,0.0,0.0,0.0,0.0,0.0,0.0,0.0,24.0,5.33,5.33,0.0,0.0,1.33,0.0,0.0,2.67,8.0,0.0,1.33
862,7o2mgv,relationships,social,"I come from an Asian family where kids are not expected to move out, its the opposite where kids are supposed to live at home and take care of the parents when they become adults, however living in America has made me hate this mindset because I am never able to be an individual. My dad is extremely controlling and a downright bully, he verbally abuses me and my siblings about anything possible just for the sake of abusing us. He always demands we listen to him and do things his way and if we don't we are ""disobedient"" and ""bad children"". He even abuses my mom verbally and she knows it but deals with because its how she was raised, even random strangers like waiters and cashiers at stores are bullied, he'll complain about lines being long and blame cashiers for being ""slow"" ect. OVERALL THIS MAD IS EXTREMELY NEGATIVE and if you try to talk back or explain to him to be a little bit nicer he gets defensive and goes on a tantrum how hes our dad and we have no right to talk to him like that.",1,0.8,1515068393,191,19.66,90.46,5.72,1.0,38.2,17.8,91.1,61.26,17.8,13.61,3.66,3.14,0.52,5.76,0.52,4.19,4.19,12.57,9.42,7.85,11.52,2.62,17.8,2.09,1.57,2.62,0.0,0.52,6.28,1.05,5.24,0.0,3.66,0.0,19.37,3.14,0.0,1.57,6.28,14.14,1.57,3.14,1.57,4.71,2.09,3.66,0.52,0.0,0.52,0.0,1.05,0.0,1.05,0.0,0.0,9.42,4.71,1.05,2.09,1.05,0.52,1.57,15.18,1.05,9.95,2.09,6.28,2.62,0.0,0.52,1.05,0.52,0.0,0.0,0.0,0.0,0.0,0.0,0.0,0.0,9.42,2.62,2.62,0.0,0.0,0.0,0.0,0.0,3.14,1.05,0.0,0.0
37185,9quiow,homeless,financial,"I will go homeless soon for reasons i can't stop, i roughly have 1000$ in cash and around 1000$ in possessions such as my PC, second PC, headphones etc etc etc. What should be the first thing i do aside from finding a job? I get the idea of going to a 24 Hr gym and renting a storage unit if i want to store belongings, aside from that is there anything you guys can recommend? &#x200B; edit: Thank you for all your help, it has given me an idea of what i have to do.",0,0.8,1540338709,96,54.96,37.72,48.89,44.87,24.0,11.46,85.42,56.25,18.75,12.5,9.38,0.0,3.12,0.0,0.0,6.25,6.25,13.54,10.42,4.17,4.17,1.04,15.62,1.04,1.04,2.08,5.21,1.04,1.04,1.04,0.0,0.0,0.0,0.0,6.25,0.0,1.04,0.0,1.04,10.42,4.17,1.04,3.12,2.08,1.04,2.08,0.0,0.0,0.0,0.0,0.0,0.0,0.0,0.0,0.0,7.29,2.08,1.04,3.12,1.04,1.04,1.04,13.54,3.12,8.33,2.08,3.12,3.12,5.21,1.04,1.04,3.12,0.0,0.0,0.0,0.0,0.0,0.0,0.0,0.0,16.67,2.08,5.21,1.04,1.04,2.08,0.0,0.0,0.0,1.04,0.0,4.17
1782,7amy5g,anxiety,anxiety,"But now i want that to change. My need for paxil is in direct relations to panic attacks or aggression attacks as i refer to them sometimes. I tend to get agitated easily or snap at people if I feel panicky or if I am embarrassed or put in situations I do not like I get agitated to the point of being a dick and yelling a lot. Which my family ends up being on the wrong side of my temper tantrums, my panick attacks turn into agitation and defensiveness. Ha anyone else switched from paxil successfully or anyone with a similar situation using something different?",1,0.571428571,1509749246,105,76.3,6.39,98.01,1.0,21.0,20.95,93.33,51.43,16.19,11.43,10.48,0.0,0.0,0.0,0.95,4.76,4.76,16.19,3.81,0.95,10.48,0.0,13.33,3.81,2.86,0.95,0.0,0.95,19.05,3.81,15.24,3.81,9.52,0.0,5.71,0.95,0.0,0.0,0.0,20.95,2.86,1.9,3.81,11.43,0.0,9.52,1.9,0.0,0.95,0.95,0.95,0.95,0.0,0.95,0.0,9.52,1.9,0.95,3.81,2.86,0.95,0.0,9.52,0.0,14.29,2.86,8.57,2.86,0.95,0.95,0.95,0.0,0.0,0.0,1.9,0.95,0.95,0.0,0.0,0.0,5.71,3.81,0.95,0.0,0.0,0.95,0.0,0.0,0.0,0.0,0.0,0.0
75,7tdu4v,relationships,social,"Snot. Slobber. Just uncontrollable sadness. I was about to explain to her that we would be back later that night and if she was good, we'd bring her a treat. But Mom just scooped her up and coddled her like you would a 9 month old who was crying because they were a bit cranky.",0,0.8,1517072165,55,8.19,98.47,1.0,5.95,11.0,12.73,89.09,65.45,23.64,18.18,1.82,3.64,1.82,9.09,1.82,5.45,5.45,9.09,14.55,7.27,9.09,0.0,20.0,1.82,3.64,1.82,1.82,1.82,9.09,3.64,5.45,1.82,0.0,3.64,21.82,1.82,0.0,10.91,0.0,10.91,1.82,1.82,5.45,1.82,0.0,3.64,0.0,0.0,0.0,0.0,0.0,0.0,0.0,0.0,0.0,7.27,3.64,0.0,1.82,1.82,0.0,7.27,5.45,0.0,12.73,1.82,3.64,9.09,0.0,0.0,0.0,0.0,0.0,0.0,0.0,0.0,0.0,0.0,0.0,0.0,12.73,9.09,1.82,0.0,0.0,0.0,0.0,0.0,0.0,1.82,0.0,0.0
693,9t5tc9,domesticviolence,abuse,"I don’t know how to make him leave because he says if I do that he will go and dispute all the charges I ever made on his debit card and say it was fraud and he will have me prosecuted. In the past when we were together I stupidly sent him private photos of myself and he threatens to send them to my church, my parents, and my bosses. He says he will do whatever he can to ruin my life and see that I lose my job and lose the respect of everyone in my life and have legal consequences go using his money (which again, he said I could but now he’s saying I’m lying). I feel like he literally dictates my life. He breaks things in my apartment.",1,1.0,1541041237,132,3.34,75.24,16.48,1.0,26.4,12.12,93.94,63.64,31.82,26.52,13.64,0.76,0.0,11.36,0.76,5.3,2.27,8.33,10.61,3.79,9.85,0.76,24.24,0.0,0.76,3.03,0.0,0.76,5.3,0.76,4.55,0.76,2.27,2.27,21.97,0.76,0.0,0.0,11.36,11.36,1.52,5.3,1.52,0.76,2.27,1.52,6.06,1.52,3.79,0.76,2.27,0.0,2.27,0.0,0.0,7.58,3.03,1.52,2.27,0.0,3.03,4.55,16.67,2.27,11.36,3.79,3.79,3.79,2.27,0.0,0.76,1.52,0.76,0.0,0.0,0.0,0.0,0.0,0.0,0.0,9.85,3.79,2.27,0.0,0.0,0.0,0.0,0.0,0.0,2.27,1.52,0.0
28836,60yxm2,homeless,financial,"I live in BC and im gonna be homeless soon, I'm thinking about just saving up enough money to take a greyhound to the Vancouver island to live out being homeless and to get a fresh start. I'm thinking about either Qualicum Bay or Parksville since they're both small and have good weather. I don't want to be homeless in a big city full of crime and I want to be somewhere where it doesn't get to -20 in the winter, are there any other good places in BC to be homeless?",0,0.6,1490232425,92,61.8,13.85,94.19,66.89,30.67,13.04,89.13,57.61,9.78,6.52,6.52,0.0,0.0,0.0,0.0,2.17,5.43,19.57,14.13,7.61,7.61,2.17,26.09,5.43,1.09,1.09,1.09,3.26,2.17,2.17,0.0,0.0,0.0,0.0,1.09,0.0,0.0,0.0,0.0,13.04,2.17,3.26,2.17,3.26,0.0,3.26,0.0,0.0,0.0,0.0,2.17,0.0,2.17,0.0,0.0,13.04,0.0,0.0,7.61,5.43,0.0,0.0,21.74,2.17,20.65,1.09,15.22,4.35,0.0,0.0,0.0,2.17,0.0,0.0,3.26,0.0,3.26,0.0,0.0,0.0,11.96,2.17,2.17,0.0,0.0,1.09,0.0,1.09,0.0,5.43,0.0,0.0
912,9x54b7,ptsd,ptsd,"My stress tolerance was already at a zero and I was contemplating suicide a lot, i didn’t want to see where that would lead me and I didn’t want to do that to my brothers. I was incredibly lucky and got referred to a good psychologist that I like. He’s helping me through the problems of getting rehabilitation welfare, which is a hassle because I constantly have to talk to new counselors, psychologists and psychiatrists which triggers breakdowns. I hate talking about myself to strangers, I’m not ashamed at all, I just hate having to share how I truly feel with strangers. It makes it so real.",1,0.8,1542235867,107,21.02,9.55,53.3,61.21,21.4,23.36,93.46,60.75,21.5,14.95,14.02,0.0,0.0,0.93,0.0,6.54,4.67,13.08,11.21,7.48,6.54,2.8,21.5,1.87,0.0,3.74,0.93,1.87,11.21,6.54,4.67,1.87,1.87,0.0,6.54,0.93,0.0,0.0,1.87,17.76,2.8,4.67,3.74,1.87,1.87,2.8,1.87,0.93,0.0,0.93,0.93,0.0,0.93,0.0,0.0,8.41,1.87,0.93,1.87,3.74,0.93,6.54,14.02,0.0,6.54,0.93,2.8,2.8,4.67,0.0,0.0,0.0,0.0,0.93,0.0,0.0,0.0,0.0,0.0,0.0,13.08,4.67,4.67,0.0,0.0,0.0,0.0,0.0,0.0,3.74,0.0,0.0
525,7oer2s,relationships,social,"She taught me a bunch at first. In the beginning of the week people asked what me and my Ex did. I informed them we broke up and it was due to infidelity on her part. This was not a cool move, however, I knew her sister would try to paint me as the bad guy. I was spot on.",0,0.833333333,1515190153,60,51.43,63.05,88.91,6.91,12.0,6.67,95.0,63.33,25.0,20.0,11.67,1.67,0.0,5.0,1.67,5.0,8.33,15.0,8.33,1.67,6.67,1.67,20.0,3.33,1.67,1.67,1.67,3.33,5.0,1.67,3.33,0.0,0.0,1.67,18.33,1.67,1.67,6.67,1.67,10.0,3.33,0.0,1.67,1.67,0.0,3.33,1.67,0.0,0.0,1.67,0.0,0.0,0.0,0.0,0.0,11.67,3.33,3.33,3.33,0.0,1.67,15.0,3.33,0.0,16.67,1.67,8.33,6.67,1.67,0.0,0.0,0.0,0.0,0.0,3.33,0.0,0.0,1.67,0.0,0.0,11.67,8.33,3.33,0.0,0.0,0.0,0.0,0.0,0.0,0.0,0.0,0.0
164,7z45n5,anxiety,anxiety,"One second I’m thinking, things are just fine. The next I’m thinking, I’m awful for prolonging this, just do it. It’s exhausting. I know I need a bit of a break for some me time at the very least, but beyond that I can’t tell what’s real and what anxiety. What do I do?",1,1.0,1519202716,54,5.74,3.22,95.96,1.0,10.8,9.26,96.3,64.81,29.63,14.81,14.81,0.0,0.0,0.0,0.0,14.81,7.41,9.26,16.67,7.41,3.7,1.85,25.93,7.41,1.85,5.56,3.7,5.56,7.41,1.85,5.56,1.85,0.0,0.0,1.85,0.0,0.0,0.0,0.0,12.96,5.56,0.0,1.85,1.85,0.0,3.7,0.0,0.0,0.0,0.0,1.85,0.0,1.85,0.0,0.0,0.0,0.0,0.0,0.0,0.0,0.0,0.0,24.07,0.0,9.26,0.0,3.7,3.7,0.0,0.0,0.0,0.0,0.0,0.0,0.0,0.0,0.0,0.0,0.0,0.0,27.78,7.41,7.41,0.0,0.0,1.85,0.0,0.0,0.0,11.11,0.0,0.0
1928,7oakdp,relationships,social,"Does anyone have any similar experience and were you able to become functioning friends with your ex or was it best to cut all ties, even if it meant losing friends? TL;DR Broke up with my girlfriend of ten years because she fell in love with a complete stranger from overseas. Have shared friends and can’t seem to shake the feeling of sadness/anger whenever I see her due to our reason for breaking up. Should I cut her out of my life and lose friends or make more of an effort to be friendly/peaceful towards her?",1,0.8,1515150611,99,74.89,86.68,26.17,1.0,24.75,19.19,93.94,54.55,14.14,11.11,4.04,1.01,2.02,4.04,0.0,3.03,3.03,19.19,8.08,2.02,8.08,1.01,18.18,4.04,3.03,1.01,1.01,3.03,13.13,4.04,8.08,1.01,1.01,4.04,17.17,0.0,6.06,4.04,0.0,16.16,5.05,3.03,2.02,6.06,2.02,4.04,3.03,1.01,0.0,1.01,3.03,0.0,2.02,0.0,0.0,17.17,9.09,5.05,4.04,1.01,2.02,6.06,10.1,0.0,10.1,2.02,5.05,3.03,1.01,0.0,0.0,0.0,0.0,0.0,1.01,0.0,0.0,0.0,0.0,0.0,9.09,2.02,1.01,0.0,1.01,2.02,0.0,0.0,0.0,1.01,0.0,2.02
1059,9s89k3,domesticviolence,abuse,"Why is this the hardest month? Is it that the nerves have cleared, minute by minute anxiety calmed, hopelessness resolved, and now I have to sit a grieve a person I made up in my head? The person I convinced myself he was is so much more attractive than the reality of what he was. He is 27, I’m 25, and now he’s targeting 21 year olds. I am broken but I am piecing myself together.",1,0.6,1540772251,76,18.8,29.92,74.76,2.51,15.2,14.47,88.16,60.53,22.37,17.11,11.84,0.0,0.0,5.26,0.0,5.26,7.89,7.89,15.79,5.26,5.26,0.0,18.42,6.58,3.95,2.63,3.95,2.63,5.26,1.32,3.95,1.32,0.0,2.63,9.21,0.0,0.0,0.0,5.26,7.89,2.63,2.63,0.0,0.0,0.0,2.63,1.32,0.0,0.0,1.32,2.63,2.63,0.0,0.0,0.0,5.26,1.32,1.32,2.63,0.0,0.0,3.95,17.11,0.0,13.16,0.0,5.26,7.89,0.0,0.0,0.0,0.0,0.0,1.32,0.0,0.0,0.0,0.0,0.0,0.0,15.79,3.95,6.58,0.0,0.0,2.63,0.0,0.0,0.0,2.63,0.0,0.0
688,7mjfwd,ptsd,ptsd,"Stage 4 would be perfect. I know that's self-destructive thinking; I know I'm supposed to be present, current, not wallowing in my pain and sorrow. I know I'm supposed to focus on healthy thinking and growth. I know that I'm supposed to find joy now, and I really do try. I'm not sure there's such a thing as joy absent my children; it may be a fool's errand.""",0,0.6,1514425162,69,6.22,2.14,99.0,78.8,13.8,17.39,92.75,55.07,21.74,15.94,15.94,0.0,0.0,0.0,0.0,5.8,2.9,8.7,17.39,5.8,5.8,2.9,33.33,5.8,1.45,0.0,1.45,0.0,11.59,7.25,4.35,0.0,1.45,1.45,2.9,0.0,0.0,0.0,0.0,26.09,10.14,0.0,1.45,7.25,2.9,4.35,1.45,0.0,0.0,1.45,1.45,0.0,1.45,0.0,0.0,4.35,0.0,1.45,1.45,1.45,0.0,4.35,28.99,1.45,8.7,1.45,2.9,4.35,2.9,0.0,0.0,0.0,0.0,0.0,0.0,0.0,0.0,0.0,0.0,0.0,27.54,7.25,4.35,0.0,2.9,0.0,0.0,1.45,1.45,10.14,0.0,0.0
2100,7sgawy,relationships,social,"My boyfriend constantly states that we are no longer in a relationship and I need to be constantly working towards showing him that he will want to be with me again. I do 90% of the cooking and cleaning in the house. I try my best to make sure his needs are met, even if it means that my needs fall short almost always. It seems like any ""everyday"" argument we have about something always turns into me being a piece of shit because of what I did to him. He tells me that I made him this way and I need to deal with it until he moves past it, which I understand and agree with.",1,0.571428571,1516730674,117,23.17,50.0,35.7,41.21,23.4,11.97,97.44,66.67,29.91,18.8,11.11,1.71,0.0,5.98,0.0,11.11,3.42,15.38,7.69,5.13,5.98,0.85,22.22,2.56,2.56,1.71,0.85,1.71,4.27,2.56,1.71,0.0,1.71,0.0,11.97,0.0,0.85,0.0,6.84,17.09,2.56,2.56,5.13,5.13,3.42,0.85,0.85,0.85,0.0,0.0,1.71,0.85,0.0,0.0,0.85,6.84,4.27,2.56,0.85,0.85,0.0,3.42,16.24,0.85,15.38,2.56,5.98,6.84,0.85,0.85,0.85,0.0,0.0,0.0,1.71,0.85,0.0,0.85,0.0,0.0,8.55,4.27,1.71,0.0,0.0,0.0,0.0,0.0,1.71,0.0,0.0,0.85
36701,9brylb,anxiety,anxiety,My anxiety and ocd have been terrible the last few weeks. I've recently started drinking again (stupid I know) and I'm feeling like I need to use it as a crutch again. I am prescribed valium and an anti depressant but I find that the simple act of just having a drink helps more. My main issue is my health anxiety. I have been having the worst sinus and headache flare ups.,1,1.0,1535705406,72,26.8,8.25,81.54,1.0,14.4,13.89,88.89,52.78,16.67,13.89,13.89,0.0,0.0,0.0,0.0,2.78,8.33,5.56,13.89,4.17,8.33,0.0,23.61,11.11,6.94,0.0,0.0,2.78,9.72,1.39,8.33,2.78,1.39,1.39,1.39,0.0,0.0,0.0,0.0,8.33,4.17,1.39,1.39,0.0,0.0,1.39,1.39,0.0,0.0,1.39,9.72,0.0,6.94,0.0,2.78,2.78,1.39,0.0,0.0,0.0,1.39,4.17,15.28,0.0,8.33,0.0,0.0,8.33,0.0,2.78,0.0,0.0,0.0,0.0,0.0,0.0,0.0,0.0,0.0,0.0,12.5,6.94,0.0,0.0,0.0,0.0,0.0,0.0,0.0,2.78,2.78,0.0
539,8u3m2p,survivorsofabuse,abuse,"It is not like her - even when she was that age - to succumb to pressure like that. I'm trying really hard not to victim blame and immediately feel guilt when I think that way but, again, knowing my wife how I know her - as someone that's not afraid to call BS- it just makes it hard to conceive how she went along with it for so long, knowing that it made her uncomfortable, knowing that it was escalating, and then it was actual happening and her not saying no. I just can't believe these things happened on repeated occasions. I can absolutely see him pressuring her once, her not knowing how to respond when it happened, and then her saying ""This is BS, I'm out"" afterwards. But that she stuck around and let it happen multiple times just seems odd to me.",1,0.5,1530046451,142,1.43,28.65,72.83,1.0,28.4,15.49,97.18,65.49,27.46,13.38,5.63,0.0,0.0,7.75,0.0,14.08,0.0,11.27,7.04,11.27,11.97,4.93,21.13,2.82,2.11,4.23,0.7,0.7,4.93,0.0,4.93,3.52,0.7,0.0,12.68,0.7,0.0,7.75,0.7,19.01,6.34,3.52,0.7,2.11,0.7,6.34,4.23,0.7,1.41,2.11,0.0,0.0,0.0,0.0,0.0,2.82,0.7,0.7,1.41,0.0,0.0,5.63,10.56,1.41,14.79,0.7,4.23,9.86,0.0,0.0,0.0,0.0,0.0,0.0,2.11,1.41,1.41,0.7,0.0,0.0,16.2,3.52,5.63,0.0,0.0,0.0,0.0,2.82,1.41,2.82,0.0,0.0
703,7s7iw5,relationships,social,"3. Since we are both the only child, we both feel an equal responsibility to carry on our family lines, regardless of our own gender. What do you guys think would be an equitable solution to this problem?   ---   **tl;dr**: Girlfriend wants future children to have her last name, but I am not comfortable with that due to social conditioning and/or the backlash I would face from my own parents.",0,0.6,1516643642,71,63.99,95.43,17.93,25.77,17.75,15.49,87.32,52.11,16.9,12.68,4.23,5.63,1.41,1.41,0.0,4.23,5.63,12.68,9.86,1.41,4.23,1.41,15.49,2.82,1.41,1.41,1.41,4.23,2.82,1.41,1.41,0.0,0.0,0.0,19.72,2.82,2.82,1.41,1.41,16.9,4.23,2.82,7.04,1.41,0.0,4.23,1.41,0.0,0.0,1.41,2.82,1.41,1.41,0.0,0.0,18.31,11.27,1.41,4.23,0.0,1.41,0.0,12.68,2.82,11.27,1.41,4.23,5.63,1.41,1.41,1.41,0.0,0.0,0.0,0.0,0.0,0.0,0.0,0.0,0.0,23.94,4.23,4.23,1.41,1.41,1.41,0.0,4.23,0.0,0.0,0.0,7.04
401,81asft,domesticviolence,abuse,"How about that? No this isn't just some edgy teen, oh I hate my dad, I have every reason to hate him, for what he has done, and continues to purposely do to me and my family. For nearly killing me, for scarring us all to the point I can't even meet a nice person, or have any friends, and not wonder whether they do or don't treat their family like a lump of sh**. Nobody needs, nor should they ever have to live the life I have been forced to live. Nobody should have to call the police because they don't feel safe within their own home.",1,1.0,1519955466,108,10.63,25.83,19.04,25.77,21.6,6.48,96.3,65.74,19.44,14.81,7.41,0.93,0.0,1.85,4.63,4.63,4.63,12.96,13.89,5.56,8.33,8.33,21.3,1.85,0.93,2.78,0.0,3.7,5.56,2.78,2.78,0.0,2.78,0.0,14.81,2.78,0.93,0.0,2.78,21.3,2.78,4.63,2.78,5.56,2.78,6.48,1.85,0.0,0.0,1.85,3.7,0.0,3.7,0.0,0.0,9.26,4.63,0.93,2.78,0.0,0.93,1.85,19.44,0.0,3.7,0.0,1.85,1.85,0.93,1.85,2.78,0.0,0.0,0.93,0.93,0.0,0.0,0.0,0.93,0.0,17.59,3.7,7.41,0.0,0.0,0.93,0.0,0.0,0.0,3.7,0.0,1.85
981,9xxm6e,survivorsofabuse,abuse,"My boyfriend didn't care. I started to get psychotic at 17. I  was so scared, paranoid, had delusions and hallucinations. And no-one to help me. All this hell lasted until I was 22.",1,0.571428571,1542471793,34,10.28,1.98,91.95,1.0,6.8,17.65,88.24,52.94,17.65,14.71,14.71,0.0,0.0,0.0,0.0,2.94,0.0,11.76,11.76,2.94,11.76,5.88,20.59,2.94,0.0,0.0,8.82,2.94,11.76,2.94,8.82,5.88,2.94,0.0,5.88,0.0,2.94,0.0,2.94,5.88,0.0,0.0,0.0,0.0,2.94,2.94,2.94,0.0,0.0,0.0,2.94,0.0,2.94,0.0,0.0,8.82,5.88,0.0,2.94,2.94,0.0,14.71,5.88,0.0,11.76,0.0,2.94,8.82,0.0,0.0,0.0,0.0,2.94,0.0,2.94,2.94,0.0,0.0,0.0,0.0,26.47,14.71,5.88,0.0,0.0,0.0,0.0,2.94,0.0,2.94,0.0,0.0
40965,7onv8v,relationships,social,"I of course understand her wanting me to be safe, but I have an IUD and use condoms 100% of the time, which she knows because she pries about my sex life. She knows I'm sexually active and I don't have a boyfriend and is really judgmental about me having casual sex. I had a pregnancy scare last week (I'm not pregnant) and all I wanted was some advice from my mom and she used it as a way to make me feel bad about my sex life. When I was younger, she would constantly slut-shame me for things I hadn't even done, and made me feel so guilty about the idea of even having sex that I didn't have sex even with my year-long high school boyfriend because of this crippling guilt. Whenever we argue she makes it a time to critique my entire personality and not just my behavior in that argument or even within my relationship with her.",1,0.6,1515291682,163,9.01,17.87,65.02,1.0,32.6,12.27,95.71,61.96,23.31,19.02,13.5,0.61,0.0,4.91,0.0,4.29,4.29,11.04,10.43,8.59,9.2,3.07,17.79,3.68,1.23,1.84,0.61,1.84,6.75,1.23,4.91,2.45,1.23,0.0,11.04,1.84,1.23,5.52,1.23,15.34,3.68,4.29,1.84,1.23,1.23,3.68,1.23,0.0,0.0,1.23,7.36,0.0,3.07,6.13,0.0,4.91,2.45,0.0,1.23,0.0,1.23,5.52,9.82,0.0,9.2,0.61,3.07,5.52,1.23,0.61,0.0,0.0,0.0,0.0,0.61,0.61,0.0,0.0,0.0,0.0,11.66,3.07,2.45,0.0,0.0,0.0,0.0,1.23,0.0,3.07,1.23,0.61
807,96i4s2,almosthomeless,financial,"But she's a nurse and works crazy hours, so it would just be too much for her, I think. I'm posting in case there's an option I'm missing. Any suggestions welcome. tl;dr: I have $$$ coming in, but the timing is off. Might be homeless for two weeks to a month.",0,0.6,1534007517,51,26.21,34.73,66.34,5.16,10.2,9.8,94.12,58.82,13.73,11.76,7.84,0.0,0.0,3.92,0.0,1.96,7.84,11.76,19.61,7.84,7.84,0.0,27.45,1.96,0.0,0.0,1.96,3.92,5.88,1.96,3.92,0.0,0.0,1.96,7.84,0.0,0.0,3.92,0.0,13.73,1.96,0.0,1.96,5.88,0.0,3.92,0.0,0.0,0.0,0.0,3.92,0.0,3.92,0.0,0.0,7.84,1.96,1.96,3.92,0.0,0.0,0.0,19.61,3.92,15.69,1.96,5.88,7.84,1.96,0.0,0.0,0.0,0.0,0.0,0.0,0.0,0.0,0.0,0.0,0.0,33.33,9.8,5.88,1.96,1.96,0.0,0.0,0.0,0.0,7.84,0.0,5.88
1844,7oxnjx,relationships,social,"Update - Thanks all, I have calmed down a bit now. Will sleep on it and hopefully tackle with a clearer head tomorrow. --- **tl;dr**: Found out from stranger on Facebook my partner is most likely going to leave me, feel betrayed she posted it on a public forum like Facebook. Right now feeling useless, am introverted and quiet by nature so I don’t have much of a support network.",1,0.6,1515406706,69,80.03,50.0,72.78,78.8,17.25,18.84,85.51,49.28,10.14,7.25,5.8,0.0,0.0,1.45,0.0,2.9,5.8,15.94,8.7,5.8,4.35,1.45,20.29,2.9,2.9,0.0,0.0,5.8,5.8,4.35,1.45,0.0,0.0,1.45,7.25,0.0,1.45,1.45,0.0,10.14,4.35,0.0,1.45,4.35,1.45,0.0,4.35,0.0,1.45,2.9,4.35,2.9,1.45,0.0,0.0,8.7,4.35,0.0,4.35,0.0,0.0,2.9,15.94,5.8,17.39,2.9,8.7,5.8,0.0,2.9,0.0,0.0,0.0,0.0,0.0,0.0,0.0,0.0,0.0,0.0,26.09,5.8,4.35,1.45,1.45,0.0,0.0,5.8,0.0,1.45,0.0,5.8
6286,7hjgtv,ptsd,ptsd,"Its hard knowing that everyone around you doesn't have these issues, It's hard that it takes an extreme amount of work just to make a normal day in life go by smoothly(which it almost never does) At first I felt like I had a grasps on this whole PTSD thing because it made sense when I first got diagnosed but the longer it's been the harder this is to deal with. Do you know what it's like to constantly feel uncomfortable in your own skin but you can never turn it off? this is the answer I give when people ask me what's wrong, because there's always more than one thing going on at the same time. I find myself drinking more than i'd like to admit,I never drank before this, anything to take the edge off. I feel like I'm having to teach myself everything all over again, I don't even know how to formulate that into words.",1,1.0,1512413992,161,25.28,30.97,99.0,10.2,32.2,8.07,96.27,64.6,25.47,10.56,8.07,0.0,2.48,0.0,0.0,14.91,4.97,17.39,11.18,8.07,4.35,3.11,22.36,8.07,7.45,3.73,1.86,3.11,1.24,0.0,1.24,0.62,0.0,0.0,6.21,0.0,0.0,0.0,0.0,18.63,7.45,3.11,0.0,1.24,4.35,2.48,6.83,0.0,0.0,5.59,3.11,0.62,1.24,0.0,1.24,5.59,0.0,1.86,1.24,1.86,0.62,3.73,17.39,0.62,18.01,1.86,8.07,8.07,1.24,0.62,0.0,0.0,0.0,0.0,0.0,0.0,0.0,0.0,0.0,0.0,13.04,2.48,3.11,0.0,0.0,0.62,0.0,0.0,0.0,5.59,1.24,0.0
14919,7z45n5,anxiety,anxiety,Is he who I would have pictures when thinking of a love interest before we started dating? Not really. He has a different style than my normal type and different interests. However he has an amazing fun personality and our senses of humor mesh really well together. Another big thing that makes us not so perfect is the fact that he got out of his “first love” relationship of 5 years one year before we met.,0,1.0,1519202716,76,24.27,85.38,59.0,99.0,15.2,18.42,93.42,57.89,21.05,14.47,2.63,5.26,0.0,6.58,0.0,6.58,5.26,10.53,7.89,7.89,6.58,2.63,14.47,13.16,6.58,2.63,3.95,1.32,11.84,11.84,0.0,0.0,0.0,0.0,21.05,0.0,0.0,0.0,6.58,18.42,2.63,1.32,1.32,0.0,2.63,10.53,2.63,1.32,0.0,0.0,2.63,0.0,0.0,0.0,0.0,18.42,13.16,1.32,1.32,2.63,0.0,3.95,9.21,0.0,14.47,0.0,3.95,10.53,0.0,1.32,0.0,0.0,0.0,0.0,1.32,0.0,0.0,0.0,1.32,0.0,9.21,5.26,0.0,0.0,0.0,1.32,0.0,0.0,2.63,0.0,0.0,0.0
1362,72sxuq,ptsd,ptsd,I had a panic attack and broke down crying in front of my mom. She scheduled me an appointment for therapy and I just feel like bleh. I dont care about getting better right now. My whole body is in shock from that panic attack and I just feel like death. I honestly doubt I will get better,1,0.857142857,1506525503,58,49.46,8.4,91.69,1.0,11.6,8.62,96.55,55.17,18.97,17.24,15.52,0.0,0.0,1.72,0.0,1.72,3.45,15.52,6.9,6.9,5.17,1.72,18.97,3.45,6.9,0.0,0.0,1.72,20.69,6.9,13.79,5.17,3.45,3.45,3.45,1.72,0.0,3.45,0.0,5.17,3.45,0.0,0.0,1.72,0.0,0.0,3.45,0.0,0.0,3.45,3.45,1.72,1.72,0.0,0.0,13.79,0.0,3.45,5.17,6.9,1.72,3.45,12.07,1.72,12.07,0.0,8.62,3.45,1.72,0.0,0.0,0.0,0.0,1.72,0.0,0.0,0.0,0.0,0.0,0.0,6.9,6.9,0.0,0.0,0.0,0.0,0.0,0.0,0.0,0.0,0.0,0.0
31719,975a8a,ptsd,ptsd,"The ""me too"" movement I've found to be extremely inspirational and empowering. I am no longer ashamed of what happened to me, but I still don't feel like I'm healing. I was hoping that these flashbacks and the anxiety, fear and dread would go away over time, but they haven't. How do people cope? What do you read?",1,0.6,1534220011,58,2.4,6.04,95.26,6.54,11.6,15.52,94.83,67.24,22.41,15.52,12.07,0.0,1.72,0.0,1.72,6.9,3.45,10.34,17.24,6.9,10.34,5.17,29.31,1.72,3.45,5.17,0.0,0.0,12.07,5.17,6.9,6.9,0.0,0.0,5.17,0.0,0.0,0.0,0.0,17.24,5.17,1.72,3.45,1.72,1.72,5.17,1.72,0.0,0.0,1.72,1.72,0.0,1.72,0.0,0.0,5.17,0.0,0.0,3.45,0.0,1.72,5.17,17.24,1.72,12.07,3.45,5.17,3.45,1.72,0.0,0.0,0.0,0.0,0.0,0.0,0.0,0.0,0.0,0.0,0.0,24.14,5.17,5.17,0.0,0.0,3.45,0.0,0.0,3.45,6.9,0.0,0.0
1032,9ne7jq,homeless,financial,"Without my meds I can be kinda unstable, few months back I stopped taking them and ended up breaking my hand because of it. I have no real education except high school diploma and I wasn't smart enough to finish community college as I'm useless with math and science and that's all I needed to finish for a general studies degree. All I seem to be doing is existing and that means I'm a burden on anyone who tries to help me and right now I'm dragging my partner down. I just need help figuring out what to do so I can stop being burdensome and be useful and have a purpose again. I don't really know what to do anymore, but this is all I have left to try.",1,0.571428571,1539293858,130,10.98,7.2,96.04,15.03,26.0,15.38,93.85,61.54,20.77,13.85,13.08,0.0,0.0,0.0,0.77,6.92,2.31,13.08,15.38,4.62,9.23,3.08,23.85,3.85,0.77,2.31,0.0,3.08,3.85,1.54,2.31,0.0,0.0,0.77,5.38,0.0,0.77,0.0,0.0,14.62,3.08,1.54,1.54,3.08,2.31,3.85,0.77,0.0,0.0,0.77,0.77,0.77,0.0,0.0,0.0,11.54,3.08,2.31,5.38,0.77,1.54,3.85,18.46,0.0,13.08,0.0,6.15,7.69,5.38,0.0,0.0,0.0,0.0,0.0,0.77,0.0,0.77,0.0,0.0,0.0,10.0,3.85,1.54,0.0,0.0,0.0,0.0,0.0,0.0,4.62,0.0,0.0
345,9vp3fm,survivorsofabuse,abuse,"Hi there, I'm a 21 year old Scottish student studying contemporary art practice at an honours degree level. Is anyone interested in allowing me to use their words for use in my project for university? The consequences psychological abuse has for victims is an incredibly tricky but important subject to portray through art. I have made sure to research rather heavily on the subject of the affects of mental abuse, as well as having my own personal experience with it. I will make sure to represent it with respect for everyone that has went through something similar.",0,1.0,1541803402,97,91.78,37.84,22.64,81.5,19.4,30.93,87.63,51.55,13.4,7.22,6.19,0.0,0.0,0.0,1.03,6.19,6.19,20.62,8.25,3.09,3.09,0.0,14.43,6.19,3.09,0.0,1.03,0.0,12.37,7.22,4.12,0.0,3.09,0.0,5.15,0.0,0.0,0.0,0.0,15.46,1.03,7.22,1.03,2.06,3.09,2.06,1.03,0.0,0.0,0.0,0.0,0.0,0.0,0.0,0.0,9.28,1.03,2.06,6.19,0.0,1.03,2.06,10.31,1.03,8.25,1.03,5.15,2.06,7.22,2.06,0.0,0.0,0.0,0.0,1.03,0.0,0.0,0.0,1.03,0.0,8.25,4.12,2.06,0.0,0.0,1.03,0.0,0.0,0.0,1.03,0.0,0.0
1640,9wt5x3,ptsd,ptsd,"Because I have! And it literally makes me feel 10k x crazier than I already feel as it is. She left me alone, meds unfilled, and then told all her colleagues I was trying to scam ADHD medication off of her, so now none of them want to take my case either. Backstory, I’ve been seeing this doctor for 3 years almost now and at first I let her know my commitment issues with mental health, and having people just leave me stranded or pass me to new doctors every week and it made me bail the first few times I’ve tried to get my brain right. So we have appointments every 3-6 ish months depending on medication change.",1,0.8,1542143409,120,21.25,25.24,88.91,14.3,24.0,11.67,85.83,50.83,20.0,16.67,11.67,0.83,0.0,3.33,0.83,3.33,0.83,10.83,7.5,5.83,9.17,0.83,20.0,6.67,3.33,0.0,4.17,5.0,1.67,0.0,0.83,0.0,0.0,0.83,7.5,0.0,0.83,3.33,0.0,15.0,2.5,4.17,0.83,3.33,3.33,2.5,2.5,0.83,0.0,1.67,5.0,0.83,4.17,0.0,0.0,8.33,1.67,3.33,1.67,1.67,0.0,5.83,13.33,0.83,15.83,2.5,4.17,9.17,2.5,0.0,0.0,0.0,0.0,0.0,0.0,0.0,0.0,0.0,0.0,0.0,10.83,3.33,4.17,0.0,0.0,0.0,0.83,0.83,0.0,1.67,0.0,0.0
822,9sdqp7,almosthomeless,financial,This month and last have been very touch and go. I have sold everything under the sun to keep my home but I am probably not going to make it. It's to the point I have sat and weighed the pros and cons of suicide (please don't talk about this subject.) But I've used up every single resource and realized I don't really know many people in the city I'm in. I don't have much of family any where close and none I could live with.,1,1.0,1540824593,86,15.2,5.19,97.26,47.26,17.2,8.14,96.51,61.63,16.28,10.47,10.47,0.0,0.0,0.0,0.0,5.81,4.65,12.79,15.12,5.81,9.3,5.81,27.91,1.16,0.0,1.16,1.16,6.98,1.16,1.16,0.0,0.0,0.0,0.0,4.65,1.16,0.0,0.0,0.0,15.12,2.33,2.33,1.16,2.33,2.33,4.65,1.16,0.0,0.0,1.16,2.33,0.0,1.16,0.0,1.16,3.49,1.16,0.0,2.33,0.0,0.0,6.98,19.77,1.16,16.28,2.33,9.3,4.65,1.16,1.16,2.33,1.16,0.0,1.16,0.0,0.0,0.0,0.0,0.0,0.0,15.12,5.81,0.0,0.0,0.0,0.0,0.0,0.0,0.0,6.98,2.33,0.0
1031,83d0to,homeless,financial,"Hi, I am legally blind. I was homeless from 2007 to 2013 and traveled around the country. That's why I chose the screen name that I did. In 2013 I was able to rent a room in Boston, MA. I lived there from 2013 to about a week ago.",0,1.0,1520657008,49,76.89,27.03,89.63,25.77,9.8,8.16,87.76,57.14,16.33,12.24,12.24,0.0,0.0,0.0,0.0,4.08,8.16,18.37,10.2,8.16,2.04,0.0,14.29,0.0,0.0,2.04,8.16,0.0,0.0,0.0,0.0,0.0,0.0,0.0,6.12,2.04,0.0,2.04,0.0,2.04,0.0,2.04,0.0,0.0,0.0,0.0,4.08,4.08,0.0,0.0,4.08,0.0,4.08,0.0,0.0,6.12,2.04,2.04,2.04,0.0,0.0,12.24,4.08,0.0,16.33,2.04,10.2,4.08,2.04,2.04,4.08,2.04,0.0,0.0,0.0,0.0,0.0,0.0,0.0,0.0,16.33,10.2,4.08,0.0,0.0,0.0,0.0,0.0,0.0,2.04,0.0,0.0
1552,772lyd,assistance,financial,"I am limited and would like dire guidance on how to begin my journey, I want to enjoy myself and life without being restricted and abused any longer by my father. Thank you for taking your time to read this! P.S, I have a therapy cat that has helped me stay strong through out these passing years. I would like for him to be involved with my journey as well. It's been difficult finding youth centers that accept pets.",0,0.6,1508283336,80,37.39,30.86,74.76,99.0,16.0,18.75,92.5,55.0,21.25,15.0,11.25,0.0,2.5,1.25,0.0,6.25,1.25,16.25,11.25,2.5,6.25,1.25,22.5,5.0,2.5,1.25,0.0,1.25,11.25,8.75,2.5,0.0,1.25,0.0,6.25,1.25,0.0,0.0,2.5,10.0,2.5,1.25,3.75,1.25,0.0,1.25,0.0,0.0,0.0,0.0,2.5,0.0,2.5,0.0,0.0,5.0,0.0,1.25,1.25,1.25,1.25,2.5,11.25,0.0,15.0,5.0,6.25,5.0,1.25,0.0,1.25,0.0,0.0,0.0,1.25,0.0,0.0,0.0,1.25,0.0,11.25,6.25,2.5,0.0,0.0,0.0,1.25,0.0,0.0,1.25,0.0,0.0
681,5mppfy,ptsd,ptsd,"I don't care about compensations but I cant hold a job for health care so I go to the VA.  Like, ""we are here to make sure the military is not blamed for what ever is wrong with you"" kind of thing in my opinion. Anyways, I felt I should share some of the basic symptoms I have struggled with and the only treatment I have found that really worked is smoking indica strain cannibis at night when the child is asleep and having some relaxing time with my pets. Here are my symptoms: Panic attacks severe avoidance",0,0.6,1483859673,97,35.31,15.12,61.04,1.48,24.25,14.43,94.85,58.76,15.46,12.37,10.31,1.03,1.03,0.0,0.0,3.09,6.19,12.37,11.34,9.28,5.15,3.09,18.56,3.09,1.03,2.06,0.0,2.06,13.4,5.15,8.25,4.12,2.06,0.0,5.15,0.0,0.0,0.0,0.0,14.43,2.06,1.03,1.03,4.12,2.06,4.12,1.03,0.0,0.0,1.03,5.15,1.03,3.09,0.0,1.03,9.28,2.06,1.03,4.12,0.0,2.06,3.09,15.46,0.0,7.22,1.03,2.06,4.12,2.06,1.03,1.03,1.03,0.0,0.0,1.03,0.0,0.0,0.0,0.0,1.03,9.28,3.09,2.06,1.03,0.0,0.0,0.0,0.0,2.06,1.03,0.0,0.0
37871,6y4rpe,almosthomeless,financial,"Though I have been staying with family, their households are getting packed with other members and issues and so they have no room for me. I do not have many friends, and the ones I do cannot help whatsoever. So, I am on my own. I have a wonderful as a baker that I don't want to lose or give up. What can I do in my situation right now so that I am able to keep a roof over my head and still keep my job because I know that if I am just able to keep shelter while continuing to work this job, I will be able to provide decent housing and expenses for myself and never burden anyone with my problems ever again.",1,0.8,1504575516,126,4.92,5.64,87.07,14.75,25.2,11.9,92.86,67.46,21.43,15.87,14.29,0.0,0.0,0.0,1.59,5.56,3.17,11.9,13.49,7.94,11.9,3.97,19.84,1.59,0.79,0.79,0.0,0.79,3.97,1.59,2.38,0.0,0.0,0.79,7.14,0.79,0.79,0.0,0.0,10.32,0.79,0.79,2.38,2.38,1.59,4.76,0.0,0.0,0.0,0.0,1.59,0.79,0.0,0.0,0.79,11.11,3.17,3.97,2.38,0.79,2.38,0.79,19.84,0.79,10.32,0.79,5.56,4.76,2.38,0.79,3.97,0.79,0.0,0.0,0.0,0.0,0.0,0.0,0.0,0.0,7.94,3.97,3.17,0.0,0.0,0.0,0.0,0.0,0.0,0.79,0.0,0.0
15157,8t5l3h,anxiety,anxiety,TW: physical abuse? My dad was screaming at me today and I started crying out of fear. Of course in my household crying is not allowed. Hence he physically hit me and tried to cover my mouth which led to me hitting him back out of defense. My gums ended up bleeding and I don't think anyone else was concerned about how I was feeling — they thought I was just overreacting and stuff.,1,1.0,1529708198,73,18.84,8.55,97.57,1.0,14.6,17.81,94.52,58.9,23.29,19.18,15.07,0.0,0.0,2.74,1.37,4.11,0.0,15.07,8.22,6.85,6.85,2.74,20.55,1.37,0.0,2.74,0.0,0.0,9.59,0.0,8.22,1.37,1.37,2.74,6.85,1.37,0.0,0.0,4.11,13.7,4.11,5.48,0.0,1.37,0.0,2.74,2.74,0.0,1.37,1.37,6.85,4.11,4.11,0.0,0.0,5.48,0.0,1.37,2.74,0.0,1.37,10.96,5.48,0.0,13.7,1.37,8.22,5.48,1.37,0.0,1.37,0.0,0.0,0.0,0.0,0.0,0.0,0.0,0.0,0.0,9.59,5.48,0.0,1.37,0.0,1.37,0.0,0.0,0.0,1.37,0.0,0.0
1042,98c8lx,survivorsofabuse,abuse,"I never personally did anything beyond a ""show me yours and I'll show you mine"" type of thing where another kid and I would see how we ""measured up"", but it felt like those experiences had heavily sexual undertones for me - I don't know if that was me figuring things out or if my mind went there from what happened to me cousin. When I was about 13 I remember thinking to myself that it was crazy that so many of my peers knew what they wanted - I was just really, really confused. I said to myself ""I don't know what I like or which team I go, and I bet that's because of what happened between me and my cousin. I'll figure it out when I'm older"" and that was it. I did what a lot of other kids my age were doing - I hopped online and watched lots of porn.",0,0.571428571,1534604103,152,1.0,4.38,98.54,16.38,30.4,10.53,93.42,70.39,34.87,21.05,18.42,0.66,1.32,0.0,0.66,13.82,1.32,11.18,11.18,7.89,10.53,1.97,21.05,1.32,1.32,6.58,0.66,2.63,1.97,0.66,1.32,0.66,0.0,0.0,6.58,1.32,0.0,0.0,0.0,17.11,5.26,1.32,2.63,5.92,0.66,5.26,4.61,2.63,0.66,0.66,1.32,0.0,0.0,1.32,0.0,5.26,2.63,0.66,1.97,0.66,0.0,11.84,5.92,1.32,7.89,1.32,3.29,3.29,0.66,0.66,0.0,0.66,0.0,0.0,0.0,0.0,0.0,0.0,0.0,0.0,15.13,3.29,1.97,0.0,0.0,0.0,0.0,1.97,3.95,3.95,0.0,0.0
46570,956ax9,domesticviolence,abuse,"I would comfort her as much as I was able, and once when I was home on break, I even confronted my brother about his behavior. I tried to be empathetic and not accusatory, and have a conversation about his feelings and encourage self-reflection. I talked about how I suffered from depression in graduate school and compared my symptoms of increased irritability and desire to stay at home with his current behavior. He seemed receptive to the conversation instead of becoming defensive as he usually does, and ultimately I suggested he try counseling, as that helped me. He never pursued it, though.",0,0.8,1533597560,103,15.09,50.0,45.93,5.27,20.6,28.16,97.09,61.17,20.39,18.45,10.68,0.0,0.0,7.77,0.0,1.94,1.94,16.5,6.8,10.68,13.59,1.94,13.59,5.83,4.85,1.94,0.97,0.97,7.77,2.91,4.85,0.97,0.97,1.94,15.53,0.97,0.0,0.97,7.77,12.62,3.88,0.97,1.94,2.91,0.97,2.91,0.97,0.0,0.0,0.97,0.97,0.0,0.97,0.0,0.0,8.74,4.85,2.91,0.0,0.97,0.0,6.8,5.83,0.0,12.62,3.88,3.88,4.85,2.91,0.0,1.94,0.0,0.0,0.0,0.0,0.0,0.0,0.0,0.0,0.0,11.65,4.85,5.83,0.0,0.0,0.0,0.0,0.97,0.0,0.0,0.0,0.0
386,761azj,domesticviolence,abuse,"During a night he came barged into me and my mom's room and started hitting her. I was so confuse and in tears I didn't know what to do, but cry. I didn't get much sleep that night. The abuse continue on for 4 years. There was peaceful time I thought the abuse stopped.",1,1.0,1507855266,54,30.15,6.93,99.0,1.0,10.8,12.96,94.44,55.56,18.52,14.81,11.11,0.0,0.0,3.7,0.0,3.7,5.56,11.11,9.26,3.7,9.26,3.7,22.22,1.85,0.0,1.85,1.85,1.85,11.11,1.85,9.26,1.85,3.7,3.7,5.56,1.85,0.0,3.7,1.85,11.11,3.7,0.0,0.0,1.85,0.0,5.56,0.0,0.0,0.0,0.0,1.85,1.85,0.0,0.0,0.0,3.7,0.0,0.0,0.0,1.85,1.85,12.96,7.41,0.0,24.07,1.85,7.41,14.81,0.0,0.0,1.85,0.0,0.0,0.0,0.0,0.0,0.0,0.0,0.0,0.0,16.67,9.26,1.85,0.0,0.0,0.0,0.0,0.0,0.0,5.56,0.0,0.0
974,65jb4y,domesticviolence,abuse,"(He knows where we live and go to school) My moms in a ton of debt because of my dad. Right now both of them have a job but if my dad is no longer working, it's gonna be a lot harder to pay it off. I also go to a private school which costs a lot. How do we deal with this?",1,0.8,1492266240,63,45.11,68.29,68.01,25.77,15.75,4.76,98.41,61.9,19.05,12.7,6.35,3.17,0.0,1.59,1.59,6.35,7.94,14.29,7.94,6.35,9.52,1.59,17.46,3.17,3.17,4.76,0.0,6.35,0.0,0.0,0.0,0.0,0.0,0.0,12.7,4.76,0.0,1.59,4.76,11.11,1.59,3.17,1.59,4.76,0.0,3.17,1.59,0.0,0.0,1.59,1.59,0.0,1.59,0.0,0.0,4.76,3.17,1.59,0.0,0.0,0.0,0.0,15.87,1.59,15.87,4.76,9.52,1.59,7.94,0.0,0.0,4.76,0.0,0.0,1.59,0.0,1.59,0.0,0.0,0.0,12.7,4.76,1.59,0.0,0.0,1.59,0.0,0.0,0.0,1.59,3.17,0.0
36988,7s2y52,relationships,social,"We’ve been together for two and half years but went through a rough patch not too long ago because I shipped off to basic. But now that I’m back we were good but now her depression, anxiety and suicidal tendencies are pushing me away. I’m trying my best to support her but it’s so hard because I’m just her boyfriend? Not her shrink or doctor. Idk what to do anymore because I try my best to help her but she doesn’t really care anymore.",1,1.0,1516591383,84,1.0,14.19,92.78,87.2,16.8,17.86,95.24,66.67,26.19,20.24,10.71,2.38,0.0,7.14,0.0,5.95,1.19,9.52,11.9,8.33,14.29,4.76,19.05,5.95,2.38,1.19,2.38,0.0,8.33,5.95,2.38,1.19,0.0,1.19,13.1,0.0,1.19,7.14,1.19,16.67,0.0,3.57,0.0,3.57,0.0,10.71,2.38,0.0,0.0,2.38,1.19,0.0,1.19,0.0,0.0,13.1,5.95,4.76,4.76,3.57,0.0,5.95,14.29,0.0,15.48,2.38,5.95,8.33,1.19,0.0,0.0,0.0,0.0,1.19,1.19,0.0,1.19,0.0,0.0,1.19,14.29,4.76,1.19,0.0,0.0,1.19,0.0,0.0,0.0,7.14,0.0,0.0
1816,8nfvhl,homeless,financial,"I receive SSI/SSDI. About $1,000/mo. I have a gym membership at 24 Hour Fitness for taking showers whenever I want. I have a membership at REI for buying camping gear and clothes suited to the outdoors. I live pretty comfortably, all things considered, and have figured out a system of outdoor living that both keeps me alive and sane.",0,0.8,1527745090,62,81.28,31.43,60.4,83.22,12.4,20.97,82.26,43.55,12.9,9.68,9.68,0.0,0.0,0.0,0.0,3.23,6.45,12.9,4.84,3.23,6.45,0.0,14.52,4.84,1.61,1.61,4.84,4.84,3.23,3.23,0.0,0.0,0.0,0.0,4.84,0.0,0.0,0.0,0.0,8.06,3.23,0.0,1.61,1.61,1.61,0.0,0.0,0.0,0.0,0.0,8.06,1.61,6.45,0.0,0.0,4.84,3.23,0.0,0.0,1.61,0.0,0.0,9.68,0.0,11.29,1.61,6.45,4.84,0.0,4.84,1.61,1.61,0.0,1.61,0.0,0.0,0.0,0.0,0.0,0.0,17.74,8.06,4.84,0.0,0.0,0.0,0.0,0.0,0.0,0.0,0.0,4.84
1851,70wxok,assistance,financial,Thank you! EDIT: Thank you to /u/dan_coyle .... He purchased my entire Amazon wishlist. I can't even express how thankful I am to know that I will be ready with a few staples for the cooler weather. Thank you also to everyone who made very useful suggestions for low-cost places to shop for clothing in the future.,0,1.0,1505759368,59,60.02,84.55,16.91,99.0,11.8,15.25,89.83,54.24,20.34,15.25,6.78,0.0,6.78,1.69,0.0,5.08,5.08,15.25,5.08,6.78,3.39,1.69,13.56,5.08,1.69,3.39,0.0,3.39,11.86,10.17,1.69,0.0,0.0,1.69,13.56,0.0,0.0,0.0,1.69,10.17,1.69,3.39,0.0,0.0,3.39,1.69,1.69,0.0,0.0,1.69,1.69,0.0,0.0,0.0,1.69,1.69,0.0,0.0,1.69,0.0,0.0,1.69,11.86,3.39,6.78,0.0,5.08,1.69,3.39,3.39,0.0,5.08,0.0,0.0,1.69,0.0,1.69,0.0,0.0,0.0,23.73,11.86,0.0,1.69,0.0,0.0,1.69,1.69,0.0,1.69,0.0,5.08
26019,8nh4jj,domesticviolence,abuse,"I just posted my whole story <url> but it's literally too long for anyone to actually read. I mainly want to know if this would be considered rape: MOST RECENT ABUSE: I worked 7 days in a row and finally had one night off on a Friday. I expressed I wanted to spend it with him, but since I went out the night before he was determined to go out with his friends that night. I guess that also comes with ignoring me all night.",1,0.6,1527760076,85,58.07,24.0,97.63,3.42,21.25,9.41,95.29,57.65,21.18,14.12,10.59,0.0,0.0,3.53,0.0,7.06,3.53,17.65,5.88,5.88,5.88,0.0,21.18,3.53,3.53,0.0,2.35,3.53,4.71,1.18,3.53,0.0,2.35,0.0,8.24,0.0,1.18,0.0,3.53,18.82,3.53,1.18,4.71,5.88,1.18,4.71,0.0,0.0,0.0,0.0,2.35,0.0,0.0,1.18,1.18,3.53,1.18,2.35,0.0,0.0,0.0,7.06,9.41,0.0,22.35,3.53,7.06,11.76,2.35,1.18,0.0,1.18,0.0,0.0,0.0,0.0,0.0,0.0,0.0,0.0,11.76,4.71,1.18,2.35,0.0,0.0,0.0,0.0,0.0,1.18,0.0,2.35
943,5m3iwd,homeless,financial,"In Nashville, it's going to be below 30 tonight (possibly snow tomorrow). So far it seems my sleeping bag is doing it's job, but my laptop was uber cold. Also gave me some screen errors (I think it may be humidity build up related, because later in the day it worked fine). Right now it's in a laptop case. But that didn't help much.",0,1.0,1483581764,64,16.07,21.73,99.0,55.21,12.8,12.5,85.94,50.0,17.19,6.25,6.25,0.0,0.0,0.0,0.0,10.94,3.12,9.38,15.62,4.69,7.81,1.56,25.0,7.81,1.56,0.0,1.56,3.12,1.56,1.56,0.0,0.0,0.0,0.0,4.69,0.0,0.0,0.0,0.0,15.62,4.69,1.56,0.0,6.25,0.0,4.69,3.12,1.56,0.0,1.56,1.56,1.56,0.0,0.0,0.0,6.25,1.56,1.56,4.69,0.0,0.0,6.25,14.06,6.25,20.31,1.56,10.94,7.81,6.25,0.0,0.0,0.0,0.0,0.0,0.0,0.0,0.0,0.0,0.0,0.0,25.0,7.81,4.69,0.0,0.0,0.0,0.0,0.0,0.0,6.25,6.25,0.0
1333,979c2k,ptsd,ptsd,"Stop! "", not being aware of what happens around her anymore. Apparently she also dissociates during this time and she doesn't remember anything afterwards. It breaks my heart to see this but it also kind of scares me. It's difficult to watch.",1,0.571428571,1534260683,40,1.15,22.67,59.88,1.0,8.0,22.5,95.0,65.0,32.5,12.5,5.0,0.0,0.0,7.5,0.0,20.0,0.0,12.5,7.5,10.0,10.0,5.0,17.5,2.5,0.0,2.5,0.0,0.0,5.0,0.0,5.0,2.5,0.0,0.0,7.5,0.0,0.0,7.5,0.0,17.5,5.0,0.0,0.0,7.5,0.0,5.0,5.0,5.0,0.0,0.0,2.5,2.5,0.0,0.0,0.0,5.0,0.0,0.0,0.0,0.0,5.0,2.5,15.0,0.0,15.0,0.0,2.5,12.5,0.0,0.0,0.0,0.0,0.0,0.0,0.0,0.0,0.0,0.0,0.0,0.0,22.5,10.0,2.5,0.0,0.0,0.0,2.5,0.0,2.5,5.0,0.0,0.0
937,95an5n,assistance,financial,Good day. I am from the Philippines and I was recently diagnosed with Depression and Anxiety almost a month ago (July 10th). Since then it has been a very challenging and difficult time for me and my family. Work required me to secure a fit to work order before I can get back to work. My medical insurance does not cover mental health conditions and it took me over 3 weeks to secure one.,1,0.571428571,1533639787,74,62.04,11.21,97.14,51.03,14.8,14.86,93.24,54.05,13.51,10.81,10.81,0.0,0.0,0.0,0.0,2.7,5.41,13.51,8.11,4.05,8.11,1.35,9.46,5.41,2.7,0.0,2.7,0.0,9.46,5.41,4.05,1.35,0.0,1.35,1.35,1.35,0.0,0.0,0.0,5.41,1.35,1.35,0.0,1.35,0.0,1.35,0.0,0.0,0.0,0.0,4.05,0.0,4.05,0.0,0.0,17.57,1.35,5.41,2.7,4.05,4.05,5.41,10.81,1.35,18.92,0.0,4.05,14.86,6.76,1.35,1.35,1.35,0.0,0.0,0.0,0.0,0.0,0.0,0.0,0.0,9.46,6.76,0.0,0.0,0.0,0.0,0.0,0.0,0.0,0.0,2.7,0.0
964,9qr1nd,food_pantry,financial,"I have 2 wish lists because Amazon is expensive on items, so I created a Wal-Mart  (zip code 40219) wishlist too. I also have a PayPal account. The meats are cheaper at save a lot because save a lot has pick5 for $20. Hi Friends and Family! <url>",0,1.0,1540314901,49,61.73,50.0,1.69,99.0,9.8,16.33,73.47,44.9,6.12,6.12,6.12,0.0,0.0,0.0,0.0,0.0,10.2,6.12,10.2,6.12,10.2,0.0,18.37,2.04,2.04,0.0,6.12,4.08,6.12,6.12,0.0,0.0,0.0,0.0,6.12,2.04,2.04,0.0,0.0,12.24,0.0,6.12,2.04,4.08,0.0,0.0,0.0,0.0,0.0,0.0,2.04,0.0,0.0,0.0,2.04,10.2,6.12,2.04,2.04,0.0,0.0,2.04,14.29,2.04,4.08,0.0,4.08,0.0,2.04,2.04,2.04,8.16,0.0,0.0,0.0,0.0,0.0,0.0,0.0,0.0,22.45,6.12,2.04,0.0,0.0,0.0,2.04,2.04,0.0,0.0,4.08,6.12
1405,9dota1,ptsd,ptsd,"(TW sexual abuse mentions) When I was 14 I was sexually abused regularly for 8 months, resulting in PTSD, and recently I realised that afterwards I completely changed how I looked. I went from being this pretty normal looking student, short cropped hair, I would wear normal casual clothing on weekends, I was healthy, all that, now, over three years later I look completely different, I'm stick thin, hair grown out past my shoulders, I only wear black and almost always clothes that cover as much of me as possible, heavy scarring covering the majority of my body, and messy facial hair growing in. I feel like I've completely altered myself so nobody is tempted to hurt me again, like I'm blaming how I looked for what happened, so completely changing it seemed like the most sensible thing. I've never heard of anyone else doing this before though, is this normal?",1,1.0,1536279343,151,14.85,7.27,98.28,5.02,37.75,21.19,88.74,52.32,21.19,13.91,13.91,0.0,0.0,0.0,0.0,7.28,1.32,11.92,7.95,10.6,7.28,1.32,16.56,9.93,6.62,2.65,1.99,2.65,5.3,1.32,3.31,0.0,1.99,0.66,2.65,0.0,0.0,0.0,0.0,15.23,1.32,3.31,0.66,3.97,4.64,1.99,5.96,3.31,0.66,1.99,5.3,3.97,0.0,1.32,0.0,1.32,0.0,0.0,1.32,0.0,0.0,7.95,7.28,0.0,17.22,3.31,4.64,9.27,0.66,1.32,0.0,0.0,0.0,0.0,0.0,0.0,0.0,0.0,0.0,0.0,17.22,1.99,10.6,0.0,0.0,0.66,0.0,0.0,0.0,2.65,1.32,0.0
8585,9pr36f,assistance,financial,"At the end of the survey, please select “<name>” when prompted for the name of the student who gave you this survey. If you know anyone else who might be interested in taking this survey, we ask that you please pass it on to them as well. Thank you for your time. <url> **To anyone who has already taken the survey:**",0,1.0,1540008865,62,62.27,99.0,20.84,99.0,15.5,9.68,85.48,61.29,25.81,11.29,0.0,1.61,8.06,0.0,1.61,14.52,8.06,16.13,4.84,4.84,4.84,0.0,16.13,1.61,1.61,6.45,0.0,0.0,8.06,8.06,0.0,0.0,0.0,0.0,24.19,0.0,0.0,0.0,0.0,9.68,1.61,0.0,1.61,6.45,0.0,3.23,0.0,0.0,0.0,0.0,0.0,0.0,0.0,0.0,0.0,6.45,1.61,0.0,1.61,3.23,0.0,4.84,9.68,1.61,12.9,1.61,4.84,6.45,1.61,0.0,0.0,0.0,0.0,0.0,1.61,0.0,0.0,0.0,1.61,0.0,22.58,4.84,3.23,1.61,0.0,0.0,0.0,0.0,3.23,0.0,0.0,9.68
1539,7zdpmf,anxiety,anxiety,"I can't even use the restroom because then I think about how if I were in the restroom when a shooter entered, the shooter could easily get me and the classrooms would be locked and I'd be locked out. I was late for one of my classes because I was afraid to leave my classroom. Does anyone else feel the same way? It's like I can't function normally anymore, school is such a scary place to be all of a sudden when it used to be a place I felt safe and comfortable, even though we had an open campus. Ugh.",1,1.0,1519292169,101,23.33,6.88,90.06,25.77,20.2,13.86,93.07,63.37,15.84,11.88,10.89,0.99,0.0,0.0,0.0,3.96,9.9,9.9,13.86,7.92,10.89,1.98,22.77,6.93,1.98,2.97,0.99,0.99,5.94,2.97,2.97,1.98,0.0,0.0,1.98,0.0,0.0,0.0,0.0,17.82,2.97,4.95,3.96,1.98,0.99,4.95,1.98,0.0,0.0,1.98,0.0,0.0,0.0,0.0,0.0,2.97,0.99,0.0,0.0,0.99,0.99,6.93,14.85,0.99,13.86,1.98,5.94,5.94,4.95,0.0,0.0,0.0,0.0,0.0,0.99,0.0,0.0,0.0,0.99,0.0,11.88,3.96,2.97,0.0,0.0,0.99,0.0,0.0,0.0,3.96,0.0,0.0
22167,9i78dj,anxiety,anxiety,"I'm now 18 Years old,from Germany and going to school right now, planning on study psyochologie. The only thing that seems to slow me down right now is chronic panicattack-like illness that seems to destroy everything I've build up for myself. It is a constant strain of thought that I fear the most that developed from the time I was six. Eversince I was six years old I started having weird forced habits like touching certian things for x amount of times or making weird noises. The older I got, the less I had these forced habits and the more I had something like a second ""voice"" in my head that was thinking of something entirely else and actually disturbing that I couldn't control.",1,1.0,1537695259,126,58.58,10.22,96.31,1.0,25.2,18.25,92.86,54.76,20.63,10.32,10.32,0.0,0.0,0.0,0.0,10.32,6.35,13.49,8.73,3.97,3.17,0.79,15.08,5.56,5.56,0.0,3.17,3.97,5.56,0.0,5.56,3.17,0.79,0.0,0.79,0.0,0.0,0.0,0.0,13.49,3.17,3.17,0.79,4.76,1.59,2.38,2.38,0.0,1.59,0.79,2.38,0.79,1.59,0.0,0.0,6.35,0.0,0.79,4.76,0.79,0.0,5.56,7.14,1.59,16.67,1.59,4.76,11.11,2.38,0.0,0.0,0.0,0.0,0.0,0.0,0.0,0.0,0.0,0.0,0.0,11.11,3.97,2.38,0.0,0.0,0.0,0.0,0.79,1.59,2.38,0.0,0.0
366,7fdd6b,assistance,financial,"My primary concern is to get her the surgery and treatment she needs to save her life. To that end, I've set up a fundraising campaign here: <url> Every little bit helps! I know it's a long shot to reach the goal, but every dollar you can spare goes a long way to help, even if the goal isn't reached. I would be so grateful for any and all assistance, even if it's just to share this story/fundraising with your family and friends.",0,0.6,1511589457,84,43.99,68.29,4.35,95.81,21.0,13.1,88.1,52.38,15.48,10.71,4.76,0.0,2.38,3.57,0.0,4.76,7.14,10.71,9.52,5.95,8.33,1.19,15.48,0.0,0.0,0.0,0.0,5.95,4.76,4.76,0.0,0.0,0.0,0.0,13.1,1.19,1.19,3.57,0.0,13.1,1.19,0.0,4.76,3.57,3.57,4.76,0.0,0.0,0.0,0.0,2.38,0.0,2.38,0.0,0.0,13.1,5.95,2.38,3.57,3.57,1.19,0.0,16.67,0.0,8.33,1.19,5.95,1.19,3.57,1.19,1.19,1.19,0.0,0.0,0.0,0.0,0.0,0.0,0.0,0.0,19.05,3.57,4.76,1.19,0.0,0.0,1.19,0.0,0.0,4.76,0.0,3.57
70,7pz60l,relationships,social,"He explained that he didn’t think it was such a big deal that he disclosed such personal information about me without my permission to his friends then he tried to flip it and said it was no different then a time I canceled plans with a friend and told them the reason was because he, Tom was sick with the flu and I was going to stay in and take care of him. How is me honestly explaining that the reason I would have to cancel on a friend because my boyfriend is sick, the same as him giving away very detailed information about our sex life plus other very personal traumas that I experienced without my permission? I feel like he’s trying to gaslight me and I’m seeing a side to him I’ve never seen. I’m honestly thinking about ending things with him over this. TL;DR my boyfriend told his friends VERY detailed information about our sex life plus other personal things about my life without my permission and I feel so betrayed but he’s trying to act like it’s no big deal.",1,0.8,1515786644,185,17.63,52.16,46.94,35.2,37.0,17.3,93.51,62.16,25.41,18.38,9.73,1.08,0.0,7.03,0.54,7.03,4.86,15.14,8.65,7.03,8.65,3.78,18.92,5.41,2.7,0.54,0.0,0.0,5.41,2.16,1.62,0.0,0.0,0.0,17.3,0.0,3.24,0.0,8.11,14.59,6.49,2.7,0.54,1.08,0.54,4.32,3.24,1.08,0.54,1.08,4.86,0.0,3.78,1.08,0.0,11.89,4.32,2.16,3.78,1.62,0.0,6.49,8.11,2.16,7.57,1.08,4.32,2.7,0.0,0.0,0.0,0.0,0.0,0.0,0.0,0.0,0.0,0.0,0.0,0.0,8.11,2.16,1.08,0.0,0.54,0.54,0.0,0.0,0.0,3.78,0.0,0.0
18844,7txy81,relationships,social,"Hello all, I'm a new submitter to this channel. I went here a few nights ago and honestly it's been helping me cope with my current situation by reading what others are going through. One of the things I noticed is that a lot of responses are brutally honest -- and I am here for just that while still accepting that I'm a hopeless romantic who sees the value in ""If you really want it don't give up"". Let's get started -",0,1.0,1517281209,80,27.79,35.37,80.92,96.76,20.0,18.75,97.5,61.25,23.75,11.25,8.75,1.25,1.25,0.0,0.0,12.5,7.5,11.25,11.25,6.25,5.0,1.25,25.0,3.75,0.0,2.5,1.25,3.75,10.0,7.5,2.5,0.0,1.25,1.25,7.5,0.0,0.0,0.0,0.0,11.25,2.5,1.25,2.5,2.5,1.25,3.75,1.25,1.25,0.0,0.0,0.0,0.0,0.0,0.0,0.0,8.75,3.75,0.0,3.75,1.25,0.0,6.25,17.5,1.25,13.75,2.5,2.5,8.75,0.0,1.25,0.0,0.0,0.0,0.0,0.0,0.0,0.0,0.0,0.0,0.0,17.5,3.75,1.25,0.0,0.0,0.0,0.0,3.75,2.5,6.25,0.0,0.0
1428,6wnl4e,anxiety,anxiety,"I started a new job last Tuesday, and I have had some pretty severe anxiety most days, especially my first day. (As probably to be expected) This is my second job, and unlike my first one I have ZERO customer interaction so my social anxiety hasn't been nearly as bad as it was with my previous job. Now tomorrow morning I start my second week, and I was feeling fine all day today, but it's time to sleep and I can't even lay down without freaking out. I'd hate to call in sick after only one week but I don't know if I can make it like this. I'm freaking out and it's stopping me from getting any sleep.",1,1.0,1503965780,119,11.97,1.21,99.0,1.0,23.8,15.13,100.0,56.3,19.33,14.29,14.29,0.0,0.0,0.0,0.0,5.04,0.84,13.45,12.61,5.88,10.08,3.36,19.33,6.72,5.04,0.0,5.88,3.36,8.4,1.68,6.72,1.68,0.84,0.0,2.52,0.0,0.0,0.0,0.0,15.97,1.68,0.84,1.68,5.88,1.68,5.88,0.84,0.0,0.0,0.84,2.52,1.68,0.84,0.0,0.0,6.72,1.68,1.68,0.84,0.84,1.68,5.04,15.13,1.68,20.17,0.0,3.36,16.81,3.36,0.0,0.0,0.84,0.0,0.0,1.68,1.68,0.0,0.0,0.0,0.0,15.97,4.2,4.2,0.0,0.0,0.0,0.0,0.0,0.0,5.88,1.68,0.0
54732,7sq7uv,relationships,social,I just feel kinda gross because I was giving her fucking college advice and stuff. I'm fucking furious. My clearest memory of my dad in highschool is him ramming my head repeatedly into a wall because I didn't want to pick engineering as a *second choice*. And NOW he chooses to support and help this fucking girl through college when I had to do all that on my own? He even skipped out on my graduation!,1,0.833333333,1516826707,76,27.32,21.49,74.76,1.0,15.2,23.68,93.42,57.89,22.37,18.42,13.16,0.0,0.0,5.26,0.0,3.95,2.63,14.47,7.89,5.26,9.21,1.32,14.47,6.58,1.32,1.32,1.32,1.32,9.21,2.63,6.58,0.0,5.26,0.0,11.84,1.32,0.0,2.63,5.26,14.47,5.26,3.95,1.32,1.32,1.32,1.32,1.32,0.0,0.0,1.32,5.26,1.32,0.0,3.95,0.0,1.32,1.32,0.0,1.32,0.0,0.0,3.95,10.53,0.0,11.84,0.0,7.89,3.95,5.26,0.0,0.0,0.0,0.0,0.0,5.26,3.95,1.32,0.0,0.0,0.0,11.84,3.95,0.0,0.0,0.0,1.32,1.32,0.0,0.0,2.63,0.0,2.63
941,7ovih7,ptsd,ptsd,"I also have pretty bad dissociative episodes which I've had since I was about 5. Anyway, a month ago I was prescribed prazocin to take before bed and I'm just on 1mg since I just started it. I'm wondering if anyone has had success with this med? Because I've gotten to a point in my life where I'm so run down that I just can't anymore. I don't know if I should even bother going up in dose or if it's just another waste of energy",1,1.0,1515379842,86,3.18,1.43,99.0,47.26,17.2,11.63,91.86,69.77,24.42,15.12,15.12,0.0,0.0,0.0,0.0,9.3,2.33,15.12,16.28,11.63,9.3,2.33,24.42,1.16,1.16,2.33,1.16,1.16,5.81,3.49,2.33,0.0,1.16,0.0,1.16,0.0,0.0,0.0,0.0,15.12,2.33,3.49,4.65,8.14,0.0,5.81,0.0,0.0,0.0,0.0,3.49,0.0,3.49,0.0,0.0,6.98,0.0,1.16,2.33,3.49,1.16,8.14,15.12,1.16,18.6,2.33,8.14,8.14,1.16,0.0,1.16,0.0,0.0,0.0,1.16,0.0,0.0,0.0,0.0,1.16,15.12,3.49,1.16,0.0,0.0,1.16,0.0,0.0,0.0,9.3,0.0,0.0
4217,60neb4,ptsd,ptsd,"How could I when I felt so unwelcome? Idk, I'm sorry, I'm just so sick of carrying on when it's so fucking exhausting just to be told that it's never bloody fucking good enough for anyone. I'm fucking trying so hard. They claim to understand that I have ""issues"" (I had confided before they abandoned me) yet I'm never fucking good enough. I just want to drink a bottle of bleach and be fucking done with it.",1,1.0,1490100800,77,1.0,2.61,72.99,1.0,15.4,14.29,92.21,63.64,24.68,16.88,14.29,0.0,0.0,0.0,2.6,7.79,1.3,11.69,15.58,16.88,10.39,3.9,23.38,11.69,1.3,3.9,0.0,0.0,15.58,2.6,12.99,0.0,6.49,2.6,6.49,0.0,0.0,0.0,0.0,11.69,2.6,1.3,2.6,2.6,2.6,0.0,2.6,0.0,0.0,2.6,11.69,1.3,2.6,6.49,1.3,5.19,1.3,1.3,0.0,2.6,0.0,6.49,14.29,0.0,10.39,1.3,1.3,7.79,0.0,1.3,0.0,0.0,0.0,0.0,9.09,7.79,1.3,0.0,0.0,1.3,22.08,5.19,2.6,0.0,0.0,1.3,0.0,0.0,2.6,7.79,2.6,0.0
37817,82dnj5,anxiety,anxiety,"We clicked well, we chilled in, we went out, we laughed and got to know each other. She was a daily texter type of person, good mornings and good nights and hearts often. Feb 12, while I was away during the week traveling for work, she texted me to say she liked me and to ask if I would go out with her (make it official, like bf/gf). I told her I liked her too but we should talk a bit more that weekend. Feb 15, she started a prescription for Zoloft, half dose to start.",0,1.0,1520326191,97,58.4,95.04,28.13,99.0,19.4,10.31,92.78,54.64,21.65,18.56,6.19,5.15,0.0,7.22,0.0,3.09,4.12,14.43,4.12,3.09,7.22,0.0,18.56,2.06,2.06,0.0,3.09,3.09,6.19,6.19,0.0,0.0,0.0,0.0,20.62,0.0,2.06,8.25,1.03,8.25,1.03,1.03,3.09,2.06,0.0,3.09,3.09,0.0,3.09,0.0,4.12,1.03,3.09,0.0,0.0,13.4,8.25,1.03,1.03,3.09,0.0,8.25,9.28,0.0,17.53,3.09,4.12,10.31,1.03,2.06,0.0,0.0,0.0,0.0,3.09,0.0,2.06,0.0,1.03,0.0,17.53,5.15,9.28,0.0,0.0,0.0,0.0,0.0,0.0,0.0,2.06,1.03
8456,893djm,ptsd,ptsd,"Last week it happened so many times in one trip I decided to go to urgent care about it (at one point I was driving with my window down, in hail, slapping myself in the face to stay alert). Anyway, I figured I would share what I learned in case anyone else is experiencing this. Apparently nothing to do with asthma, actually caused by PTSD. After vitals were normal, the doctor said that when I drive for awhile, my body's posture is activating my sympathetic nervous system. Apparently, your nervous system has two parts; sympathetic (SNS) and parasympathetic (PNS).",0,0.8,1522695330,99,56.58,27.23,97.04,44.24,19.8,18.18,86.87,51.52,17.17,11.11,10.1,0.0,1.01,0.0,0.0,6.06,2.02,16.16,7.07,8.08,3.03,1.01,14.14,4.04,1.01,2.02,3.03,1.01,5.05,3.03,2.02,2.02,0.0,0.0,6.06,0.0,2.02,0.0,0.0,12.12,3.03,2.02,1.01,3.03,1.01,2.02,2.02,0.0,1.01,0.0,5.05,2.02,3.03,0.0,0.0,5.05,3.03,0.0,2.02,0.0,0.0,6.06,8.08,0.0,18.18,5.05,8.08,6.06,2.02,0.0,1.01,0.0,0.0,0.0,1.01,0.0,0.0,0.0,0.0,1.01,20.2,5.05,7.07,0.0,1.01,0.0,0.0,0.0,0.0,1.01,6.06,0.0
1826,9pr9in,domesticviolence,abuse,"Years ago on this day, you did things to me I will not say. Although I might have lost a fight, nothing about that at all was right.    I hope it bothers you oh so much, to know you hurt me all by touch. Everything about you is so mean, I just wish you could get clean. I wrote this all straight from my heart, take responsibility for your part.""",1,0.6,1540010695,70,9.85,66.59,62.17,1.0,14.0,8.57,100.0,61.43,28.57,20.0,11.43,0.0,8.57,0.0,0.0,8.57,1.43,12.86,10.0,7.14,4.29,2.86,22.86,4.29,0.0,0.0,0.0,7.14,7.14,1.43,5.71,0.0,2.86,2.86,12.86,0.0,0.0,0.0,0.0,18.57,2.86,0.0,4.29,2.86,7.14,2.86,4.29,0.0,1.43,2.86,1.43,1.43,0.0,0.0,0.0,4.29,0.0,1.43,0.0,2.86,0.0,7.14,11.43,5.71,10.0,0.0,5.71,4.29,2.86,0.0,0.0,0.0,0.0,0.0,1.43,0.0,0.0,0.0,1.43,0.0,15.71,7.14,7.14,0.0,0.0,0.0,0.0,0.0,1.43,0.0,0.0,0.0
50589,6z73mq,ptsd,ptsd,"People who need support, regardless of the elements that brought them to needing that support, are welcome here. If you are a robot or a fish person you are also welcome. If you are a crab from an enemy faction other than that of Hip Healz’ native crab please consider the danger present to you. **Whisper Channels**: Basically a channel to help anyone in need of support, whether it be for venting, companionship, advice, commiseration, or someone to talk to. The Whisper channel is a judgement-free zone, used solely to comfort those in need of help.",0,1.0,1505030021,97,86.35,93.89,1.0,99.0,19.4,25.77,88.66,53.61,14.43,5.15,0.0,0.0,4.12,0.0,1.03,9.28,9.28,15.46,6.19,3.09,6.19,0.0,18.56,2.06,1.03,2.06,0.0,0.0,10.31,8.25,2.06,0.0,1.03,0.0,18.56,0.0,1.03,0.0,0.0,16.49,1.03,1.03,7.22,6.19,0.0,7.22,2.06,0.0,2.06,0.0,1.03,1.03,0.0,0.0,0.0,8.25,6.19,0.0,3.09,0.0,1.03,2.06,15.46,0.0,4.12,1.03,2.06,1.03,0.0,3.09,0.0,1.03,0.0,0.0,0.0,0.0,0.0,0.0,0.0,0.0,20.62,5.15,8.25,1.03,0.0,0.0,0.0,1.03,0.0,1.03,0.0,4.12
1793,9ayy1f,anxiety,anxiety,"Yet my job requires me to always be reachable and the staff under me always ask me to help them, but I can't even help myself. I'm torn between wanting to be alone, wanting to reach out for help, talking to people just so I can yell and push them away. I don't know what to do. That's a lie, I think I do but I don't want to. Any effort is exhausting and I can't bring myself to fix it.",1,1.0,1535463151,81,15.74,4.21,94.99,1.0,16.2,8.64,93.83,65.43,23.46,19.75,17.28,0.0,0.0,0.0,2.47,3.7,2.47,16.05,12.35,4.94,7.41,4.94,23.46,1.23,0.0,1.23,0.0,1.23,3.7,0.0,3.7,0.0,1.23,1.23,9.88,0.0,0.0,0.0,0.0,14.81,2.47,0.0,3.7,1.23,2.47,4.94,1.23,0.0,1.23,0.0,1.23,0.0,1.23,0.0,0.0,7.41,3.7,1.23,6.17,0.0,0.0,0.0,22.22,0.0,9.88,2.47,3.7,3.7,4.94,0.0,0.0,0.0,0.0,0.0,0.0,0.0,0.0,0.0,0.0,0.0,18.52,6.17,4.94,0.0,0.0,0.0,0.0,0.0,0.0,7.41,0.0,0.0
43793,8pzu1n,ptsd,ptsd,"I would be lying if I said using heroin didn’t get more tempting everyday. Atleast I could either slowly die high and numb, or accidentally high and numb. I feel like I’ve had a noose tied around my neck sense the first day my incest abuse happened 14 years ago. Ever sense I was 9 or 10 I knew I would die by my own hand. It’s only a matter of time.",1,1.0,1528624210,72,17.96,1.89,99.0,2.09,14.4,6.94,81.94,47.22,18.06,15.28,15.28,0.0,0.0,0.0,0.0,2.78,4.17,5.56,12.5,4.17,6.94,1.39,25.0,5.56,4.17,0.0,5.56,2.78,2.78,0.0,2.78,0.0,2.78,0.0,2.78,0.0,0.0,0.0,0.0,20.83,5.56,1.39,5.56,4.17,2.78,6.94,6.94,0.0,1.39,2.78,4.17,2.78,0.0,1.39,0.0,5.56,0.0,1.39,2.78,1.39,0.0,9.72,9.72,0.0,15.28,1.39,4.17,11.11,0.0,0.0,0.0,0.0,0.0,2.78,0.0,0.0,0.0,0.0,0.0,0.0,12.5,6.94,1.39,0.0,0.0,0.0,0.0,0.0,0.0,4.17,0.0,0.0
1078,7lg1vq,ptsd,ptsd,"Don’t take this lightly. Acid isn’t for all, and I didn’t take it for a fucking therapy session—but, here I am sat down in front of paper and pastels on a wood floor, not thinking about whatever happened to me however long ago. I am more than my pain and I deserve that. LSD has helped me realize this. Don’t just take this willy nilly, it takes a lot of mental preparation.",0,0.6,1513929357,73,24.55,1.0,96.0,2.2,14.6,16.44,91.78,57.53,19.18,9.59,9.59,0.0,0.0,0.0,0.0,9.59,4.11,13.7,9.59,5.48,6.85,6.85,21.92,5.48,2.74,1.37,0.0,4.11,2.74,0.0,2.74,0.0,1.37,0.0,0.0,0.0,0.0,0.0,0.0,13.7,2.74,0.0,0.0,1.37,1.37,8.22,2.74,0.0,0.0,1.37,4.11,0.0,2.74,1.37,0.0,6.85,0.0,0.0,1.37,5.48,0.0,6.85,15.07,1.37,10.96,0.0,8.22,2.74,2.74,1.37,0.0,0.0,0.0,0.0,1.37,1.37,0.0,0.0,0.0,0.0,17.81,6.85,5.48,0.0,0.0,0.0,0.0,0.0,0.0,5.48,0.0,0.0
9330,7o15dc,almosthomeless,financial,"Hi, I'm a senior in high school, and I just turned 18. While at school one day, my mom collected some of my belongings and put them in a bag by the door, and then confiscated my house key, telling me I had to leave by the next morning. I have no where to go, no car, and no access to my savings. I have a part-time job, but it auto-deposits into a checking account that my dad has control over.",1,0.6,1515047112,83,60.25,11.43,99.0,25.77,20.75,12.05,91.57,56.63,16.87,14.46,13.25,0.0,0.0,0.0,1.2,2.41,7.23,13.25,6.02,2.41,8.43,3.61,12.05,2.41,0.0,1.2,2.41,2.41,0.0,0.0,0.0,0.0,0.0,0.0,6.02,2.41,0.0,1.2,1.2,3.61,0.0,1.2,0.0,1.2,0.0,1.2,0.0,0.0,0.0,0.0,0.0,0.0,0.0,0.0,0.0,8.43,2.41,0.0,4.82,1.2,0.0,2.41,7.23,1.2,24.1,6.02,9.64,8.43,4.82,0.0,2.41,3.61,0.0,0.0,0.0,0.0,0.0,0.0,0.0,0.0,18.07,4.82,9.64,0.0,0.0,0.0,0.0,2.41,0.0,1.2,0.0,0.0
30163,9lx6bo,homeless,financial,"It's also frustrating because I'm finally getting the kind of help I would expect from family and BEYOND from a woman I met while panhandling this summer. Thanks to a stranger: I've been able to finally get mental health assistance, I got my benefits fixed, I got a job, and I have a safe place to sleep out of the rain or snow. I have somewhere to leave my pack and bed roll rather than carry it around 24/7. I could probably ask to store that stuff, but it seems so asinine to ask more of this woman and especially so since it's just extra supplies for my dog I don't really need. I can't understand why even the bare minimum is too much to ask of the people who are supposed to care the most.",0,0.6,1538842811,136,31.61,18.88,57.02,67.46,27.2,13.24,90.44,60.29,17.65,10.29,10.29,0.0,0.0,0.0,0.0,6.62,6.62,13.97,8.82,11.76,8.09,1.47,20.59,4.41,2.21,1.47,1.47,2.94,3.68,2.94,0.74,0.0,0.74,0.0,7.35,0.74,0.0,1.47,0.0,15.44,1.47,2.21,3.68,5.15,0.74,4.41,0.0,0.0,0.0,0.0,1.47,0.74,0.74,0.0,0.0,7.35,2.21,0.74,0.74,3.68,0.74,3.68,15.44,0.74,9.56,2.21,3.68,3.68,2.21,0.74,1.47,0.74,0.0,0.0,0.0,0.0,0.0,0.0,0.0,0.0,12.5,3.68,2.94,0.74,0.0,0.0,0.0,0.0,0.0,4.41,0.0,0.74
11164,9b7tzl,anxiety,anxiety,"I'm 21, and have been on Lexapro for about 2 years. Was diagnosed with GAD the same time I was put on medication. Just graduated this past May from college (I had the worst anxiety of my whole life during my last semester), and I have been doing well since graduation. I started working the graveyard shift a month ago at a non-profit, and the anxiety hit me like a big wave about a week ago. Just all of a sudden, out of nowhere.",1,0.6,1535536022,85,87.04,14.48,99.0,3.42,17.0,15.29,92.94,57.65,10.59,9.41,9.41,0.0,0.0,0.0,0.0,1.18,10.59,17.65,11.76,5.88,3.53,1.18,16.47,4.71,3.53,0.0,2.35,2.35,7.06,2.35,4.71,2.35,0.0,1.18,0.0,0.0,0.0,0.0,0.0,5.88,1.18,1.18,0.0,1.18,2.35,0.0,0.0,0.0,0.0,0.0,3.53,0.0,3.53,0.0,0.0,4.71,0.0,1.18,1.18,1.18,1.18,10.59,3.53,1.18,24.71,2.35,7.06,15.29,7.06,0.0,0.0,1.18,0.0,1.18,1.18,0.0,0.0,0.0,1.18,0.0,15.29,5.88,4.71,0.0,0.0,0.0,0.0,1.18,0.0,1.18,2.35,0.0
1402,9u771q,domesticviolence,abuse,(One is 3 yrs old and the other 19) . Now my dad would beat my mom but over the course of the years as I grew older he turned the violence onto me. He would see that I defended my mom and since I called the police one time (I found him choking her onto the wall) he stopped hurting her and transitioned into beating me. Now I know you guys may ask why did you continue to allow the abuse with you if you had stopped it with your mother before? Well I have an answer  to that my mother loved my father very much and every time I tried contacting the police she would stop me and I have a lot of love towards my mother and would do anything for her... but anyways back to the present we no longer live with him anymore and we have cut all ties with him except for my brother.,0,0.571428571,1541366114,159,35.27,79.32,60.79,10.06,26.5,10.06,96.23,64.15,25.79,22.01,11.32,1.26,3.14,6.29,0.0,3.77,6.92,12.58,7.55,4.4,6.92,0.63,15.09,2.52,2.52,0.63,2.52,2.52,5.03,1.89,3.14,0.0,0.63,0.63,18.87,5.03,0.63,5.66,6.29,12.58,1.89,1.89,3.14,2.52,1.26,3.14,1.26,0.63,0.0,0.63,2.52,0.0,1.26,0.0,0.0,10.06,3.14,1.26,3.77,0.0,2.52,5.66,8.18,0.63,15.72,1.26,5.03,10.06,1.89,0.0,0.0,0.0,0.0,0.0,1.26,0.0,0.0,0.0,0.63,0.63,7.55,4.4,0.0,0.0,0.0,0.63,0.0,0.0,0.0,0.0,2.52,0.0
409,73wqwy,almosthomeless,financial,"He is not allowed to show up and cause a scene like that, and he definitely isn't allowed to talk to a child like that, handicapped or not. So, yes, I'm moving. My brother is having panic attacks now, he shouldn't be afraid to be at the house. The only thing is, finding a house on such short notice is proving to be very difficult. We have some blemishes on our rental history from past problems, but have gotten to a much better place since then.",1,0.666666667,1506988353,86,45.47,45.37,41.87,1.0,17.2,15.12,96.51,63.95,11.63,8.14,2.33,2.33,0.0,3.49,0.0,3.49,6.98,16.28,15.12,6.98,6.98,4.65,18.6,4.65,3.49,0.0,0.0,2.33,8.14,2.33,5.81,2.33,1.16,0.0,9.3,1.16,0.0,0.0,4.65,18.6,3.49,4.65,2.33,2.33,2.33,5.81,1.16,1.16,0.0,0.0,0.0,0.0,0.0,0.0,0.0,13.95,3.49,1.16,5.81,2.33,2.33,2.33,16.28,1.16,13.95,1.16,6.98,5.81,0.0,0.0,3.49,1.16,0.0,0.0,1.16,0.0,0.0,1.16,0.0,0.0,17.44,5.81,8.14,0.0,0.0,0.0,0.0,0.0,0.0,3.49,0.0,0.0
1564,96imew,anxiety,anxiety,This week has been bad. I'm crying over everything. I'm struggling at work to get basic tasks done. I am SO HEAVILY OVERWHELMED by the smallest things. My sink was so full of dishes to the point where I had no clean ones left and because the pile was so high I couldn't go near it and just cried.,1,1.0,1534011345,59,9.35,11.78,84.61,1.0,11.8,11.86,93.22,62.71,16.95,10.17,10.17,0.0,0.0,0.0,0.0,6.78,5.08,11.86,16.95,8.47,10.17,3.39,25.42,8.47,1.69,1.69,0.0,0.0,8.47,0.0,8.47,3.39,0.0,5.08,1.69,0.0,0.0,0.0,0.0,5.08,0.0,1.69,1.69,0.0,1.69,0.0,0.0,0.0,0.0,0.0,1.69,0.0,0.0,0.0,1.69,11.86,0.0,1.69,6.78,1.69,1.69,11.86,11.86,0.0,18.64,1.69,15.25,1.69,3.39,0.0,0.0,0.0,0.0,0.0,0.0,0.0,0.0,0.0,0.0,0.0,13.56,8.47,0.0,0.0,0.0,0.0,0.0,0.0,0.0,5.08,0.0,0.0
1530,7z45n5,anxiety,anxiety,"I think it’s possible that these feelings are coming from the fact that he has said he loves me while drunk but can’t say it sober. I haven’t brought his up to him, but it makes me feel like he can’t say it because of his ex. Which I understand, but it also makes me sad that he’s not excited to be in love with me. I think part of me also feels like a second choice, or like I’m being compared to her. It’s eapecially awful when I think about how ready I would have been to to go back to my ex when I was still heartbroken.",1,0.833333333,1519202716,109,3.02,15.64,89.24,42.41,21.8,8.26,99.08,69.72,30.28,20.18,12.84,0.0,0.0,7.34,0.0,10.09,1.83,14.68,11.93,7.34,10.09,3.67,24.77,4.59,3.67,3.67,0.92,0.92,6.42,3.67,2.75,0.0,0.0,1.83,13.76,0.0,0.0,0.92,6.42,21.1,7.34,3.67,0.92,1.83,0.92,7.34,5.5,0.0,2.75,2.75,2.75,0.0,0.0,0.0,0.92,3.67,1.83,0.0,0.92,0.92,0.0,3.67,21.1,0.92,9.17,2.75,2.75,4.59,0.0,0.92,0.0,0.0,0.0,0.0,1.83,0.0,0.0,0.0,0.0,0.0,13.76,4.59,2.75,0.0,0.0,0.0,0.0,0.0,0.0,6.42,0.0,0.0
835,7pm546,relationships,social,"But I don’t know why I get this feeling. What can I do to stop feeling this way? I want to focus on me and my things without having to think about her and what she’s doing all the time, so I can be less distracted and focused on my other priorities. TL;DR I want to focus on my priorities in life but I find myself getting wrapped up in my thoughts about what where, and what my girlfriend is doing.",1,1.0,1515650964,82,6.73,1.93,99.0,25.77,20.5,13.41,91.46,68.29,29.27,19.51,17.07,0.0,0.0,2.44,0.0,9.76,1.22,15.85,12.2,6.1,8.54,2.44,20.73,1.22,1.22,7.32,0.0,2.44,1.22,0.0,0.0,0.0,0.0,0.0,3.66,0.0,1.22,2.44,0.0,18.29,8.54,1.22,2.44,0.0,1.22,4.88,2.44,0.0,0.0,2.44,2.44,0.0,2.44,0.0,0.0,7.32,1.22,0.0,2.44,2.44,1.22,0.0,15.85,0.0,12.2,0.0,9.76,2.44,0.0,0.0,0.0,0.0,0.0,0.0,0.0,0.0,0.0,0.0,0.0,0.0,10.98,3.66,2.44,0.0,1.22,1.22,0.0,0.0,0.0,2.44,0.0,0.0
852,6fqhfs,survivorsofabuse,abuse,"Part of me wonders if it's not my mom's fine-tuned manipulation at work, but it's sure as hell eating at me. How do I get out of his harmful headspace? It feels like my emotions and my logic are at war right now. Even after the abuse and trauma I've endured at the hands of my mom I still question the validity of my experience because I know there are people that have it a lot worse. And seeing that video was like watching a train wreck, it made me feel so awful because of its violent nature but it also made me doubt a lot of what I'm still experiencing.",1,1.0,1496801063,112,24.06,9.03,89.63,1.0,22.4,12.5,93.75,60.71,22.32,13.39,12.5,0.0,0.0,0.89,0.0,8.93,5.36,13.39,8.04,7.14,10.71,0.89,16.96,6.25,4.46,1.79,0.0,2.68,10.71,1.79,8.04,0.89,3.57,0.0,4.46,1.79,0.0,1.79,0.89,17.86,5.36,5.36,0.89,5.36,0.89,3.57,7.14,2.68,0.0,2.68,1.79,0.89,0.0,0.0,0.89,5.36,0.0,0.89,1.79,0.89,1.79,2.68,14.29,0.0,8.93,0.0,5.36,3.57,0.89,0.89,0.0,0.0,0.89,0.89,0.89,0.89,0.0,0.0,0.0,0.0,11.61,3.57,1.79,0.0,0.0,0.89,0.0,0.89,0.0,4.46,0.0,0.0
1655,9sh99c,domesticviolence,abuse,"Everytime, he gets mad he takes my phone or other items away from me and tells me he bought it so it's his. He's even broke my iPhone which I bought a long time ago. He doesn't give me money and if I want some, I need a good reason why. He works overnights which makes things very hard for me, because the Long island railroad barely runs during those times and even then I have a 2months old, where would the baby and I go overnight? I don't know what to do, but I'm tired of feeling trapped and helpless.",1,0.833333333,1540847135,101,4.31,21.41,55.17,5.05,20.2,8.91,92.08,60.4,27.72,19.8,12.87,0.0,0.0,6.93,0.0,7.92,4.95,5.94,7.92,6.93,10.89,1.98,22.77,1.98,0.0,4.95,0.0,0.99,3.96,0.99,2.97,0.0,0.99,1.98,10.89,0.99,0.0,0.0,6.93,15.84,2.97,3.96,3.96,3.96,0.99,3.96,2.97,0.0,0.99,1.98,0.99,0.0,0.99,0.0,0.0,4.95,0.0,0.99,0.99,2.97,0.0,3.96,17.82,0.99,12.87,1.98,3.96,6.93,0.99,0.0,0.0,2.97,0.0,0.0,0.0,0.0,0.0,0.0,0.0,0.0,14.85,3.96,4.95,0.0,0.0,0.99,0.0,0.0,0.0,4.95,0.0,0.0
152,6ciajd,survivorsofabuse,abuse,"(NOTE: my grandma was kind to me, but she doesn’t speak a word of English and had no idea about how to get me help) July 30 2011: I think it’s the 30th I’m not sure anymore. I’ve been sleeping so much I can’t tell how long I’ve been asleep. Mom is having a family party today at our house.",0,0.6,1495393302,60,3.09,20.24,88.91,96.76,20.0,6.67,90.0,58.33,20.0,16.67,13.33,1.67,0.0,1.67,0.0,3.33,5.0,8.33,18.33,6.67,8.33,6.67,26.67,3.33,0.0,3.33,3.33,1.67,5.0,5.0,0.0,0.0,0.0,0.0,15.0,5.0,0.0,5.0,0.0,13.33,3.33,3.33,0.0,0.0,1.67,5.0,1.67,0.0,1.67,0.0,3.33,3.33,0.0,0.0,0.0,8.33,6.67,0.0,1.67,1.67,0.0,6.67,20.0,0.0,8.33,0.0,3.33,5.0,0.0,3.33,3.33,0.0,0.0,0.0,0.0,0.0,0.0,0.0,0.0,0.0,23.33,5.0,1.67,3.33,0.0,0.0,0.0,0.0,0.0,10.0,3.33,0.0
49133,7ghafd,survivorsofabuse,abuse,"My mother and younger sister lived in another city where my mother worked and my sister studied. I was supposed to stay in city 1 until college, but my mother persuaded me to come with her, move, change schools and be near family. She was concerned of me an wanted to have me close. So i moved, but it took me a good while to shift and make friends and such. Thing is, i was never meant to be here.",0,0.8,1511994319,80,19.58,30.86,99.0,49.0,16.0,11.25,97.5,61.25,20.0,16.25,13.75,0.0,0.0,2.5,0.0,3.75,2.5,13.75,8.75,6.25,12.5,1.25,23.75,1.25,1.25,1.25,1.25,1.25,2.5,1.25,0.0,0.0,0.0,0.0,12.5,7.5,1.25,8.75,0.0,11.25,2.5,2.5,1.25,1.25,1.25,2.5,0.0,0.0,0.0,0.0,1.25,0.0,1.25,0.0,0.0,10.0,5.0,1.25,1.25,2.5,0.0,13.75,10.0,0.0,20.0,6.25,10.0,5.0,5.0,1.25,1.25,0.0,0.0,0.0,0.0,0.0,0.0,0.0,0.0,0.0,12.5,6.25,6.25,0.0,0.0,0.0,0.0,0.0,0.0,0.0,0.0,0.0
226,7onv8v,relationships,social,"For example, she told me I was too stubborn. This is definitely true but she criticized my political opinions, my social behaviors, and my pop culture opinions in addition to just my relationship with her. She also constantly mocks me when we fight, literally repeating my words back to me in a childish/cartoony voice and putting words in my mouth. She refuses to listen to my point of view. We recently got into a fight where I thought a Christmas present my father had gotten me was cheaper than it was.",1,0.666666667,1515291682,92,28.96,62.78,91.79,1.17,18.4,25.0,90.22,58.7,25.0,22.83,15.22,2.17,0.0,5.43,0.0,2.17,3.26,13.04,5.43,8.7,5.43,0.0,11.96,5.43,3.26,2.17,0.0,0.0,7.61,2.17,5.43,0.0,5.43,0.0,18.48,1.09,0.0,5.43,1.09,5.43,1.09,0.0,0.0,0.0,2.17,2.17,3.26,1.09,2.17,0.0,1.09,1.09,0.0,0.0,0.0,9.78,4.35,0.0,3.26,2.17,0.0,7.61,4.35,0.0,16.3,2.17,7.61,7.61,1.09,1.09,0.0,1.09,1.09,0.0,0.0,0.0,0.0,0.0,0.0,0.0,10.87,5.43,4.35,0.0,0.0,0.0,0.0,0.0,0.0,0.0,0.0,1.09
1830,9orm49,survivorsofabuse,abuse,"Come one, come all. Join us if you need support, or a friendly community to become apart of. **Invitation Link:** <url> We also have a subreddit for people who can't get Discord: r/AngelsWingsSupport **DISCLAIMER:** *We are not medical professionals.",0,1.0,1539722692,40,44.33,89.42,59.88,72.57,13.33,25.0,85.0,45.0,12.5,10.0,0.0,7.5,2.5,0.0,0.0,2.5,5.0,7.5,7.5,2.5,7.5,5.0,22.5,0.0,0.0,2.5,2.5,2.5,5.0,2.5,0.0,0.0,0.0,0.0,20.0,0.0,2.5,0.0,0.0,22.5,5.0,0.0,5.0,5.0,2.5,12.5,0.0,0.0,0.0,0.0,2.5,0.0,2.5,0.0,0.0,17.5,15.0,0.0,0.0,2.5,0.0,0.0,25.0,0.0,10.0,5.0,5.0,0.0,2.5,0.0,0.0,0.0,0.0,0.0,2.5,0.0,2.5,0.0,0.0,0.0,52.5,7.5,5.0,7.5,0.0,0.0,0.0,0.0,0.0,2.5,0.0,30.0
260,8og12v,almosthomeless,financial,"However, I still need to figure out my best options. That said, I have a few hundred USD to roll with, as well as a part-time job. I know a shelter that's not awfully far from where I work too. So I have my short-term plan, save for possessions. I'll need to call up some storage units tomorrow to check locations and prices.",0,0.571428571,1528105604,65,55.78,8.32,97.02,95.12,13.0,13.85,90.77,52.31,15.38,12.31,12.31,0.0,0.0,0.0,0.0,3.08,4.62,16.92,6.15,9.23,7.69,1.54,13.85,9.23,4.62,1.54,1.54,4.62,4.62,4.62,0.0,0.0,0.0,0.0,3.08,0.0,0.0,0.0,0.0,12.31,3.08,0.0,3.08,3.08,0.0,3.08,1.54,0.0,1.54,0.0,0.0,0.0,0.0,0.0,0.0,6.15,0.0,4.62,3.08,1.54,0.0,1.54,12.31,4.62,16.92,1.54,9.23,6.15,3.08,0.0,0.0,3.08,0.0,0.0,1.54,0.0,0.0,0.0,1.54,0.0,20.0,7.69,6.15,0.0,0.0,0.0,0.0,3.08,0.0,3.08,0.0,0.0
278,5qxuyo,anxiety,anxiety,"Secondly; after 3 years of countless meds and as many strains of dank as you can think of, I finally discovered my cure to anxiety. I've heard handfuls of people say music helps but that's never been that case for me. Until tonight. I started listening to kid Cudi during an anxiety attack, I've been listening to him for a long time but never during an episode, I discovered his music helps me significantly. More than any meds I've ever tried.",0,1.0,1485741413,81,59.07,40.24,96.76,2.98,16.2,18.52,87.65,53.09,17.28,14.81,11.11,0.0,1.23,2.47,0.0,2.47,3.7,19.75,8.64,4.94,7.41,2.47,18.52,7.41,6.17,0.0,1.23,3.7,7.41,2.47,4.94,3.7,1.23,0.0,13.58,0.0,0.0,0.0,2.47,12.35,3.7,0.0,0.0,1.23,3.7,3.7,8.64,0.0,7.41,1.23,0.0,0.0,0.0,0.0,0.0,6.17,2.47,1.23,2.47,0.0,0.0,6.17,11.11,1.23,16.05,0.0,1.23,14.81,0.0,2.47,0.0,0.0,0.0,0.0,1.23,0.0,1.23,0.0,0.0,0.0,16.05,6.17,3.7,0.0,1.23,0.0,0.0,0.0,0.0,4.94,0.0,0.0
614,9vkbbr,ptsd,ptsd,"Whenever I have a reaction or meltdown, he always tries to give shitty advice like ""just think about the things you're grateful for."" I'm sorry, but in the therapies I've taken and in the books I have to help me, nothing *anywhere* says anything about gratitude and it tends to trigger me when he says this because it's what my narcy mom would say to me. I tried to explain this and asked him to read my books and he got mad at me because in his mind I was trying to tell him what to do and I was being ""ungrateful"" for his help. I told him how important it was to me for him to read these books because it would help me feel more understood, but he keeps coming up with excuse after excuse about why he doesn't want to read them. I just don't know what to do anymore.",1,0.571428571,1541769275,153,12.51,62.81,15.99,16.43,30.6,11.76,98.04,67.97,28.1,19.61,11.11,0.0,0.65,7.19,0.65,8.5,2.61,16.99,10.46,6.54,9.15,1.96,26.14,1.96,1.96,4.58,0.0,0.65,4.58,1.96,2.61,0.0,1.31,0.65,18.3,0.65,0.0,0.65,7.19,15.03,3.27,4.58,1.96,2.61,1.31,1.96,2.61,0.0,1.96,0.65,1.31,0.65,0.65,0.0,0.0,6.54,1.96,1.96,3.27,1.31,0.0,5.88,15.03,0.65,7.84,0.65,3.92,3.27,3.92,1.96,0.0,0.0,0.0,0.0,0.65,0.65,0.0,0.0,0.0,0.0,13.73,3.27,2.61,0.0,0.0,0.0,0.0,0.0,2.61,3.92,0.0,1.31
16708,77hxog,ptsd,ptsd,"I’ve started unearthing old albums; I’ve gone back to practising the drums regularly; I’ve been watching more movies and reading more books. Weirdly enough, I feel more in touch with the world. And what now? Will I continue along the road of abstinence? I don’t see any reason to jump off the wagon at this stage.",0,1.0,1508452423,56,67.14,10.58,99.0,6.15,11.2,16.07,87.5,50.0,14.29,10.71,10.71,0.0,0.0,0.0,0.0,3.57,7.14,14.29,10.71,5.36,3.57,1.79,23.21,5.36,5.36,1.79,0.0,7.14,1.79,0.0,1.79,0.0,0.0,0.0,0.0,0.0,0.0,0.0,0.0,5.36,3.57,1.79,0.0,1.79,0.0,0.0,7.14,3.57,0.0,3.57,0.0,0.0,0.0,0.0,0.0,0.0,0.0,0.0,0.0,0.0,0.0,5.36,16.07,1.79,23.21,3.57,10.71,10.71,1.79,5.36,0.0,0.0,0.0,0.0,0.0,0.0,0.0,0.0,0.0,0.0,21.43,5.36,1.79,0.0,3.57,3.57,0.0,0.0,0.0,7.14,0.0,0.0
2354,7r1pfj,relationships,social,"She never messaged him back, but I asked her why she still had him on Snapchat. I only asked it because she had claimed to have deleted her ex's on social media. Whatever, that's a nice feeling and I'm glad, but at the same time it wouldn't really be an issue for me if she did still have them. Fast forward to last night... My fiance was acting all weird and put out so I tried figure out what was going on and what she was upset about.",0,0.6,1516202936,88,3.76,67.52,46.36,25.77,17.6,10.23,94.32,68.18,25.0,18.18,6.82,0.0,0.0,10.23,1.14,6.82,3.41,11.36,13.64,10.23,9.09,2.27,21.59,5.68,1.14,4.55,0.0,1.14,4.55,2.27,2.27,1.14,0.0,0.0,18.18,1.14,1.14,7.95,3.41,12.5,2.27,2.27,2.27,1.14,2.27,4.55,1.14,0.0,0.0,1.14,0.0,0.0,0.0,0.0,0.0,5.68,4.55,1.14,0.0,0.0,0.0,12.5,5.68,1.14,19.32,4.55,9.09,10.23,0.0,1.14,0.0,0.0,0.0,0.0,1.14,0.0,1.14,0.0,0.0,0.0,15.91,7.95,3.41,0.0,0.0,0.0,0.0,0.0,0.0,4.55,0.0,0.0
1447,8jy4ib,anxiety,anxiety,"Maybe kind of nauseous? Not in a normal nauseated feeling. Its more like that pit of my stomach, I'm about to get in big trouble, or I'm waiting for the cops to come pick me up or something haha. Like, it has that prickle in my spine to it. And that restlessness in my head.",1,1.0,1526501715,54,70.5,2.1,98.01,1.0,10.8,18.52,98.15,62.96,24.07,11.11,11.11,0.0,0.0,0.0,0.0,12.96,3.7,24.07,5.56,3.7,5.56,1.85,14.81,5.56,5.56,0.0,0.0,1.85,7.41,1.85,5.56,1.85,1.85,0.0,0.0,0.0,0.0,0.0,0.0,14.81,1.85,1.85,0.0,9.26,0.0,5.56,1.85,0.0,0.0,1.85,11.11,7.41,3.7,0.0,0.0,9.26,0.0,0.0,5.56,1.85,1.85,0.0,11.11,0.0,14.81,1.85,11.11,1.85,0.0,0.0,0.0,0.0,0.0,0.0,3.7,1.85,1.85,0.0,0.0,0.0,18.52,7.41,5.56,0.0,0.0,1.85,0.0,0.0,0.0,3.7,0.0,0.0
40296,7gis8x,ptsd,ptsd,"Hi everyone, I'm giving writing a go to try and cope with my PTSD. I was recommended to start a blog on an app called Vocal, you get paid per 1000 views, but that doesn't really matter to me, it'd be a cool bonus though. This blog is for people who need someone to relate to, so maybe they don't feel alone anymore or that they feel as if someone can understand them. I've only started today but any support would be so appreciated, a blog is the only way of helping myself and helping others at the same time, I have one post up at the moment but I'm going to write as many as I can.",0,1.0,1512007372,118,23.73,43.26,87.71,97.07,29.5,10.17,94.92,61.02,19.49,11.02,7.63,0.0,0.85,0.0,2.54,8.47,6.78,13.56,12.71,5.93,11.02,1.69,24.58,5.08,3.39,0.85,1.69,1.69,6.78,5.93,0.85,0.0,0.0,0.85,13.56,0.0,0.0,0.0,0.0,17.8,4.24,0.0,2.54,5.93,0.85,6.78,3.39,0.85,0.0,2.54,0.0,0.0,0.0,0.0,0.0,4.24,0.85,1.69,0.85,1.69,0.0,3.39,19.49,0.85,11.86,1.69,4.24,5.08,1.69,2.54,0.0,1.69,0.0,0.0,1.69,0.0,0.85,0.85,0.0,0.0,14.41,3.39,5.93,0.0,0.0,0.0,0.0,0.0,0.0,5.08,0.0,0.0
49851,8nav9p,ptsd,ptsd,"I am just sick of this being my daily life. Between the derealization and the hypervigilance and paranoia even on good days I still don't feel like a person - and that's not even touching the flashbacks and nightmares. I don't know what to do anymore. I can't find a shrink who I trust or who seems equipped to help with the particular symptoms I have, and that seems like my only option. What do I do?",1,1.0,1527704203,76,14.15,7.4,90.72,9.56,15.2,14.47,93.42,68.42,22.37,11.84,11.84,0.0,0.0,0.0,0.0,10.53,7.89,10.53,11.84,6.58,7.89,5.26,18.42,3.95,3.95,5.26,0.0,0.0,6.58,2.63,3.95,1.32,0.0,0.0,6.58,0.0,0.0,0.0,0.0,11.84,6.58,0.0,0.0,5.26,0.0,3.95,2.63,0.0,0.0,2.63,3.95,0.0,3.95,0.0,0.0,3.95,1.32,0.0,1.32,1.32,1.32,0.0,19.74,0.0,6.58,0.0,1.32,5.26,0.0,0.0,0.0,0.0,0.0,0.0,0.0,0.0,0.0,0.0,0.0,0.0,14.47,5.26,1.32,0.0,0.0,1.32,0.0,1.32,0.0,5.26,0.0,0.0
8257,5ydg3l,anxiety,anxiety,"I've been suffering from anxiety and ptsd since I was 13, actively working towards recovery for the past three years. It's been up and down, of course, but overall I've made really encouraging progress. For the past six months I've been dating a really sweet guy, someone I think is worthy of my trust and good for me. We're both interested in being together long-term. This is the first healthy relationship I've ever been in, and I've been working really hard not to let past experiences and my own issues negatively affect our partnership.",0,1.0,1489039495,95,31.19,29.92,99.0,97.58,19.0,18.95,94.74,56.84,15.79,12.63,10.53,2.11,0.0,0.0,0.0,3.16,4.21,13.68,16.84,4.21,6.32,2.11,24.21,3.16,0.0,0.0,4.21,1.05,9.47,7.37,2.11,1.05,0.0,1.05,10.53,0.0,2.11,0.0,1.05,12.63,1.05,3.16,0.0,2.11,1.05,5.26,3.16,0.0,0.0,1.05,1.05,0.0,0.0,0.0,1.05,16.84,7.37,5.26,2.11,1.05,1.05,10.53,11.58,0.0,18.95,0.0,8.42,10.53,3.16,0.0,0.0,0.0,0.0,0.0,0.0,0.0,0.0,0.0,0.0,0.0,18.95,5.26,5.26,0.0,0.0,0.0,0.0,1.05,0.0,7.37,0.0,0.0
39739,6hajy7,assistance,financial,"Hi Everyone! My aunt is currently helping out the bus service in San Andres Ixtlahuaca, Oaxaca. The bus that is used currently is over 10 years old, which is over the limit required by the Mexican Government. The pueblo do not have the funds to afford a new bus and are at risk of losing the most affordable option of transportation. The people are concerned with raising funds, and it would be amazing if they got help.",0,1.0,1497475302,77,91.48,65.17,18.34,25.77,15.4,18.18,84.42,50.65,7.79,2.6,1.3,0.0,0.0,0.0,1.3,5.19,11.69,12.99,12.99,0.0,3.9,1.3,16.88,5.19,1.3,1.3,1.3,1.3,6.49,2.6,2.6,1.3,0.0,1.3,9.09,1.3,0.0,1.3,0.0,9.09,0.0,1.3,2.6,3.9,1.3,2.6,0.0,0.0,0.0,0.0,0.0,0.0,0.0,0.0,0.0,11.69,2.6,2.6,5.19,1.3,2.6,2.6,14.29,0.0,14.29,1.3,6.49,6.49,3.9,0.0,0.0,3.9,0.0,0.0,0.0,0.0,0.0,0.0,0.0,0.0,10.39,5.19,3.9,0.0,0.0,0.0,1.3,0.0,0.0,0.0,0.0,0.0
1836,9j7nty,domesticviolence,abuse,He tells me he loves me with his smile and outstretched arms every day. I need to be a good mom for him. &#x200B; Thank you for reading. I have been holding this in for so long and I guess I just wanted to be heard.,0,0.833333333,1538004278,46,28.96,80.77,1.0,99.0,11.5,6.52,93.48,60.87,26.09,23.91,13.04,0.0,2.17,8.7,0.0,2.17,2.17,15.22,8.7,4.35,6.52,0.0,23.91,0.0,0.0,0.0,0.0,2.17,8.7,8.7,0.0,0.0,0.0,0.0,19.57,2.17,0.0,2.17,8.7,8.7,0.0,0.0,4.35,2.17,2.17,0.0,2.17,0.0,2.17,0.0,4.35,2.17,0.0,0.0,0.0,4.35,2.17,0.0,0.0,2.17,0.0,6.52,17.39,0.0,6.52,0.0,4.35,2.17,0.0,0.0,0.0,0.0,0.0,0.0,0.0,0.0,0.0,0.0,0.0,0.0,15.22,8.7,0.0,0.0,2.17,0.0,0.0,0.0,0.0,0.0,0.0,4.35
1019,8yudhv,domesticviolence,abuse,"All of this has made me feel really horrible. It has destroyed my self esteem and made me feel depressed, unlovable, worthless, responsible, etc. It has also had severe and debilitating impacts on my mental and physical health.",1,1.0,1531585012,38,8.78,14.62,50.35,1.0,12.67,23.68,89.47,47.37,18.42,10.53,10.53,0.0,0.0,0.0,0.0,7.89,0.0,5.26,10.53,5.26,10.53,0.0,21.05,10.53,0.0,0.0,0.0,2.63,15.79,0.0,15.79,2.63,2.63,5.26,2.63,0.0,0.0,0.0,0.0,15.79,5.26,5.26,0.0,0.0,2.63,2.63,5.26,0.0,0.0,5.26,5.26,0.0,5.26,0.0,0.0,5.26,0.0,0.0,5.26,0.0,0.0,7.89,13.16,0.0,2.63,0.0,2.63,0.0,2.63,0.0,0.0,0.0,0.0,0.0,0.0,0.0,0.0,0.0,0.0,0.0,18.42,7.89,10.53,0.0,0.0,0.0,0.0,0.0,0.0,0.0,0.0,0.0
1630,80glwf,domesticviolence,abuse,"Accounts incredibly overdue. A life entirely unattended to, without organization or care. Chaos. I knew none of this. The man he presented to me was one of principle (honesty, loyalty, your word is your bond, etc), always ready to protect and serve in whatever way necessary.",1,0.666666667,1519679905,46,80.03,50.0,16.76,99.0,9.2,30.43,78.26,45.65,15.22,10.87,4.35,0.0,4.35,2.17,0.0,4.35,4.35,15.22,4.35,0.0,4.35,4.35,8.7,2.17,0.0,2.17,2.17,4.35,8.7,8.7,0.0,0.0,0.0,0.0,8.7,0.0,0.0,0.0,4.35,13.04,2.17,0.0,0.0,2.17,6.52,4.35,0.0,0.0,0.0,0.0,2.17,0.0,2.17,0.0,0.0,4.35,2.17,0.0,0.0,0.0,2.17,4.35,4.35,0.0,6.52,0.0,4.35,2.17,2.17,0.0,0.0,2.17,0.0,0.0,0.0,0.0,0.0,0.0,0.0,0.0,26.09,10.87,10.87,0.0,0.0,0.0,0.0,0.0,0.0,0.0,4.35,0.0
1133,9p4ung,ptsd,ptsd,"I don't have the ability to cope with it anymore. I'm trying, but a lot of things are triggering me, and I'm shutting down at work, just finding the place I feel safest, and staying there for an hour or two until I feel like I can do something again. I'm tired of watching my back, tired of traveling to places I don't feel safe, tired of reliving that moment, tired of being triggered, tired of the stress, tired of anxiety and knots in my stomach, tired of irrational thought when triggered, tired of irrational paranoia. I'm exhausted and need a break, but know it won't be enough until I journey the long road through therapy. I'm not suicidal at all, just wishing this pain and misery would end, to have my life back again.",1,1.0,1539827412,135,40.97,4.45,98.01,1.0,27.0,17.78,96.3,58.52,16.3,11.11,11.11,0.0,0.0,0.0,0.0,5.19,5.19,16.3,11.85,5.93,8.15,2.96,19.26,7.41,1.48,0.74,0.74,1.48,7.41,1.48,5.93,4.44,0.0,0.74,0.0,0.0,0.0,0.0,0.0,14.81,4.44,2.22,2.22,2.96,0.74,2.96,3.7,0.74,0.0,2.96,9.63,0.74,8.89,0.0,0.0,4.44,0.0,2.22,0.74,0.0,1.48,0.0,14.07,1.48,17.04,2.22,8.15,8.15,0.74,0.74,0.0,0.0,0.0,0.74,0.0,0.0,0.0,0.0,0.0,0.0,20.0,3.7,10.37,0.0,0.0,0.0,0.0,0.0,0.0,5.93,0.0,0.0
10442,9nam6l,anxiety,anxiety,"In case this is the first time you're reading this post... We are looking for people who are willing to complete some online questionnaires about employment and well-being which we hope will help us to improve services for assisting people with mental health difficulties to obtain and retain employment. We are developing an employment questionnaire for people with personality disorders; however we are looking for people from all backgrounds to complete it. That means you do not need to have a diagnosis of personality disorder – you just need to have an interest in completing the online questionnaires. The questionnaires will only take about 10 minutes to complete online. For your participation, we’ll donate £1 on your behalf to a mental health charity (Young Minds: Child & Adolescent Mental Health, Mental Health Foundation, or Rethink).",0,1.0,1539269312,134,79.52,97.34,2.27,80.01,22.33,25.37,84.33,48.51,12.69,8.21,0.0,4.48,3.73,0.0,0.0,4.48,5.22,16.42,9.7,4.48,2.99,0.75,17.16,4.48,0.0,1.49,2.24,1.49,5.22,3.73,0.75,0.0,0.0,0.0,14.18,0.0,0.0,0.0,0.0,10.45,2.24,0.0,2.24,2.24,2.99,2.24,1.49,1.49,0.0,0.0,3.73,0.0,3.73,0.0,0.0,11.19,5.97,2.24,1.49,2.24,0.75,0.0,11.94,2.99,6.72,0.0,2.99,2.99,4.48,0.0,0.0,1.49,0.0,0.0,0.75,0.0,0.0,0.0,0.75,0.0,14.18,5.97,2.24,0.75,0.75,0.0,0.0,0.75,0.0,1.49,1.49,0.75
961,5y25cl,ptsd,ptsd,"I was talking to my mom this morning and she said that about my sister. Her trauma was worse than mine but she didn't develop PTSD. (My mom has no idea I even had a traumatic event) I told her it's not that easy, and she said it just needs to be done. Now I am scared.",1,0.571428571,1488909516,57,1.0,29.92,28.23,1.0,14.25,7.02,98.25,68.42,31.58,22.81,14.04,0.0,0.0,8.77,0.0,8.77,1.75,7.02,15.79,7.02,5.26,5.26,24.56,7.02,3.51,0.0,0.0,0.0,8.77,1.75,7.02,1.75,0.0,0.0,21.05,5.26,0.0,14.04,0.0,10.53,1.75,0.0,1.75,0.0,0.0,7.02,3.51,0.0,3.51,0.0,0.0,0.0,0.0,0.0,0.0,3.51,1.75,0.0,0.0,0.0,1.75,14.04,12.28,0.0,5.26,0.0,0.0,5.26,1.75,0.0,0.0,0.0,0.0,0.0,0.0,0.0,0.0,0.0,0.0,0.0,15.79,7.02,1.75,0.0,0.0,0.0,0.0,0.0,0.0,3.51,3.51,0.0
