id,label,n_sentences,sentence_idx,position,prob_stress_full,prob_stress_without,delta_prob_stress
896,0,5,0,first,0.07097554,0.0924982,0.021522656
896,0,5,1,middle,0.07097554,0.083414234,0.012438692
896,0,5,2,middle,0.07097554,0.06904311,-0.0019324347
896,0,5,3,middle,0.07097554,0.06684807,-0.0041274726
896,0,5,4,last,0.07097554,0.08517786,0.014202319
19059,0,5,0,first,0.24886724,0.26594907,0.017081827
19059,0,5,1,middle,0.24886724,0.21053572,-0.038331524
19059,0,5,2,middle,0.24886724,0.19561335,-0.05325389
19059,0,5,3,middle,0.24886724,0.28625965,0.037392408
19059,0,5,4,last,0.24886724,0.2706,0.021732748
7977,1,4,0,first,0.9298301,0.91712904,-0.012701035
7977,1,4,1,middle,0.9298301,0.9351772,0.0053471327
7977,1,4,2,middle,0.9298301,0.9389408,0.009110749
7977,1,4,3,last,0.9298301,0.115488954,-0.8143411
1214,1,5,0,first,0.92855686,0.9207076,-0.007849276
1214,1,5,1,middle,0.92855686,0.9252404,-0.003316462
1214,1,5,2,middle,0.92855686,0.8043795,-0.12417734
1214,1,5,3,middle,0.92855686,0.7900506,-0.13850623
1214,1,5,4,last,0.92855686,0.92971814,0.0011612773
1965,0,5,0,first,0.5862196,0.5628048,-0.02341479
1965,0,5,1,middle,0.5862196,0.60388964,0.017670035
1965,0,5,2,middle,0.5862196,0.79199797,0.20577836
1965,0,5,3,middle,0.5862196,0.41086954,-0.17535007
1965,0,5,4,last,0.5862196,0.1844046,-0.401815
850,0,4,0,first,0.103782356,0.11213654,0.008354187
850,0,4,1,middle,0.103782356,0.12454597,0.020763613
850,0,4,2,middle,0.103782356,0.09016393,-0.013618425
850,0,4,3,last,0.103782356,0.08797783,-0.01580453
1643,0,5,0,first,0.10684264,0.13423592,0.027393281
1643,0,5,1,middle,0.10684264,0.106801055,-4.158169e-05
1643,0,5,2,middle,0.10684264,0.08666468,-0.02017796
1643,0,5,3,middle,0.10684264,0.08944516,-0.017397478
1643,0,5,4,last,0.10684264,0.10840573,0.0015630946
39090,1,5,0,first,0.86633736,0.9094958,0.043158412
39090,1,5,1,middle,0.86633736,0.8152942,-0.051043153
39090,1,5,2,middle,0.86633736,0.8724564,0.006119013
39090,1,5,3,middle,0.86633736,0.92437094,0.058033586
39090,1,5,4,last,0.86633736,0.7643479,-0.10198945
19468,1,5,0,first,0.95010746,0.9540448,0.0039373636
19468,1,5,1,middle,0.95010746,0.9362662,-0.013841271
19468,1,5,2,middle,0.95010746,0.94553256,-0.004574895
19468,1,5,3,middle,0.95010746,0.9552825,0.005175054
19468,1,5,4,last,0.95010746,0.94135684,-0.0087506175
48595,0,5,0,first,0.062291726,0.05863144,-0.0036602877
48595,0,5,1,middle,0.062291726,0.06797816,0.005686432
48595,0,5,2,middle,0.062291726,0.056238696,-0.0060530305
48595,0,5,3,middle,0.062291726,0.054651607,-0.0076401196
48595,0,5,4,last,0.062291726,0.06029018,-0.0020015463
1039,1,5,0,first,0.8192913,0.74755144,-0.07173985
1039,1,5,1,middle,0.8192913,0.8763981,0.057106793
1039,1,5,2,middle,0.8192913,0.809288,-0.010003269
1039,1,5,3,middle,0.8192913,0.46898404,-0.35030726
1039,1,5,4,last,0.8192913,0.9135185,0.094227195
588,1,5,0,first,0.9316116,0.9074525,-0.024159074
588,1,5,1,middle,0.9316116,0.90284544,-0.028766155
588,1,5,2,middle,0.9316116,0.9023388,-0.029272795
588,1,5,3,middle,0.9316116,0.3692692,-0.5623424
588,1,5,4,last,0.9316116,0.9460708,0.014459193
53256,1,5,0,first,0.69036686,0.43448824,-0.25587863
53256,1,5,1,middle,0.69036686,0.69030356,-6.330013e-05
53256,1,5,2,middle,0.69036686,0.54826826,-0.1420986
53256,1,5,3,middle,0.69036686,0.84406877,0.1537019
53256,1,5,4,last,0.69036686,0.6714578,-0.018909037
39650,1,5,0,first,0.9568596,0.9530955,-0.003764093
39650,1,5,1,middle,0.9568596,0.95982265,0.002963066
39650,1,5,2,middle,0.9568596,0.9590693,0.002209723
39650,1,5,3,middle,0.9568596,0.9554349,-0.0014246702
39650,1,5,4,last,0.9568596,0.74179834,-0.21506125
414,1,5,0,first,0.9038882,0.91769886,0.013810635
414,1,5,1,middle,0.9038882,0.87455714,-0.029331088
414,1,5,2,middle,0.9038882,0.9074794,0.0035911798
414,1,5,3,middle,0.9038882,0.8847488,-0.019139409
414,1,5,4,last,0.9038882,0.80959934,-0.094288886
1824,0,5,0,first,0.41411334,0.6647223,0.25060898
1824,0,5,1,middle,0.41411334,0.32660007,-0.08751327
1824,0,5,2,middle,0.41411334,0.51918703,0.10507369
1824,0,5,3,middle,0.41411334,0.292604,-0.12150934
1824,0,5,4,last,0.41411334,0.13527739,-0.27883595
813,1,5,0,first,0.95293427,0.95255184,-0.0003824234
813,1,5,1,middle,0.95293427,0.9512156,-0.0017186403
813,1,5,2,middle,0.95293427,0.93728954,-0.01564473
813,1,5,3,middle,0.95293427,0.9451828,-0.007751465
813,1,5,4,last,0.95293427,0.95336336,0.00042909384
745,1,5,0,first,0.47410154,0.5326736,0.058572054
745,1,5,1,middle,0.47410154,0.8079472,0.33384567
745,1,5,2,middle,0.47410154,0.2816746,-0.19242695
745,1,5,3,middle,0.47410154,0.122130625,-0.3519709
745,1,5,4,last,0.47410154,0.692568,0.21846646
895,0,5,0,first,0.84732527,0.89012855,0.042803288
895,0,5,1,middle,0.84732527,0.302739,-0.5445863
895,0,5,2,middle,0.84732527,0.87002575,0.022700489
895,0,5,3,middle,0.84732527,0.8515863,0.004261017
895,0,5,4,last,0.84732527,0.6013844,-0.24594086
1361,0,5,0,first,0.6452077,0.7140665,0.0688588
1361,0,5,1,middle,0.6452077,0.7402811,0.0950734
1361,0,5,2,middle,0.6452077,0.14269981,-0.5025079
1361,0,5,3,middle,0.6452077,0.8242657,0.17905802
1361,0,5,4,last,0.6452077,0.89930546,0.25409776
46063,0,5,0,first,0.16845137,0.21239291,0.043941543
46063,0,5,1,middle,0.16845137,0.22315986,0.054708496
46063,0,5,2,middle,0.16845137,0.11106202,-0.05738935
46063,0,5,3,middle,0.16845137,0.1957845,0.027333125
46063,0,5,4,last,0.16845137,0.074118674,-0.094332695
6587,0,5,0,first,0.069880076,0.07198554,0.002105467
6587,0,5,1,middle,0.069880076,0.0710166,0.0011365265
6587,0,5,2,middle,0.069880076,0.07130294,0.0014228672
6587,0,5,3,middle,0.069880076,0.06677355,-0.003106527
6587,0,5,4,last,0.069880076,0.06291003,-0.006970048
108,0,4,0,first,0.064102024,0.063272335,-0.0008296892
108,0,4,1,middle,0.064102024,0.059331957,-0.0047700666
108,0,4,2,middle,0.064102024,0.06714327,0.003041245
108,0,4,3,last,0.064102024,0.07715257,0.013050549
337,1,5,0,first,0.9441273,0.74504274,-0.19908458
337,1,5,1,middle,0.9441273,0.94245267,-0.0016746521
337,1,5,2,middle,0.9441273,0.9436141,-0.000513196
337,1,5,3,middle,0.9441273,0.9478152,0.0036878586
337,1,5,4,last,0.9441273,0.9518723,0.007744968
54251,1,5,0,first,0.8383814,0.46979752,-0.3685839
54251,1,5,1,middle,0.8383814,0.90523803,0.06685662
54251,1,5,2,middle,0.8383814,0.83568645,-0.0026949644
54251,1,5,3,middle,0.8383814,0.8679792,0.029597819
54251,1,5,4,last,0.8383814,0.75499976,-0.08338165
723,0,5,0,first,0.24706568,0.17470479,-0.07236089
723,0,5,1,middle,0.24706568,0.25835755,0.011291876
723,0,5,2,middle,0.24706568,0.11795983,-0.12910585
723,0,5,3,middle,0.24706568,0.17744261,-0.06962307
723,0,5,4,last,0.24706568,0.1003984,-0.14666727
1466,0,5,0,first,0.28046048,0.18533011,-0.09513037
1466,0,5,1,middle,0.28046048,0.27497488,-0.0054855943
1466,0,5,2,middle,0.28046048,0.13714902,-0.14331146
1466,0,5,3,middle,0.28046048,0.11897625,-0.16148423
1466,0,5,4,last,0.28046048,0.5441614,0.2637009
16030,0,5,0,first,0.06213507,0.06155219,-0.0005828813
16030,0,5,1,middle,0.06213507,0.0760276,0.013892531
16030,0,5,2,middle,0.06213507,0.07355557,0.011420496
16030,0,5,3,middle,0.06213507,0.076157905,0.014022835
16030,0,5,4,last,0.06213507,0.05608808,-0.006046992
38903,0,5,0,first,0.07163333,0.07911623,0.007482901
38903,0,5,1,middle,0.07163333,0.08452175,0.012888417
38903,0,5,2,middle,0.07163333,0.064246714,-0.0073866174
38903,0,5,3,middle,0.07163333,0.102151565,0.030518234
38903,0,5,4,last,0.07163333,0.058464937,-0.013168395
801,0,5,0,first,0.09020698,0.09189763,0.0016906485
801,0,5,1,middle,0.09020698,0.078746825,-0.011460155
801,0,5,2,middle,0.09020698,0.08554429,-0.0046626925
801,0,5,3,middle,0.09020698,0.10330782,0.01310084
801,0,5,4,last,0.09020698,0.113330565,0.023123585
24942,1,5,0,first,0.9523729,0.94137895,-0.0109939575
24942,1,5,1,middle,0.9523729,0.9308373,-0.021535635
24942,1,5,2,middle,0.9523729,0.94284225,-0.0095306635
24942,1,5,3,middle,0.9523729,0.9539246,0.0015516877
24942,1,5,4,last,0.9523729,0.957582,0.0052090883
32340,0,5,0,first,0.072021194,0.08690879,0.014887594
32340,0,5,1,middle,0.072021194,0.071707204,-0.00031398982
32340,0,5,2,middle,0.072021194,0.061144512,-0.010876682
32340,0,5,3,middle,0.072021194,0.07406944,0.0020482466
32340,0,5,4,last,0.072021194,0.093381226,0.021360032
48561,1,5,0,first,0.9532889,0.93843055,-0.014858365
48561,1,5,1,middle,0.9532889,0.9429246,-0.010364294
48561,1,5,2,middle,0.9532889,0.95940936,0.0061204433
48561,1,5,3,middle,0.9532889,0.9342714,-0.019017518
48561,1,5,4,last,0.9532889,0.95400065,0.00071173906
61,1,5,0,first,0.559788,0.42937312,-0.13041487
61,1,5,1,middle,0.559788,0.65889454,0.09910655
61,1,5,2,middle,0.559788,0.41378075,-0.14600724
61,1,5,3,middle,0.559788,0.49753666,-0.06225133
61,1,5,4,last,0.559788,0.6635737,0.10378569
24225,0,5,0,first,0.057374626,0.050444163,-0.006930463
24225,0,5,1,middle,0.057374626,0.064574756,0.0072001293
24225,0,5,2,middle,0.057374626,0.14930712,0.09193249
24225,0,5,3,middle,0.057374626,0.064549856,0.0071752295
24225,0,5,4,last,0.057374626,0.051840812,-0.0055338144
1462,0,5,0,first,0.13820225,0.16912849,0.030926242
1462,0,5,1,middle,0.13820225,0.08389171,-0.054310538
1462,0,5,2,middle,0.13820225,0.1562579,0.018055648
1462,0,5,3,middle,0.13820225,0.15379125,0.015588999
1462,0,5,4,last,0.13820225,0.122446224,-0.015756026
1234,0,5,0,first,0.21088618,0.25004822,0.03916204
1234,0,5,1,middle,0.21088618,0.121045604,-0.089840576
1234,0,5,2,middle,0.21088618,0.21940693,0.008520752
1234,0,5,3,middle,0.21088618,0.07341969,-0.13746649
1234,0,5,4,last,0.21088618,0.5242781,0.31339192
1661,1,5,0,first,0.95037955,0.92696565,-0.023413897
1661,1,5,1,middle,0.95037955,0.95172113,0.0013415813
1661,1,5,2,middle,0.95037955,0.9497344,-0.0006451607
1661,1,5,3,middle,0.95037955,0.9372929,-0.013086677
1661,1,5,4,last,0.95037955,0.9505659,0.00018632412
1224,1,5,0,first,0.75081336,0.7653648,0.014551461
1224,1,5,1,middle,0.75081336,0.7632769,0.01246351
1224,1,5,2,middle,0.75081336,0.6982211,-0.052592278
1224,1,5,3,middle,0.75081336,0.68548226,-0.0653311
1224,1,5,4,last,0.75081336,0.6472836,-0.10352975
45743,0,4,0,first,0.04635222,0.05448543,0.00813321
45743,0,4,1,middle,0.04635222,0.04412145,-0.0022307672
45743,0,4,2,middle,0.04635222,0.057478268,0.011126049
45743,0,4,3,last,0.04635222,0.04868336,0.0023311414
1223,0,5,0,first,0.8833593,0.88859755,0.005238235
1223,0,5,1,middle,0.8833593,0.8710986,-0.012260735
1223,0,5,2,middle,0.8833593,0.8735288,-0.009830534
1223,0,5,3,middle,0.8833593,0.7748738,-0.10848552
1223,0,5,4,last,0.8833593,0.8453202,-0.03803909
5248,1,5,0,first,0.9593358,0.95712245,-0.0022133589
5248,1,5,1,middle,0.9593358,0.9564088,-0.0029270053
5248,1,5,2,middle,0.9593358,0.95598555,-0.0033502579
5248,1,5,3,middle,0.9593358,0.95858216,-0.0007536411
5248,1,5,4,last,0.9593358,0.95370686,-0.0056289434
751,1,5,0,first,0.9591508,0.9606973,0.0015465021
751,1,5,1,middle,0.9591508,0.94868946,-0.01046133
751,1,5,2,middle,0.9591508,0.95397866,-0.0051721334
751,1,5,3,middle,0.9591508,0.9541207,-0.0050300956
751,1,5,4,last,0.9591508,0.9599887,0.0008379221
25778,1,5,0,first,0.963591,0.95522314,-0.0083678365
25778,1,5,1,middle,0.963591,0.9635585,-3.248453e-05
25778,1,5,2,middle,0.963591,0.9571064,-0.006484568
25778,1,5,3,middle,0.963591,0.9654304,0.0018393993
25778,1,5,4,last,0.963591,0.9638289,0.00023794174
29555,1,5,0,first,0.95743203,0.9583244,0.00089234114
29555,1,5,1,middle,0.95743203,0.9375905,-0.019841552
29555,1,5,2,middle,0.95743203,0.9497356,-0.0076964498
29555,1,5,3,middle,0.95743203,0.9500445,-0.007387519
29555,1,5,4,last,0.95743203,0.95895845,0.0015264153
12230,0,5,0,first,0.3077922,0.12411827,-0.18367392
12230,0,5,1,middle,0.3077922,0.41794842,0.11015624
12230,0,5,2,middle,0.3077922,0.3177524,0.009960204
12230,0,5,3,middle,0.3077922,0.45054415,0.14275196
12230,0,5,4,last,0.3077922,0.31108105,0.003288865
30603,1,5,0,first,0.9511826,0.9488925,-0.0022901297
30603,1,5,1,middle,0.9511826,0.93272066,-0.018461943
30603,1,5,2,middle,0.9511826,0.94817924,-0.0030033588
30603,1,5,3,middle,0.9511826,0.94979936,-0.001383245
30603,1,5,4,last,0.9511826,0.94155234,-0.009630263
42340,0,4,0,first,0.90991074,0.9201854,0.010274649
42340,0,4,1,middle,0.90991074,0.7903196,-0.11959112
42340,0,4,2,middle,0.90991074,0.85027283,-0.059637904
42340,0,4,3,last,0.90991074,0.9055086,-0.0044021606
247,0,5,0,first,0.122580156,0.09091857,-0.031661585
247,0,5,1,middle,0.122580156,0.13193302,0.009352863
247,0,5,2,middle,0.122580156,0.18698616,0.06440601
247,0,5,3,middle,0.122580156,0.116255745,-0.0063244104
247,0,5,4,last,0.122580156,0.40772977,0.28514963
1121,1,5,0,first,0.9295979,0.93441135,0.0048134327
1121,1,5,1,middle,0.9295979,0.91382027,-0.015777647
1121,1,5,2,middle,0.9295979,0.8982518,-0.031346142
1121,1,5,3,middle,0.9295979,0.91070306,-0.018894851
1121,1,5,4,last,0.9295979,0.93831474,0.008716822
49500,0,5,0,first,0.9514058,0.9602941,0.008888304
49500,0,5,1,middle,0.9514058,0.9401787,-0.011227131
49500,0,5,2,middle,0.9514058,0.91478515,-0.036620677
49500,0,5,3,middle,0.9514058,0.94793653,-0.0034692883
49500,0,5,4,last,0.9514058,0.9519395,0.0005337
44234,1,4,0,first,0.9577269,0.9266435,-0.031083405
44234,1,4,1,middle,0.9577269,0.9551698,-0.0025570989
44234,1,4,2,middle,0.9577269,0.9582982,0.0005713105
44234,1,4,3,last,0.9577269,0.959676,0.0019491315
365,0,4,0,first,0.8566661,0.83706707,-0.01959902
365,0,4,1,middle,0.8566661,0.71586615,-0.14079994
365,0,4,2,middle,0.8566661,0.84484357,-0.011822522
365,0,4,3,last,0.8566661,0.70280814,-0.15385795
53,1,5,0,first,0.38879403,0.5844286,0.19563457
53,1,5,1,middle,0.38879403,0.40585393,0.017059892
53,1,5,2,middle,0.38879403,0.5634967,0.17470267
53,1,5,3,middle,0.38879403,0.45964754,0.0708535
53,1,5,4,last,0.38879403,0.13873914,-0.2500549
55783,1,5,0,first,0.85670894,0.8487905,-0.007918417
55783,1,5,1,middle,0.85670894,0.8540217,-0.0026872158
55783,1,5,2,middle,0.85670894,0.8481702,-0.008538723
55783,1,5,3,middle,0.85670894,0.76598805,-0.09072089
55783,1,5,4,last,0.85670894,0.7774124,-0.07929653
1125,1,4,0,first,0.9604026,0.9604411,3.85046e-05
1125,1,4,1,middle,0.9604026,0.9589966,-0.001406014
1125,1,4,2,middle,0.9604026,0.95946133,-0.00094127655
1125,1,4,3,last,0.9604026,0.8751198,-0.0852828
1667,0,5,0,first,0.9130084,0.91569304,0.0026846528
1667,0,5,1,middle,0.9130084,0.89867866,-0.014329731
1667,0,5,2,middle,0.9130084,0.69447005,-0.21853834
1667,0,5,3,middle,0.9130084,0.91005355,-0.0029548407
1667,0,5,4,last,0.9130084,0.86171913,-0.05128926
40807,0,4,0,first,0.052900393,0.057241634,0.004341241
40807,0,4,1,middle,0.052900393,0.05866421,0.0057638176
40807,0,4,2,middle,0.052900393,0.05191569,-0.0009847023
40807,0,4,3,last,0.052900393,0.0657969,0.012896504
51868,1,5,0,first,0.95738024,0.94621325,-0.01116699
51868,1,5,1,middle,0.95738024,0.95443267,-0.002947569
51868,1,5,2,middle,0.95738024,0.94222814,-0.015152097
51868,1,5,3,middle,0.95738024,0.94266385,-0.014716387
51868,1,5,4,last,0.95738024,0.96146446,0.0040842295
864,0,3,0,first,0.5274881,0.5875216,0.0600335
864,0,3,1,middle,0.5274881,0.15628281,-0.3712053
864,0,3,2,last,0.5274881,0.43804926,-0.089438856
652,0,5,0,first,0.9333919,0.83307964,-0.10031229
652,0,5,1,middle,0.9333919,0.92667145,-0.0067204833
652,0,5,2,middle,0.9333919,0.9047681,-0.02862382
652,0,5,3,middle,0.9333919,0.92889535,-0.0044965744
652,0,5,4,last,0.9333919,0.9434352,0.010043263
12081,0,5,0,first,0.921897,0.9376202,0.015723228
12081,0,5,1,middle,0.921897,0.90522814,-0.016668856
12081,0,5,2,middle,0.921897,0.94017416,0.018277168
12081,0,5,3,middle,0.921897,0.93457896,0.012681961
12081,0,5,4,last,0.921897,0.5956086,-0.3262884
1771,1,4,0,first,0.8324537,0.86533654,0.03288281
1771,1,4,1,middle,0.8324537,0.7001501,-0.13230366
1771,1,4,2,middle,0.8324537,0.8862686,0.053814888
1771,1,4,3,last,0.8324537,0.23986784,-0.5925859
2603,0,5,0,first,0.4087276,0.07929599,-0.3294316
2603,0,5,1,middle,0.4087276,0.46331596,0.054588377
2603,0,5,2,middle,0.4087276,0.35651866,-0.05220893
2603,0,5,3,middle,0.4087276,0.6539298,0.24520224
2603,0,5,4,last,0.4087276,0.74144435,0.33271676
471,1,5,0,first,0.95653224,0.95921403,0.0026817918
471,1,5,1,middle,0.95653224,0.94763917,-0.008893073
471,1,5,2,middle,0.95653224,0.95365363,-0.0028786063
471,1,5,3,middle,0.95653224,0.9517801,-0.004752159
471,1,5,4,last,0.95653224,0.9367858,-0.019746423
25293,0,5,0,first,0.07533997,0.066735454,-0.008604519
25293,0,5,1,middle,0.07533997,0.07688744,0.0015474707
25293,0,5,2,middle,0.07533997,0.06836291,-0.0069770664
25293,0,5,3,middle,0.07533997,0.06352549,-0.0118144825
25293,0,5,4,last,0.07533997,0.07463298,-0.00070699304
246,1,5,0,first,0.22477986,0.2414438,0.016663939
246,1,5,1,middle,0.22477986,0.1360323,-0.08874756
246,1,5,2,middle,0.22477986,0.09006806,-0.1347118
246,1,5,3,middle,0.22477986,0.15981613,-0.06496373
246,1,5,4,last,0.22477986,0.4244467,0.19966684
51097,0,5,0,first,0.045999926,0.046264227,0.0002643019
51097,0,5,1,middle,0.045999926,0.046855327,0.00085540116
51097,0,5,2,middle,0.045999926,0.048201963,0.0022020377
51097,0,5,3,middle,0.045999926,0.04886959,0.0028696656
51097,0,5,4,last,0.045999926,0.04511586,-0.00088406727
28340,0,4,0,first,0.046552047,0.05007152,0.0035194717
28340,0,4,1,middle,0.046552047,0.04758163,0.0010295846
28340,0,4,2,middle,0.046552047,0.050446413,0.0038943663
28340,0,4,3,last,0.046552047,0.048337407,0.0017853603
1278,1,5,0,first,0.931802,0.9317324,-6.955862e-05
1278,1,5,1,middle,0.931802,0.91266215,-0.019139826
1278,1,5,2,middle,0.931802,0.909852,-0.021949947
1278,1,5,3,middle,0.931802,0.9124239,-0.019378066
1278,1,5,4,last,0.931802,0.91436726,-0.017434716
5012,1,5,0,first,0.9256632,0.92858934,0.0029261708
5012,1,5,1,middle,0.9256632,0.85619396,-0.06946921
5012,1,5,2,middle,0.9256632,0.9234348,-0.0022283792
5012,1,5,3,middle,0.9256632,0.877988,-0.047675192
5012,1,5,4,last,0.9256632,0.2018165,-0.7238467
839,1,5,0,first,0.7927652,0.5090631,-0.28370208
839,1,5,1,middle,0.7927652,0.7956384,0.0028731823
839,1,5,2,middle,0.7927652,0.83101016,0.038244963
839,1,5,3,middle,0.7927652,0.7604234,-0.03234178
839,1,5,4,last,0.7927652,0.7969329,0.004167676
987,1,5,0,first,0.9254157,0.8980683,-0.027347386
987,1,5,1,middle,0.9254157,0.9054092,-0.020006478
987,1,5,2,middle,0.9254157,0.8543919,-0.07102382
987,1,5,3,middle,0.9254157,0.14511584,-0.78029984
987,1,5,4,last,0.9254157,0.95710677,0.031691074
3879,1,5,0,first,0.9647723,0.965906,0.00113374
3879,1,5,1,middle,0.9647723,0.9632064,-0.0015658736
3879,1,5,2,middle,0.9647723,0.96250486,-0.0022674203
3879,1,5,3,middle,0.9647723,0.96346396,-0.001308322
3879,1,5,4,last,0.9647723,0.95679647,-0.007975817
1684,0,5,0,first,0.6656197,0.33750454,-0.32811514
1684,0,5,1,middle,0.6656197,0.8633367,0.19771701
1684,0,5,2,middle,0.6656197,0.6825016,0.016881943
1684,0,5,3,middle,0.6656197,0.8352428,0.16962314
1684,0,5,4,last,0.6656197,0.114160486,-0.5514592
4426,0,5,0,first,0.3884158,0.5176826,0.1292668
4426,0,5,1,middle,0.3884158,0.083699755,-0.30471605
4426,0,5,2,middle,0.3884158,0.689596,0.30118018
4426,0,5,3,middle,0.3884158,0.3265003,-0.061915517
4426,0,5,4,last,0.3884158,0.4254077,0.036991894
1675,0,5,0,first,0.18405122,0.25159532,0.0675441
1675,0,5,1,middle,0.18405122,0.21960068,0.03554946
1675,0,5,2,middle,0.18405122,0.12760304,-0.056448177
1675,0,5,3,middle,0.18405122,0.1939519,0.009900689
1675,0,5,4,last,0.18405122,0.11630988,-0.067741334
15807,0,5,0,first,0.3660736,0.2932161,-0.0728575
15807,0,5,1,middle,0.3660736,0.42331487,0.05724126
15807,0,5,2,middle,0.3660736,0.12292948,-0.24314412
15807,0,5,3,middle,0.3660736,0.17083369,-0.19523992
15807,0,5,4,last,0.3660736,0.65633327,0.29025966
41401,1,5,0,first,0.9458501,0.9186958,-0.027154267
41401,1,5,1,middle,0.9458501,0.95334333,0.0074932575
41401,1,5,2,middle,0.9458501,0.91745925,-0.028390825
41401,1,5,3,middle,0.9458501,0.9269062,-0.018943846
41401,1,5,4,last,0.9458501,0.9470689,0.0012188554
1800,0,4,0,first,0.27488613,0.62436795,0.34948182
1800,0,4,1,middle,0.27488613,0.081341125,-0.19354501
1800,0,4,2,middle,0.27488613,0.37433627,0.09945014
1800,0,4,3,last,0.27488613,0.14786784,-0.12701829
4114,1,5,0,first,0.9563728,0.9548761,-0.0014966726
4114,1,5,1,middle,0.9563728,0.95596486,-0.0004079342
4114,1,5,2,middle,0.9563728,0.9554247,-0.0009480715
4114,1,5,3,middle,0.9563728,0.93712556,-0.019247234
4114,1,5,4,last,0.9563728,0.95696896,0.00059616566
1551,0,5,0,first,0.37486386,0.41409677,0.03923291
1551,0,5,1,middle,0.37486386,0.14343062,-0.23143324
1551,0,5,2,middle,0.37486386,0.483186,0.10832214
1551,0,5,3,middle,0.37486386,0.4270344,0.052170545
1551,0,5,4,last,0.37486386,0.44880924,0.07394537
10126,1,5,0,first,0.96551484,0.96377355,-0.0017412901
10126,1,5,1,middle,0.96551484,0.9644668,-0.0010480285
10126,1,5,2,middle,0.96551484,0.96339136,-0.002123475
10126,1,5,3,middle,0.96551484,0.9629195,-0.002595365
10126,1,5,4,last,0.96551484,0.9663389,0.0008240342
1184,0,5,0,first,0.9212655,0.91836214,-0.0029033422
1184,0,5,1,middle,0.9212655,0.90727645,-0.013989031
1184,0,5,2,middle,0.9212655,0.9105585,-0.010706961
1184,0,5,3,middle,0.9212655,0.42743838,-0.4938271
1184,0,5,4,last,0.9212655,0.95034105,0.029075563
21808,1,5,0,first,0.8968485,0.67508394,-0.22176456
21808,1,5,1,middle,0.8968485,0.90414184,0.0072933435
21808,1,5,2,middle,0.8968485,0.9115328,0.0146843195
21808,1,5,3,middle,0.8968485,0.92840797,0.031559467
21808,1,5,4,last,0.8968485,0.8842596,-0.012588918
29364,0,5,0,first,0.9491117,0.9501815,0.0010697842
29364,0,5,1,middle,0.9491117,0.9509696,0.0018578768
29364,0,5,2,middle,0.9491117,0.95209074,0.0029790401
29364,0,5,3,middle,0.9491117,0.9454913,-0.0036203861
29364,0,5,4,last,0.9491117,0.1099149,-0.8391968
5725,0,5,0,first,0.23227002,0.13022973,-0.10204029
5725,0,5,1,middle,0.23227002,0.3361184,0.10384838
5725,0,5,2,middle,0.23227002,0.14421909,-0.08805093
5725,0,5,3,middle,0.23227002,0.13860175,-0.09366827
5725,0,5,4,last,0.23227002,0.2511666,0.018896595
1344,1,5,0,first,0.9484343,0.94372827,-0.004706025
1344,1,5,1,middle,0.9484343,0.9399706,-0.008463681
1344,1,5,2,middle,0.9484343,0.9452747,-0.0031595826
1344,1,5,3,middle,0.9484343,0.944482,-0.003952265
1344,1,5,4,last,0.9484343,0.8041765,-0.14425778
41244,1,5,0,first,0.91729355,0.75021386,-0.16707969
41244,1,5,1,middle,0.91729355,0.9344091,0.017115533
41244,1,5,2,middle,0.91729355,0.88984764,-0.027445912
41244,1,5,3,middle,0.91729355,0.9371541,0.019860566
41244,1,5,4,last,0.91729355,0.9119112,-0.005382359
45645,0,5,0,first,0.4790035,0.5810572,0.1020537
45645,0,5,1,middle,0.4790035,0.10621532,-0.37278816
45645,0,5,2,middle,0.4790035,0.5696401,0.09063661
45645,0,5,3,middle,0.4790035,0.7304122,0.2514087
45645,0,5,4,last,0.4790035,0.33987337,-0.13913012
33410,1,5,0,first,0.6912696,0.76275635,0.07148677
33410,1,5,1,middle,0.6912696,0.7291061,0.03783655
33410,1,5,2,middle,0.6912696,0.69938636,0.008116782
33410,1,5,3,middle,0.6912696,0.6906694,-0.00060015917
33410,1,5,4,last,0.6912696,0.14997861,-0.541291
280,0,5,0,first,0.7123698,0.47190422,-0.24046558
280,0,5,1,middle,0.7123698,0.6679213,-0.044448495
280,0,5,2,middle,0.7123698,0.65710604,-0.055263758
280,0,5,3,middle,0.7123698,0.5135431,-0.19882667
280,0,5,4,last,0.7123698,0.8385775,0.12620771
1682,1,5,0,first,0.9237305,0.94632006,0.022589564
1682,1,5,1,middle,0.9237305,0.9343777,0.010647178
1682,1,5,2,middle,0.9237305,0.9329514,0.009220898
1682,1,5,3,middle,0.9237305,0.90754855,-0.016181946
1682,1,5,4,last,0.9237305,0.6441069,-0.27962357
171,1,4,0,first,0.9342026,0.92255354,-0.011649072
171,1,4,1,middle,0.9342026,0.7281602,-0.20604241
171,1,4,2,middle,0.9342026,0.9377216,0.0035189986
171,1,4,3,last,0.9342026,0.9449033,0.010700703
48667,1,5,0,first,0.836613,0.8101545,-0.026458502
48667,1,5,1,middle,0.836613,0.69426584,-0.14234716
48667,1,5,2,middle,0.836613,0.8828383,0.04622531
48667,1,5,3,middle,0.836613,0.8260319,-0.010581076
48667,1,5,4,last,0.836613,0.7705727,-0.06604028
25444,0,5,0,first,0.41221902,0.4088835,-0.0033355057
25444,0,5,1,middle,0.41221902,0.39373577,-0.018483251
25444,0,5,2,middle,0.41221902,0.44970316,0.03748414
25444,0,5,3,middle,0.41221902,0.16377544,-0.24844357
25444,0,5,4,last,0.41221902,0.67821926,0.26600024
618,0,5,0,first,0.5475781,0.575062,0.02748388
618,0,5,1,middle,0.5475781,0.3920862,-0.15549189
618,0,5,2,middle,0.5475781,0.61087567,0.06329757
618,0,5,3,middle,0.5475781,0.42205644,-0.12552166
618,0,5,4,last,0.5475781,0.5054514,-0.042126715
257,1,5,0,first,0.8897092,0.8562386,-0.03347057
257,1,5,1,middle,0.8897092,0.73934895,-0.15036023
257,1,5,2,middle,0.8897092,0.89841586,0.008706689
257,1,5,3,middle,0.8897092,0.8110314,-0.07867777
257,1,5,4,last,0.8897092,0.90468526,0.014976084
7774,1,5,0,first,0.9499555,0.945423,-0.004532516
7774,1,5,1,middle,0.9499555,0.95006216,0.00010663271
7774,1,5,2,middle,0.9499555,0.9446066,-0.005348921
7774,1,5,3,middle,0.9499555,0.9444799,-0.0054756403
7774,1,5,4,last,0.9499555,0.94469774,-0.0052577853
1798,0,5,0,first,0.117979504,0.18930934,0.07132984
1798,0,5,1,middle,0.117979504,0.08201234,-0.035967164
1798,0,5,2,middle,0.117979504,0.09760684,-0.020372666
1798,0,5,3,middle,0.117979504,0.16093993,0.042960428
1798,0,5,4,last,0.117979504,0.20525299,0.087273486
576,1,5,0,first,0.73361915,0.7184591,-0.015160024
576,1,5,1,middle,0.73361915,0.67604715,-0.057572007
576,1,5,2,middle,0.73361915,0.73986167,0.0062425137
576,1,5,3,middle,0.73361915,0.6415678,-0.09205133
576,1,5,4,last,0.73361915,0.4407639,-0.29285526
11173,0,5,0,first,0.84404117,0.22944158,-0.6145996
11173,0,5,1,middle,0.84404117,0.8725899,0.028548717
11173,0,5,2,middle,0.84404117,0.838668,-0.00537318
11173,0,5,3,middle,0.84404117,0.7460862,-0.09795499
11173,0,5,4,last,0.84404117,0.9045656,0.060524404
52355,1,4,0,first,0.88712716,0.8106056,-0.076521575
52355,1,4,1,middle,0.88712716,0.89842457,0.011297405
52355,1,4,2,middle,0.88712716,0.84929186,-0.0378353
52355,1,4,3,last,0.88712716,0.91732925,0.03020209
1460,0,4,0,first,0.4453092,0.30391213,-0.14139706
1460,0,4,1,middle,0.4453092,0.46287984,0.017570645
1460,0,4,2,middle,0.4453092,0.3030646,-0.14224458
1460,0,4,3,last,0.4453092,0.5387305,0.09342131
2018,0,5,0,first,0.17024867,0.15788397,-0.0123647
2018,0,5,1,middle,0.17024867,0.109712206,-0.060536467
2018,0,5,2,middle,0.17024867,0.18524998,0.015001312
2018,0,5,3,middle,0.17024867,0.06087912,-0.10936955
2018,0,5,4,last,0.17024867,0.541729,0.3714803
1783,1,5,0,first,0.13664487,0.1883993,0.05175443
1783,1,5,1,middle,0.13664487,0.14513464,0.008489773
1783,1,5,2,middle,0.13664487,0.20639528,0.06975041
1783,1,5,3,middle,0.13664487,0.089312606,-0.047332264
1783,1,5,4,last,0.13664487,0.099442944,-0.037201926
275,1,5,0,first,0.9073249,0.84787816,-0.059446752
275,1,5,1,middle,0.9073249,0.8073253,-0.09999961
275,1,5,2,middle,0.9073249,0.90500206,-0.0023228526
275,1,5,3,middle,0.9073249,0.89818877,-0.00913614
275,1,5,4,last,0.9073249,0.90132535,-0.005999565
40519,1,5,0,first,0.64908266,0.61577165,-0.03331101
40519,1,5,1,middle,0.64908266,0.33825773,-0.31082493
40519,1,5,2,middle,0.64908266,0.6989278,0.04984516
40519,1,5,3,middle,0.64908266,0.6991211,0.050038457
40519,1,5,4,last,0.64908266,0.5361252,-0.11295748
28894,1,5,0,first,0.8959162,0.86512417,-0.030792058
28894,1,5,1,middle,0.8959162,0.88039076,-0.01552546
28894,1,5,2,middle,0.8959162,0.846141,-0.049775243
28894,1,5,3,middle,0.8959162,0.4955136,-0.40040264
28894,1,5,4,last,0.8959162,0.9182244,0.02230817
51808,0,5,0,first,0.058482222,0.056961834,-0.0015203878
51808,0,5,1,middle,0.058482222,0.05952158,0.001039356
51808,0,5,2,middle,0.058482222,0.054934766,-0.003547456
51808,0,5,3,middle,0.058482222,0.052001633,-0.0064805895
51808,0,5,4,last,0.058482222,0.05322813,-0.0052540936
1678,1,5,0,first,0.9451756,0.91947615,-0.025699437
1678,1,5,1,middle,0.9451756,0.93737227,-0.007803321
1678,1,5,2,middle,0.9451756,0.9458867,0.0007110834
1678,1,5,3,middle,0.9451756,0.9473062,0.0021306276
1678,1,5,4,last,0.9451756,0.9438117,-0.0013638735
861,0,5,0,first,0.09063518,0.08865962,-0.0019755587
861,0,5,1,middle,0.09063518,0.11338286,0.02274768
861,0,5,2,middle,0.09063518,0.07226328,-0.018371902
861,0,5,3,middle,0.09063518,0.07937735,-0.011257827
861,0,5,4,last,0.09063518,0.16346285,0.07282767
621,0,5,0,first,0.6680092,0.56466764,-0.10334158
621,0,5,1,middle,0.6680092,0.455573,-0.21243623
621,0,5,2,middle,0.6680092,0.41958633,-0.24842289
621,0,5,3,middle,0.6680092,0.59553784,-0.07247138
621,0,5,4,last,0.6680092,0.752648,0.084638774
1423,1,5,0,first,0.93573385,0.7312173,-0.20451653
1423,1,5,1,middle,0.93573385,0.91700286,-0.018730998
1423,1,5,2,middle,0.93573385,0.9352497,-0.00048416853
1423,1,5,3,middle,0.93573385,0.93834656,0.00261271
1423,1,5,4,last,0.93573385,0.94221175,0.0064778924
53054,1,5,0,first,0.9647867,0.96045643,-0.0043302774
53054,1,5,1,middle,0.9647867,0.96316695,-0.0016197562
53054,1,5,2,middle,0.9647867,0.96404946,-0.00073724985
53054,1,5,3,middle,0.9647867,0.96448797,-0.00029873848
53054,1,5,4,last,0.9647867,0.9634699,-0.0013167858
794,0,5,0,first,0.3344056,0.09400578,-0.24039982
794,0,5,1,middle,0.3344056,0.23240921,-0.10199639
794,0,5,2,middle,0.3344056,0.54068416,0.20627856
794,0,5,3,middle,0.3344056,0.28826648,-0.04613912
794,0,5,4,last,0.3344056,0.39056817,0.056162566
177,0,5,0,first,0.07097396,0.07288922,0.0019152611
177,0,5,1,middle,0.07097396,0.08451511,0.013541147
177,0,5,2,middle,0.07097396,0.074131556,0.0031575933
177,0,5,3,middle,0.07097396,0.06414454,-0.0068294257
177,0,5,4,last,0.07097396,0.08500422,0.014030255
1589,0,4,0,first,0.049411505,0.054483756,0.005072251
1589,0,4,1,middle,0.049411505,0.049989164,0.0005776584
1589,0,4,2,middle,0.049411505,0.056750923,0.007339418
1589,0,4,3,last,0.049411505,0.049127858,-0.00028364733
35555,1,5,0,first,0.8740437,0.9293252,0.05528152
35555,1,5,1,middle,0.8740437,0.77541953,-0.09862417
35555,1,5,2,middle,0.8740437,0.8357936,-0.03825009
35555,1,5,3,middle,0.8740437,0.591824,-0.2822197
35555,1,5,4,last,0.8740437,0.9304863,0.05644262
28697,1,5,0,first,0.9329247,0.9423793,0.009454608
28697,1,5,1,middle,0.9329247,0.9166932,-0.016231477
28697,1,5,2,middle,0.9329247,0.90959084,-0.023333848
28697,1,5,3,middle,0.9329247,0.9282479,-0.0046767592
28697,1,5,4,last,0.9329247,0.81050974,-0.12241495
1169,0,4,0,first,0.6068315,0.7995789,0.19274741
1169,0,4,1,middle,0.6068315,0.5128067,-0.09402478
1169,0,4,2,middle,0.6068315,0.051356807,-0.5554747
1169,0,4,3,last,0.6068315,0.91987985,0.31304836
1050,1,5,0,first,0.95424753,0.9506136,-0.0036339164
1050,1,5,1,middle,0.95424753,0.95465684,0.0004093051
1050,1,5,2,middle,0.95424753,0.95443505,0.00018751621
1050,1,5,3,middle,0.95424753,0.95393646,-0.00031107664
1050,1,5,4,last,0.95424753,0.9463364,-0.007911146
935,1,5,0,first,0.916656,0.8457414,-0.070914626
935,1,5,1,middle,0.916656,0.9357002,0.01904416
935,1,5,2,middle,0.916656,0.87767446,-0.038981557
935,1,5,3,middle,0.916656,0.90165263,-0.015003383
935,1,5,4,last,0.916656,0.9247968,0.008140802
47718,0,5,0,first,0.16853811,0.14775468,-0.020783424
47718,0,5,1,middle,0.16853811,0.12912129,-0.03941682
47718,0,5,2,middle,0.16853811,0.20568576,0.037147656
47718,0,5,3,middle,0.16853811,0.12936576,-0.03917235
47718,0,5,4,last,0.16853811,0.24862793,0.08008982
1613,0,4,0,first,0.785405,0.5423895,-0.24301547
1613,0,4,1,middle,0.785405,0.72091484,-0.06449014
1613,0,4,2,middle,0.785405,0.8231468,0.03774184
1613,0,4,3,last,0.785405,0.78960955,0.0042045712
40475,0,5,0,first,0.122793786,0.103110224,-0.019683562
40475,0,5,1,middle,0.122793786,0.10716406,-0.015629724
40475,0,5,2,middle,0.122793786,0.1072721,-0.015521683
40475,0,5,3,middle,0.122793786,0.11035563,-0.012438156
40475,0,5,4,last,0.122793786,0.08197057,-0.040823214
79,1,5,0,first,0.9276413,0.9453532,0.017711937
79,1,5,1,middle,0.9276413,0.88208973,-0.04555154
79,1,5,2,middle,0.9276413,0.9360494,0.008408129
79,1,5,3,middle,0.9276413,0.86246616,-0.065175116
79,1,5,4,last,0.9276413,0.9248074,-0.0028338432
677,0,5,0,first,0.86864245,0.7952784,-0.07336408
677,0,5,1,middle,0.86864245,0.7935494,-0.07509303
677,0,5,2,middle,0.86864245,0.8472187,-0.021423757
677,0,5,3,middle,0.86864245,0.8642173,-0.004425168
677,0,5,4,last,0.86864245,0.86045027,-0.008192182
23399,1,5,0,first,0.9102549,0.8927931,-0.017461777
23399,1,5,1,middle,0.9102549,0.88795173,-0.022303164
23399,1,5,2,middle,0.9102549,0.8903185,-0.019936383
23399,1,5,3,middle,0.9102549,0.57761455,-0.33264035
23399,1,5,4,last,0.9102549,0.8647482,-0.045506716
1256,0,5,0,first,0.24252251,0.2263138,-0.016208708
1256,0,5,1,middle,0.24252251,0.2214807,-0.02104181
1256,0,5,2,middle,0.24252251,0.44917682,0.20665431
1256,0,5,3,middle,0.24252251,0.16777106,-0.07475145
1256,0,5,4,last,0.24252251,0.17085549,-0.071667016
1741,1,5,0,first,0.94402534,0.9137415,-0.030283809
1741,1,5,1,middle,0.94402534,0.9247548,-0.01927054
1741,1,5,2,middle,0.94402534,0.94037145,-0.003653884
1741,1,5,3,middle,0.94402534,0.93548,-0.008545339
1741,1,5,4,last,0.94402534,0.9388639,-0.005161464
1881,1,5,0,first,0.36712343,0.3761936,0.009070188
1881,1,5,1,middle,0.36712343,0.42684796,0.05972454
1881,1,5,2,middle,0.36712343,0.2116975,-0.15542592
1881,1,5,3,middle,0.36712343,0.46611565,0.09899223
1881,1,5,4,last,0.36712343,0.3855486,0.018425167
43101,1,5,0,first,0.9097011,0.90576065,-0.003940463
43101,1,5,1,middle,0.9097011,0.61386573,-0.29583538
43101,1,5,2,middle,0.9097011,0.8687548,-0.040946305
43101,1,5,3,middle,0.9097011,0.88844347,-0.021257639
43101,1,5,4,last,0.9097011,0.9412863,0.031585217
10230,1,5,0,first,0.9309469,0.66260135,-0.26834553
10230,1,5,1,middle,0.9309469,0.8796226,-0.051324308
10230,1,5,2,middle,0.9309469,0.9143138,-0.016633093
10230,1,5,3,middle,0.9309469,0.94833136,0.01738447
10230,1,5,4,last,0.9309469,0.9328849,0.0019379854
22547,1,5,0,first,0.96768785,0.9674869,-0.00020092726
22547,1,5,1,middle,0.96768785,0.9669233,-0.0007645488
22547,1,5,2,middle,0.96768785,0.96661144,-0.0010764003
22547,1,5,3,middle,0.96768785,0.9680158,0.00032794476
22547,1,5,4,last,0.96768785,0.96783787,0.00015002489
7174,1,5,0,first,0.9668092,0.9662434,-0.0005658269
7174,1,5,1,middle,0.9668092,0.9670113,0.00020205975
7174,1,5,2,middle,0.9668092,0.9601221,-0.0066871047
7174,1,5,3,middle,0.9668092,0.9666805,-0.00012868643
7174,1,5,4,last,0.9668092,0.9661062,-0.0007030368
460,1,5,0,first,0.9515549,0.95314693,0.0015920401
460,1,5,1,middle,0.9515549,0.9546555,0.0031006336
460,1,5,2,middle,0.9515549,0.6054555,-0.34609938
460,1,5,3,middle,0.9515549,0.9536895,0.0021346211
460,1,5,4,last,0.9515549,0.94902074,-0.002534151
52124,1,5,0,first,0.966816,0.96593016,-0.00088584423
52124,1,5,1,middle,0.966816,0.96577024,-0.0010457635
52124,1,5,2,middle,0.966816,0.9672683,0.00045228004
52124,1,5,3,middle,0.966816,0.9611567,-0.005659282
52124,1,5,4,last,0.966816,0.95815176,-0.00866425
54772,0,5,0,first,0.05773913,0.09860333,0.0408642
54772,0,5,1,middle,0.05773913,0.053551238,-0.004187893
54772,0,5,2,middle,0.05773913,0.06264771,0.0049085766
54772,0,5,3,middle,0.05773913,0.051966764,-0.005772367
54772,0,5,4,last,0.05773913,0.11014664,0.05240751
477,1,5,0,first,0.70242083,0.40182006,-0.30060077
477,1,5,1,middle,0.70242083,0.5997185,-0.10270232
477,1,5,2,middle,0.70242083,0.66887134,-0.033549488
477,1,5,3,middle,0.70242083,0.3874317,-0.31498912
477,1,5,4,last,0.70242083,0.28932607,-0.41309476
25463,1,5,0,first,0.9146762,0.91847986,0.0038036704
25463,1,5,1,middle,0.9146762,0.85502595,-0.059650242
25463,1,5,2,middle,0.9146762,0.7159375,-0.1987387
25463,1,5,3,middle,0.9146762,0.9320166,0.017340422
25463,1,5,4,last,0.9146762,0.93055826,0.015882075
1597,1,5,0,first,0.9294639,0.92021275,-0.009251177
1597,1,5,1,middle,0.9294639,0.9199186,-0.009545326
1597,1,5,2,middle,0.9294639,0.9289828,-0.0004811287
1597,1,5,3,middle,0.9294639,0.93264437,0.0031804442
1597,1,5,4,last,0.9294639,0.8991001,-0.030363798
33365,1,5,0,first,0.9520469,0.9445444,-0.0075024962
33365,1,5,1,middle,0.9520469,0.9453934,-0.0066534877
33365,1,5,2,middle,0.9520469,0.95641327,0.004366398
33365,1,5,3,middle,0.9520469,0.8017899,-0.15025699
33365,1,5,4,last,0.9520469,0.9502735,-0.0017733574
37984,0,4,0,first,0.07464097,0.093821764,0.019180797
37984,0,4,1,middle,0.07464097,0.07943431,0.004793346
37984,0,4,2,middle,0.07464097,0.07890228,0.004261315
37984,0,4,3,last,0.07464097,0.07158923,-0.0030517355
29592,0,2,0,first,0.042964667,0.045982383,0.003017716
29592,0,2,1,last,0.042964667,0.11673748,0.07377281
40261,0,5,0,first,0.56014735,0.5469748,-0.013172567
40261,0,5,1,middle,0.56014735,0.35012922,-0.21001813
40261,0,5,2,middle,0.56014735,0.42019796,-0.13994938
40261,0,5,3,middle,0.56014735,0.17832121,-0.38182613
40261,0,5,4,last,0.56014735,0.6011149,0.040967584
22828,1,5,0,first,0.95645493,0.961736,0.0052810907
22828,1,5,1,middle,0.95645493,0.9153212,-0.04113376
22828,1,5,2,middle,0.95645493,0.9550867,-0.0013682246
22828,1,5,3,middle,0.95645493,0.95490104,-0.0015538931
22828,1,5,4,last,0.95645493,0.953901,-0.0025539398
1459,0,5,0,first,0.5528476,0.70427996,0.15143234
1459,0,5,1,middle,0.5528476,0.46698377,-0.08586386
1459,0,5,2,middle,0.5528476,0.77349484,0.22064722
1459,0,5,3,middle,0.5528476,0.15255263,-0.400295
1459,0,5,4,last,0.5528476,0.5422434,-0.010604203
644,1,5,0,first,0.69081116,0.6988086,0.007997453
644,1,5,1,middle,0.69081116,0.55918604,-0.13162512
644,1,5,2,middle,0.69081116,0.6026035,-0.08820766
644,1,5,3,middle,0.69081116,0.44030592,-0.25050524
644,1,5,4,last,0.69081116,0.61086535,-0.0799458
1366,0,5,0,first,0.54854125,0.63959205,0.0910508
1366,0,5,1,middle,0.54854125,0.6849853,0.13644403
1366,0,5,2,middle,0.54854125,0.3049795,-0.24356174
1366,0,5,3,middle,0.54854125,0.62391263,0.075371385
1366,0,5,4,last,0.54854125,0.3405932,-0.20794806
1854,1,5,0,first,0.26370734,0.3587425,0.095035166
1854,1,5,1,middle,0.26370734,0.25188917,-0.011818171
1854,1,5,2,middle,0.26370734,0.36216745,0.09846011
1854,1,5,3,middle,0.26370734,0.22710708,-0.036600262
1854,1,5,4,last,0.26370734,0.3086811,0.04497376
42114,1,5,0,first,0.95090413,0.8613144,-0.089589715
42114,1,5,1,middle,0.95090413,0.943279,-0.007625103
42114,1,5,2,middle,0.95090413,0.9258805,-0.02502364
42114,1,5,3,middle,0.95090413,0.9553491,0.004444957
42114,1,5,4,last,0.95090413,0.9523538,0.0014496446
1382,0,5,0,first,0.17401445,0.18423297,0.010218516
1382,0,5,1,middle,0.17401445,0.15995133,-0.01406312
1382,0,5,2,middle,0.17401445,0.12385747,-0.05015698
1382,0,5,3,middle,0.17401445,0.2924028,0.118388355
1382,0,5,4,last,0.17401445,0.10629318,-0.06772127
36299,1,5,0,first,0.9670246,0.9664042,-0.00062042475
36299,1,5,1,middle,0.9670246,0.96570563,-0.0013189912
36299,1,5,2,middle,0.9670246,0.96691495,-0.00010967255
36299,1,5,3,middle,0.9670246,0.9626344,-0.0043902397
36299,1,5,4,last,0.9670246,0.9656513,-0.0013733506
53136,1,5,0,first,0.94359833,0.94182336,-0.0017749667
53136,1,5,1,middle,0.94359833,0.93061644,-0.012981892
53136,1,5,2,middle,0.94359833,0.9324395,-0.011158824
53136,1,5,3,middle,0.94359833,0.9485013,0.004902959
53136,1,5,4,last,0.94359833,0.93138134,-0.012216985
15337,1,5,0,first,0.9609129,0.9491089,-0.011803985
15337,1,5,1,middle,0.9609129,0.9602401,-0.0006727576
15337,1,5,2,middle,0.9609129,0.9394123,-0.021500587
15337,1,5,3,middle,0.9609129,0.9604402,-0.00047266483
15337,1,5,4,last,0.9609129,0.96179307,0.0008801818
2966,0,3,0,first,0.04929621,0.06560897,0.01631276
2966,0,3,1,middle,0.04929621,0.05408102,0.0047848076
2966,0,3,2,last,0.04929621,0.054686878,0.0053906664
38809,0,5,0,first,0.0813541,0.09077916,0.009425066
38809,0,5,1,middle,0.0813541,0.07895185,-0.002402246
38809,0,5,2,middle,0.0813541,0.1828615,0.10150741
38809,0,5,3,middle,0.0813541,0.055672064,-0.025682032
38809,0,5,4,last,0.0813541,0.054401867,-0.02695223
1132,1,5,0,first,0.84559906,0.8459183,0.00031924248
1132,1,5,1,middle,0.84559906,0.83780515,-0.0077939034
1132,1,5,2,middle,0.84559906,0.69195104,-0.15364802
1132,1,5,3,middle,0.84559906,0.87456137,0.028962314
1132,1,5,4,last,0.84559906,0.3566872,-0.48891187
2317,1,5,0,first,0.8778951,0.81112707,-0.06676805
2317,1,5,1,middle,0.8778951,0.894919,0.017023861
2317,1,5,2,middle,0.8778951,0.8924493,0.014554203
2317,1,5,3,middle,0.8778951,0.875453,-0.0024421215
2317,1,5,4,last,0.8778951,0.2545566,-0.6233385
983,1,5,0,first,0.9433447,0.9241177,-0.019227028
983,1,5,1,middle,0.9433447,0.9414215,-0.0019232035
983,1,5,2,middle,0.9433447,0.9321243,-0.011220396
983,1,5,3,middle,0.9433447,0.94194067,-0.001404047
983,1,5,4,last,0.9433447,0.94130754,-0.0020371675
915,0,5,0,first,0.07395503,0.07469866,0.00074362755
915,0,5,1,middle,0.07395503,0.07443233,0.0004772991
915,0,5,2,middle,0.07395503,0.08280187,0.008846842
915,0,5,3,middle,0.07395503,0.06675895,-0.007196076
915,0,5,4,last,0.07395503,0.09263749,0.018682458
19811,1,5,0,first,0.7365637,0.29538667,-0.441177
19811,1,5,1,middle,0.7365637,0.46194658,-0.2746171
19811,1,5,2,middle,0.7365637,0.84009236,0.10352868
19811,1,5,3,middle,0.7365637,0.68476295,-0.051800728
19811,1,5,4,last,0.7365637,0.9012703,0.16470659
529,1,5,0,first,0.93958634,0.9410842,0.0014978647
529,1,5,1,middle,0.93958634,0.93044174,-0.009144604
529,1,5,2,middle,0.93958634,0.9113735,-0.028212845
529,1,5,3,middle,0.93958634,0.91549575,-0.024090588
529,1,5,4,last,0.93958634,0.9424486,0.0028622746
1300,0,5,0,first,0.59199697,0.74281347,0.1508165
1300,0,5,1,middle,0.59199697,0.23407847,-0.3579185
1300,0,5,2,middle,0.59199697,0.70606136,0.114064395
1300,0,5,3,middle,0.59199697,0.61639154,0.024394572
1300,0,5,4,last,0.59199697,0.78754246,0.1955455
30201,0,4,0,first,0.7980593,0.70446557,-0.09359372
30201,0,4,1,middle,0.7980593,0.8088341,0.010774791
30201,0,4,2,middle,0.7980593,0.6596883,-0.13837099
30201,0,4,3,last,0.7980593,0.73624617,-0.061813116
43373,0,4,0,first,0.7203701,0.36014083,-0.36022928
43373,0,4,1,middle,0.7203701,0.27384335,-0.44652677
43373,0,4,2,middle,0.7203701,0.7491993,0.028829157
43373,0,4,3,last,0.7203701,0.8262786,0.10590851
121,1,5,0,first,0.35742274,0.326075,-0.03134775
121,1,5,1,middle,0.35742274,0.23769104,-0.119731694
121,1,5,2,middle,0.35742274,0.16608234,-0.1913404
121,1,5,3,middle,0.35742274,0.40121204,0.043789297
121,1,5,4,last,0.35742274,0.41337106,0.055948317
1644,0,5,0,first,0.058751106,0.055192307,-0.0035587996
1644,0,5,1,middle,0.058751106,0.07323903,0.014487922
1644,0,5,2,middle,0.058751106,0.07654961,0.017798506
1644,0,5,3,middle,0.058751106,0.054297823,-0.004453283
1644,0,5,4,last,0.058751106,0.06149561,0.0027445033
119,0,5,0,first,0.8451454,0.20748742,-0.637658
119,0,5,1,middle,0.8451454,0.91298443,0.06783903
119,0,5,2,middle,0.8451454,0.7806306,-0.064514816
119,0,5,3,middle,0.8451454,0.86371607,0.018570662
119,0,5,4,last,0.8451454,0.8984379,0.053292513
467,0,5,0,first,0.59241366,0.4197108,-0.17270288
467,0,5,1,middle,0.59241366,0.15359232,-0.43882135
467,0,5,2,middle,0.59241366,0.24413054,-0.3482831
467,0,5,3,middle,0.59241366,0.6116594,0.019245744
467,0,5,4,last,0.59241366,0.8142278,0.22181416
21072,0,5,0,first,0.5670368,0.45804036,-0.10899645
21072,0,5,1,middle,0.5670368,0.63803536,0.07099855
21072,0,5,2,middle,0.5670368,0.42322886,-0.14380795
21072,0,5,3,middle,0.5670368,0.35928977,-0.20774704
21072,0,5,4,last,0.5670368,0.61062425,0.043587446
18787,1,5,0,first,0.056872856,0.061412122,0.004539266
18787,1,5,1,middle,0.056872856,0.048921302,-0.007951554
18787,1,5,2,middle,0.056872856,0.061916824,0.0050439686
18787,1,5,3,middle,0.056872856,0.07089933,0.014026474
18787,1,5,4,last,0.056872856,0.07085193,0.013979074
1569,1,5,0,first,0.052448925,0.050436717,-0.002012208
1569,1,5,1,middle,0.052448925,0.055618815,0.0031698905
1569,1,5,2,middle,0.052448925,0.058257364,0.005808439
1569,1,5,3,middle,0.052448925,0.05735512,0.004906196
1569,1,5,4,last,0.052448925,0.062969364,0.01052044
2270,1,5,0,first,0.088169515,0.08577973,-0.0023897886
2270,1,5,1,middle,0.088169515,0.07526075,-0.012908764
2270,1,5,2,middle,0.088169515,0.11794638,0.029776864
2270,1,5,3,middle,0.088169515,0.09435401,0.006184496
2270,1,5,4,last,0.088169515,0.06297302,-0.025196493
40735,0,5,0,first,0.087266676,0.08779867,0.0005319938
40735,0,5,1,middle,0.087266676,0.08525761,-0.002009064
40735,0,5,2,middle,0.087266676,0.09528569,0.008019015
40735,0,5,3,middle,0.087266676,0.073967405,-0.013299271
40735,0,5,4,last,0.087266676,0.13950808,0.052241407
12428,1,5,0,first,0.954914,0.94651943,-0.008394539
12428,1,5,1,middle,0.954914,0.95587426,0.00096029043
12428,1,5,2,middle,0.954914,0.9423766,-0.01253736
12428,1,5,3,middle,0.954914,0.7522461,-0.20266789
12428,1,5,4,last,0.954914,0.9619373,0.0070233345
233,0,5,0,first,0.5131128,0.68026096,0.16714817
233,0,5,1,middle,0.5131128,0.3559806,-0.15713218
233,0,5,2,middle,0.5131128,0.29953113,-0.21358165
233,0,5,3,middle,0.5131128,0.67771786,0.16460508
233,0,5,4,last,0.5131128,0.3500121,-0.16310069
875,1,4,0,first,0.9460458,0.948423,0.002377212
875,1,4,1,middle,0.9460458,0.81493795,-0.13110787
875,1,4,2,middle,0.9460458,0.9457579,-0.00028789043
875,1,4,3,last,0.9460458,0.9420506,-0.0039952397
1654,1,5,0,first,0.64332163,0.15501437,-0.48830727
1654,1,5,1,middle,0.64332163,0.6623937,0.019072056
1654,1,5,2,middle,0.64332163,0.72206086,0.078739226
1654,1,5,3,middle,0.64332163,0.29302382,-0.3502978
1654,1,5,4,last,0.64332163,0.6807656,0.037443995
661,1,5,0,first,0.107973784,0.13975061,0.03177683
661,1,5,1,middle,0.107973784,0.10166661,-0.0063071772
661,1,5,2,middle,0.107973784,0.08766968,-0.020304106
661,1,5,3,middle,0.107973784,0.08044455,-0.027529232
661,1,5,4,last,0.107973784,0.062791415,-0.04518237
51034,1,5,0,first,0.963126,0.96474785,0.0016218424
51034,1,5,1,middle,0.963126,0.9614575,-0.0016685128
51034,1,5,2,middle,0.963126,0.9533681,-0.009757876
51034,1,5,3,middle,0.963126,0.9635248,0.00039881468
51034,1,5,4,last,0.963126,0.96397567,0.0008496642
26193,1,5,0,first,0.29155448,0.26426718,-0.027287304
26193,1,5,1,middle,0.29155448,0.34295586,0.051401377
26193,1,5,2,middle,0.29155448,0.16841865,-0.123135835
26193,1,5,3,middle,0.29155448,0.15295935,-0.13859513
26193,1,5,4,last,0.29155448,0.6310162,0.3394617
12446,0,5,0,first,0.17297326,0.11897043,-0.05400283
12446,0,5,1,middle,0.17297326,0.14060034,-0.03237292
12446,0,5,2,middle,0.17297326,0.31191775,0.13894449
12446,0,5,3,middle,0.17297326,0.19722526,0.024251997
12446,0,5,4,last,0.17297326,0.16656838,-0.0064048767
12083,0,4,0,first,0.13823229,0.14033175,0.0020994544
12083,0,4,1,middle,0.13823229,0.16676901,0.028536722
12083,0,4,2,middle,0.13823229,0.15694597,0.018713683
12083,0,4,3,last,0.13823229,0.120688625,-0.017543666
413,1,5,0,first,0.8857185,0.92220694,0.036488414
413,1,5,1,middle,0.8857185,0.89781606,0.0120975375
413,1,5,2,middle,0.8857185,0.82140195,-0.06431657
413,1,5,3,middle,0.8857185,0.63132846,-0.25439006
413,1,5,4,last,0.8857185,0.9181255,0.032406986
241,0,5,0,first,0.8333319,0.6017145,-0.23161739
241,0,5,1,middle,0.8333319,0.89928865,0.06595677
241,0,5,2,middle,0.8333319,0.8560461,0.022714198
241,0,5,3,middle,0.8333319,0.052496936,-0.780835
241,0,5,4,last,0.8333319,0.87366337,0.040331483
1329,1,5,0,first,0.9481131,0.94466084,-0.0034522414
1329,1,5,1,middle,0.9481131,0.9426753,-0.0054377913
1329,1,5,2,middle,0.9481131,0.9441488,-0.003964305
1329,1,5,3,middle,0.9481131,0.93978626,-0.0083268285
1329,1,5,4,last,0.9481131,0.9377461,-0.010366976
1029,0,5,0,first,0.830287,0.8341822,0.0038952231
1029,0,5,1,middle,0.830287,0.7271788,-0.10310817
1029,0,5,2,middle,0.830287,0.72462904,-0.105657935
1029,0,5,3,middle,0.830287,0.05863768,-0.7716493
1029,0,5,4,last,0.830287,0.91745555,0.087168574
1263,1,5,0,first,0.949664,0.90130436,-0.048359632
1263,1,5,1,middle,0.949664,0.9438757,-0.0057883263
1263,1,5,2,middle,0.949664,0.9501857,0.00052171946
1263,1,5,3,middle,0.949664,0.94934404,-0.00031995773
1263,1,5,4,last,0.949664,0.9498741,0.00021010637
10612,1,5,0,first,0.68449366,0.5214879,-0.16300577
10612,1,5,1,middle,0.68449366,0.5957675,-0.08872616
10612,1,5,2,middle,0.68449366,0.6984666,0.013972938
10612,1,5,3,middle,0.68449366,0.3524362,-0.33205745
10612,1,5,4,last,0.68449366,0.6298462,-0.054647446
1115,1,5,0,first,0.9608464,0.9493709,-0.011475503
1115,1,5,1,middle,0.9608464,0.9611148,0.00026839972
1115,1,5,2,middle,0.9608464,0.95747894,-0.0033674836
1115,1,5,3,middle,0.9608464,0.95604867,-0.0047977567
1115,1,5,4,last,0.9608464,0.95730793,-0.0035384893
1094,1,5,0,first,0.94391644,0.95027333,0.006356895
1094,1,5,1,middle,0.94391644,0.9470467,0.0031302571
1094,1,5,2,middle,0.94391644,0.9267158,-0.017200649
1094,1,5,3,middle,0.94391644,0.9507033,0.006786883
1094,1,5,4,last,0.94391644,0.9157439,-0.028172553
701,0,3,0,first,0.49997786,0.48494425,-0.015033603
701,0,3,1,middle,0.49997786,0.39572588,-0.10425198
701,0,3,2,last,0.49997786,0.44990087,-0.05007699
1318,1,5,0,first,0.23259698,0.25353017,0.020933196
1318,1,5,1,middle,0.23259698,0.22348803,-0.009108946
1318,1,5,2,middle,0.23259698,0.2121861,-0.02041088
1318,1,5,3,middle,0.23259698,0.08374133,-0.14885566
1318,1,5,4,last,0.23259698,0.41366675,0.18106978
684,1,5,0,first,0.96365297,0.93673646,-0.026916504
684,1,5,1,middle,0.96365297,0.96343863,-0.0002143383
684,1,5,2,middle,0.96365297,0.9641585,0.000505507
684,1,5,3,middle,0.96365297,0.96281177,-0.00084120035
684,1,5,4,last,0.96365297,0.9610868,-0.0025661588
25271,0,5,0,first,0.8676435,0.88781434,0.020170867
25271,0,5,1,middle,0.8676435,0.8643041,-0.0033393502
25271,0,5,2,middle,0.8676435,0.8341448,-0.033498704
25271,0,5,3,middle,0.8676435,0.7476596,-0.11998385
25271,0,5,4,last,0.8676435,0.8721151,0.0044716
45580,0,5,0,first,0.2993829,0.32381037,0.024427474
45580,0,5,1,middle,0.2993829,0.25365725,-0.045725644
45580,0,5,2,middle,0.2993829,0.2947538,-0.0046291053
45580,0,5,3,middle,0.2993829,0.3348219,0.035439014
45580,0,5,4,last,0.2993829,0.20265175,-0.09673114
755,0,5,0,first,0.7680798,0.5363035,-0.2317763
755,0,5,1,middle,0.7680798,0.8135209,0.04544109
755,0,5,2,middle,0.7680798,0.43841988,-0.32965994
755,0,5,3,middle,0.7680798,0.8982742,0.13019437
755,0,5,4,last,0.7680798,0.6090739,-0.15900594
357,1,5,0,first,0.8875717,0.83671486,-0.05085683
357,1,5,1,middle,0.8875717,0.8908806,0.0033088923
357,1,5,2,middle,0.8875717,0.89548826,0.00791657
357,1,5,3,middle,0.8875717,0.7757688,-0.111802876
357,1,5,4,last,0.8875717,0.8937868,0.0062150955
323,1,5,0,first,0.9631512,0.8740153,-0.089135945
323,1,5,1,middle,0.9631512,0.9619128,-0.0012384057
323,1,5,2,middle,0.9631512,0.95867723,-0.0044739842
323,1,5,3,middle,0.9631512,0.9642109,0.001059711
323,1,5,4,last,0.9631512,0.96320033,4.9114227e-05
1012,1,5,0,first,0.96292114,0.96320033,0.00027918816
1012,1,5,1,middle,0.96292114,0.92315316,-0.03976798
1012,1,5,2,middle,0.96292114,0.9614403,-0.0014808178
1012,1,5,3,middle,0.96292114,0.9596978,-0.0032233596
1012,1,5,4,last,0.96292114,0.9640461,0.0011249781
16162,0,5,0,first,0.06473087,0.06706512,0.002334252
16162,0,5,1,middle,0.06473087,0.07014356,0.0054126903
16162,0,5,2,middle,0.06473087,0.078758664,0.014027797
16162,0,5,3,middle,0.06473087,0.06636906,0.001638189
16162,0,5,4,last,0.06473087,0.07043587,0.005704999
1404,0,5,0,first,0.29672045,0.31508118,0.018360734
1404,0,5,1,middle,0.29672045,0.7695415,0.47282106
1404,0,5,2,middle,0.29672045,0.3389838,0.04226336
1404,0,5,3,middle,0.29672045,0.0957402,-0.20098025
1404,0,5,4,last,0.29672045,0.5333642,0.23664373
5671,1,5,0,first,0.88216496,0.91450876,0.032343805
5671,1,5,1,middle,0.88216496,0.75453687,-0.12762809
5671,1,5,2,middle,0.88216496,0.7843929,-0.09777206
5671,1,5,3,middle,0.88216496,0.8251367,-0.057028234
5671,1,5,4,last,0.88216496,0.8602346,-0.021930337
402,1,5,0,first,0.71558243,0.7312121,0.01562965
402,1,5,1,middle,0.71558243,0.74517775,0.029595315
402,1,5,2,middle,0.71558243,0.75180155,0.03621912
402,1,5,3,middle,0.71558243,0.287169,-0.42841342
402,1,5,4,last,0.71558243,0.6467322,-0.06885022
51229,0,5,0,first,0.07830954,0.058575194,-0.01973435
51229,0,5,1,middle,0.07830954,0.08290133,0.0045917854
51229,0,5,2,middle,0.07830954,0.06960298,-0.008706562
51229,0,5,3,middle,0.07830954,0.070750855,-0.0075586885
51229,0,5,4,last,0.07830954,0.06091918,-0.017390363
6017,1,5,0,first,0.89851576,0.9234005,0.02488476
6017,1,5,1,middle,0.89851576,0.8922556,-0.0062601566
6017,1,5,2,middle,0.89851576,0.8955639,-0.0029518604
6017,1,5,3,middle,0.89851576,0.8661041,-0.032411635
6017,1,5,4,last,0.89851576,0.91466665,0.016150892
99,1,5,0,first,0.9505745,0.8396748,-0.11089975
99,1,5,1,middle,0.9505745,0.94597286,-0.0046016574
99,1,5,2,middle,0.9505745,0.9424178,-0.008156717
99,1,5,3,middle,0.9505745,0.9522636,0.0016890764
99,1,5,4,last,0.9505745,0.9473245,-0.0032500029
38391,1,5,0,first,0.536285,0.57231086,0.03602588
38391,1,5,1,middle,0.536285,0.40852156,-0.12776342
38391,1,5,2,middle,0.536285,0.5848772,0.04859221
38391,1,5,3,middle,0.536285,0.42334983,-0.112935156
38391,1,5,4,last,0.536285,0.5229183,-0.013366699
27334,0,5,0,first,0.07788376,0.082743764,0.0048600063
27334,0,5,1,middle,0.07788376,0.05291162,-0.024972137
27334,0,5,2,middle,0.07788376,0.1198294,0.041945644
27334,0,5,3,middle,0.07788376,0.083199985,0.0053162277
27334,0,5,4,last,0.07788376,0.09207876,0.014195003
42869,1,5,0,first,0.8076886,0.80536425,-0.0023243427
42869,1,5,1,middle,0.8076886,0.84946537,0.041776776
42869,1,5,2,middle,0.8076886,0.7857894,-0.021899223
42869,1,5,3,middle,0.8076886,0.38881114,-0.41887745
42869,1,5,4,last,0.8076886,0.71827227,-0.089416325
37419,1,5,0,first,0.9505733,0.946089,-0.004484296
37419,1,5,1,middle,0.9505733,0.9497432,-0.0008301139
37419,1,5,2,middle,0.9505733,0.9311246,-0.019448698
37419,1,5,3,middle,0.9505733,0.9355309,-0.015042424
37419,1,5,4,last,0.9505733,0.9143031,-0.0362702
36261,1,5,0,first,0.96726125,0.96680194,-0.0004593134
36261,1,5,1,middle,0.96726125,0.9663335,-0.0009277463
36261,1,5,2,middle,0.96726125,0.96681476,-0.0004464984
36261,1,5,3,middle,0.96726125,0.96710366,-0.00015759468
36261,1,5,4,last,0.96726125,0.9671833,-7.7962875e-05
439,0,5,0,first,0.94198,0.95871055,0.016730547
439,0,5,1,middle,0.94198,0.8702882,-0.07169181
439,0,5,2,middle,0.94198,0.9418698,-0.00011020899
439,0,5,3,middle,0.94198,0.9392659,-0.0027140975
439,0,5,4,last,0.94198,0.88817364,-0.053806365
1795,0,5,0,first,0.7620577,0.37998328,-0.38207445
1795,0,5,1,middle,0.7620577,0.7126301,-0.04942763
1795,0,5,2,middle,0.7620577,0.5244545,-0.23760325
1795,0,5,3,middle,0.7620577,0.79841906,0.036361337
1795,0,5,4,last,0.7620577,0.8646358,0.1025781
620,1,5,0,first,0.94483906,0.9340855,-0.010753572
620,1,5,1,middle,0.94483906,0.94186676,-0.0029723048
620,1,5,2,middle,0.94483906,0.92946106,-0.015377998
620,1,5,3,middle,0.94483906,0.9461089,0.0012698174
620,1,5,4,last,0.94483906,0.7289104,-0.21592867
678,0,5,0,first,0.09538564,0.12793778,0.032552138
678,0,5,1,middle,0.09538564,0.07030481,-0.02508083
678,0,5,2,middle,0.09538564,0.10694497,0.01155933
678,0,5,3,middle,0.09538564,0.11020271,0.0148170665
678,0,5,4,last,0.09538564,0.11622,0.020834357
446,1,5,0,first,0.9453491,0.9129627,-0.032386422
446,1,5,1,middle,0.9453491,0.93277586,-0.012573242
446,1,5,2,middle,0.9453491,0.9471042,0.0017551184
446,1,5,3,middle,0.9453491,0.9475407,0.0021916032
446,1,5,4,last,0.9453491,0.92473453,-0.020614564
1147,1,5,0,first,0.9649401,0.965184,0.0002439022
1147,1,5,1,middle,0.9649401,0.96571434,0.00077426434
1147,1,5,2,middle,0.9649401,0.96341425,-0.0015258193
1147,1,5,3,middle,0.9649401,0.93215394,-0.03278613
1147,1,5,4,last,0.9649401,0.96406907,-0.0008710027
1426,1,5,0,first,0.91001326,0.877959,-0.032054245
1426,1,5,1,middle,0.91001326,0.91818804,0.008174777
1426,1,5,2,middle,0.91001326,0.9078489,-0.0021643639
1426,1,5,3,middle,0.91001326,0.9099446,-6.866455e-05
1426,1,5,4,last,0.91001326,0.82836425,-0.081649005
46932,1,5,0,first,0.95746714,0.95861995,0.0011528134
46932,1,5,1,middle,0.95746714,0.9479641,-0.009503067
46932,1,5,2,middle,0.95746714,0.9627872,0.005320072
46932,1,5,3,middle,0.95746714,0.9424707,-0.014996409
46932,1,5,4,last,0.95746714,0.95065564,-0.0068114996
11736,0,5,0,first,0.1148077,0.044367712,-0.070439994
11736,0,5,1,middle,0.1148077,0.4156469,0.30083922
11736,0,5,2,middle,0.1148077,0.15211745,0.037309743
11736,0,5,3,middle,0.1148077,0.104596816,-0.010210887
11736,0,5,4,last,0.1148077,0.18998513,0.07517742
1304,1,5,0,first,0.61311495,0.7419493,0.12883437
1304,1,5,1,middle,0.61311495,0.23702551,-0.37608945
1304,1,5,2,middle,0.61311495,0.65092576,0.037810802
1304,1,5,3,middle,0.61311495,0.6939546,0.080839634
1304,1,5,4,last,0.61311495,0.53236526,-0.08074969
95,0,4,0,first,0.879568,0.9099058,0.03033781
95,0,4,1,middle,0.879568,0.82521474,-0.054353237
95,0,4,2,middle,0.879568,0.93286586,0.053297877
95,0,4,3,last,0.879568,0.4572115,-0.4223565
193,0,4,0,first,0.20470129,0.253231,0.0485297
193,0,4,1,middle,0.20470129,0.1263233,-0.07837799
193,0,4,2,middle,0.20470129,0.2542023,0.049501017
193,0,4,3,last,0.20470129,0.12628196,-0.07841933
957,1,5,0,first,0.9630091,0.94846034,-0.0145487785
957,1,5,1,middle,0.9630091,0.96174484,-0.0012642741
957,1,5,2,middle,0.9630091,0.95993465,-0.0030744672
957,1,5,3,middle,0.9630091,0.9503273,-0.012681842
957,1,5,4,last,0.9630091,0.96476936,0.0017602444
1006,1,5,0,first,0.9352797,0.94714963,0.011869907
1006,1,5,1,middle,0.9352797,0.94222295,0.006943226
1006,1,5,2,middle,0.9352797,0.9243536,-0.010926127
1006,1,5,3,middle,0.9352797,0.94758,0.012300253
1006,1,5,4,last,0.9352797,0.2978085,-0.6374712
52228,0,4,0,first,0.048338067,0.048755966,0.00041789934
52228,0,4,1,middle,0.048338067,0.04556232,-0.0027757473
52228,0,4,2,middle,0.048338067,0.06969163,0.021353561
52228,0,4,3,last,0.048338067,0.059364602,0.011026535
10510,1,4,0,first,0.96391356,0.9603948,-0.0035187602
10510,1,4,1,middle,0.96391356,0.9170864,-0.046827137
10510,1,4,2,middle,0.96391356,0.96241385,-0.0014997125
10510,1,4,3,last,0.96391356,0.96499324,0.0010796785
28924,0,5,0,first,0.063036,0.05114155,-0.011894453
28924,0,5,1,middle,0.063036,0.070009336,0.0069733337
28924,0,5,2,middle,0.063036,0.06444897,0.0014129654
28924,0,5,3,middle,0.063036,0.06493596,0.0018999577
28924,0,5,4,last,0.063036,0.12576865,0.062732644
29061,0,5,0,first,0.046902396,0.054390475,0.0074880794
29061,0,5,1,middle,0.046902396,0.046830513,-7.18832e-05
29061,0,5,2,middle,0.046902396,0.049244635,0.002342239
29061,0,5,3,middle,0.046902396,0.048324008,0.0014216118
29061,0,5,4,last,0.046902396,0.05708603,0.010183632
41376,1,5,0,first,0.92375785,0.92810607,0.0043482184
41376,1,5,1,middle,0.92375785,0.8590236,-0.06473428
41376,1,5,2,middle,0.92375785,0.9326904,0.008932531
41376,1,5,3,middle,0.92375785,0.92408967,0.00033181906
41376,1,5,4,last,0.92375785,0.88884294,-0.03491491
45791,1,5,0,first,0.9557346,0.9170714,-0.03866321
45791,1,5,1,middle,0.9557346,0.9545904,-0.0011442304
45791,1,5,2,middle,0.9557346,0.95427674,-0.00145787
45791,1,5,3,middle,0.9557346,0.95506597,-0.0006686449
45791,1,5,4,last,0.9557346,0.94238573,-0.013348877
13727,1,4,0,first,0.752641,0.8226118,0.06997079
13727,1,4,1,middle,0.752641,0.8299029,0.077261865
13727,1,4,2,middle,0.752641,0.56403905,-0.18860197
13727,1,4,3,last,0.752641,0.4035586,-0.3490824
49767,0,5,0,first,0.10856433,0.15492542,0.04636109
49767,0,5,1,middle,0.10856433,0.061653096,-0.046911236
49767,0,5,2,middle,0.10856433,0.11091608,0.002351746
49767,0,5,3,middle,0.10856433,0.16200007,0.053435743
49767,0,5,4,last,0.10856433,0.1315883,0.023023963
81,1,5,0,first,0.8842966,0.85615295,-0.028143644
81,1,5,1,middle,0.8842966,0.79216594,-0.09213066
81,1,5,2,middle,0.8842966,0.8137506,-0.07054597
81,1,5,3,middle,0.8842966,0.776031,-0.10826558
81,1,5,4,last,0.8842966,0.8197874,-0.06450921
272,1,5,0,first,0.17110467,0.3264668,0.15536213
272,1,5,1,middle,0.17110467,0.14535499,-0.025749683
272,1,5,2,middle,0.17110467,0.1916699,0.020565227
272,1,5,3,middle,0.17110467,0.1481464,-0.022958264
272,1,5,4,last,0.17110467,0.19413175,0.023027077
53409,0,5,0,first,0.055371642,0.057327695,0.001956053
53409,0,5,1,middle,0.055371642,0.058940884,0.0035692416
53409,0,5,2,middle,0.055371642,0.053693525,-0.0016781166
53409,0,5,3,middle,0.055371642,0.051229104,-0.0041425377
53409,0,5,4,last,0.055371642,0.07983741,0.02446577
51387,0,5,0,first,0.9433688,0.1213168,-0.822052
51387,0,5,1,middle,0.9433688,0.9452667,0.0018979311
51387,0,5,2,middle,0.9433688,0.9511393,0.0077704787
51387,0,5,3,middle,0.9433688,0.946051,0.002682209
51387,0,5,4,last,0.9433688,0.9530585,0.009689689
1976,0,5,0,first,0.92708194,0.90660095,-0.02048099
1976,0,5,1,middle,0.92708194,0.8939921,-0.033089817
1976,0,5,2,middle,0.92708194,0.9295219,0.0024399757
1976,0,5,3,middle,0.92708194,0.8488534,-0.07822853
1976,0,5,4,last,0.92708194,0.9433062,0.016224265
39216,0,4,0,first,0.0461877,0.0450846,-0.0011030994
39216,0,4,1,middle,0.0461877,0.043149833,-0.0030378662
39216,0,4,2,middle,0.0461877,0.064047754,0.017860055
39216,0,4,3,last,0.0461877,0.04970023,0.0035125315
1814,0,3,0,first,0.05038616,0.050693296,0.00030713528
1814,0,3,1,middle,0.05038616,0.05070229,0.00031612813
1814,0,3,2,last,0.05038616,0.047604755,-0.002781406
1436,1,5,0,first,0.9656764,0.9662683,0.0005918741
1436,1,5,1,middle,0.9656764,0.9634717,-0.0022047162
1436,1,5,2,middle,0.9656764,0.9634487,-0.0022277236
1436,1,5,3,middle,0.9656764,0.9647392,-0.00093722343
1436,1,5,4,last,0.9656764,0.96544945,-0.00022697449
1866,0,5,0,first,0.926939,0.8069084,-0.12003058
1866,0,5,1,middle,0.926939,0.9001484,-0.026790619
1866,0,5,2,middle,0.926939,0.9221483,-0.0047907233
1866,0,5,3,middle,0.926939,0.91918546,-0.007753551
1866,0,5,4,last,0.926939,0.9504348,0.023495793
249,0,5,0,first,0.43151838,0.3100281,-0.12149027
249,0,5,1,middle,0.43151838,0.4105556,-0.020962775
249,0,5,2,middle,0.43151838,0.6369824,0.205464
249,0,5,3,middle,0.43151838,0.34778586,-0.083732516
249,0,5,4,last,0.43151838,0.48396453,0.052446157
264,0,5,0,first,0.07811267,0.18045193,0.10233926
264,0,5,1,middle,0.07811267,0.08608772,0.007975049
264,0,5,2,middle,0.07811267,0.06350354,-0.014609128
264,0,5,3,middle,0.07811267,0.09006169,0.011949018
264,0,5,4,last,0.07811267,0.072973706,-0.0051389635
14186,1,5,0,first,0.8202349,0.8442817,0.024046779
14186,1,5,1,middle,0.8202349,0.706393,-0.11384189
14186,1,5,2,middle,0.8202349,0.8047115,-0.015523374
14186,1,5,3,middle,0.8202349,0.8544786,0.034243703
14186,1,5,4,last,0.8202349,0.44512355,-0.37511134
390,0,5,0,first,0.6846592,0.7895186,0.10485941
390,0,5,1,middle,0.6846592,0.79673856,0.11207938
390,0,5,2,middle,0.6846592,0.8488966,0.16423744
390,0,5,3,middle,0.6846592,0.28743362,-0.39722556
390,0,5,4,last,0.6846592,0.20330426,-0.48135492
1095,0,5,0,first,0.06764241,0.06855305,0.00091063976
1095,0,5,1,middle,0.06764241,0.08224925,0.014606833
1095,0,5,2,middle,0.06764241,0.07054445,0.0029020384
1095,0,5,3,middle,0.06764241,0.07404299,0.0064005777
1095,0,5,4,last,0.06764241,0.06691821,-0.0007242039
40,1,6,0,first,0.9363656,0.9416148,0.0052492023
40,1,6,1,middle,0.9363656,0.9450072,0.008641601
40,1,6,2,middle,0.9363656,0.9316419,-0.0047237277
40,1,6,3,middle,0.9363656,0.9393412,0.002975583
40,1,6,4,middle,0.9363656,0.92634255,-0.010023057
40,1,6,5,last,0.9363656,0.39382437,-0.54254127
664,1,5,0,first,0.7585552,0.77099746,0.012442291
664,1,5,1,middle,0.7585552,0.7591135,0.0005583167
664,1,5,2,middle,0.7585552,0.7350003,-0.023554862
664,1,5,3,middle,0.7585552,0.76195526,0.0034000874
664,1,5,4,last,0.7585552,0.49118707,-0.2673681
51985,0,5,0,first,0.76871705,0.62805897,-0.14065808
51985,0,5,1,middle,0.76871705,0.84694463,0.07822758
51985,0,5,2,middle,0.76871705,0.8939479,0.12523085
51985,0,5,3,middle,0.76871705,0.86059064,0.091873586
51985,0,5,4,last,0.76871705,0.2996472,-0.46906984
996,0,5,0,first,0.09813679,0.11373112,0.015594333
996,0,5,1,middle,0.09813679,0.12180564,0.023668848
996,0,5,2,middle,0.09813679,0.10039689,0.0022600964
996,0,5,3,middle,0.09813679,0.07241664,-0.02572015
996,0,5,4,last,0.09813679,0.11963976,0.021502972
998,0,5,0,first,0.5164933,0.10029199,-0.41620132
998,0,5,1,middle,0.5164933,0.55996054,0.043467224
998,0,5,2,middle,0.5164933,0.6000785,0.0835852
998,0,5,3,middle,0.5164933,0.5002044,-0.016288936
998,0,5,4,last,0.5164933,0.607881,0.09138769
93,1,5,0,first,0.18355347,0.158934,-0.024619475
93,1,5,1,middle,0.18355347,0.14034972,-0.043203756
93,1,5,2,middle,0.18355347,0.23985445,0.056300983
93,1,5,3,middle,0.18355347,0.1261219,-0.05743158
93,1,5,4,last,0.18355347,0.29418838,0.11063491
1638,1,5,0,first,0.37878683,0.5100233,0.13123646
1638,1,5,1,middle,0.37878683,0.30155724,-0.07722959
1638,1,5,2,middle,0.37878683,0.38096192,0.0021750927
1638,1,5,3,middle,0.37878683,0.22836643,-0.1504204
1638,1,5,4,last,0.37878683,0.49101067,0.112223834
649,0,5,0,first,0.11329273,0.09643977,-0.01685296
649,0,5,1,middle,0.11329273,0.11564238,0.0023496523
649,0,5,2,middle,0.11329273,0.09848632,-0.014806412
649,0,5,3,middle,0.11329273,0.1310845,0.01779177
649,0,5,4,last,0.11329273,0.104287855,-0.009004876
1518,0,5,0,first,0.16643223,0.19049026,0.024058029
1518,0,5,1,middle,0.16643223,0.16300134,-0.003430888
1518,0,5,2,middle,0.16643223,0.11075477,-0.05567746
1518,0,5,3,middle,0.16643223,0.24485503,0.0784228
1518,0,5,4,last,0.16643223,0.33505738,0.16862515
1566,0,5,0,first,0.58322567,0.73335844,0.15013278
1566,0,5,1,middle,0.58322567,0.35664362,-0.22658205
1566,0,5,2,middle,0.58322567,0.59596646,0.012740791
1566,0,5,3,middle,0.58322567,0.3804474,-0.20277828
1566,0,5,4,last,0.58322567,0.398386,-0.18483967
25717,1,4,0,first,0.35634258,0.6083273,0.25198475
25717,1,4,1,middle,0.35634258,0.27664122,-0.079701364
25717,1,4,2,middle,0.35634258,0.1056523,-0.25069028
25717,1,4,3,last,0.35634258,0.49909222,0.14274964
6186,1,5,0,first,0.96640325,0.9662673,-0.0001359582
6186,1,5,1,middle,0.96640325,0.9623869,-0.00401634
6186,1,5,2,middle,0.96640325,0.9667838,0.00038057566
6186,1,5,3,middle,0.96640325,0.9662062,-0.00019705296
6186,1,5,4,last,0.96640325,0.9619844,-0.00441885
1343,0,5,0,first,0.09837319,0.14902559,0.0506524
1343,0,5,1,middle,0.09837319,0.09661376,-0.0017594323
1343,0,5,2,middle,0.09837319,0.10151829,0.0031450987
1343,0,5,3,middle,0.09837319,0.07034721,-0.028025977
1343,0,5,4,last,0.09837319,0.13409713,0.03572394
1073,1,5,0,first,0.9639998,0.96480787,0.00080806017
1073,1,5,1,middle,0.9639998,0.9611016,-0.0028982162
1073,1,5,2,middle,0.9639998,0.9311823,-0.032817483
1073,1,5,3,middle,0.9639998,0.96341205,-0.0005877614
1073,1,5,4,last,0.9639998,0.9649953,0.0009955168
286,0,5,0,first,0.22774261,0.24713473,0.019392118
286,0,5,1,middle,0.22774261,0.11968763,-0.10805498
286,0,5,2,middle,0.22774261,0.4220697,0.19432709
286,0,5,3,middle,0.22774261,0.17877093,-0.048971683
286,0,5,4,last,0.22774261,0.40880534,0.18106273
50510,1,5,0,first,0.6597889,0.6068922,-0.05289668
50510,1,5,1,middle,0.6597889,0.6547118,-0.0050771236
50510,1,5,2,middle,0.6597889,0.6476795,-0.012109399
50510,1,5,3,middle,0.6597889,0.61497784,-0.04481107
50510,1,5,4,last,0.6597889,0.119591095,-0.5401978
52684,1,5,0,first,0.9641551,0.9632227,-0.00093239546
52684,1,5,1,middle,0.9641551,0.96598125,0.0018261671
52684,1,5,2,middle,0.9641551,0.964266,0.000110924244
52684,1,5,3,middle,0.9641551,0.9623611,-0.0017939806
52684,1,5,4,last,0.9641551,0.9647539,0.00059884787
333,0,5,0,first,0.9527963,0.9496545,-0.0031417608
333,0,5,1,middle,0.9527963,0.9487773,-0.0040189624
333,0,5,2,middle,0.9527963,0.94963086,-0.0031654239
333,0,5,3,middle,0.9527963,0.9480305,-0.0047658086
333,0,5,4,last,0.9527963,0.94380546,-0.008990824
484,1,5,0,first,0.9217402,0.9248291,0.003088951
484,1,5,1,middle,0.9217402,0.9238716,0.0021314025
484,1,5,2,middle,0.9217402,0.8920382,-0.029701948
484,1,5,3,middle,0.9217402,0.87113756,-0.050602615
484,1,5,4,last,0.9217402,0.8917091,-0.030031085
1216,1,3,0,first,0.882038,0.19566353,-0.6863745
1216,1,3,1,middle,0.882038,0.5750794,-0.30695862
1216,1,3,2,last,0.882038,0.9450146,0.0629766
50132,1,5,0,first,0.9625185,0.9641863,0.0016677976
50132,1,5,1,middle,0.9625185,0.9086769,-0.05384159
50132,1,5,2,middle,0.9625185,0.96169007,-0.00082844496
50132,1,5,3,middle,0.9625185,0.96278167,0.0002631545
50132,1,5,4,last,0.9625185,0.9612922,-0.001226306
21556,1,5,0,first,0.2160152,0.0815444,-0.1344708
21556,1,5,1,middle,0.2160152,0.18092993,-0.035085276
21556,1,5,2,middle,0.2160152,0.32183212,0.105816916
21556,1,5,3,middle,0.2160152,0.20991382,-0.0061013848
21556,1,5,4,last,0.2160152,0.25558683,0.039571628
731,0,5,0,first,0.07663203,0.06493303,-0.0116989985
731,0,5,1,middle,0.07663203,0.11856502,0.041932993
731,0,5,2,middle,0.07663203,0.17937303,0.102740996
731,0,5,3,middle,0.07663203,0.069941655,-0.0066903755
731,0,5,4,last,0.07663203,0.069703095,-0.0069289356
25087,0,5,0,first,0.06873503,0.05523332,-0.013501715
25087,0,5,1,middle,0.06873503,0.10498018,0.036245145
25087,0,5,2,middle,0.06873503,0.09107867,0.022343636
25087,0,5,3,middle,0.06873503,0.06640974,-0.0023252964
25087,0,5,4,last,0.06873503,0.108392954,0.03965792
18383,0,5,0,first,0.1586545,0.20377916,0.045124665
18383,0,5,1,middle,0.1586545,0.083307564,-0.07534693
18383,0,5,2,middle,0.1586545,0.11992913,-0.03872537
18383,0,5,3,middle,0.1586545,0.2576057,0.098951206
18383,0,5,4,last,0.1586545,0.15877481,0.000120311975
2203,0,5,0,first,0.30317903,0.33491117,0.031732142
2203,0,5,1,middle,0.30317903,0.24064755,-0.06253147
2203,0,5,2,middle,0.30317903,0.119718105,-0.18346092
2203,0,5,3,middle,0.30317903,0.42935234,0.12617332
2203,0,5,4,last,0.30317903,0.19073261,-0.11244641
40939,0,2,0,first,0.061514657,0.062778935,0.0012642778
40939,0,2,1,last,0.061514657,0.09376225,0.03224759
31238,0,3,0,first,0.051566243,0.060088564,0.008522321
31238,0,3,1,middle,0.051566243,0.051246397,-0.00031984597
31238,0,3,2,last,0.051566243,0.054188233,0.0026219897
13566,1,5,0,first,0.9358134,0.91539174,-0.020421684
13566,1,5,1,middle,0.9358134,0.9446388,0.008825362
13566,1,5,2,middle,0.9358134,0.813867,-0.121946454
13566,1,5,3,middle,0.9358134,0.9375685,0.0017550588
13566,1,5,4,last,0.9358134,0.9369568,0.0011433959
189,1,3,0,first,0.9537553,0.8515087,-0.10224664
189,1,3,1,middle,0.9537553,0.9503913,-0.0033640265
189,1,3,2,last,0.9537553,0.9459353,-0.00782001
336,1,4,0,first,0.83954805,0.81888884,-0.020659208
336,1,4,1,middle,0.83954805,0.77436846,-0.06517959
336,1,4,2,middle,0.83954805,0.8760985,0.036550462
336,1,4,3,last,0.83954805,0.61074054,-0.22880751
1281,0,5,0,first,0.33356684,0.43028885,0.09672201
1281,0,5,1,middle,0.33356684,0.27611458,-0.05745226
1281,0,5,2,middle,0.33356684,0.56922656,0.23565972
1281,0,5,3,middle,0.33356684,0.4349144,0.101347566
1281,0,5,4,last,0.33356684,0.06458126,-0.26898557
700,1,5,0,first,0.9569314,0.9556116,-0.0013198256
700,1,5,1,middle,0.9569314,0.9613357,0.0044043064
700,1,5,2,middle,0.9569314,0.9623518,0.005420387
700,1,5,3,middle,0.9569314,0.9432391,-0.013692319
700,1,5,4,last,0.9569314,0.9455035,-0.011427939
1504,1,5,0,first,0.66087675,0.36743522,-0.29344153
1504,1,5,1,middle,0.66087675,0.5391124,-0.12176436
1504,1,5,2,middle,0.66087675,0.7097187,0.048841953
1504,1,5,3,middle,0.66087675,0.6519204,-0.008956373
1504,1,5,4,last,0.66087675,0.4032246,-0.25765216
1365,0,5,0,first,0.087579235,0.05951944,-0.028059795
1365,0,5,1,middle,0.087579235,0.09241166,0.004832424
1365,0,5,2,middle,0.087579235,0.10676252,0.019183286
1365,0,5,3,middle,0.087579235,0.10066482,0.013085581
1365,0,5,4,last,0.087579235,0.0921265,0.004547268
31170,0,4,0,first,0.7046747,0.6228467,-0.081828
31170,0,4,1,middle,0.7046747,0.6210835,-0.08359122
31170,0,4,2,middle,0.7046747,0.47565338,-0.22902134
31170,0,4,3,last,0.7046747,0.43946257,-0.26521215
1710,0,5,0,first,0.2218128,0.17664865,-0.045164153
1710,0,5,1,middle,0.2218128,0.10905578,-0.11275702
1710,0,5,2,middle,0.2218128,0.14559585,-0.07621695
1710,0,5,3,middle,0.2218128,0.32789755,0.10608475
1710,0,5,4,last,0.2218128,0.28688926,0.065076455
495,0,5,0,first,0.050293516,0.049775176,-0.0005183406
495,0,5,1,middle,0.050293516,0.05370468,0.0034111626
495,0,5,2,middle,0.050293516,0.06296245,0.012668934
495,0,5,3,middle,0.050293516,0.04953079,-0.0007627271
495,0,5,4,last,0.050293516,0.055991393,0.005697876
43546,0,4,0,first,0.2789523,0.24308808,-0.03586422
43546,0,4,1,middle,0.2789523,0.23333362,-0.045618683
43546,0,4,2,middle,0.2789523,0.0762334,-0.2027189
43546,0,4,3,last,0.2789523,0.6954136,0.4164613
1399,1,5,0,first,0.1588503,0.16723737,0.008387074
1399,1,5,1,middle,0.1588503,0.17559294,0.016742647
1399,1,5,2,middle,0.1588503,0.12855473,-0.030295566
1399,1,5,3,middle,0.1588503,0.111168385,-0.047681913
1399,1,5,4,last,0.1588503,0.14940806,-0.00944224
2072,0,5,0,first,0.9277622,0.89857316,-0.02918905
2072,0,5,1,middle,0.9277622,0.9226168,-0.0051454306
2072,0,5,2,middle,0.9277622,0.35334793,-0.57441425
2072,0,5,3,middle,0.9277622,0.94434416,0.016581953
2072,0,5,4,last,0.9277622,0.9222208,-0.005541384
38295,0,5,0,first,0.9343735,0.9422938,0.007920325
38295,0,5,1,middle,0.9343735,0.8494875,-0.084886014
38295,0,5,2,middle,0.9343735,0.43718398,-0.49718952
38295,0,5,3,middle,0.9343735,0.9442678,0.009894311
38295,0,5,4,last,0.9343735,0.94239175,0.008018255
55527,1,5,0,first,0.8809837,0.88702106,0.0060373545
55527,1,5,1,middle,0.8809837,0.74641067,-0.13457304
55527,1,5,2,middle,0.8809837,0.8148892,-0.06609452
55527,1,5,3,middle,0.8809837,0.63005483,-0.25092888
55527,1,5,4,last,0.8809837,0.9227482,0.041764498
1166,1,5,0,first,0.95705205,0.94009084,-0.016961217
1166,1,5,1,middle,0.95705205,0.960241,0.0031889677
1166,1,5,2,middle,0.95705205,0.9543075,-0.0027445555
1166,1,5,3,middle,0.95705205,0.95627254,-0.00077950954
1166,1,5,4,last,0.95705205,0.9574126,0.0003605485
1364,0,5,0,first,0.08923941,0.09033492,0.001095511
1364,0,5,1,middle,0.08923941,0.09874714,0.009507731
1364,0,5,2,middle,0.08923941,0.058718834,-0.030520577
1364,0,5,3,middle,0.08923941,0.11854376,0.029304348
1364,0,5,4,last,0.08923941,0.18297035,0.093730934
25494,1,5,0,first,0.9592974,0.9604964,0.001199007
25494,1,5,1,middle,0.9592974,0.959212,-8.5413456e-05
25494,1,5,2,middle,0.9592974,0.95719,-0.0021074414
25494,1,5,3,middle,0.9592974,0.9576368,-0.001660645
25494,1,5,4,last,0.9592974,0.9532273,-0.006070137
1308,0,5,0,first,0.075744964,0.12701552,0.051270552
1308,0,5,1,middle,0.075744964,0.07163961,-0.004105352
1308,0,5,2,middle,0.075744964,0.08470407,0.008959107
1308,0,5,3,middle,0.075744964,0.073688656,-0.002056308
1308,0,5,4,last,0.075744964,0.07698932,0.0012443587
1015,1,5,0,first,0.95698696,0.9559275,-0.0010594726
1015,1,5,1,middle,0.95698696,0.95302737,-0.003959596
1015,1,5,2,middle,0.95698696,0.94888604,-0.008100927
1015,1,5,3,middle,0.95698696,0.94082475,-0.016162217
1015,1,5,4,last,0.95698696,0.95682675,-0.00016021729
44863,0,5,0,first,0.16898032,0.09760275,-0.07137757
44863,0,5,1,middle,0.16898032,0.17612383,0.0071435124
44863,0,5,2,middle,0.16898032,0.20310977,0.034129456
44863,0,5,3,middle,0.16898032,0.11001773,-0.058962584
44863,0,5,4,last,0.16898032,0.19922434,0.030244023
11091,0,4,0,first,0.06503774,0.07485143,0.009813689
11091,0,4,1,middle,0.06503774,0.069983974,0.004946232
11091,0,4,2,middle,0.06503774,0.055353846,-0.009683896
11091,0,4,3,last,0.06503774,0.080362104,0.015324362
2185,0,5,0,first,0.061128177,0.07122635,0.010098174
2185,0,5,1,middle,0.061128177,0.065565825,0.0044376478
2185,0,5,2,middle,0.061128177,0.05810873,-0.0030194484
2185,0,5,3,middle,0.061128177,0.060614694,-0.00051348284
2185,0,5,4,last,0.061128177,0.059019342,-0.0021088347
52299,0,2,0,first,0.06827172,0.10821346,0.039941743
52299,0,2,1,last,0.06827172,0.061022677,-0.0072490424
7823,0,4,0,first,0.06941245,0.07942847,0.010016024
7823,0,4,1,middle,0.06941245,0.07476151,0.0053490624
7823,0,4,2,middle,0.06941245,0.056120247,-0.013292201
7823,0,4,3,last,0.06941245,0.060869507,-0.00854294
1610,0,4,0,first,0.07221952,0.0706603,-0.0015592203
1610,0,4,1,middle,0.07221952,0.067359015,-0.0048605055
1610,0,4,2,middle,0.07221952,0.08962354,0.01740402
1610,0,4,3,last,0.07221952,0.06547602,-0.006743498
137,1,5,0,first,0.87672174,0.8976761,0.02095437
137,1,5,1,middle,0.87672174,0.8933174,0.016595662
137,1,5,2,middle,0.87672174,0.8884842,0.01176244
137,1,5,3,middle,0.87672174,0.8798177,0.0030959845
137,1,5,4,last,0.87672174,0.5863677,-0.290354
25818,1,5,0,first,0.91825294,0.91927,0.001017034
25818,1,5,1,middle,0.91825294,0.90865606,-0.009596884
25818,1,5,2,middle,0.91825294,0.92080015,0.0025472045
25818,1,5,3,middle,0.91825294,0.86969316,-0.048559785
25818,1,5,4,last,0.91825294,0.8866073,-0.031645656
11303,1,5,0,first,0.67723995,0.6546449,-0.022595048
11303,1,5,1,middle,0.67723995,0.57252663,-0.10471332
11303,1,5,2,middle,0.67723995,0.42297187,-0.25426808
11303,1,5,3,middle,0.67723995,0.35947657,-0.3177634
11303,1,5,4,last,0.67723995,0.83058566,0.1533457
196,1,5,0,first,0.8462838,0.8311694,-0.015114367
196,1,5,1,middle,0.8462838,0.7494059,-0.09687787
196,1,5,2,middle,0.8462838,0.8008224,-0.045461416
196,1,5,3,middle,0.8462838,0.9039237,0.057639897
196,1,5,4,last,0.8462838,0.6709462,-0.17533761
1193,1,5,0,first,0.8925709,0.88078743,-0.011783481
1193,1,5,1,middle,0.8925709,0.91409326,0.021522343
1193,1,5,2,middle,0.8925709,0.8068707,-0.085700214
1193,1,5,3,middle,0.8925709,0.8531172,-0.039453685
1193,1,5,4,last,0.8925709,0.9098996,0.01732868
656,0,5,0,first,0.49051666,0.47894603,-0.011570632
656,0,5,1,middle,0.49051666,0.57348394,0.08296728
656,0,5,2,middle,0.49051666,0.2148936,-0.27562308
656,0,5,3,middle,0.49051666,0.10880433,-0.38171232
656,0,5,4,last,0.49051666,0.7808246,0.29030794
726,1,5,0,first,0.9136091,0.85532594,-0.05828315
726,1,5,1,middle,0.9136091,0.8034203,-0.11018878
726,1,5,2,middle,0.9136091,0.90728426,-0.0063248277
726,1,5,3,middle,0.9136091,0.9239372,0.010328114
726,1,5,4,last,0.9136091,0.91178393,-0.0018251538
154,1,5,0,first,0.9384047,0.9379912,-0.00041347742
154,1,5,1,middle,0.9384047,0.85834724,-0.08005744
154,1,5,2,middle,0.9384047,0.8592625,-0.07914215
154,1,5,3,middle,0.9384047,0.94062567,0.0022209883
154,1,5,4,last,0.9384047,0.94674706,0.008342385
46867,0,5,0,first,0.8743331,0.5179459,-0.3563872
46867,0,5,1,middle,0.8743331,0.86551434,-0.008818746
46867,0,5,2,middle,0.8743331,0.930349,0.05601591
46867,0,5,3,middle,0.8743331,0.7841058,-0.090227306
46867,0,5,4,last,0.8743331,0.8749375,0.0006043911
1067,1,5,0,first,0.83703136,0.83761376,0.000582397
1067,1,5,1,middle,0.83703136,0.85500133,0.017969966
1067,1,5,2,middle,0.83703136,0.8599325,0.022901118
1067,1,5,3,middle,0.83703136,0.8824567,0.045425355
1067,1,5,4,last,0.83703136,0.5155321,-0.3214993
39140,1,5,0,first,0.96670717,0.9651612,-0.0015459657
39140,1,5,1,middle,0.96670717,0.96620476,-0.00050240755
39140,1,5,2,middle,0.96670717,0.963691,-0.0030161738
39140,1,5,3,middle,0.96670717,0.9653015,-0.0014056563
39140,1,5,4,last,0.96670717,0.9674849,0.0007777214
28337,0,5,0,first,0.84776425,0.8373164,-0.01044786
28337,0,5,1,middle,0.84776425,0.8503026,0.0025383234
28337,0,5,2,middle,0.84776425,0.81524986,-0.032514393
28337,0,5,3,middle,0.84776425,0.8085497,-0.03921455
28337,0,5,4,last,0.84776425,0.6935031,-0.15426117
522,0,5,0,first,0.40637004,0.2939973,-0.112372756
522,0,5,1,middle,0.40637004,0.36284164,-0.043528408
522,0,5,2,middle,0.40637004,0.1923139,-0.21405615
522,0,5,3,middle,0.40637004,0.5890133,0.18264323
522,0,5,4,last,0.40637004,0.39497668,-0.011393368
1041,1,5,0,first,0.91772497,0.9130113,-0.0047136545
1041,1,5,1,middle,0.91772497,0.8238307,-0.09389424
1041,1,5,2,middle,0.91772497,0.92422885,0.00650388
1041,1,5,3,middle,0.91772497,0.8139013,-0.10382366
1041,1,5,4,last,0.91772497,0.944402,0.026677012
811,1,5,0,first,0.7996937,0.73905534,-0.060638368
811,1,5,1,middle,0.7996937,0.7796668,-0.020026922
811,1,5,2,middle,0.7996937,0.73510414,-0.06458956
811,1,5,3,middle,0.7996937,0.50877875,-0.29091495
811,1,5,4,last,0.7996937,0.80662435,0.0069306493
1036,1,5,0,first,0.9169804,0.87555605,-0.041424334
1036,1,5,1,middle,0.9169804,0.8977338,-0.019246578
1036,1,5,2,middle,0.9169804,0.733713,-0.18326741
1036,1,5,3,middle,0.9169804,0.8991857,-0.017794669
1036,1,5,4,last,0.9169804,0.9273015,0.01032114
18528,1,5,0,first,0.18852036,0.15809248,-0.030427873
18528,1,5,1,middle,0.18852036,0.1644721,-0.024048254
18528,1,5,2,middle,0.18852036,0.20022215,0.0117017925
18528,1,5,3,middle,0.18852036,0.1122887,-0.07623166
18528,1,5,4,last,0.18852036,0.14943238,-0.03908798
17531,1,5,0,first,0.92693174,0.9311233,0.0041915774
17531,1,5,1,middle,0.92693174,0.93650305,0.009571314
17531,1,5,2,middle,0.92693174,0.92436737,-0.0025643706
17531,1,5,3,middle,0.92693174,0.9255808,-0.0013509393
17531,1,5,4,last,0.92693174,0.7745777,-0.15235406
1123,1,5,0,first,0.11585625,0.13109364,0.015237384
1123,1,5,1,middle,0.11585625,0.08362205,-0.0322342
1123,1,5,2,middle,0.11585625,0.088996515,-0.026859738
1123,1,5,3,middle,0.11585625,0.128076,0.012219749
1123,1,5,4,last,0.11585625,0.1996436,0.083787344
18949,1,4,0,first,0.92934716,0.9043988,-0.024948359
18949,1,4,1,middle,0.92934716,0.8975234,-0.031823754
18949,1,4,2,middle,0.92934716,0.9394009,0.010053754
18949,1,4,3,last,0.92934716,0.90717506,-0.022172093
49189,1,5,0,first,0.96151966,0.9609948,-0.0005248785
49189,1,5,1,middle,0.96151966,0.95673954,-0.0047801137
49189,1,5,2,middle,0.96151966,0.960051,-0.0014686584
49189,1,5,3,middle,0.96151966,0.96185493,0.00033527613
49189,1,5,4,last,0.96151966,0.96070224,-0.0008174181
10928,1,5,0,first,0.9517641,0.9460519,-0.005712211
10928,1,5,1,middle,0.9517641,0.9449355,-0.006828606
10928,1,5,2,middle,0.9517641,0.93559974,-0.016164362
10928,1,5,3,middle,0.9517641,0.9497028,-0.0020613074
10928,1,5,4,last,0.9517641,0.9428215,-0.008942604
274,0,5,0,first,0.09981628,0.10139707,0.0015807897
274,0,5,1,middle,0.09981628,0.12273245,0.022916175
274,0,5,2,middle,0.09981628,0.06452962,-0.035286658
274,0,5,3,middle,0.09981628,0.13362212,0.033805847
274,0,5,4,last,0.09981628,0.13927585,0.03945957
102,0,5,0,first,0.3072107,0.061852213,-0.2453585
102,0,5,1,middle,0.3072107,0.09371153,-0.21349919
102,0,5,2,middle,0.3072107,0.44679958,0.13958886
102,0,5,3,middle,0.3072107,0.21503095,-0.09217976
102,0,5,4,last,0.3072107,0.73047245,0.42326173
44733,0,5,0,first,0.3434041,0.4273476,0.083943486
44733,0,5,1,middle,0.3434041,0.59436035,0.25095624
44733,0,5,2,middle,0.3434041,0.24053577,-0.10286835
44733,0,5,3,middle,0.3434041,0.7463736,0.40296948
44733,0,5,4,last,0.3434041,0.082817025,-0.2605871
31818,1,5,0,first,0.9547738,0.9508916,-0.0038821697
31818,1,5,1,middle,0.9547738,0.9474471,-0.0073266625
31818,1,5,2,middle,0.9547738,0.95427656,-0.00049722195
31818,1,5,3,middle,0.9547738,0.95585847,0.0010846853
31818,1,5,4,last,0.9547738,0.9510689,-0.0037049055
23598,1,4,0,first,0.13919252,0.06172224,-0.07747028
23598,1,4,1,middle,0.13919252,0.29434443,0.1551519
23598,1,4,2,middle,0.13919252,0.33599868,0.19680616
23598,1,4,3,last,0.13919252,0.056837667,-0.08235486
27225,0,5,0,first,0.06637579,0.08106755,0.014691755
27225,0,5,1,middle,0.06637579,0.055307787,-0.011068005
27225,0,5,2,middle,0.06637579,0.061377376,-0.0049984157
27225,0,5,3,middle,0.06637579,0.085683405,0.019307613
27225,0,5,4,last,0.06637579,0.10271773,0.036341935
1307,1,5,0,first,0.89972985,0.87892365,-0.020806193
1307,1,5,1,middle,0.89972985,0.8740682,-0.025661647
1307,1,5,2,middle,0.89972985,0.8462156,-0.053514242
1307,1,5,3,middle,0.89972985,0.9135838,0.013853967
1307,1,5,4,last,0.89972985,0.9271894,0.027459562
36366,1,5,0,first,0.73182946,0.6267598,-0.10506964
36366,1,5,1,middle,0.73182946,0.7046982,-0.02713126
36366,1,5,2,middle,0.73182946,0.6958513,-0.03597814
36366,1,5,3,middle,0.73182946,0.67250216,-0.059327304
36366,1,5,4,last,0.73182946,0.15028797,-0.5815415
28200,0,5,0,first,0.43374953,0.5590533,0.12530378
28200,0,5,1,middle,0.43374953,0.37929314,-0.054456383
28200,0,5,2,middle,0.43374953,0.12992969,-0.30381984
28200,0,5,3,middle,0.43374953,0.37831312,-0.055436403
28200,0,5,4,last,0.43374953,0.6938112,0.26006165
21920,1,5,0,first,0.9636031,0.963648,4.4941902e-05
21920,1,5,1,middle,0.9636031,0.9603622,-0.0032408834
21920,1,5,2,middle,0.9636031,0.9584985,-0.0051046014
21920,1,5,3,middle,0.9636031,0.9476143,-0.015988767
21920,1,5,4,last,0.9636031,0.9649355,0.0013324022
111,0,5,0,first,0.12023795,0.15771417,0.037476227
111,0,5,1,middle,0.12023795,0.12001,-0.00022794306
111,0,5,2,middle,0.12023795,0.111237794,-0.009000152
111,0,5,3,middle,0.12023795,0.11880596,-0.0014319867
111,0,5,4,last,0.12023795,0.123166576,0.0029286295
1207,1,5,0,first,0.96455497,0.95485854,-0.009696424
1207,1,5,1,middle,0.96455497,0.9634572,-0.0010977387
1207,1,5,2,middle,0.96455497,0.9634946,-0.0010603666
1207,1,5,3,middle,0.96455497,0.9623305,-0.0022244453
1207,1,5,4,last,0.96455497,0.96436447,-0.00019049644
468,1,5,0,first,0.7483455,0.7431544,-0.0051910877
468,1,5,1,middle,0.7483455,0.79348713,0.045141637
468,1,5,2,middle,0.7483455,0.62430614,-0.12403935
468,1,5,3,middle,0.7483455,0.3096819,-0.4386636
468,1,5,4,last,0.7483455,0.77623266,0.027887166
452,0,5,0,first,0.06385284,0.05075464,-0.013098199
452,0,5,1,middle,0.06385284,0.08132283,0.017469987
452,0,5,2,middle,0.06385284,0.06250534,-0.0013474971
452,0,5,3,middle,0.06385284,0.06803064,0.0041778013
452,0,5,4,last,0.06385284,0.13270128,0.06884844
514,0,5,0,first,0.06991562,0.1777169,0.10780127
514,0,5,1,middle,0.06991562,0.06727249,-0.0026431307
514,0,5,2,middle,0.06991562,0.06408054,-0.005835086
514,0,5,3,middle,0.06991562,0.12390863,0.05399301
514,0,5,4,last,0.06991562,0.059670452,-0.01024517
592,0,6,0,first,0.17406851,0.17402829,-4.0218234e-05
592,0,6,1,middle,0.17406851,0.15749699,-0.016571522
592,0,6,2,middle,0.17406851,0.15434158,-0.019726932
592,0,6,3,middle,0.17406851,0.1588326,-0.015235916
592,0,6,4,middle,0.17406851,0.16016209,-0.013906419
592,0,6,5,last,0.17406851,0.18144564,0.007377133
689,1,5,0,first,0.24787036,0.16947772,-0.07839264
689,1,5,1,middle,0.24787036,0.19778489,-0.05008547
689,1,5,2,middle,0.24787036,0.31907636,0.071206
689,1,5,3,middle,0.24787036,0.29281092,0.04494056
689,1,5,4,last,0.24787036,0.2303844,-0.017485961
1179,0,4,0,first,0.05085637,0.05668315,0.0058267787
1179,0,4,1,middle,0.05085637,0.059051845,0.008195475
1179,0,4,2,middle,0.05085637,0.045517832,-0.0053385384
1179,0,4,3,last,0.05085637,0.0630788,0.012222428
126,0,5,0,first,0.49656802,0.45512214,-0.04144588
126,0,5,1,middle,0.49656802,0.42394966,-0.072618365
126,0,5,2,middle,0.49656802,0.5087498,0.012181759
126,0,5,3,middle,0.49656802,0.5273472,0.030779183
126,0,5,4,last,0.49656802,0.46344957,-0.033118457
37431,0,5,0,first,0.07386679,0.06980594,-0.0040608495
37431,0,5,1,middle,0.07386679,0.07527516,0.0014083683
37431,0,5,2,middle,0.07386679,0.073058695,-0.0008080974
37431,0,5,3,middle,0.07386679,0.06207619,-0.011790603
37431,0,5,4,last,0.07386679,0.079141594,0.0052748024
1415,1,5,0,first,0.9372367,0.9017917,-0.035445035
1415,1,5,1,middle,0.9372367,0.9261375,-0.011099219
1415,1,5,2,middle,0.9372367,0.88932735,-0.04790938
1415,1,5,3,middle,0.9372367,0.9450329,0.0077961683
1415,1,5,4,last,0.9372367,0.9374927,0.00025600195
936,0,5,0,first,0.55472803,0.19777367,-0.35695437
936,0,5,1,middle,0.55472803,0.21329309,-0.34143496
936,0,5,2,middle,0.55472803,0.5623747,0.00764668
936,0,5,3,middle,0.55472803,0.7214382,0.1667102
936,0,5,4,last,0.55472803,0.8228686,0.26814055
2074,0,5,0,first,0.2509424,0.17016433,-0.08077808
2074,0,5,1,middle,0.2509424,0.14389263,-0.10704978
2074,0,5,2,middle,0.2509424,0.32851455,0.07757214
2074,0,5,3,middle,0.2509424,0.28356507,0.032622665
2074,0,5,4,last,0.2509424,0.22972783,-0.021214575
47770,0,5,0,first,0.044398434,0.049091242,0.004692808
47770,0,5,1,middle,0.044398434,0.04642718,0.0020287447
47770,0,5,2,middle,0.044398434,0.044198476,-0.00019995868
47770,0,5,3,middle,0.044398434,0.04468905,0.00029061735
47770,0,5,4,last,0.044398434,0.050686043,0.0062876083
3740,0,3,0,first,0.054899793,0.06775322,0.012853425
3740,0,3,1,middle,0.054899793,0.056219522,0.0013197288
3740,0,3,2,last,0.054899793,0.054287132,-0.00061266124
1439,1,5,0,first,0.9132176,0.6276244,-0.2855932
1439,1,5,1,middle,0.9132176,0.9150313,0.0018137097
1439,1,5,2,middle,0.9132176,0.9045164,-0.008701205
1439,1,5,3,middle,0.9132176,0.92723745,0.014019847
1439,1,5,4,last,0.9132176,0.9098397,-0.0033779144
16362,0,3,0,first,0.050326735,0.06398733,0.013660595
16362,0,3,1,middle,0.050326735,0.065496415,0.01516968
16362,0,3,2,last,0.050326735,0.056028996,0.005702261
509,0,5,0,first,0.39685896,0.32951814,-0.06734082
509,0,5,1,middle,0.39685896,0.5300713,0.13321236
509,0,5,2,middle,0.39685896,0.29451644,-0.102342516
509,0,5,3,middle,0.39685896,0.11689982,-0.27995914
509,0,5,4,last,0.39685896,0.6958378,0.29897884
51204,0,5,0,first,0.8118664,0.60999924,-0.20186716
51204,0,5,1,middle,0.8118664,0.794566,-0.017300427
51204,0,5,2,middle,0.8118664,0.8950332,0.08316678
51204,0,5,3,middle,0.8118664,0.7164334,-0.095433
51204,0,5,4,last,0.8118664,0.7987308,-0.013135612
965,0,5,0,first,0.047831032,0.044671804,-0.0031592287
965,0,5,1,middle,0.047831032,0.050090633,0.002259601
965,0,5,2,middle,0.047831032,0.07018657,0.022355538
965,0,5,3,middle,0.047831032,0.056677837,0.0088468045
965,0,5,4,last,0.047831032,0.05018774,0.002356708
34,1,5,0,first,0.9354297,0.9378038,0.0023741126
34,1,5,1,middle,0.9354297,0.93269616,-0.0027335286
34,1,5,2,middle,0.9354297,0.885649,-0.049780667
34,1,5,3,middle,0.9354297,0.9425547,0.00712502
34,1,5,4,last,0.9354297,0.90565366,-0.029776037
52618,1,4,0,first,0.14033183,0.20964758,0.06931575
52618,1,4,1,middle,0.14033183,0.05426464,-0.0860672
52618,1,4,2,middle,0.14033183,0.22063878,0.08030695
52618,1,4,3,last,0.14033183,0.2861835,0.14585167
1500,1,5,0,first,0.9537118,0.9533288,-0.00038301945
1500,1,5,1,middle,0.9537118,0.9567116,0.0029997826
1500,1,5,2,middle,0.9537118,0.95656335,0.0028515458
1500,1,5,3,middle,0.9537118,0.95456475,0.00085294247
1500,1,5,4,last,0.9537118,0.880279,-0.0734328
834,0,5,0,first,0.19899915,0.1454318,-0.05356735
834,0,5,1,middle,0.19899915,0.14315967,-0.05583948
834,0,5,2,middle,0.19899915,0.18518813,-0.013811022
834,0,5,3,middle,0.19899915,0.28084037,0.081841215
834,0,5,4,last,0.19899915,0.13963163,-0.059367523
2132,0,5,0,first,0.1658822,0.10762601,-0.058256187
2132,0,5,1,middle,0.1658822,0.195824,0.029941797
2132,0,5,2,middle,0.1658822,0.20977381,0.04389161
2132,0,5,3,middle,0.1658822,0.11834708,-0.04753512
2132,0,5,4,last,0.1658822,0.15463111,-0.011251092
25486,1,4,0,first,0.95793873,0.95125943,-0.0066792965
25486,1,4,1,middle,0.95793873,0.93001604,-0.02792269
25486,1,4,2,middle,0.95793873,0.9584029,0.00046414137
25486,1,4,3,last,0.95793873,0.9524806,-0.0054581165
2348,1,3,0,first,0.7513694,0.9137726,0.16240317
2348,1,3,1,middle,0.7513694,0.15027615,-0.6010933
2348,1,3,2,last,0.7513694,0.8232236,0.071854174
650,1,5,0,first,0.7129716,0.74514514,0.032173514
650,1,5,1,middle,0.7129716,0.6640753,-0.048896313
650,1,5,2,middle,0.7129716,0.70601827,-0.0069533587
650,1,5,3,middle,0.7129716,0.432902,-0.28006962
650,1,5,4,last,0.7129716,0.71380943,0.0008378029
888,1,5,0,first,0.9644855,0.9646676,0.00018209219
888,1,5,1,middle,0.9644855,0.9634243,-0.0010612011
888,1,5,2,middle,0.9644855,0.9651259,0.0006403923
888,1,5,3,middle,0.9644855,0.96404517,-0.00044035912
888,1,5,4,last,0.9644855,0.9629017,-0.0015838146
54649,1,5,0,first,0.967448,0.96759844,0.00015044212
54649,1,5,1,middle,0.967448,0.96551734,-0.001930654
54649,1,5,2,middle,0.967448,0.96614486,-0.0013031363
54649,1,5,3,middle,0.967448,0.96682,-0.00062799454
54649,1,5,4,last,0.967448,0.9671773,-0.0002707243
890,0,5,0,first,0.13642788,0.15525022,0.018822342
890,0,5,1,middle,0.13642788,0.12455986,-0.011868022
890,0,5,2,middle,0.13642788,0.24330926,0.10688138
890,0,5,3,middle,0.13642788,0.15178178,0.015353903
890,0,5,4,last,0.13642788,0.10488634,-0.03154154
1336,0,5,0,first,0.65144473,0.6755776,0.024132848
1336,0,5,1,middle,0.65144473,0.42880294,-0.2226418
1336,0,5,2,middle,0.65144473,0.61061203,-0.0408327
1336,0,5,3,middle,0.65144473,0.42946604,-0.2219787
1336,0,5,4,last,0.65144473,0.71616256,0.06471783
9550,1,5,0,first,0.95876414,0.95764846,-0.0011156797
9550,1,5,1,middle,0.95876414,0.9584746,-0.00028955936
9550,1,5,2,middle,0.95876414,0.9555598,-0.0032043457
9550,1,5,3,middle,0.95876414,0.95733285,-0.0014312863
9550,1,5,4,last,0.95876414,0.9547857,-0.003978431
16410,1,5,0,first,0.9357871,0.94599587,0.0102087855
16410,1,5,1,middle,0.9357871,0.92676276,-0.009024322
16410,1,5,2,middle,0.9357871,0.92729837,-0.008488715
16410,1,5,3,middle,0.9357871,0.9331995,-0.0025875568
16410,1,5,4,last,0.9357871,0.8207695,-0.11501759
844,1,5,0,first,0.8662746,0.7116516,-0.15462297
844,1,5,1,middle,0.8662746,0.85508806,-0.01118654
844,1,5,2,middle,0.8662746,0.7515455,-0.11472911
844,1,5,3,middle,0.8662746,0.8939787,0.02770412
844,1,5,4,last,0.8662746,0.8665689,0.00029432774
12639,1,5,0,first,0.9282082,0.9100904,-0.018117785
12639,1,5,1,middle,0.9282082,0.91950136,-0.008706808
12639,1,5,2,middle,0.9282082,0.9221555,-0.006052673
12639,1,5,3,middle,0.9282082,0.9335941,0.0053859353
12639,1,5,4,last,0.9282082,0.7792766,-0.14893156
15,1,5,0,first,0.8795324,0.8285851,-0.05094731
15,1,5,1,middle,0.8795324,0.87109065,-0.008441746
15,1,5,2,middle,0.8795324,0.8455422,-0.033990204
15,1,5,3,middle,0.8795324,0.86714774,-0.012384653
15,1,5,4,last,0.8795324,0.77395576,-0.105576634
339,1,5,0,first,0.9560128,0.95179296,-0.00421983
339,1,5,1,middle,0.9560128,0.95255923,-0.0034535527
339,1,5,2,middle,0.9560128,0.9576668,0.0016540289
339,1,5,3,middle,0.9560128,0.9418754,-0.014137387
339,1,5,4,last,0.9560128,0.946707,-0.009305775
1778,0,5,0,first,0.77534413,0.79904705,0.02370292
1778,0,5,1,middle,0.77534413,0.7983267,0.022982538
1778,0,5,2,middle,0.77534413,0.7533814,-0.021962762
1778,0,5,3,middle,0.77534413,0.73340565,-0.041938484
1778,0,5,4,last,0.77534413,0.7913712,0.016027093
5552,0,4,0,first,0.054585926,0.062147673,0.007561747
5552,0,4,1,middle,0.054585926,0.048503004,-0.006082922
5552,0,4,2,middle,0.054585926,0.048305593,-0.006280333
5552,0,4,3,last,0.054585926,0.10048142,0.045895495
44037,1,5,0,first,0.9587338,0.9585229,-0.00021088123
44037,1,5,1,middle,0.9587338,0.9573857,-0.0013480783
44037,1,5,2,middle,0.9587338,0.9524169,-0.0063169003
44037,1,5,3,middle,0.9587338,0.9629783,0.0042445064
44037,1,5,4,last,0.9587338,0.9546135,-0.0041202903
19,1,5,0,first,0.60514253,0.28242698,-0.32271555
19,1,5,1,middle,0.60514253,0.2881621,-0.31698042
19,1,5,2,middle,0.60514253,0.6146226,0.009480059
19,1,5,3,middle,0.60514253,0.58205104,-0.023091495
19,1,5,4,last,0.60514253,0.7614031,0.15626055
1846,0,5,0,first,0.05451006,0.06289919,0.0083891265
1846,0,5,1,middle,0.05451006,0.055769153,0.0012590922
1846,0,5,2,middle,0.05451006,0.053992394,-0.00051766634
1846,0,5,3,middle,0.05451006,0.054512355,2.2947788e-06
1846,0,5,4,last,0.05451006,0.05690138,0.0023913197
1138,0,5,0,first,0.13159952,0.091859795,-0.03973972
1138,0,5,1,middle,0.13159952,0.13796695,0.00636743
1138,0,5,2,middle,0.13159952,0.12860706,-0.0029924512
1138,0,5,3,middle,0.13159952,0.145635,0.014035478
1138,0,5,4,last,0.13159952,0.14990056,0.01830104
698,1,5,0,first,0.9628964,0.958291,-0.0046054125
698,1,5,1,middle,0.9628964,0.9475088,-0.015387595
698,1,5,2,middle,0.9628964,0.9615095,-0.0013868809
698,1,5,3,middle,0.9628964,0.96198165,-0.0009147525
698,1,5,4,last,0.9628964,0.9641176,0.00122118
410,1,5,0,first,0.91923124,0.902617,-0.016614258
410,1,5,1,middle,0.91923124,0.93353,0.014298737
410,1,5,2,middle,0.91923124,0.8616449,-0.057586312
410,1,5,3,middle,0.91923124,0.92875624,0.009525001
410,1,5,4,last,0.91923124,0.8779164,-0.04131484
20506,0,5,0,first,0.041311283,0.043125723,0.0018144399
20506,0,5,1,middle,0.041311283,0.04856311,0.007251829
20506,0,5,2,middle,0.041311283,0.044718053,0.0034067705
20506,0,5,3,middle,0.041311283,0.040362068,-0.00094921514
20506,0,5,4,last,0.041311283,0.038544443,-0.0027668402
1621,1,5,0,first,0.9100534,0.85623825,-0.053815126
1621,1,5,1,middle,0.9100534,0.9192329,0.0091795325
1621,1,5,2,middle,0.9100534,0.9139034,0.0038500428
1621,1,5,3,middle,0.9100534,0.92422104,0.014167666
1621,1,5,4,last,0.9100534,0.88699263,-0.023060739
2988,0,5,0,first,0.07114805,0.06801696,-0.0031310916
2988,0,5,1,middle,0.07114805,0.07552597,0.0043779165
2988,0,5,2,middle,0.07114805,0.08169428,0.01054623
2988,0,5,3,middle,0.07114805,0.068425156,-0.0027228966
2988,0,5,4,last,0.07114805,0.08014873,0.009000674
39818,0,5,0,first,0.044984203,0.046521947,0.001537744
39818,0,5,1,middle,0.044984203,0.050301056,0.0053168535
39818,0,5,2,middle,0.044984203,0.047296356,0.0023121536
39818,0,5,3,middle,0.044984203,0.045736287,0.00075208396
39818,0,5,4,last,0.044984203,0.053147975,0.0081637725
305,0,5,0,first,0.07043383,0.054170042,-0.01626379
305,0,5,1,middle,0.07043383,0.0692655,-0.001168333
305,0,5,2,middle,0.07043383,0.094296545,0.023862712
305,0,5,3,middle,0.07043383,0.06281426,-0.0076195747
305,0,5,4,last,0.07043383,0.09071877,0.020284936
1449,1,5,0,first,0.10492397,0.12352341,0.018599436
1449,1,5,1,middle,0.10492397,0.17317289,0.06824892
1449,1,5,2,middle,0.10492397,0.116459586,0.011535615
1449,1,5,3,middle,0.10492397,0.12855035,0.02362638
1449,1,5,4,last,0.10492397,0.08081078,-0.024113193
30623,1,5,0,first,0.9370623,0.93878573,0.0017234087
30623,1,5,1,middle,0.9370623,0.90964216,-0.027420163
30623,1,5,2,middle,0.9370623,0.9349576,-0.0021046996
30623,1,5,3,middle,0.9370623,0.93841004,0.0013477206
30623,1,5,4,last,0.9370623,0.9225411,-0.014521241
491,0,4,0,first,0.29116294,0.17726742,-0.11389552
491,0,4,1,middle,0.29116294,0.31177455,0.020611614
491,0,4,2,middle,0.29116294,0.5123431,0.22118017
491,0,4,3,last,0.29116294,0.24402736,-0.047135577
49430,0,5,0,first,0.32285774,0.77300626,0.45014852
49430,0,5,1,middle,0.32285774,0.29431477,-0.028542966
49430,0,5,2,middle,0.32285774,0.06756592,-0.25529182
49430,0,5,3,middle,0.32285774,0.37078995,0.047932208
49430,0,5,4,last,0.32285774,0.46921095,0.14635321
1069,0,5,0,first,0.8572348,0.7664391,-0.090795696
1069,0,5,1,middle,0.8572348,0.90065163,0.043416858
1069,0,5,2,middle,0.8572348,0.5561711,-0.30106366
1069,0,5,3,middle,0.8572348,0.7643972,-0.09283757
1069,0,5,4,last,0.8572348,0.8795418,0.022307038
1420,1,5,0,first,0.95392734,0.43438342,-0.5195439
1420,1,5,1,middle,0.95392734,0.9483276,-0.005599737
1420,1,5,2,middle,0.95392734,0.95629877,0.0023714304
1420,1,5,3,middle,0.95392734,0.95613736,0.002210021
1420,1,5,4,last,0.95392734,0.9514017,-0.0025256276
156,1,5,0,first,0.95033014,0.90532523,-0.045004904
156,1,5,1,middle,0.95033014,0.948989,-0.0013411641
156,1,5,2,middle,0.95033014,0.9468933,-0.0034368634
156,1,5,3,middle,0.95033014,0.94972086,-0.0006092787
156,1,5,4,last,0.95033014,0.95067847,0.00034832954
46701,0,5,0,first,0.045962326,0.04788935,0.0019270256
46701,0,5,1,middle,0.045962326,0.04370799,-0.002254337
46701,0,5,2,middle,0.045962326,0.04688911,0.0009267852
46701,0,5,3,middle,0.045962326,0.046965282,0.0010029562
46701,0,5,4,last,0.045962326,0.049734827,0.003772501
2364,1,3,0,first,0.819384,0.77020633,-0.049177647
2364,1,3,1,middle,0.819384,0.84327817,0.02389419
2364,1,3,2,last,0.819384,0.56082594,-0.25855803
740,1,5,0,first,0.94467086,0.92515254,-0.019518316
740,1,5,1,middle,0.94467086,0.94589996,0.0012291074
740,1,5,2,middle,0.94467086,0.8175222,-0.12714863
740,1,5,3,middle,0.94467086,0.9407182,-0.003952682
740,1,5,4,last,0.94467086,0.95292777,0.008256912
53258,1,5,0,first,0.94632554,0.91126895,-0.03505659
53258,1,5,1,middle,0.94632554,0.946284,-4.1544437e-05
53258,1,5,2,middle,0.94632554,0.947446,0.0011204481
53258,1,5,3,middle,0.94632554,0.95241636,0.00609082
53258,1,5,4,last,0.94632554,0.9225117,-0.023813844
316,0,4,0,first,0.04289918,0.045011103,0.002111923
316,0,4,1,middle,0.04289918,0.04622694,0.0033277608
316,0,4,2,middle,0.04289918,0.04892433,0.0060251504
316,0,4,3,last,0.04289918,0.044107046,0.0012078658
160,0,5,0,first,0.9263933,0.9405231,0.0141298175
160,0,5,1,middle,0.9263933,0.9363963,0.01000303
160,0,5,2,middle,0.9263933,0.9301367,0.00374341
160,0,5,3,middle,0.9263933,0.87449753,-0.051895738
160,0,5,4,last,0.9263933,0.8308491,-0.09554416
363,1,5,0,first,0.96608126,0.96544445,-0.000636816
363,1,5,1,middle,0.96608126,0.9658573,-0.00022393465
363,1,5,2,middle,0.96608126,0.9671354,0.0010541677
363,1,5,3,middle,0.96608126,0.9655937,-0.000487566
363,1,5,4,last,0.96608126,0.9313932,-0.034688056
31136,0,5,0,first,0.093945794,0.11540579,0.021459997
31136,0,5,1,middle,0.093945794,0.0895937,-0.0043520927
31136,0,5,2,middle,0.093945794,0.14722106,0.053275265
31136,0,5,3,middle,0.093945794,0.08562664,-0.008319154
31136,0,5,4,last,0.093945794,0.07336933,-0.020576462
388,0,5,0,first,0.85153455,0.84330654,-0.008228004
388,0,5,1,middle,0.85153455,0.83338755,-0.018146992
388,0,5,2,middle,0.85153455,0.8266274,-0.024907172
388,0,5,3,middle,0.85153455,0.87527406,0.023739517
388,0,5,4,last,0.85153455,0.26017755,-0.591357
1354,0,5,0,first,0.15020233,0.08697485,-0.06322748
1354,0,5,1,middle,0.15020233,0.19410445,0.043902114
1354,0,5,2,middle,0.15020233,0.2428474,0.092645064
1354,0,5,3,middle,0.15020233,0.12417929,-0.026023045
1354,0,5,4,last,0.15020233,0.21326226,0.063059926
1742,0,5,0,first,0.19543871,0.2647159,0.0692772
1742,0,5,1,middle,0.19543871,0.13285105,-0.06258766
1742,0,5,2,middle,0.19543871,0.14797212,-0.04746659
1742,0,5,3,middle,0.19543871,0.31119904,0.11576033
1742,0,5,4,last,0.19543871,0.187551,-0.007887706
1900,0,5,0,first,0.12680681,0.18033981,0.053533003
1900,0,5,1,middle,0.12680681,0.107457645,-0.019349165
1900,0,5,2,middle,0.12680681,0.108071834,-0.018734977
1900,0,5,3,middle,0.12680681,0.270245,0.14343818
1900,0,5,4,last,0.12680681,0.08683168,-0.03997513
1456,0,5,0,first,0.055778246,0.05097915,-0.004799098
1456,0,5,1,middle,0.055778246,0.056836687,0.0010584407
1456,0,5,2,middle,0.055778246,0.054885954,-0.0008922927
1456,0,5,3,middle,0.055778246,0.05400075,-0.0017774962
1456,0,5,4,last,0.055778246,0.062626444,0.0068481974
22566,0,5,0,first,0.104213454,0.12653689,0.022323437
22566,0,5,1,middle,0.104213454,0.105969496,0.0017560422
22566,0,5,2,middle,0.104213454,0.09803736,-0.0061760917
22566,0,5,3,middle,0.104213454,0.085308254,-0.0189052
22566,0,5,4,last,0.104213454,0.12291721,0.018703759
1799,1,5,0,first,0.9654555,0.96342444,-0.0020310283
1799,1,5,1,middle,0.9654555,0.9649311,-0.00052440166
1799,1,5,2,middle,0.9654555,0.9661936,0.0007381439
1799,1,5,3,middle,0.9654555,0.9653118,-0.0001436472
1799,1,5,4,last,0.9654555,0.96427983,-0.001175642
37224,1,4,0,first,0.7507148,0.8163455,0.065630734
37224,1,4,1,middle,0.7507148,0.6570925,-0.09362227
37224,1,4,2,middle,0.7507148,0.6074822,-0.14323258
37224,1,4,3,last,0.7507148,0.15209545,-0.59861934
812,0,5,0,first,0.8459636,0.8570534,0.011089802
812,0,5,1,middle,0.8459636,0.8162828,-0.029680789
812,0,5,2,middle,0.8459636,0.80437946,-0.041584134
812,0,5,3,middle,0.8459636,0.5945495,-0.25141412
812,0,5,4,last,0.8459636,0.80732584,-0.038637757
675,0,5,0,first,0.05260915,0.054011457,0.0014023073
675,0,5,1,middle,0.05260915,0.05284585,0.00023670122
675,0,5,2,middle,0.05260915,0.051145516,-0.001463633
675,0,5,3,middle,0.05260915,0.052720226,0.00011107698
675,0,5,4,last,0.05260915,0.054957718,0.0023485683
52592,1,5,0,first,0.9653751,0.9660284,0.0006532669
52592,1,5,1,middle,0.9653751,0.9441544,-0.021220744
52592,1,5,2,middle,0.9653751,0.9636541,-0.0017210245
52592,1,5,3,middle,0.9653751,0.9643797,-0.0009953976
52592,1,5,4,last,0.9653751,0.96560115,0.00022602081
234,1,5,0,first,0.77544284,0.7765787,0.0011358857
234,1,5,1,middle,0.77544284,0.83779013,0.062347293
234,1,5,2,middle,0.77544284,0.4316875,-0.34375533
234,1,5,3,middle,0.77544284,0.87292767,0.09748483
234,1,5,4,last,0.77544284,0.7481008,-0.027342021
1149,0,5,0,first,0.12430661,0.09744149,-0.026865125
1149,0,5,1,middle,0.12430661,0.11891713,-0.005389482
1149,0,5,2,middle,0.12430661,0.0479291,-0.07637751
1149,0,5,3,middle,0.12430661,0.14118521,0.016878597
1149,0,5,4,last,0.12430661,0.23186919,0.10756258
55729,1,5,0,first,0.93706125,0.91316056,-0.023900688
55729,1,5,1,middle,0.93706125,0.94526726,0.00820601
55729,1,5,2,middle,0.93706125,0.9191589,-0.017902374
55729,1,5,3,middle,0.93706125,0.94621795,0.009156704
55729,1,5,4,last,0.93706125,0.93121177,-0.0058494806
343,1,5,0,first,0.6455182,0.7415344,0.09601623
343,1,5,1,middle,0.6455182,0.3068844,-0.33863378
343,1,5,2,middle,0.6455182,0.42089078,-0.2246274
343,1,5,3,middle,0.6455182,0.5160519,-0.1294663
343,1,5,4,last,0.6455182,0.5408563,-0.10466188
1649,0,5,0,first,0.3460463,0.1268601,-0.2191862
1649,0,5,1,middle,0.3460463,0.38377744,0.03773114
1649,0,5,2,middle,0.3460463,0.36230618,0.016259879
1649,0,5,3,middle,0.3460463,0.4558142,0.109767914
1649,0,5,4,last,0.3460463,0.36037847,0.014332175
17486,1,5,0,first,0.15964386,0.353082,0.19343814
17486,1,5,1,middle,0.15964386,0.21606068,0.056416824
17486,1,5,2,middle,0.15964386,0.078871444,-0.080772415
17486,1,5,3,middle,0.15964386,0.28002128,0.12037742
17486,1,5,4,last,0.15964386,0.059365734,-0.100278124
1584,1,4,0,first,0.17950526,0.1750242,-0.0044810623
1584,1,4,1,middle,0.17950526,0.08280232,-0.09670294
1584,1,4,2,middle,0.17950526,0.29341385,0.11390859
1584,1,4,3,last,0.17950526,0.3324144,0.15290913
47842,1,5,0,first,0.83453614,0.5683971,-0.26613903
47842,1,5,1,middle,0.83453614,0.8392304,0.004694283
47842,1,5,2,middle,0.83453614,0.80354,-0.030996144
47842,1,5,3,middle,0.83453614,0.5023248,-0.33221132
47842,1,5,4,last,0.83453614,0.3334701,-0.501066
24,1,5,0,first,0.9132365,0.84874195,-0.06449455
24,1,5,1,middle,0.9132365,0.9277134,0.014476895
24,1,5,2,middle,0.9132365,0.80742127,-0.10581523
24,1,5,3,middle,0.9132365,0.903189,-0.010047495
24,1,5,4,last,0.9132365,0.8744795,-0.038757026
46051,0,5,0,first,0.7181292,0.5028431,-0.21528614
46051,0,5,1,middle,0.7181292,0.7572122,0.039083004
46051,0,5,2,middle,0.7181292,0.6558572,-0.062272012
46051,0,5,3,middle,0.7181292,0.57534885,-0.14278036
46051,0,5,4,last,0.7181292,0.63599455,-0.082134664
34692,0,5,0,first,0.7850008,0.75961614,-0.025384665
34692,0,5,1,middle,0.7850008,0.7343171,-0.050683677
34692,0,5,2,middle,0.7850008,0.8425132,0.057512403
34692,0,5,3,middle,0.7850008,0.796102,0.011101186
34692,0,5,4,last,0.7850008,0.12759583,-0.65740496
498,0,2,0,first,0.67453694,0.6055912,-0.068945765
498,0,2,1,last,0.67453694,0.38881132,-0.28572562
42957,1,5,0,first,0.9425791,0.95129526,0.008716166
42957,1,5,1,middle,0.9425791,0.9011309,-0.041448176
42957,1,5,2,middle,0.9425791,0.89863545,-0.043943644
42957,1,5,3,middle,0.9425791,0.93780464,-0.0047744513
42957,1,5,4,last,0.9425791,0.94256955,-9.536743e-06
281,0,5,0,first,0.68828404,0.8108892,0.122605145
281,0,5,1,middle,0.68828404,0.47882608,-0.20945796
281,0,5,2,middle,0.68828404,0.38812995,-0.3001541
281,0,5,3,middle,0.68828404,0.51440316,-0.17388088
281,0,5,4,last,0.68828404,0.7283645,0.040080488
221,0,5,0,first,0.4346059,0.31270805,-0.12189785
221,0,5,1,middle,0.4346059,0.09511878,-0.3394871
221,0,5,2,middle,0.4346059,0.65872836,0.22412246
221,0,5,3,middle,0.4346059,0.4795424,0.044936508
221,0,5,4,last,0.4346059,0.3978937,-0.0367122
945,0,4,0,first,0.08041543,0.10049829,0.020082861
945,0,4,1,middle,0.08041543,0.098416656,0.018001229
945,0,4,2,middle,0.08041543,0.06670201,-0.013713419
945,0,4,3,last,0.08041543,0.07099227,-0.009423159
10082,0,5,0,first,0.10144496,0.14809443,0.04664947
10082,0,5,1,middle,0.10144496,0.09762381,-0.0038211495
10082,0,5,2,middle,0.10144496,0.09590467,-0.005540289
10082,0,5,3,middle,0.10144496,0.0917454,-0.009699561
10082,0,5,4,last,0.10144496,0.110063374,0.008618414
1375,1,5,0,first,0.96096253,0.95842665,-0.0025358796
1375,1,5,1,middle,0.96096253,0.9599695,-0.0009930134
1375,1,5,2,middle,0.96096253,0.95988274,-0.0010797977
1375,1,5,3,middle,0.96096253,0.96200085,0.0010383129
1375,1,5,4,last,0.96096253,0.95660776,-0.004354775
15147,0,5,0,first,0.07605835,0.08216404,0.006105691
15147,0,5,1,middle,0.07605835,0.0761188,6.044656e-05
15147,0,5,2,middle,0.07605835,0.093981616,0.017923266
15147,0,5,3,middle,0.07605835,0.109347254,0.033288904
15147,0,5,4,last,0.07605835,0.072342806,-0.003715545
820,1,5,0,first,0.9573549,0.95853865,0.0011837482
820,1,5,1,middle,0.9573549,0.9581786,0.0008236766
820,1,5,2,middle,0.9573549,0.7576188,-0.19973612
820,1,5,3,middle,0.9573549,0.94380325,-0.013551652
820,1,5,4,last,0.9573549,0.9544582,-0.0028967261
46814,1,5,0,first,0.8627066,0.8526577,-0.010048926
46814,1,5,1,middle,0.8627066,0.8865639,0.023857296
46814,1,5,2,middle,0.8627066,0.8388752,-0.023831427
46814,1,5,3,middle,0.8627066,0.85100573,-0.011700869
46814,1,5,4,last,0.8627066,0.16066258,-0.702044
38525,1,5,0,first,0.84162235,0.75208104,-0.089541316
38525,1,5,1,middle,0.84162235,0.74539787,-0.09622449
38525,1,5,2,middle,0.84162235,0.85718495,0.015562594
38525,1,5,3,middle,0.84162235,0.84105,-0.0005723238
38525,1,5,4,last,0.84162235,0.8359592,-0.0056631565
1098,1,5,0,first,0.8391847,0.8626853,0.023500621
1098,1,5,1,middle,0.8391847,0.8484293,0.009244621
1098,1,5,2,middle,0.8391847,0.8440111,0.0048264265
1098,1,5,3,middle,0.8391847,0.4174812,-0.4217035
1098,1,5,4,last,0.8391847,0.923935,0.084750295
1446,1,4,0,first,0.91922164,0.9251284,0.0059067607
1446,1,4,1,middle,0.91922164,0.92177945,0.0025578141
1446,1,4,2,middle,0.91922164,0.9489616,0.029739976
1446,1,4,3,last,0.91922164,0.6473739,-0.27184772
182,0,5,0,first,0.37871584,0.6056517,0.22693583
182,0,5,1,middle,0.37871584,0.4420307,0.063314855
182,0,5,2,middle,0.37871584,0.31373432,-0.06498152
182,0,5,3,middle,0.37871584,0.36351442,-0.01520142
182,0,5,4,last,0.37871584,0.22874823,-0.14996761
312,0,5,0,first,0.1262031,0.15208337,0.025880262
312,0,5,1,middle,0.1262031,0.1545667,0.0283636
312,0,5,2,middle,0.1262031,0.13332641,0.0071233064
312,0,5,3,middle,0.1262031,0.11726636,-0.008936748
312,0,5,4,last,0.1262031,0.10991202,-0.016291082
43960,1,5,0,first,0.8940778,0.79728246,-0.09679532
43960,1,5,1,middle,0.8940778,0.86650807,-0.027569711
43960,1,5,2,middle,0.8940778,0.88667935,-0.0073984265
43960,1,5,3,middle,0.8940778,0.89301133,-0.0010664463
43960,1,5,4,last,0.8940778,0.89090216,-0.0031756163
40559,0,4,0,first,0.0636304,0.06695008,0.0033196807
40559,0,4,1,middle,0.0636304,0.073136754,0.009506352
40559,0,4,2,middle,0.0636304,0.06808067,0.004450269
40559,0,4,3,last,0.0636304,0.06474181,0.0011114106
33964,1,5,0,first,0.95656794,0.94497985,-0.011588097
33964,1,5,1,middle,0.95656794,0.9402332,-0.016334772
33964,1,5,2,middle,0.95656794,0.960051,0.003483057
33964,1,5,3,middle,0.95656794,0.9563604,-0.00020754337
33964,1,5,4,last,0.95656794,0.9527927,-0.003775239
1686,1,5,0,first,0.9593471,0.90022904,-0.059118092
1686,1,5,1,middle,0.9593471,0.9598959,0.00054877996
1686,1,5,2,middle,0.9593471,0.9603092,0.0009620786
1686,1,5,3,middle,0.9593471,0.9443769,-0.014970243
1686,1,5,4,last,0.9593471,0.9613831,0.0020359755
38828,0,5,0,first,0.08434041,0.061333466,-0.023006942
38828,0,5,1,middle,0.08434041,0.070449814,-0.013890594
38828,0,5,2,middle,0.08434041,0.10254746,0.01820705
38828,0,5,3,middle,0.08434041,0.08302818,-0.001312226
38828,0,5,4,last,0.08434041,0.15193301,0.067592606
40861,0,5,0,first,0.04816324,0.054658663,0.0064954236
40861,0,5,1,middle,0.04816324,0.05259621,0.0044329725
40861,0,5,2,middle,0.04816324,0.05134467,0.0031814314
40861,0,5,3,middle,0.04816324,0.05297749,0.0048142523
40861,0,5,4,last,0.04816324,0.04766422,-0.00049901754
528,0,5,0,first,0.10721089,0.11848392,0.011273034
528,0,5,1,middle,0.10721089,0.08298974,-0.024221152
528,0,5,2,middle,0.10721089,0.098331556,-0.008879334
528,0,5,3,middle,0.10721089,0.10053328,-0.0066776127
528,0,5,4,last,0.10721089,0.13763264,0.030421749
1003,0,5,0,first,0.45151904,0.05386748,-0.39765155
1003,0,5,1,middle,0.45151904,0.71198475,0.2604657
1003,0,5,2,middle,0.45151904,0.6226373,0.17111823
1003,0,5,3,middle,0.45151904,0.46724883,0.015729785
1003,0,5,4,last,0.45151904,0.5420278,0.09050873
10503,1,5,0,first,0.9646368,0.9643365,-0.0003002882
10503,1,5,1,middle,0.9646368,0.96238184,-0.002254963
10503,1,5,2,middle,0.9646368,0.9607206,-0.003916204
10503,1,5,3,middle,0.9646368,0.96588266,0.0012458563
10503,1,5,4,last,0.9646368,0.96386105,-0.00077575445
200,1,5,0,first,0.8840117,0.83084536,-0.05316633
200,1,5,1,middle,0.8840117,0.500715,-0.38329667
200,1,5,2,middle,0.8840117,0.93883646,0.05482477
200,1,5,3,middle,0.8840117,0.821024,-0.062987685
200,1,5,4,last,0.8840117,0.9036602,0.019648492
605,1,4,0,first,0.5920935,0.5588619,-0.033231616
605,1,4,1,middle,0.5920935,0.3928815,-0.19921201
605,1,4,2,middle,0.5920935,0.68786603,0.095772505
605,1,4,3,last,0.5920935,0.29192975,-0.30016378
1988,0,5,0,first,0.2554963,0.10228627,-0.15321001
1988,0,5,1,middle,0.2554963,0.22562332,-0.029872969
1988,0,5,2,middle,0.2554963,0.2599448,0.0044485033
1988,0,5,3,middle,0.2554963,0.1787927,-0.07670359
1988,0,5,4,last,0.2554963,0.34008333,0.08458704
20556,0,5,0,first,0.07739376,0.09047115,0.013077386
20556,0,5,1,middle,0.07739376,0.059181783,-0.01821198
20556,0,5,2,middle,0.07739376,0.10333032,0.025936559
20556,0,5,3,middle,0.07739376,0.054097794,-0.023295969
20556,0,5,4,last,0.07739376,0.0698754,-0.007518366
29907,1,5,0,first,0.9389468,0.9393262,0.00037944317
29907,1,5,1,middle,0.9389468,0.93643165,-0.0025151372
29907,1,5,2,middle,0.9389468,0.9383241,-0.0006226897
29907,1,5,3,middle,0.9389468,0.9411692,0.0022224188
29907,1,5,4,last,0.9389468,0.9360559,-0.0028908849
1280,1,5,0,first,0.90723354,0.90081555,-0.0064179897
1280,1,5,1,middle,0.90723354,0.7079333,-0.19930023
1280,1,5,2,middle,0.90723354,0.92782956,0.020596027
1280,1,5,3,middle,0.90723354,0.82231694,-0.08491659
1280,1,5,4,last,0.90723354,0.9077913,0.00055778027
8160,0,5,0,first,0.8810458,0.90936583,0.028320014
8160,0,5,1,middle,0.8810458,0.82306105,-0.05798477
8160,0,5,2,middle,0.8810458,0.88080066,-0.0002451539
8160,0,5,3,middle,0.8810458,0.7747529,-0.1062929
8160,0,5,4,last,0.8810458,0.8026214,-0.078424394
38612,0,4,0,first,0.049384557,0.05048351,0.0010989532
38612,0,4,1,middle,0.049384557,0.05649109,0.007106535
38612,0,4,2,middle,0.049384557,0.04974094,0.00035638362
38612,0,4,3,last,0.049384557,0.04998199,0.00059743226
1232,0,5,0,first,0.086373545,0.102097034,0.01572349
1232,0,5,1,middle,0.086373545,0.090345375,0.00397183
1232,0,5,2,middle,0.086373545,0.06880907,-0.017564476
1232,0,5,3,middle,0.086373545,0.06845095,-0.017922595
1232,0,5,4,last,0.086373545,0.055905662,-0.030467883
7886,0,5,0,first,0.041539438,0.040829558,-0.00070988014
7886,0,5,1,middle,0.041539438,0.042443696,0.00090425834
7886,0,5,2,middle,0.041539438,0.04334346,0.0018040203
7886,0,5,3,middle,0.041539438,0.044040788,0.00250135
7886,0,5,4,last,0.041539438,0.043563787,0.0020243488
29550,0,4,0,first,0.056472525,0.06127329,0.0048007667
29550,0,4,1,middle,0.056472525,0.052348603,-0.0041239224
29550,0,4,2,middle,0.056472525,0.06178645,0.0053139254
29550,0,4,3,last,0.056472525,0.05963928,0.0031667538
1245,1,2,0,first,0.7979661,0.046118416,-0.7518477
1245,1,2,1,last,0.7979661,0.91637975,0.11841363
37288,0,5,0,first,0.05250431,0.05129066,-0.0012136474
37288,0,5,1,middle,0.05250431,0.053852268,0.001347959
37288,0,5,2,middle,0.05250431,0.057257257,0.004752949
37288,0,5,3,middle,0.05250431,0.055572975,0.003068667
37288,0,5,4,last,0.05250431,0.05532427,0.0028199628
44,1,5,0,first,0.919885,0.90824246,-0.011642516
44,1,5,1,middle,0.919885,0.9187665,-0.0011184812
44,1,5,2,middle,0.919885,0.91877455,-0.0011104345
44,1,5,3,middle,0.919885,0.93265927,0.012774289
44,1,5,4,last,0.919885,0.8395374,-0.0803476
1521,0,5,0,first,0.5038806,0.55794686,0.05406624
1521,0,5,1,middle,0.5038806,0.5448824,0.041001797
1521,0,5,2,middle,0.5038806,0.4050644,-0.098816216
1521,0,5,3,middle,0.5038806,0.20324792,-0.30063272
1521,0,5,4,last,0.5038806,0.55688846,0.05300784
214,1,5,0,first,0.9466252,0.9498312,0.0032060146
214,1,5,1,middle,0.9466252,0.94894475,0.0023195744
214,1,5,2,middle,0.9466252,0.94541335,-0.001211822
214,1,5,3,middle,0.9466252,0.93012875,-0.01649642
214,1,5,4,last,0.9466252,0.8833984,-0.06322676
840,1,5,0,first,0.8757623,0.8705921,-0.0051701665
840,1,5,1,middle,0.8757623,0.9035096,0.027747333
840,1,5,2,middle,0.8757623,0.7170044,-0.15875787
840,1,5,3,middle,0.8757623,0.87754434,0.0017820597
840,1,5,4,last,0.8757623,0.86800915,-0.007753134
46170,1,5,0,first,0.93513936,0.9445367,0.009397328
46170,1,5,1,middle,0.93513936,0.94335926,0.008219898
46170,1,5,2,middle,0.93513936,0.4972,-0.43793935
46170,1,5,3,middle,0.93513936,0.9235309,-0.011608481
46170,1,5,4,last,0.93513936,0.94195026,0.0068109035
792,1,5,0,first,0.83792925,0.90029347,0.06236422
792,1,5,1,middle,0.83792925,0.27798042,-0.5599488
792,1,5,2,middle,0.83792925,0.8411447,0.0032154322
792,1,5,3,middle,0.83792925,0.8314632,-0.006466031
792,1,5,4,last,0.83792925,0.7248688,-0.113060474
1805,1,5,0,first,0.957483,0.95742005,-6.2942505e-05
1805,1,5,1,middle,0.957483,0.9401979,-0.017285109
1805,1,5,2,middle,0.957483,0.9546671,-0.0028159022
1805,1,5,3,middle,0.957483,0.8965968,-0.060886204
1805,1,5,4,last,0.957483,0.9598915,0.0024085045
15216,0,5,0,first,0.8735448,0.8908147,0.01726991
15216,0,5,1,middle,0.8735448,0.7969674,-0.076577425
15216,0,5,2,middle,0.8735448,0.87810427,0.0045594573
15216,0,5,3,middle,0.8735448,0.85584486,-0.017699957
15216,0,5,4,last,0.8735448,0.6824934,-0.19105142
40460,0,2,0,first,0.45864746,0.10955637,-0.34909108
40460,0,2,1,last,0.45864746,0.5236539,0.065006465
1541,0,5,0,first,0.27719924,0.23649232,-0.040706918
1541,0,5,1,middle,0.27719924,0.27609357,-0.0011056662
1541,0,5,2,middle,0.27719924,0.25940108,-0.017798156
1541,0,5,3,middle,0.27719924,0.27859855,0.0013993084
1541,0,5,4,last,0.27719924,0.12553063,-0.15166861
31840,0,5,0,first,0.07138259,0.086305425,0.014922835
31840,0,5,1,middle,0.07138259,0.07472335,0.0033407584
31840,0,5,2,middle,0.07138259,0.07979182,0.008409232
31840,0,5,3,middle,0.07138259,0.070831895,-0.00055069476
31840,0,5,4,last,0.07138259,0.0727405,0.001357913
1939,0,5,0,first,0.36820877,0.37486514,0.0066563785
1939,0,5,1,middle,0.36820877,0.36844927,0.00024050474
1939,0,5,2,middle,0.36820877,0.3656869,-0.0025218725
1939,0,5,3,middle,0.36820877,0.3713803,0.0031715333
1939,0,5,4,last,0.36820877,0.3520821,-0.016126662
44474,1,5,0,first,0.49067715,0.3272166,-0.16346055
44474,1,5,1,middle,0.49067715,0.31292024,-0.1777569
44474,1,5,2,middle,0.49067715,0.7281243,0.23744717
44474,1,5,3,middle,0.49067715,0.32546708,-0.16521007
44474,1,5,4,last,0.49067715,0.6611637,0.17048654
17318,0,5,0,first,0.28016558,0.21268488,-0.0674807
17318,0,5,1,middle,0.28016558,0.26989558,-0.0102699995
17318,0,5,2,middle,0.28016558,0.276809,-0.003356576
17318,0,5,3,middle,0.28016558,0.311897,0.031731427
17318,0,5,4,last,0.28016558,0.33237985,0.052214265
39424,1,5,0,first,0.64132375,0.64153767,0.00021392107
39424,1,5,1,middle,0.64132375,0.87143266,0.23010892
39424,1,5,2,middle,0.64132375,0.096176535,-0.5451472
39424,1,5,3,middle,0.64132375,0.31407198,-0.32725176
39424,1,5,4,last,0.64132375,0.7271568,0.08583307
1264,1,5,0,first,0.96546626,0.9654375,-2.8789043e-05
1264,1,5,1,middle,0.96546626,0.96582705,0.00036078691
1264,1,5,2,middle,0.96546626,0.96544045,-2.5808811e-05
1264,1,5,3,middle,0.96546626,0.9633522,-0.0021140575
1264,1,5,4,last,0.96546626,0.96421427,-0.0012519956
31345,1,5,0,first,0.96596044,0.96649694,0.0005365014
31345,1,5,1,middle,0.96596044,0.96466774,-0.0012927055
31345,1,5,2,middle,0.96596044,0.9662121,0.0002516508
31345,1,5,3,middle,0.96596044,0.9650012,-0.00095921755
31345,1,5,4,last,0.96596044,0.9645953,-0.0013651252
317,0,5,0,first,0.9504818,0.9270217,-0.02346009
317,0,5,1,middle,0.9504818,0.95669425,0.006212473
317,0,5,2,middle,0.9504818,0.9514533,0.0009715557
317,0,5,3,middle,0.9504818,0.7820686,-0.16841316
317,0,5,4,last,0.9504818,0.95493984,0.00445807
25424,0,5,0,first,0.1112127,0.051457517,-0.059755184
25424,0,5,1,middle,0.1112127,0.08790364,-0.02330906
25424,0,5,2,middle,0.1112127,0.09173372,-0.019478984
25424,0,5,3,middle,0.1112127,0.21984048,0.10862778
25424,0,5,4,last,0.1112127,0.14293952,0.031726822
573,1,5,0,first,0.7265685,0.6027233,-0.12384522
573,1,5,1,middle,0.7265685,0.7505226,0.023954093
573,1,5,2,middle,0.7265685,0.7551721,0.028603554
573,1,5,3,middle,0.7265685,0.7271417,0.00057315826
573,1,5,4,last,0.7265685,0.5869634,-0.1396051
43574,1,5,0,first,0.81485075,0.8194588,0.004608035
43574,1,5,1,middle,0.81485075,0.82655096,0.011700213
43574,1,5,2,middle,0.81485075,0.32106066,-0.4937901
43574,1,5,3,middle,0.81485075,0.82323664,0.008385897
43574,1,5,4,last,0.81485075,0.86690277,0.05205202
1002,0,5,0,first,0.8449944,0.64967716,-0.19531727
1002,0,5,1,middle,0.8449944,0.83764005,-0.0073543787
1002,0,5,2,middle,0.8449944,0.8900229,0.045028448
1002,0,5,3,middle,0.8449944,0.8665417,0.021547258
1002,0,5,4,last,0.8449944,0.25136396,-0.59363043
32770,1,5,0,first,0.96637917,0.96686983,0.00049066544
32770,1,5,1,middle,0.96637917,0.9624748,-0.0039043427
32770,1,5,2,middle,0.96637917,0.9669339,0.0005547404
32770,1,5,3,middle,0.96637917,0.96531135,-0.0010678172
32770,1,5,4,last,0.96637917,0.9662516,-0.00012755394
770,1,5,0,first,0.85697,0.623484,-0.233486
770,1,5,1,middle,0.85697,0.82111484,-0.035855174
770,1,5,2,middle,0.85697,0.7463384,-0.110631585
770,1,5,3,middle,0.85697,0.6036503,-0.25331974
770,1,5,4,last,0.85697,0.892245,0.035274982
1727,0,5,0,first,0.5256461,0.6169135,0.09126741
1727,0,5,1,middle,0.5256461,0.4476063,-0.078039795
1727,0,5,2,middle,0.5256461,0.6950373,0.16939121
1727,0,5,3,middle,0.5256461,0.18388973,-0.34175634
1727,0,5,4,last,0.5256461,0.4332467,-0.09239939
2,1,5,0,first,0.920474,0.88662523,-0.033848763
2,1,5,1,middle,0.920474,0.89664483,-0.023829162
2,1,5,2,middle,0.920474,0.93029183,0.009817839
2,1,5,3,middle,0.920474,0.92365044,0.0031764507
2,1,5,4,last,0.920474,0.8543793,-0.0660947
6362,0,5,0,first,0.851231,0.83664703,-0.014583945
6362,0,5,1,middle,0.851231,0.8286474,-0.022583604
6362,0,5,2,middle,0.851231,0.8351728,-0.016058207
6362,0,5,3,middle,0.851231,0.73235184,-0.11887914
6362,0,5,4,last,0.851231,0.820717,-0.030514002
2343,0,5,0,first,0.110966355,0.09244233,-0.01852402
2343,0,5,1,middle,0.110966355,0.104462154,-0.0065042004
2343,0,5,2,middle,0.110966355,0.11658759,0.005621232
2343,0,5,3,middle,0.110966355,0.12430469,0.013338335
2343,0,5,4,last,0.110966355,0.09073126,-0.020235091
10,1,5,0,first,0.95186615,0.95495766,0.003091514
10,1,5,1,middle,0.95186615,0.9482745,-0.0035916567
10,1,5,2,middle,0.95186615,0.9072042,-0.04466194
10,1,5,3,middle,0.95186615,0.9498761,-0.0019900203
10,1,5,4,last,0.95186615,0.94652426,-0.0053418875
14092,0,5,0,first,0.34166178,0.11588881,-0.22577298
14092,0,5,1,middle,0.34166178,0.22440667,-0.11725511
14092,0,5,2,middle,0.34166178,0.5647439,0.2230821
14092,0,5,3,middle,0.34166178,0.36697456,0.025312781
14092,0,5,4,last,0.34166178,0.39795157,0.056289792
26210,1,5,0,first,0.24821648,0.35386643,0.10564995
26210,1,5,1,middle,0.24821648,0.22960348,-0.018612996
26210,1,5,2,middle,0.24821648,0.2381488,-0.010067686
26210,1,5,3,middle,0.24821648,0.26324022,0.015023738
26210,1,5,4,last,0.24821648,0.05931127,-0.18890521
36370,0,5,0,first,0.6621822,0.53830826,-0.12387395
36370,0,5,1,middle,0.6621822,0.6439244,-0.018257797
36370,0,5,2,middle,0.6621822,0.78845435,0.12627214
36370,0,5,3,middle,0.6621822,0.6197679,-0.042414308
36370,0,5,4,last,0.6621822,0.21040973,-0.45177248
1088,1,4,0,first,0.55775905,0.37435162,-0.18340743
1088,1,4,1,middle,0.55775905,0.59563035,0.0378713
1088,1,4,2,middle,0.55775905,0.36163998,-0.19611907
1088,1,4,3,last,0.55775905,0.68019897,0.12243992
48702,1,5,0,first,0.9632629,0.8534986,-0.10976434
48702,1,5,1,middle,0.9632629,0.95819235,-0.005070567
48702,1,5,2,middle,0.9632629,0.9639133,0.0006504059
48702,1,5,3,middle,0.9632629,0.9628875,-0.00037539005
48702,1,5,4,last,0.9632629,0.963223,-3.9935112e-05
1104,1,5,0,first,0.94984853,0.9590615,0.009212971
1104,1,5,1,middle,0.94984853,0.927504,-0.02234453
1104,1,5,2,middle,0.94984853,0.9090969,-0.040751636
1104,1,5,3,middle,0.94984853,0.958093,0.008244455
1104,1,5,4,last,0.94984853,0.9481539,-0.0016946197
823,1,5,0,first,0.7692146,0.75896186,-0.010252714
823,1,5,1,middle,0.7692146,0.7387547,-0.03045988
823,1,5,2,middle,0.7692146,0.7239803,-0.045234263
823,1,5,3,middle,0.7692146,0.25215364,-0.51706094
823,1,5,4,last,0.7692146,0.85880643,0.08959186
373,1,5,0,first,0.9578894,0.9527083,-0.005181074
373,1,5,1,middle,0.9578894,0.95824534,0.00035595894
373,1,5,2,middle,0.9578894,0.9576385,-0.00025087595
373,1,5,3,middle,0.9578894,0.9565204,-0.0013689995
373,1,5,4,last,0.9578894,0.9561099,-0.0017794967
7046,0,5,0,first,0.061612796,0.06278123,0.0011684336
7046,0,5,1,middle,0.061612796,0.062151898,0.00053910166
7046,0,5,2,middle,0.061612796,0.06645563,0.0048428364
7046,0,5,3,middle,0.061612796,0.06208217,0.0004693754
7046,0,5,4,last,0.061612796,0.061274294,-0.00033850223
994,0,5,0,first,0.3366521,0.47097093,0.13431883
994,0,5,1,middle,0.3366521,0.47914577,0.14249367
994,0,5,2,middle,0.3366521,0.16533954,-0.17131256
994,0,5,3,middle,0.3366521,0.29063892,-0.046013176
994,0,5,4,last,0.3366521,0.18835491,-0.14829719
52469,0,4,0,first,0.05480526,0.07007222,0.015266959
52469,0,4,1,middle,0.05480526,0.055079248,0.00027398765
52469,0,4,2,middle,0.05480526,0.056427356,0.0016220957
52469,0,4,3,last,0.05480526,0.04843355,-0.0063717104
1625,1,5,0,first,0.96289384,0.95897543,-0.0039184093
1625,1,5,1,middle,0.96289384,0.9635723,0.0006784797
1625,1,5,2,middle,0.96289384,0.9610551,-0.0018387437
1625,1,5,3,middle,0.96289384,0.961701,-0.0011928678
1625,1,5,4,last,0.96289384,0.9626081,-0.00028574467
50021,0,5,0,first,0.087596305,0.09913968,0.011543378
50021,0,5,1,middle,0.087596305,0.10100823,0.013411924
50021,0,5,2,middle,0.087596305,0.06963104,-0.017965265
50021,0,5,3,middle,0.087596305,0.073187105,-0.014409199
50021,0,5,4,last,0.087596305,0.092057146,0.0044608414
11398,0,5,0,first,0.14026365,0.28016472,0.13990107
11398,0,5,1,middle,0.14026365,0.10263046,-0.037633188
11398,0,5,2,middle,0.14026365,0.114664525,-0.025599122
11398,0,5,3,middle,0.14026365,0.110814154,-0.029449493
11398,0,5,4,last,0.14026365,0.18690579,0.04664214
16479,1,5,0,first,0.90989614,0.8754393,-0.03445685
16479,1,5,1,middle,0.90989614,0.8510547,-0.058841407
16479,1,5,2,middle,0.90989614,0.9055367,-0.004359424
16479,1,5,3,middle,0.90989614,0.90090215,-0.008993983
16479,1,5,4,last,0.90989614,0.9071423,-0.0027538538
1631,1,5,0,first,0.048025683,0.07497201,0.026946329
1631,1,5,1,middle,0.048025683,0.045791958,-0.002233725
1631,1,5,2,middle,0.048025683,0.049321063,0.0012953803
1631,1,5,3,middle,0.048025683,0.06577531,0.01774963
1631,1,5,4,last,0.048025683,0.051580112,0.0035544299
13738,0,5,0,first,0.86388886,0.8775555,0.01366663
13738,0,5,1,middle,0.86388886,0.8213484,-0.04254043
13738,0,5,2,middle,0.86388886,0.7919815,-0.07190734
13738,0,5,3,middle,0.86388886,0.8167155,-0.04717338
13738,0,5,4,last,0.86388886,0.79048324,-0.07340562
1260,1,4,0,first,0.7497002,0.06846939,-0.6812308
1260,1,4,1,middle,0.7497002,0.8683281,0.118627906
1260,1,4,2,middle,0.7497002,0.7187941,-0.030906081
1260,1,4,3,last,0.7497002,0.8232946,0.07359439
709,1,5,0,first,0.4861548,0.4038608,-0.08229399
709,1,5,1,middle,0.4861548,0.25433165,-0.23182315
709,1,5,2,middle,0.4861548,0.30480748,-0.18134731
709,1,5,3,middle,0.4861548,0.37362638,-0.11252841
709,1,5,4,last,0.4861548,0.63848865,0.15233386
708,1,5,0,first,0.8429805,0.8150227,-0.027957797
708,1,5,1,middle,0.8429805,0.8640075,0.021026969
708,1,5,2,middle,0.8429805,0.82941043,-0.01357007
708,1,5,3,middle,0.8429805,0.73898864,-0.103991866
708,1,5,4,last,0.8429805,0.6586444,-0.18433613
236,1,4,0,first,0.86290395,0.84350514,-0.019398808
236,1,4,1,middle,0.86290395,0.8422737,-0.02063024
236,1,4,2,middle,0.86290395,0.82431775,-0.0385862
236,1,4,3,last,0.86290395,0.82341367,-0.039490283
1116,0,3,0,first,0.157594,0.12542394,-0.032170057
1116,0,3,1,middle,0.157594,0.4087708,0.2511768
1116,0,3,2,last,0.157594,0.061721634,-0.09587236
1596,1,5,0,first,0.79659224,0.31039065,-0.48620158
1596,1,5,1,middle,0.79659224,0.74014264,-0.056449592
1596,1,5,2,middle,0.79659224,0.86140037,0.06480813
1596,1,5,3,middle,0.79659224,0.84893495,0.052342713
1596,1,5,4,last,0.79659224,0.79704064,0.00044840574
50886,0,5,0,first,0.9101351,0.9103067,0.00017160177
50886,0,5,1,middle,0.9101351,0.9051972,-0.004937887
50886,0,5,2,middle,0.9101351,0.85571486,-0.054420233
50886,0,5,3,middle,0.9101351,0.90676135,-0.003373742
50886,0,5,4,last,0.9101351,0.9066063,-0.0035287738
37177,1,5,0,first,0.741107,0.680465,-0.060642004
37177,1,5,1,middle,0.741107,0.6067161,-0.13439089
37177,1,5,2,middle,0.741107,0.6235657,-0.11754131
37177,1,5,3,middle,0.741107,0.78017145,0.039064467
37177,1,5,4,last,0.741107,0.41415018,-0.3269568
1061,1,5,0,first,0.9603616,0.95997787,-0.0003837347
1061,1,5,1,middle,0.9603616,0.9562401,-0.0041214824
1061,1,5,2,middle,0.9603616,0.95986986,-0.0004917383
1061,1,5,3,middle,0.9603616,0.9568836,-0.0034779906
1061,1,5,4,last,0.9603616,0.95492464,-0.005436957
49791,1,5,0,first,0.9605896,0.9605239,-6.568432e-05
49791,1,5,1,middle,0.9605896,0.95914674,-0.0014428496
49791,1,5,2,middle,0.9605896,0.95327777,-0.007311821
49791,1,5,3,middle,0.9605896,0.94710743,-0.013482153
49791,1,5,4,last,0.9605896,0.9632447,0.002655089
475,1,5,0,first,0.25094268,0.2075954,-0.043347284
475,1,5,1,middle,0.25094268,0.16547291,-0.08546977
475,1,5,2,middle,0.25094268,0.36854306,0.11760038
475,1,5,3,middle,0.25094268,0.21216425,-0.038778424
475,1,5,4,last,0.25094268,0.081953384,-0.1689893
1796,1,5,0,first,0.96626854,0.96592337,-0.0003451705
1796,1,5,1,middle,0.96626854,0.9658928,-0.00037574768
1796,1,5,2,middle,0.96626854,0.9649008,-0.0013677478
1796,1,5,3,middle,0.96626854,0.9658842,-0.00038433075
1796,1,5,4,last,0.96626854,0.9660963,-0.00017225742
48013,1,5,0,first,0.939653,0.9307615,-0.008891463
48013,1,5,1,middle,0.939653,0.9361828,-0.0034701824
48013,1,5,2,middle,0.939653,0.93922085,-0.00043213367
48013,1,5,3,middle,0.939653,0.93398833,-0.0056646466
48013,1,5,4,last,0.939653,0.9357308,-0.0039221644
54707,1,5,0,first,0.9532889,0.95876443,0.005475521
54707,1,5,1,middle,0.9532889,0.94133586,-0.011953056
54707,1,5,2,middle,0.9532889,0.9487115,-0.0045773983
54707,1,5,3,middle,0.9532889,0.9524683,-0.00082063675
54707,1,5,4,last,0.9532889,0.94801325,-0.0052756667
28063,0,5,0,first,0.05363887,0.06528894,0.011650067
28063,0,5,1,middle,0.05363887,0.0469198,-0.0067190714
28063,0,5,2,middle,0.05363887,0.057814546,0.004175674
28063,0,5,3,middle,0.05363887,0.06748527,0.013846401
28063,0,5,4,last,0.05363887,0.05655503,0.0029161572
20141,1,5,0,first,0.94783425,0.94351935,-0.0043148994
20141,1,5,1,middle,0.94783425,0.933711,-0.014123261
20141,1,5,2,middle,0.94783425,0.9486847,0.0008504391
20141,1,5,3,middle,0.94783425,0.94779503,-3.9219856e-05
20141,1,5,4,last,0.94783425,0.9343336,-0.013500631
1427,0,3,0,first,0.25158772,0.3125448,0.060957074
1427,0,3,1,middle,0.25158772,0.13773248,-0.11385524
1427,0,3,2,last,0.25158772,0.11453725,-0.13705048
816,0,5,0,first,0.80229145,0.8265356,0.02424413
816,0,5,1,middle,0.80229145,0.74973345,-0.052558005
816,0,5,2,middle,0.80229145,0.7194043,-0.08288717
816,0,5,3,middle,0.80229145,0.7936478,-0.008643627
816,0,5,4,last,0.80229145,0.6539644,-0.14832705
886,1,5,0,first,0.8356762,0.47699577,-0.35868043
886,1,5,1,middle,0.8356762,0.85890967,0.023233473
886,1,5,2,middle,0.8356762,0.8445789,0.008902729
886,1,5,3,middle,0.8356762,0.85478216,0.01910597
886,1,5,4,last,0.8356762,0.7476319,-0.088044286
1356,0,4,0,first,0.92846787,0.91331625,-0.01515162
1356,0,4,1,middle,0.92846787,0.9456236,0.017155707
1356,0,4,2,middle,0.92846787,0.64829177,-0.2801761
1356,0,4,3,last,0.92846787,0.80474216,-0.12372571
1000,1,5,0,first,0.9562094,0.9581421,0.0019326806
1000,1,5,1,middle,0.9562094,0.94180405,-0.01440537
1000,1,5,2,middle,0.9562094,0.92968965,-0.026519775
1000,1,5,3,middle,0.9562094,0.9349359,-0.021273494
1000,1,5,4,last,0.9562094,0.96213335,0.005923927
1238,0,5,0,first,0.06425898,0.06477482,0.00051584095
1238,0,5,1,middle,0.06425898,0.0681059,0.003846921
1238,0,5,2,middle,0.06425898,0.06295624,-0.0013027415
1238,0,5,3,middle,0.06425898,0.059835687,-0.0044232905
1238,0,5,4,last,0.06425898,0.06783307,0.0035740957
872,1,5,0,first,0.37155685,0.27105817,-0.10049868
872,1,5,1,middle,0.37155685,0.27958182,-0.09197503
872,1,5,2,middle,0.37155685,0.11747053,-0.25408632
872,1,5,3,middle,0.37155685,0.38113472,0.00957787
872,1,5,4,last,0.37155685,0.41773018,0.046173334
31149,1,5,0,first,0.8039607,0.65021414,-0.15374655
31149,1,5,1,middle,0.8039607,0.49427342,-0.30968726
31149,1,5,2,middle,0.8039607,0.6944172,-0.1095435
31149,1,5,3,middle,0.8039607,0.7990819,-0.0048787594
31149,1,5,4,last,0.8039607,0.76388574,-0.040074944
1038,1,5,0,first,0.6942539,0.7467904,0.052536488
1038,1,5,1,middle,0.6942539,0.68336684,-0.010887086
1038,1,5,2,middle,0.6942539,0.7123422,0.018088281
1038,1,5,3,middle,0.6942539,0.45223567,-0.24201825
1038,1,5,4,last,0.6942539,0.78124654,0.08699262
1636,1,5,0,first,0.8446746,0.8443234,-0.00035119057
1636,1,5,1,middle,0.8446746,0.84789366,0.003219068
1636,1,5,2,middle,0.8446746,0.87795776,0.033283174
1636,1,5,3,middle,0.8446746,0.7594779,-0.085196674
1636,1,5,4,last,0.8446746,0.81182885,-0.032845736
2247,0,5,0,first,0.8886752,0.9123383,0.023663104
2247,0,5,1,middle,0.8886752,0.8241255,-0.064549685
2247,0,5,2,middle,0.8886752,0.8990318,0.010356605
2247,0,5,3,middle,0.8886752,0.78542614,-0.10324907
2247,0,5,4,last,0.8886752,0.8645552,-0.024120033
14833,0,5,0,first,0.5076705,0.6801373,0.17246675
14833,0,5,1,middle,0.5076705,0.22198413,-0.28568637
14833,0,5,2,middle,0.5076705,0.76846683,0.2607963
14833,0,5,3,middle,0.5076705,0.42035845,-0.08731207
14833,0,5,4,last,0.5076705,0.5131752,0.0055046678
788,1,5,0,first,0.95930433,0.9624953,0.0031909943
788,1,5,1,middle,0.95930433,0.9282996,-0.031004727
788,1,5,2,middle,0.95930433,0.9520587,-0.00724566
788,1,5,3,middle,0.95930433,0.9620772,0.0027728677
788,1,5,4,last,0.95930433,0.9445134,-0.014790952
9638,1,5,0,first,0.8585339,0.5919457,-0.2665882
9638,1,5,1,middle,0.8585339,0.849297,-0.009236932
9638,1,5,2,middle,0.8585339,0.87470025,0.01616633
9638,1,5,3,middle,0.8585339,0.5268398,-0.33169413
9638,1,5,4,last,0.8585339,0.84038574,-0.018148184
1996,1,5,0,first,0.9369096,0.89883155,-0.03807807
1996,1,5,1,middle,0.9369096,0.9435619,0.0066522956
1996,1,5,2,middle,0.9369096,0.94560486,0.008695245
1996,1,5,3,middle,0.9369096,0.9106305,-0.026279092
1996,1,5,4,last,0.9369096,0.92006683,-0.016842782
562,0,4,0,first,0.37052315,0.34200662,-0.028516531
562,0,4,1,middle,0.37052315,0.38688016,0.016357005
562,0,4,2,middle,0.37052315,0.40720034,0.03667718
562,0,4,3,last,0.37052315,0.21044476,-0.16007839
13512,1,5,0,first,0.94377947,0.91683865,-0.026940823
13512,1,5,1,middle,0.94377947,0.9021319,-0.041647553
13512,1,5,2,middle,0.94377947,0.8629493,-0.08083016
13512,1,5,3,middle,0.94377947,0.94321966,-0.0005598068
13512,1,5,4,last,0.94377947,0.94561434,0.0018348694
31648,0,5,0,first,0.9556553,0.9518895,-0.0037657619
31648,0,5,1,middle,0.9556553,0.95665604,0.001000762
31648,0,5,2,middle,0.9556553,0.9510869,-0.004568398
31648,0,5,3,middle,0.9556553,0.92539394,-0.030261338
31648,0,5,4,last,0.9556553,0.95015526,-0.0055000186
201,0,5,0,first,0.9490407,0.9442538,-0.0047869086
201,0,5,1,middle,0.9490407,0.9448571,-0.0041835904
201,0,5,2,middle,0.9490407,0.93371767,-0.015323043
201,0,5,3,middle,0.9490407,0.92362875,-0.025411963
201,0,5,4,last,0.9490407,0.9506139,0.001573205
25825,1,5,0,first,0.9592064,0.9521689,-0.0070375204
25825,1,5,1,middle,0.9592064,0.95788753,-0.001318872
25825,1,5,2,middle,0.9592064,0.9548742,-0.004332185
25825,1,5,3,middle,0.9592064,0.95915514,-5.1259995e-05
25825,1,5,4,last,0.9592064,0.9591952,-1.1205673e-05
832,0,5,0,first,0.26424468,0.2981762,0.033931524
832,0,5,1,middle,0.26424468,0.2525659,-0.011678785
832,0,5,2,middle,0.26424468,0.43233314,0.16808847
832,0,5,3,middle,0.26424468,0.07842544,-0.18581924
832,0,5,4,last,0.26424468,0.33196634,0.067721665
14630,0,5,0,first,0.053431515,0.056630824,0.003199309
14630,0,5,1,middle,0.053431515,0.05787221,0.004440695
14630,0,5,2,middle,0.053431515,0.056708362,0.0032768473
14630,0,5,3,middle,0.053431515,0.055223677,0.0017921627
14630,0,5,4,last,0.053431515,0.063474126,0.0100426115
45717,0,4,0,first,0.19518833,0.18175966,-0.013428673
45717,0,4,1,middle,0.19518833,0.11025918,-0.084929146
45717,0,4,2,middle,0.19518833,0.26669383,0.0715055
45717,0,4,3,last,0.19518833,0.4126501,0.21746178
733,0,4,0,first,0.7701302,0.3137825,-0.4563477
733,0,4,1,middle,0.7701302,0.15615359,-0.6139766
733,0,4,2,middle,0.7701302,0.8684471,0.09831691
733,0,4,3,last,0.7701302,0.81864893,0.048518717
1160,0,5,0,first,0.9101809,0.76652646,-0.14365447
1160,0,5,1,middle,0.9101809,0.8242349,-0.08594602
1160,0,5,2,middle,0.9101809,0.86867434,-0.04150659
1160,0,5,3,middle,0.9101809,0.88874817,-0.021432757
1160,0,5,4,last,0.9101809,0.9194241,0.00924319
54546,0,5,0,first,0.058129556,0.05847335,0.00034379214
54546,0,5,1,middle,0.058129556,0.04798574,-0.0101438165
54546,0,5,2,middle,0.058129556,0.05595201,-0.0021775477
54546,0,5,3,middle,0.058129556,0.054403294,-0.0037262626
54546,0,5,4,last,0.058129556,0.03879442,-0.019335136
50991,0,5,0,first,0.1766277,0.1402647,-0.03636299
50991,0,5,1,middle,0.1766277,0.3049689,0.1283412
50991,0,5,2,middle,0.1766277,0.12972054,-0.046907157
50991,0,5,3,middle,0.1766277,0.29328498,0.11665729
50991,0,5,4,last,0.1766277,0.15439801,-0.022229686
1515,1,5,0,first,0.8366794,0.8611429,0.024463475
1515,1,5,1,middle,0.8366794,0.7149543,-0.12172508
1515,1,5,2,middle,0.8366794,0.77346295,-0.06321645
1515,1,5,3,middle,0.8366794,0.7732678,-0.06341159
1515,1,5,4,last,0.8366794,0.86579615,0.02911675
53352,0,5,0,first,0.39379486,0.32314655,-0.07064831
53352,0,5,1,middle,0.39379486,0.37148386,-0.022311002
53352,0,5,2,middle,0.39379486,0.37078512,-0.023009747
53352,0,5,3,middle,0.39379486,0.323782,-0.07001287
53352,0,5,4,last,0.39379486,0.4776711,0.08387622
39231,1,5,0,first,0.64848125,0.7336433,0.08516204
39231,1,5,1,middle,0.64848125,0.24771103,-0.40077022
39231,1,5,2,middle,0.64848125,0.60626566,-0.042215586
39231,1,5,3,middle,0.64848125,0.45883492,-0.18964633
39231,1,5,4,last,0.64848125,0.7830753,0.13459402
44843,1,5,0,first,0.96362245,0.96107054,-0.0025519133
44843,1,5,1,middle,0.96362245,0.9593637,-0.004258752
44843,1,5,2,middle,0.96362245,0.9636955,7.3075294e-05
44843,1,5,3,middle,0.96362245,0.9625202,-0.0011022687
44843,1,5,4,last,0.96362245,0.9643876,0.0007651448
1453,1,5,0,first,0.9573709,0.84943837,-0.10793251
1453,1,5,1,middle,0.9573709,0.9550768,-0.0022940636
1453,1,5,2,middle,0.9573709,0.9556635,-0.001707375
1453,1,5,3,middle,0.9573709,0.9569879,-0.00038295984
1453,1,5,4,last,0.9573709,0.95678633,-0.00058454275
185,1,5,0,first,0.9485782,0.84015685,-0.108421326
185,1,5,1,middle,0.9485782,0.94322294,-0.005355239
185,1,5,2,middle,0.9485782,0.9491741,0.00059592724
185,1,5,3,middle,0.9485782,0.9499989,0.0014207363
185,1,5,4,last,0.9485782,0.94901633,0.00043815374
33288,1,5,0,first,0.6808256,0.72299945,0.042173862
33288,1,5,1,middle,0.6808256,0.7962699,0.1154443
33288,1,5,2,middle,0.6808256,0.6680995,-0.0127260685
33288,1,5,3,middle,0.6808256,0.6826969,0.0018712878
33288,1,5,4,last,0.6808256,0.11075027,-0.57007533
742,1,5,0,first,0.81334573,0.8639661,0.050620377
742,1,5,1,middle,0.81334573,0.67985594,-0.13348979
742,1,5,2,middle,0.81334573,0.58686125,-0.22648448
742,1,5,3,middle,0.81334573,0.8724527,0.059106946
742,1,5,4,last,0.81334573,0.8665169,0.053171158
49656,1,5,0,first,0.91280496,0.91055244,-0.0022525191
49656,1,5,1,middle,0.91280496,0.8937838,-0.019021153
49656,1,5,2,middle,0.91280496,0.8764781,-0.036326885
49656,1,5,3,middle,0.91280496,0.9026935,-0.010111451
49656,1,5,4,last,0.91280496,0.890709,-0.022095978
1620,0,5,0,first,0.5452193,0.45063776,-0.094581544
1620,0,5,1,middle,0.5452193,0.5855699,0.040350616
1620,0,5,2,middle,0.5452193,0.5331967,-0.0120226145
1620,0,5,3,middle,0.5452193,0.22217733,-0.32304198
1620,0,5,4,last,0.5452193,0.3356894,-0.2095299
20039,0,5,0,first,0.18294406,0.19436926,0.011425197
20039,0,5,1,middle,0.18294406,0.19684854,0.013904482
20039,0,5,2,middle,0.18294406,0.3822814,0.19933733
20039,0,5,3,middle,0.18294406,0.23607829,0.053134233
20039,0,5,4,last,0.18294406,0.08623418,-0.09670988
27186,1,5,0,first,0.17021799,0.10381476,-0.06640323
27186,1,5,1,middle,0.17021799,0.20720321,0.03698522
27186,1,5,2,middle,0.17021799,0.18589911,0.015681118
27186,1,5,3,middle,0.17021799,0.15559258,-0.014625415
27186,1,5,4,last,0.17021799,0.22630543,0.056087434
507,0,4,0,first,0.25101212,0.11301044,-0.13800168
507,0,4,1,middle,0.25101212,0.66252124,0.41150913
507,0,4,2,middle,0.25101212,0.11667579,-0.13433632
507,0,4,3,last,0.25101212,0.5418961,0.290884
25139,1,5,0,first,0.41278112,0.37551516,-0.037265956
25139,1,5,1,middle,0.41278112,0.13762262,-0.2751585
25139,1,5,2,middle,0.41278112,0.46234113,0.04956001
25139,1,5,3,middle,0.41278112,0.28066415,-0.13211697
25139,1,5,4,last,0.41278112,0.41384056,0.0010594428
6333,1,5,0,first,0.075800516,0.07257298,-0.0032275394
6333,1,5,1,middle,0.075800516,0.070342265,-0.0054582506
6333,1,5,2,middle,0.075800516,0.05638265,-0.019417867
6333,1,5,3,middle,0.075800516,0.108277395,0.03247688
6333,1,5,4,last,0.075800516,0.108733244,0.03293273
2160,1,5,0,first,0.81938756,0.74672097,-0.072666585
2160,1,5,1,middle,0.81938756,0.58167416,-0.2377134
2160,1,5,2,middle,0.81938756,0.5091163,-0.31027126
2160,1,5,3,middle,0.81938756,0.8886968,0.069309235
2160,1,5,4,last,0.81938756,0.8560528,0.03666526
41942,1,5,0,first,0.9652727,0.9583627,-0.006910026
41942,1,5,1,middle,0.9652727,0.96539867,0.00012594461
41942,1,5,2,middle,0.9652727,0.9641452,-0.0011275411
41942,1,5,3,middle,0.9652727,0.9647483,-0.00052440166
41942,1,5,4,last,0.9652727,0.96393126,-0.0013414621
526,1,4,0,first,0.95174044,0.9444796,-0.007260859
526,1,4,1,middle,0.95174044,0.96162194,0.009881496
526,1,4,2,middle,0.95174044,0.95189124,0.00015079975
526,1,4,3,last,0.95174044,0.9083808,-0.043359637
53273,1,4,0,first,0.9593846,0.9602228,0.0008381605
53273,1,4,1,middle,0.9593846,0.9517934,-0.0075912476
53273,1,4,2,middle,0.9593846,0.95713526,-0.00224936
53273,1,4,3,last,0.9593846,0.57894135,-0.38044327
2253,0,5,0,first,0.19390967,0.15375412,-0.04015556
2253,0,5,1,middle,0.19390967,0.18486294,-0.009046733
2253,0,5,2,middle,0.19390967,0.35972753,0.16581786
2253,0,5,3,middle,0.19390967,0.074204855,-0.11970482
2253,0,5,4,last,0.19390967,0.10297959,-0.09093008
9177,0,5,0,first,0.045537632,0.053777635,0.008240003
9177,0,5,1,middle,0.045537632,0.046557285,0.0010196529
9177,0,5,2,middle,0.045537632,0.044621922,-0.0009157099
9177,0,5,3,middle,0.045537632,0.043963343,-0.001574289
9177,0,5,4,last,0.045537632,0.047103133,0.0015655011
54458,1,5,0,first,0.96312714,0.9624248,-0.00070232153
54458,1,5,1,middle,0.96312714,0.9624681,-0.00065904856
54458,1,5,2,middle,0.96312714,0.9612414,-0.0018857121
54458,1,5,3,middle,0.96312714,0.9558636,-0.007263541
54458,1,5,4,last,0.96312714,0.9558198,-0.0073073506
28,0,5,0,first,0.6808588,0.6903355,0.009476721
28,0,5,1,middle,0.6808588,0.6325723,-0.048286498
28,0,5,2,middle,0.6808588,0.6681131,-0.012745678
28,0,5,3,middle,0.6808588,0.4406742,-0.2401846
28,0,5,4,last,0.6808588,0.8129602,0.13210142
412,0,5,0,first,0.2799202,0.28052422,0.00060403347
412,0,5,1,middle,0.2799202,0.16220571,-0.11771448
412,0,5,2,middle,0.2799202,0.45516855,0.17524835
412,0,5,3,middle,0.2799202,0.117220715,-0.16269948
412,0,5,4,last,0.2799202,0.38157952,0.10165933
2311,0,7,0,first,0.105260335,0.11188526,0.006624922
2311,0,7,1,middle,0.105260335,0.07152949,-0.033730842
2311,0,7,2,middle,0.105260335,0.10313331,-0.0021270216
2311,0,7,3,middle,0.105260335,0.08716021,-0.018100128
2311,0,7,4,middle,0.105260335,0.18130131,0.076040976
2311,0,7,5,middle,0.105260335,0.098880626,-0.0063797086
2311,0,7,6,last,0.105260335,0.10712571,0.0018653721
295,0,5,0,first,0.8867572,0.9287878,0.042030632
295,0,5,1,middle,0.8867572,0.892448,0.005690813
295,0,5,2,middle,0.8867572,0.8707153,-0.016041875
295,0,5,3,middle,0.8867572,0.9016623,0.014905095
295,0,5,4,last,0.8867572,0.17240274,-0.71435446
42658,0,5,0,first,0.3215517,0.10126528,-0.22028643
42658,0,5,1,middle,0.3215517,0.30026442,-0.021287292
42658,0,5,2,middle,0.3215517,0.34461936,0.023067653
42658,0,5,3,middle,0.3215517,0.34334883,0.02179712
42658,0,5,4,last,0.3215517,0.3098751,-0.0116766095
62,1,5,0,first,0.96307844,0.9644974,0.0014189482
62,1,5,1,middle,0.96307844,0.9638019,0.0007234812
62,1,5,2,middle,0.96307844,0.9648292,0.0017507672
62,1,5,3,middle,0.96307844,0.9555059,-0.0075725317
62,1,5,4,last,0.96307844,0.9611524,-0.0019260645
3566,1,5,0,first,0.8764803,0.79253167,-0.08394861
3566,1,5,1,middle,0.8764803,0.90656936,0.03008908
3566,1,5,2,middle,0.8764803,0.8927625,0.0162822
3566,1,5,3,middle,0.8764803,0.8924727,0.015992403
3566,1,5,4,last,0.8764803,0.08365412,-0.7928262
26403,0,5,0,first,0.11864631,0.092156716,-0.026489593
26403,0,5,1,middle,0.11864631,0.14179654,0.023150235
26403,0,5,2,middle,0.11864631,0.12787858,0.009232268
26403,0,5,3,middle,0.11864631,0.09561716,-0.023029149
26403,0,5,4,last,0.11864631,0.0774395,-0.041206807
9217,0,5,0,first,0.07371833,0.07345301,-0.00026532263
9217,0,5,1,middle,0.07371833,0.0671458,-0.0065725297
9217,0,5,2,middle,0.07371833,0.06319431,-0.01052402
9217,0,5,3,middle,0.07371833,0.06575566,-0.007962674
9217,0,5,4,last,0.07371833,0.112382494,0.038664162
20934,0,2,0,first,0.42331192,0.59416384,0.17085192
20934,0,2,1,last,0.42331192,0.11509328,-0.30821863
166,0,4,0,first,0.41179827,0.27329826,-0.1385
166,0,4,1,middle,0.41179827,0.30706507,-0.1047332
166,0,4,2,middle,0.41179827,0.20829612,-0.20350215
166,0,4,3,last,0.41179827,0.41601017,0.0042119026
155,0,5,0,first,0.1825619,0.24631369,0.06375179
155,0,5,1,middle,0.1825619,0.19769323,0.0151313245
155,0,5,2,middle,0.1825619,0.066713445,-0.11584846
155,0,5,3,middle,0.1825619,0.09204145,-0.09052046
155,0,5,4,last,0.1825619,0.4861676,0.3036057
1674,0,5,0,first,0.09353115,0.14535797,0.05182682
1674,0,5,1,middle,0.09353115,0.086652525,-0.006878622
1674,0,5,2,middle,0.09353115,0.079251654,-0.014279492
1674,0,5,3,middle,0.09353115,0.1349653,0.041434154
1674,0,5,4,last,0.09353115,0.0701819,-0.023349248
1659,0,5,0,first,0.06981507,0.06832583,-0.001489237
1659,0,5,1,middle,0.06981507,0.087303296,0.017488226
1659,0,5,2,middle,0.06981507,0.06267234,-0.00714273
1659,0,5,3,middle,0.06981507,0.061512228,-0.008302841
1659,0,5,4,last,0.06981507,0.07081592,0.0010008514
1431,0,5,0,first,0.690453,0.845374,0.154921
1431,0,5,1,middle,0.690453,0.37545854,-0.31499445
1431,0,5,2,middle,0.690453,0.6935886,0.0031356215
1431,0,5,3,middle,0.690453,0.64730906,-0.043143928
1431,0,5,4,last,0.690453,0.43870822,-0.25174478
22370,0,5,0,first,0.08593685,0.07064754,-0.015289314
22370,0,5,1,middle,0.08593685,0.10711234,0.021175489
22370,0,5,2,middle,0.08593685,0.09820989,0.012273036
22370,0,5,3,middle,0.08593685,0.08224117,-0.0036956817
22370,0,5,4,last,0.08593685,0.0745815,-0.011355355
1858,1,5,0,first,0.9389195,0.8305035,-0.10841596
1858,1,5,1,middle,0.9389195,0.93630236,-0.0026171207
1858,1,5,2,middle,0.9389195,0.9366625,-0.0022569895
1858,1,5,3,middle,0.9389195,0.94816077,0.009241283
1858,1,5,4,last,0.9389195,0.9224852,-0.016434312
48421,1,5,0,first,0.95098865,0.95255446,0.001565814
48421,1,5,1,middle,0.95098865,0.9535807,0.0025920272
48421,1,5,2,middle,0.95098865,0.9421711,-0.0088175535
48421,1,5,3,middle,0.95098865,0.90449417,-0.046494484
48421,1,5,4,last,0.95098865,0.9199841,-0.031004548
149,0,5,0,first,0.16473468,0.23361118,0.068876505
149,0,5,1,middle,0.16473468,0.111690685,-0.05304399
149,0,5,2,middle,0.16473468,0.10802645,-0.056708224
149,0,5,3,middle,0.16473468,0.17908774,0.014353067
149,0,5,4,last,0.16473468,0.13231428,-0.032420397
24769,1,5,0,first,0.9635615,0.9588589,-0.004702568
24769,1,5,1,middle,0.9635615,0.9616933,-0.0018681884
24769,1,5,2,middle,0.9635615,0.96284133,-0.0007201433
24769,1,5,3,middle,0.9635615,0.95210785,-0.011453629
24769,1,5,4,last,0.9635615,0.9546967,-0.00886476
419,1,5,0,first,0.8102749,0.622926,-0.1873489
419,1,5,1,middle,0.8102749,0.8657397,0.055464804
419,1,5,2,middle,0.8102749,0.89882964,0.08855474
419,1,5,3,middle,0.8102749,0.5617993,-0.24847561
419,1,5,4,last,0.8102749,0.81377906,0.003504157
1445,1,5,0,first,0.9609131,0.96419495,0.0032818317
1445,1,5,1,middle,0.9609131,0.94424945,-0.01666367
1445,1,5,2,middle,0.9609131,0.9508644,-0.010048747
1445,1,5,3,middle,0.9609131,0.95694417,-0.003968954
1445,1,5,4,last,0.9609131,0.9616223,0.00070917606
36811,1,5,0,first,0.87856865,0.88227063,0.0037019849
36811,1,5,1,middle,0.87856865,0.8385905,-0.039978147
36811,1,5,2,middle,0.87856865,0.7577514,-0.120817244
36811,1,5,3,middle,0.87856865,0.9095679,0.030999243
36811,1,5,4,last,0.87856865,0.7481443,-0.13042432
42662,0,5,0,first,0.6979376,0.7716181,0.07368052
42662,0,5,1,middle,0.6979376,0.40962338,-0.28831422
42662,0,5,2,middle,0.6979376,0.73454535,0.036607742
42662,0,5,3,middle,0.6979376,0.7609549,0.06301731
42662,0,5,4,last,0.6979376,0.1403196,-0.557618
19879,0,5,0,first,0.8805889,0.869712,-0.010876894
19879,0,5,1,middle,0.8805889,0.19806966,-0.6825192
19879,0,5,2,middle,0.8805889,0.87452644,-0.006062448
19879,0,5,3,middle,0.8805889,0.8940986,0.013509691
19879,0,5,4,last,0.8805889,0.92027587,0.039686978
9259,1,5,0,first,0.96604717,0.9647301,-0.0013170838
9259,1,5,1,middle,0.96604717,0.9655126,-0.00053459406
9259,1,5,2,middle,0.96604717,0.96314526,-0.0029019117
9259,1,5,3,middle,0.96604717,0.9665214,0.00047421455
9259,1,5,4,last,0.96604717,0.9670272,0.0009800196
6218,0,5,0,first,0.17822543,0.16662042,-0.011605009
6218,0,5,1,middle,0.17822543,0.1838206,0.0055951774
6218,0,5,2,middle,0.17822543,0.18372634,0.0055009127
6218,0,5,3,middle,0.17822543,0.14548,-0.03274542
6218,0,5,4,last,0.17822543,0.10477245,-0.07345298
50834,0,4,0,first,0.10017269,0.09912164,-0.0010510534
50834,0,4,1,middle,0.10017269,0.11158828,0.011415586
50834,0,4,2,middle,0.10017269,0.12499267,0.024819978
50834,0,4,3,last,0.10017269,0.112623915,0.012451224
1509,0,5,0,first,0.09418799,0.106123365,0.011935376
1509,0,5,1,middle,0.09418799,0.06768202,-0.02650597
1509,0,5,2,middle,0.09418799,0.07826035,-0.015927643
1509,0,5,3,middle,0.09418799,0.14115168,0.04696369
1509,0,5,4,last,0.09418799,0.105974756,0.011786766
775,0,5,0,first,0.1571071,0.23555683,0.078449726
775,0,5,1,middle,0.1571071,0.15629457,-0.0008125305
775,0,5,2,middle,0.1571071,0.13573126,-0.021375835
775,0,5,3,middle,0.1571071,0.15155804,-0.0055490583
775,0,5,4,last,0.1571071,0.15642355,-0.00068354607
28212,0,5,0,first,0.8479545,0.8474678,-0.00048673153
28212,0,5,1,middle,0.8479545,0.6922068,-0.15574771
28212,0,5,2,middle,0.8479545,0.86885047,0.020895958
28212,0,5,3,middle,0.8479545,0.84577936,-0.0021751523
28212,0,5,4,last,0.8479545,0.81670326,-0.03125125
904,1,5,0,first,0.5291002,0.700152,0.1710518
904,1,5,1,middle,0.5291002,0.5280688,-0.0010313988
904,1,5,2,middle,0.5291002,0.2573763,-0.27172387
904,1,5,3,middle,0.5291002,0.4751547,-0.05394548
904,1,5,4,last,0.5291002,0.7640064,0.2349062
18821,1,5,0,first,0.96040624,0.9588926,-0.00151366
18821,1,5,1,middle,0.96040624,0.961769,0.001362741
18821,1,5,2,middle,0.96040624,0.9533921,-0.0070141554
18821,1,5,3,middle,0.96040624,0.9588811,-0.0015251637
18821,1,5,4,last,0.96040624,0.9605015,9.524822e-05
32700,1,5,0,first,0.41387516,0.30936706,-0.1045081
32700,1,5,1,middle,0.41387516,0.33365515,-0.080220014
32700,1,5,2,middle,0.41387516,0.4031349,-0.01074025
32700,1,5,3,middle,0.41387516,0.33247748,-0.08139768
32700,1,5,4,last,0.41387516,0.45544645,0.04157129
41,1,5,0,first,0.9659701,0.9636195,-0.0023506284
41,1,5,1,middle,0.9659701,0.96638954,0.00041943789
41,1,5,2,middle,0.9659701,0.9657708,-0.00019931793
41,1,5,3,middle,0.9659701,0.96432275,-0.0016473532
41,1,5,4,last,0.9659701,0.9670988,0.0011286736
23541,1,5,0,first,0.8844813,0.88243973,-0.0020415783
23541,1,5,1,middle,0.8844813,0.8808911,-0.0035902262
23541,1,5,2,middle,0.8844813,0.8945163,0.010034978
23541,1,5,3,middle,0.8844813,0.83911,-0.045371294
23541,1,5,4,last,0.8844813,0.64380294,-0.24067837
1178,1,5,0,first,0.9470273,0.9341419,-0.012885451
1178,1,5,1,middle,0.9470273,0.9524236,0.005396247
1178,1,5,2,middle,0.9470273,0.93036664,-0.01666069
1178,1,5,3,middle,0.9470273,0.94731385,0.00028651953
1178,1,5,4,last,0.9470273,0.9380568,-0.008970499
1542,1,5,0,first,0.94527197,0.9451387,-0.00013327599
1542,1,5,1,middle,0.94527197,0.9320454,-0.013226569
1542,1,5,2,middle,0.94527197,0.94320726,-0.002064705
1542,1,5,3,middle,0.94527197,0.92905235,-0.016219616
1542,1,5,4,last,0.94527197,0.9263368,-0.018935144
46151,1,5,0,first,0.96055967,0.95997345,-0.0005862117
46151,1,5,1,middle,0.96055967,0.96065295,9.328127e-05
46151,1,5,2,middle,0.96055967,0.9609111,0.000351429
46151,1,5,3,middle,0.96055967,0.9555071,-0.0050525665
46151,1,5,4,last,0.96055967,0.9490608,-0.011498868
1646,1,5,0,first,0.7249028,0.8550019,0.13009912
1646,1,5,1,middle,0.7249028,0.66807413,-0.056828678
1646,1,5,2,middle,0.7249028,0.6499355,-0.074967325
1646,1,5,3,middle,0.7249028,0.1315777,-0.59332514
1646,1,5,4,last,0.7249028,0.87322557,0.14832276
49100,0,4,0,first,0.05264816,0.053050652,0.00040249154
49100,0,4,1,middle,0.05264816,0.065953456,0.013305295
49100,0,4,2,middle,0.05264816,0.055708926,0.0030607656
49100,0,4,3,last,0.05264816,0.056736685,0.0040885247
14650,1,5,0,first,0.30859268,0.3884265,0.079833835
14650,1,5,1,middle,0.30859268,0.20014687,-0.10844581
14650,1,5,2,middle,0.30859268,0.312567,0.0039743185
14650,1,5,3,middle,0.30859268,0.3865071,0.07791442
14650,1,5,4,last,0.30859268,0.09711657,-0.21147612
324,0,5,0,first,0.69902605,0.71808815,0.019062102
324,0,5,1,middle,0.69902605,0.69188744,-0.00713861
324,0,5,2,middle,0.69902605,0.69214386,-0.0068821907
324,0,5,3,middle,0.69902605,0.20512027,-0.49390578
324,0,5,4,last,0.69902605,0.8237145,0.12468845
568,1,5,0,first,0.9408349,0.23008543,-0.71074945
568,1,5,1,middle,0.9408349,0.9360629,-0.0047720075
568,1,5,2,middle,0.9408349,0.94069743,-0.00013744831
568,1,5,3,middle,0.9408349,0.94295174,0.002116859
568,1,5,4,last,0.9408349,0.9504457,0.009610832
16792,1,5,0,first,0.9367563,0.9071381,-0.029618204
16792,1,5,1,middle,0.9367563,0.93881637,0.0020600557
16792,1,5,2,middle,0.9367563,0.9383049,0.0015485883
16792,1,5,3,middle,0.9367563,0.90649855,-0.030257761
16792,1,5,4,last,0.9367563,0.9291399,-0.0076164007
10307,1,5,0,first,0.95511717,0.96084386,0.005726695
10307,1,5,1,middle,0.95511717,0.94704264,-0.008074522
10307,1,5,2,middle,0.95511717,0.9452597,-0.009857476
10307,1,5,3,middle,0.95511717,0.95378125,-0.0013359189
10307,1,5,4,last,0.95511717,0.95305663,-0.0020605326
24110,1,5,0,first,0.8353605,0.8026949,-0.03266561
24110,1,5,1,middle,0.8353605,0.8593659,0.024005353
24110,1,5,2,middle,0.8353605,0.7038886,-0.13147193
24110,1,5,3,middle,0.8353605,0.52530277,-0.31005776
24110,1,5,4,last,0.8353605,0.84882456,0.013464034
969,0,5,0,first,0.60392755,0.40447116,-0.1994564
969,0,5,1,middle,0.60392755,0.35882953,-0.24509802
969,0,5,2,middle,0.60392755,0.52233535,-0.0815922
969,0,5,3,middle,0.60392755,0.26048604,-0.34344152
969,0,5,4,last,0.60392755,0.852264,0.24833643
1499,0,5,0,first,0.837977,0.7637822,-0.07419479
1499,0,5,1,middle,0.837977,0.7854504,-0.052526593
1499,0,5,2,middle,0.837977,0.8802441,0.042267084
1499,0,5,3,middle,0.837977,0.80524087,-0.032736123
1499,0,5,4,last,0.837977,0.9055681,0.06759113
1368,1,5,0,first,0.5818666,0.4055656,-0.17630103
1368,1,5,1,middle,0.5818666,0.24748138,-0.33438525
1368,1,5,2,middle,0.5818666,0.3085828,-0.2732838
1368,1,5,3,middle,0.5818666,0.334866,-0.24700063
1368,1,5,4,last,0.5818666,0.8017222,0.2198556
846,0,5,0,first,0.12791105,0.10983676,-0.018074289
846,0,5,1,middle,0.12791105,0.10874343,-0.019167617
846,0,5,2,middle,0.12791105,0.11002558,-0.017885469
846,0,5,3,middle,0.12791105,0.1454486,0.01753755
846,0,5,4,last,0.12791105,0.28948906,0.16157801
361,0,5,0,first,0.05197719,0.04816976,-0.003807433
361,0,5,1,middle,0.05197719,0.060293913,0.008316722
361,0,5,2,middle,0.05197719,0.070999414,0.019022223
361,0,5,3,middle,0.05197719,0.059484035,0.0075068437
361,0,5,4,last,0.05197719,0.055780917,0.0038037263
33380,1,5,0,first,0.73888785,0.76385444,0.024966598
33380,1,5,1,middle,0.73888785,0.74948514,0.010597289
33380,1,5,2,middle,0.73888785,0.77628535,0.037397504
33380,1,5,3,middle,0.73888785,0.41247618,-0.32641166
33380,1,5,4,last,0.73888785,0.84354883,0.10466099
472,0,5,0,first,0.0955347,0.121813044,0.026278347
472,0,5,1,middle,0.0955347,0.09291556,-0.0026191399
472,0,5,2,middle,0.0955347,0.09919392,0.003659226
472,0,5,3,middle,0.0955347,0.06509791,-0.030436784
472,0,5,4,last,0.0955347,0.13822307,0.04268837
15650,0,5,0,first,0.34060866,0.25125685,-0.0893518
15650,0,5,1,middle,0.34060866,0.42265922,0.08205056
15650,0,5,2,middle,0.34060866,0.37648213,0.035873473
15650,0,5,3,middle,0.34060866,0.3729737,0.032365054
15650,0,5,4,last,0.34060866,0.12193786,-0.21867079
1388,0,6,0,first,0.23111391,0.13598247,-0.09513144
1388,0,6,1,middle,0.23111391,0.1687444,-0.06236951
1388,0,6,2,middle,0.23111391,0.14866674,-0.08244717
1388,0,6,3,middle,0.23111391,0.2369525,0.005838588
1388,0,6,4,middle,0.23111391,0.23680882,0.005694911
1388,0,6,5,last,0.23111391,0.2267869,-0.004327014
2224,0,5,0,first,0.10976545,0.097279005,-0.012486443
2224,0,5,1,middle,0.10976545,0.097934656,-0.011830792
2224,0,5,2,middle,0.10976545,0.09198411,-0.01778134
2224,0,5,3,middle,0.10976545,0.13480015,0.025034703
2224,0,5,4,last,0.10976545,0.17160413,0.06183868
2397,0,5,0,first,0.8165488,0.86581695,0.049268126
2397,0,5,1,middle,0.8165488,0.52511007,-0.29143876
2397,0,5,2,middle,0.8165488,0.64134884,-0.17519999
2397,0,5,3,middle,0.8165488,0.7857857,-0.03076315
2397,0,5,4,last,0.8165488,0.7893955,-0.027153313
756,0,5,0,first,0.2656781,0.25124252,-0.014435589
756,0,5,1,middle,0.2656781,0.15561749,-0.11006062
756,0,5,2,middle,0.2656781,0.2645931,-0.0010850132
756,0,5,3,middle,0.2656781,0.08182156,-0.18385655
756,0,5,4,last,0.2656781,0.6833578,0.41767967
44969,0,4,0,first,0.92529184,0.93187654,0.006584704
44969,0,4,1,middle,0.92529184,0.5418617,-0.38343012
44969,0,4,2,middle,0.92529184,0.9291236,0.0038317442
44969,0,4,3,last,0.92529184,0.9259428,0.0006509423
5899,0,5,0,first,0.92518723,0.9369441,0.011756897
5899,0,5,1,middle,0.92518723,0.92658985,0.0014026165
5899,0,5,2,middle,0.92518723,0.9273978,0.0022105575
5899,0,5,3,middle,0.92518723,0.8964212,-0.028766036
5899,0,5,4,last,0.92518723,0.26864812,-0.6565391
27948,0,5,0,first,0.26123533,0.21946459,-0.04177074
27948,0,5,1,middle,0.26123533,0.16534886,-0.09588647
27948,0,5,2,middle,0.26123533,0.104301386,-0.15693393
27948,0,5,3,middle,0.26123533,0.19569659,-0.065538734
27948,0,5,4,last,0.26123533,0.49763688,0.23640156
17912,0,5,0,first,0.06378077,0.059308898,-0.004471872
17912,0,5,1,middle,0.06378077,0.059788395,-0.003992375
17912,0,5,2,middle,0.06378077,0.06375343,-2.733618e-05
17912,0,5,3,middle,0.06378077,0.07011799,0.006337218
17912,0,5,4,last,0.06378077,0.0825206,0.018739827
4055,0,5,0,first,0.4494798,0.43777815,-0.0117016435
4055,0,5,1,middle,0.4494798,0.6019704,0.15249059
4055,0,5,2,middle,0.4494798,0.6555008,0.20602104
4055,0,5,3,middle,0.4494798,0.42127925,-0.028200537
4055,0,5,4,last,0.4494798,0.15605132,-0.29342848
1856,0,5,0,first,0.30499586,0.64413375,0.33913788
1856,0,5,1,middle,0.30499586,0.113303885,-0.19169198
1856,0,5,2,middle,0.30499586,0.23412707,-0.07086879
1856,0,5,3,middle,0.30499586,0.33445644,0.02946058
1856,0,5,4,last,0.30499586,0.33536285,0.030366987
308,1,5,0,first,0.9065787,0.87383044,-0.032748282
308,1,5,1,middle,0.9065787,0.76344824,-0.14313048
308,1,5,2,middle,0.9065787,0.9341251,0.027546406
308,1,5,3,middle,0.9065787,0.90061593,-0.005962789
308,1,5,4,last,0.9065787,0.90607303,-0.0005056858
15195,1,5,0,first,0.96448874,0.96162295,-0.0028657913
15195,1,5,1,middle,0.96448874,0.9642075,-0.00028127432
15195,1,5,2,middle,0.96448874,0.96339494,-0.0010938048
15195,1,5,3,middle,0.96448874,0.96212554,-0.002363205
15195,1,5,4,last,0.96448874,0.9621839,-0.002304852
1154,1,5,0,first,0.94332284,0.9448819,0.0015590787
1154,1,5,1,middle,0.94332284,0.93041986,-0.012902975
1154,1,5,2,middle,0.94332284,0.94348437,0.00016152859
1154,1,5,3,middle,0.94332284,0.92129374,-0.022029102
1154,1,5,4,last,0.94332284,0.954074,0.010751188
16715,0,5,0,first,0.05158599,0.05348892,0.0019029304
16715,0,5,1,middle,0.05158599,0.04942063,-0.0021653622
16715,0,5,2,middle,0.05158599,0.05824044,0.006654449
16715,0,5,3,middle,0.05158599,0.052040108,0.0004541166
16715,0,5,4,last,0.05158599,0.059550468,0.007964477
1725,1,5,0,first,0.9584837,0.9468352,-0.011648476
1725,1,5,1,middle,0.9584837,0.9606709,0.0021871924
1725,1,5,2,middle,0.9584837,0.9588526,0.00036889315
1725,1,5,3,middle,0.9584837,0.962829,0.004345298
1725,1,5,4,last,0.9584837,0.91127,-0.047213674
51793,0,5,0,first,0.5047253,0.35949126,-0.14523402
51793,0,5,1,middle,0.5047253,0.7313873,0.22666204
51793,0,5,2,middle,0.5047253,0.6753717,0.17064643
51793,0,5,3,middle,0.5047253,0.68813336,0.18340808
51793,0,5,4,last,0.5047253,0.3964639,-0.10826138
35634,1,5,0,first,0.9176417,0.556148,-0.3614937
35634,1,5,1,middle,0.9176417,0.88073313,-0.036908567
35634,1,5,2,middle,0.9176417,0.9238313,0.0061895847
35634,1,5,3,middle,0.9176417,0.92772764,0.01008594
35634,1,5,4,last,0.9176417,0.93527323,0.01763153
5707,1,5,0,first,0.71022946,0.6256374,-0.084592044
5707,1,5,1,middle,0.71022946,0.66889703,-0.041332424
5707,1,5,2,middle,0.71022946,0.7946897,0.08446026
5707,1,5,3,middle,0.71022946,0.29868785,-0.4115416
5707,1,5,4,last,0.71022946,0.6799049,-0.030324578
206,1,5,0,first,0.901141,0.2527374,-0.6484036
206,1,5,1,middle,0.901141,0.8320267,-0.06911427
206,1,5,2,middle,0.901141,0.8426108,-0.05853021
206,1,5,3,middle,0.901141,0.93759984,0.03645885
206,1,5,4,last,0.901141,0.920711,0.019569993
22589,1,5,0,first,0.9628796,0.9574102,-0.005469382
22589,1,5,1,middle,0.9628796,0.9646337,0.0017541051
22589,1,5,2,middle,0.9628796,0.9649742,0.0020946264
22589,1,5,3,middle,0.9628796,0.93348,-0.029399574
22589,1,5,4,last,0.9628796,0.94151765,-0.021361947
32029,0,5,0,first,0.50790215,0.36313123,-0.14477092
32029,0,5,1,middle,0.50790215,0.5861925,0.07829034
32029,0,5,2,middle,0.50790215,0.6175468,0.10964465
32029,0,5,3,middle,0.50790215,0.55450076,0.046598613
32029,0,5,4,last,0.50790215,0.28542492,-0.22247723
569,0,5,0,first,0.3389983,0.1303888,-0.20860949
569,0,5,1,middle,0.3389983,0.15064391,-0.18835437
569,0,5,2,middle,0.3389983,0.5200998,0.18110153
569,0,5,3,middle,0.3389983,0.38299346,0.04399517
569,0,5,4,last,0.3389983,0.48951554,0.15051726
739,0,5,0,first,0.82645863,0.8244962,-0.0019624233
739,0,5,1,middle,0.82645863,0.6567218,-0.16973686
739,0,5,2,middle,0.82645863,0.8155693,-0.010889351
739,0,5,3,middle,0.82645863,0.75810015,-0.06835848
739,0,5,4,last,0.82645863,0.86934245,0.042883813
1230,1,5,0,first,0.8651537,0.89727414,0.032120466
1230,1,5,1,middle,0.8651537,0.7492909,-0.11586279
1230,1,5,2,middle,0.8651537,0.8372161,-0.027937591
1230,1,5,3,middle,0.8651537,0.8599006,-0.0052530766
1230,1,5,4,last,0.8651537,0.8607819,-0.0043717623
34369,0,5,0,first,0.11020426,0.110192545,-1.1712313e-05
34369,0,5,1,middle,0.11020426,0.11245983,0.0022555739
34369,0,5,2,middle,0.11020426,0.095135726,-0.015068531
34369,0,5,3,middle,0.11020426,0.2196486,0.10944434
34369,0,5,4,last,0.11020426,0.0729287,-0.03727556
13106,0,5,0,first,0.93363005,0.936598,0.0029679537
13106,0,5,1,middle,0.93363005,0.8814198,-0.05221027
13106,0,5,2,middle,0.93363005,0.76231647,-0.17131358
13106,0,5,3,middle,0.93363005,0.9406086,0.0069785714
13106,0,5,4,last,0.93363005,0.947975,0.014344931
55512,0,5,0,first,0.21153049,0.26052514,0.048994645
55512,0,5,1,middle,0.21153049,0.08285548,-0.12867501
55512,0,5,2,middle,0.21153049,0.24842699,0.036896497
55512,0,5,3,middle,0.21153049,0.24045394,0.028923452
55512,0,5,4,last,0.21153049,0.20353475,-0.00799574
38632,0,5,0,first,0.24466532,0.27548888,0.030823559
38632,0,5,1,middle,0.24466532,0.23581593,-0.008849397
38632,0,5,2,middle,0.24466532,0.1517583,-0.09290703
38632,0,5,3,middle,0.24466532,0.27995557,0.03529024
38632,0,5,4,last,0.24466532,0.411989,0.16732368
205,1,5,0,first,0.8836921,0.89281887,0.009126782
205,1,5,1,middle,0.8836921,0.26917773,-0.61451435
205,1,5,2,middle,0.8836921,0.92373717,0.040045083
205,1,5,3,middle,0.8836921,0.9073459,0.023653805
205,1,5,4,last,0.8836921,0.8766047,-0.0070874095
40254,0,5,0,first,0.05007321,0.054223865,0.004150655
40254,0,5,1,middle,0.05007321,0.048388578,-0.0016846322
40254,0,5,2,middle,0.05007321,0.0555439,0.0054706894
40254,0,5,3,middle,0.05007321,0.0538375,0.0037642904
40254,0,5,4,last,0.05007321,0.052646007,0.0025727972
21679,0,5,0,first,0.14972834,0.10835292,-0.04137542
21679,0,5,1,middle,0.14972834,0.278012,0.12828366
21679,0,5,2,middle,0.14972834,0.1496517,-7.663667e-05
21679,0,5,3,middle,0.14972834,0.097651325,-0.052077018
21679,0,5,4,last,0.14972834,0.07905199,-0.07067636
11048,1,5,0,first,0.9373977,0.9114244,-0.02597332
11048,1,5,1,middle,0.9373977,0.9335027,-0.0038950443
11048,1,5,2,middle,0.9373977,0.12795143,-0.8094463
11048,1,5,3,middle,0.9373977,0.95519483,0.017797112
11048,1,5,4,last,0.9373977,0.9380198,0.0006220937
1605,1,5,0,first,0.47269183,0.7170357,0.24434388
1605,1,5,1,middle,0.47269183,0.29067072,-0.18202111
1605,1,5,2,middle,0.47269183,0.5008835,0.028191686
1605,1,5,3,middle,0.47269183,0.5919054,0.11921358
1605,1,5,4,last,0.47269183,0.16123393,-0.3114579
253,0,5,0,first,0.8792558,0.86521107,-0.014044702
253,0,5,1,middle,0.8792558,0.89389116,0.014635384
253,0,5,2,middle,0.8792558,0.8115394,-0.06771636
253,0,5,3,middle,0.8792558,0.38817215,-0.49108362
253,0,5,4,last,0.8792558,0.86864084,-0.010614932
683,1,5,0,first,0.91880006,0.35010305,-0.568697
683,1,5,1,middle,0.91880006,0.9067494,-0.012050629
683,1,5,2,middle,0.91880006,0.9367039,0.017903864
683,1,5,3,middle,0.91880006,0.8949141,-0.023885965
683,1,5,4,last,0.91880006,0.9099722,-0.008827865
27,0,4,0,first,0.057348806,0.06850189,0.011153083
27,0,4,1,middle,0.057348806,0.059387643,0.0020388365
27,0,4,2,middle,0.057348806,0.056460675,-0.00088813156
27,0,4,3,last,0.057348806,0.059101436,0.0017526299
459,1,4,0,first,0.95154643,0.13088417,-0.82066226
459,1,4,1,middle,0.95154643,0.95185924,0.00031280518
459,1,4,2,middle,0.95154643,0.95858705,0.00704062
459,1,4,3,last,0.95154643,0.95905495,0.0075085163
15960,1,4,0,first,0.9609566,0.96111006,0.00015348196
15960,1,4,1,middle,0.9609566,0.9636581,0.002701521
15960,1,4,2,middle,0.9609566,0.9584671,-0.0024894476
15960,1,4,3,last,0.9609566,0.9525035,-0.008453071
657,1,5,0,first,0.95372367,0.9525255,-0.0011981726
657,1,5,1,middle,0.95372367,0.95559734,0.001873672
657,1,5,2,middle,0.95372367,0.9577413,0.004017651
657,1,5,3,middle,0.95372367,0.94322616,-0.01049751
657,1,5,4,last,0.95372367,0.92857665,-0.02514702
1248,0,5,0,first,0.06258507,0.05411529,-0.008469779
1248,0,5,1,middle,0.06258507,0.064325996,0.001740925
1248,0,5,2,middle,0.06258507,0.07160066,0.00901559
1248,0,5,3,middle,0.06258507,0.06315343,0.0005683601
1248,0,5,4,last,0.06258507,0.09304473,0.030459657
2119,1,4,0,first,0.27355668,0.1619629,-0.11159378
2119,1,4,1,middle,0.27355668,0.41620705,0.14265037
2119,1,4,2,middle,0.27355668,0.20481667,-0.06874001
2119,1,4,3,last,0.27355668,0.5809513,0.3073946
25575,1,5,0,first,0.96451604,0.9569095,-0.007606566
25575,1,5,1,middle,0.96451604,0.9614136,-0.0031024218
25575,1,5,2,middle,0.96451604,0.9627132,-0.0018028617
25575,1,5,3,middle,0.96451604,0.9663517,0.0018356442
25575,1,5,4,last,0.96451604,0.9645502,3.415346e-05
12892,0,5,0,first,0.89322144,0.91411656,0.020895123
12892,0,5,1,middle,0.89322144,0.8592311,-0.033990324
12892,0,5,2,middle,0.89322144,0.892027,-0.0011944175
12892,0,5,3,middle,0.89322144,0.43839386,-0.45482758
12892,0,5,4,last,0.89322144,0.88953096,-0.0036904812
1391,0,5,0,first,0.755943,0.93289214,0.17694914
1391,0,5,1,middle,0.755943,0.72966105,-0.026281953
1391,0,5,2,middle,0.755943,0.17660141,-0.5793416
1391,0,5,3,middle,0.755943,0.6466098,-0.10933322
1391,0,5,4,last,0.755943,0.41509828,-0.34084472
944,1,5,0,first,0.95280665,0.9492427,-0.0035639405
944,1,5,1,middle,0.95280665,0.9467089,-0.006097734
944,1,5,2,middle,0.95280665,0.9443012,-0.008505464
944,1,5,3,middle,0.95280665,0.95478344,0.001976788
944,1,5,4,last,0.95280665,0.94916874,-0.00363791
1767,0,5,0,first,0.070016116,0.08250896,0.012492843
1767,0,5,1,middle,0.070016116,0.07151428,0.0014981627
1767,0,5,2,middle,0.070016116,0.05742811,-0.0125880055
1767,0,5,3,middle,0.070016116,0.07417998,0.0041638613
1767,0,5,4,last,0.070016116,0.08180784,0.011791721
351,1,5,0,first,0.91089094,0.91234064,0.0014497042
351,1,5,1,middle,0.91089094,0.9022492,-0.00864172
351,1,5,2,middle,0.91089094,0.86379385,-0.047097087
351,1,5,3,middle,0.91089094,0.82591087,-0.08498007
351,1,5,4,last,0.91089094,0.923544,0.012653053
16996,1,5,0,first,0.6559525,0.09166802,-0.5642845
16996,1,5,1,middle,0.6559525,0.71582526,0.059872746
16996,1,5,2,middle,0.6559525,0.64151394,-0.01443857
16996,1,5,3,middle,0.6559525,0.74907595,0.093123436
16996,1,5,4,last,0.6559525,0.65593135,-2.1159649e-05
1397,1,5,0,first,0.94608796,0.9541107,0.008022726
1397,1,5,1,middle,0.94608796,0.94332457,-0.0027633905
1397,1,5,2,middle,0.94608796,0.94277954,-0.0033084154
1397,1,5,3,middle,0.94608796,0.8835117,-0.062576234
1397,1,5,4,last,0.94608796,0.91824096,-0.027846992
992,0,5,0,first,0.091560215,0.07441263,-0.017147586
992,0,5,1,middle,0.091560215,0.059661265,-0.03189895
992,0,5,2,middle,0.091560215,0.09699972,0.005439505
992,0,5,3,middle,0.091560215,0.08911937,-0.0024408475
992,0,5,4,last,0.091560215,0.109024964,0.01746475
37955,0,5,0,first,0.32981935,0.4268179,0.09699854
37955,0,5,1,middle,0.32981935,0.39001724,0.06019789
37955,0,5,2,middle,0.32981935,0.16064203,-0.16917732
37955,0,5,3,middle,0.32981935,0.3613951,0.03157574
37955,0,5,4,last,0.32981935,0.281649,-0.048170358
2118,1,5,0,first,0.38475886,0.4258118,0.041052938
2118,1,5,1,middle,0.38475886,0.4931714,0.108412534
2118,1,5,2,middle,0.38475886,0.28054276,-0.1042161
2118,1,5,3,middle,0.38475886,0.37596378,-0.008795083
2118,1,5,4,last,0.38475886,0.10974988,-0.27500898
531,1,5,0,first,0.9587405,0.9558397,-0.0029007792
531,1,5,1,middle,0.9587405,0.9584078,-0.00033265352
531,1,5,2,middle,0.9587405,0.95325804,-0.005482435
531,1,5,3,middle,0.9587405,0.9473724,-0.011368096
531,1,5,4,last,0.9587405,0.9463486,-0.012391865
22731,1,5,0,first,0.91678303,0.9457925,0.029009461
22731,1,5,1,middle,0.91678303,0.9028884,-0.013894618
22731,1,5,2,middle,0.91678303,0.9018683,-0.014914751
22731,1,5,3,middle,0.91678303,0.86544585,-0.051337183
22731,1,5,4,last,0.91678303,0.8046708,-0.112112224
504,1,5,0,first,0.956647,0.94981444,-0.00683254
504,1,5,1,middle,0.956647,0.907972,-0.048675
504,1,5,2,middle,0.956647,0.95590746,-0.0007395148
504,1,5,3,middle,0.956647,0.95600265,-0.0006443262
504,1,5,4,last,0.956647,0.9601542,0.003507197
1007,0,5,0,first,0.9219759,0.9261831,0.004207194
1007,0,5,1,middle,0.9219759,0.8076844,-0.11429149
1007,0,5,2,middle,0.9219759,0.8798339,-0.042142034
1007,0,5,3,middle,0.9219759,0.9350891,0.013113201
1007,0,5,4,last,0.9219759,0.9333186,0.011342704
533,0,5,0,first,0.24841042,0.29213977,0.04372935
533,0,5,1,middle,0.24841042,0.15630554,-0.09210488
533,0,5,2,middle,0.24841042,0.24557407,-0.0028363466
533,0,5,3,middle,0.24841042,0.20498766,-0.04342276
533,0,5,4,last,0.24841042,0.72280765,0.47439724
567,1,5,0,first,0.9585792,0.9561567,-0.0024225116
567,1,5,1,middle,0.9585792,0.96020675,0.0016275644
567,1,5,2,middle,0.9585792,0.9576619,-0.0009172559
567,1,5,3,middle,0.9585792,0.9591147,0.0005354881
567,1,5,4,last,0.9585792,0.94562584,-0.012953341
36153,0,5,0,first,0.20777835,0.17966329,-0.028115064
36153,0,5,1,middle,0.20777835,0.22079964,0.01302129
36153,0,5,2,middle,0.20777835,0.23743549,0.02965714
36153,0,5,3,middle,0.20777835,0.21213779,0.004359439
36153,0,5,4,last,0.20777835,0.1405552,-0.06722315
37242,1,5,0,first,0.51604074,0.39279965,-0.1232411
37242,1,5,1,middle,0.51604074,0.39903575,-0.11700499
37242,1,5,2,middle,0.51604074,0.46436986,-0.05167088
37242,1,5,3,middle,0.51604074,0.6129156,0.09687483
37242,1,5,4,last,0.51604074,0.37548828,-0.14055246
45633,1,5,0,first,0.95968384,0.95593035,-0.0037534833
45633,1,5,1,middle,0.95968384,0.96105975,0.0013759136
45633,1,5,2,middle,0.95968384,0.9500138,-0.009670019
45633,1,5,3,middle,0.95968384,0.95799613,-0.0016877055
45633,1,5,4,last,0.95968384,0.9545683,-0.005115509
527,1,2,0,first,0.93429357,0.07789343,-0.85640013
527,1,2,1,last,0.93429357,0.9492997,0.015006125
1072,1,5,0,first,0.80589515,0.8452708,0.039375663
1072,1,5,1,middle,0.80589515,0.41117108,-0.39472407
1072,1,5,2,middle,0.80589515,0.36934373,-0.43655142
1072,1,5,3,middle,0.80589515,0.7955133,-0.010381877
1072,1,5,4,last,0.80589515,0.875218,0.069322824
39,0,4,0,first,0.11414163,0.095435634,-0.018705994
39,0,4,1,middle,0.11414163,0.18809885,0.07395722
39,0,4,2,middle,0.11414163,0.076417446,-0.037724182
39,0,4,3,last,0.11414163,0.097814135,-0.016327493
976,0,5,0,first,0.1261341,0.10801441,-0.018119685
976,0,5,1,middle,0.1261341,0.13672544,0.010591343
976,0,5,2,middle,0.1261341,0.111172356,-0.014961742
976,0,5,3,middle,0.1261341,0.09632263,-0.029811464
976,0,5,4,last,0.1261341,0.52875227,0.40261817
1550,0,4,0,first,0.207953,0.48515174,0.27719873
1550,0,4,1,middle,0.207953,0.1417021,-0.066250905
1550,0,4,2,middle,0.207953,0.05337277,-0.15458024
1550,0,4,3,last,0.207953,0.4390391,0.2310861
870,1,6,0,first,0.9331106,0.9094835,-0.023627102
870,1,6,1,middle,0.9331106,0.93553716,0.0024265647
870,1,6,2,middle,0.9331106,0.9233495,-0.009761095
870,1,6,3,middle,0.9331106,0.9321669,-0.00094372034
870,1,6,4,middle,0.9331106,0.9274788,-0.0056318045
870,1,6,5,last,0.9331106,0.9150513,-0.018059313
11468,1,4,0,first,0.8875517,0.13931033,-0.7482414
11468,1,4,1,middle,0.8875517,0.92636466,0.038812935
11468,1,4,2,middle,0.8875517,0.8610679,-0.026483834
11468,1,4,3,last,0.8875517,0.9110521,0.023500383
290,0,5,0,first,0.050997976,0.051494196,0.00049621984
290,0,5,1,middle,0.050997976,0.055160157,0.004162181
290,0,5,2,middle,0.050997976,0.05012404,-0.0008739345
290,0,5,3,middle,0.050997976,0.049529377,-0.0014685988
290,0,5,4,last,0.050997976,0.051983397,0.0009854212
10655,1,5,0,first,0.9629047,0.9632511,0.0003464222
10655,1,5,1,middle,0.9629047,0.9619791,-0.0009256005
10655,1,5,2,middle,0.9629047,0.93353903,-0.029365659
10655,1,5,3,middle,0.9629047,0.96223193,-0.0006727576
10655,1,5,4,last,0.9629047,0.96420795,0.0013032556
8275,1,5,0,first,0.65471655,0.6220067,-0.032709837
8275,1,5,1,middle,0.65471655,0.802365,0.14764845
8275,1,5,2,middle,0.65471655,0.706276,0.05155945
8275,1,5,3,middle,0.65471655,0.48538676,-0.16932979
8275,1,5,4,last,0.65471655,0.8565871,0.20187056
33854,1,5,0,first,0.93989176,0.93772024,-0.0021715164
33854,1,5,1,middle,0.93989176,0.92418975,-0.01570201
33854,1,5,2,middle,0.93989176,0.9248558,-0.015035927
33854,1,5,3,middle,0.93989176,0.93465716,-0.005234599
33854,1,5,4,last,0.93989176,0.9382173,-0.0016744733
950,0,4,0,first,0.9028997,0.9210145,0.018114805
950,0,4,1,middle,0.9028997,0.9265086,0.023608923
950,0,4,2,middle,0.9028997,0.85044676,-0.052452922
950,0,4,3,last,0.9028997,0.4730203,-0.4298794
1218,0,4,0,first,0.07303939,0.074840024,0.001800634
1218,0,4,1,middle,0.07303939,0.086398385,0.013358995
1218,0,4,2,middle,0.07303939,0.06884692,-0.0041924715
1218,0,4,3,last,0.07303939,0.099102505,0.026063114
10185,0,4,0,first,0.06469445,0.072542325,0.007847875
10185,0,4,1,middle,0.06469445,0.07016569,0.005471237
10185,0,4,2,middle,0.06469445,0.06387764,-0.00081680715
10185,0,4,3,last,0.06469445,0.065995164,0.0013007149
784,0,5,0,first,0.22074723,0.38305712,0.16230989
784,0,5,1,middle,0.22074723,0.14580026,-0.07494697
784,0,5,2,middle,0.22074723,0.24524416,0.024496928
784,0,5,3,middle,0.22074723,0.2114944,-0.009252831
784,0,5,4,last,0.22074723,0.303888,0.08314076
39798,0,5,0,first,0.58778906,0.09511015,-0.4926789
39798,0,5,1,middle,0.58778906,0.4575779,-0.13021114
39798,0,5,2,middle,0.58778906,0.6194378,0.031648755
39798,0,5,3,middle,0.58778906,0.7306669,0.14287782
39798,0,5,4,last,0.58778906,0.6146313,0.026842237
541,1,5,0,first,0.78374517,0.765207,-0.018538177
541,1,5,1,middle,0.78374517,0.736261,-0.04748416
541,1,5,2,middle,0.78374517,0.7766672,-0.007077992
541,1,5,3,middle,0.78374517,0.7754637,-0.008281469
541,1,5,4,last,0.78374517,0.43488076,-0.3488644
594,0,5,0,first,0.57640857,0.23169723,-0.34471133
594,0,5,1,middle,0.57640857,0.81764585,0.24123728
594,0,5,2,middle,0.57640857,0.24673113,-0.32967743
594,0,5,3,middle,0.57640857,0.56081903,-0.015589535
594,0,5,4,last,0.57640857,0.72549266,0.14908409
1890,0,5,0,first,0.22538227,0.21356732,-0.011814952
1890,0,5,1,middle,0.22538227,0.15437022,-0.07101205
1890,0,5,2,middle,0.22538227,0.07818601,-0.14719626
1890,0,5,3,middle,0.22538227,0.42653778,0.20115551
1890,0,5,4,last,0.22538227,0.25865683,0.03327456
39925,1,5,0,first,0.8782936,0.77373344,-0.10456014
39925,1,5,1,middle,0.8782936,0.8686861,-0.009607494
39925,1,5,2,middle,0.8782936,0.765911,-0.11238259
39925,1,5,3,middle,0.8782936,0.8749545,-0.0033390522
39925,1,5,4,last,0.8782936,0.83430076,-0.043992817
24271,1,5,0,first,0.9636125,0.96197087,-0.0016416311
24271,1,5,1,middle,0.9636125,0.96385753,0.0002450347
24271,1,5,2,middle,0.9636125,0.96174467,-0.0018678308
24271,1,5,3,middle,0.9636125,0.9612583,-0.0023542047
24271,1,5,4,last,0.9636125,0.9608393,-0.0027732253
2212,1,4,0,first,0.2563771,0.060614645,-0.19576246
2212,1,4,1,middle,0.2563771,0.1721236,-0.084253505
2212,1,4,2,middle,0.2563771,0.5687912,0.3124141
2212,1,4,3,last,0.2563771,0.24764037,-0.00873673
27951,1,5,0,first,0.94689786,0.9398056,-0.0070922375
27951,1,5,1,middle,0.94689786,0.9390295,-0.00786835
27951,1,5,2,middle,0.94689786,0.7018656,-0.24503225
27951,1,5,3,middle,0.94689786,0.9437083,-0.0031895638
27951,1,5,4,last,0.94689786,0.94930094,0.0024030805
1164,0,3,0,first,0.047898766,0.06495889,0.017060127
1164,0,3,1,middle,0.047898766,0.0629088,0.015010033
1164,0,3,2,last,0.047898766,0.051724546,0.00382578
1519,1,5,0,first,0.7102129,0.62900084,-0.081212044
1519,1,5,1,middle,0.7102129,0.7819077,0.07169479
1519,1,5,2,middle,0.7102129,0.69033146,-0.019881427
1519,1,5,3,middle,0.7102129,0.6562913,-0.05392158
1519,1,5,4,last,0.7102129,0.75155336,0.04134047
