id,label,n_sentences,sentence_idx,position,prob_stress_full,prob_stress_without,delta_prob_stress
896,0,5,0,first,0.040605098,0.05917683,0.01857173
896,0,5,1,middle,0.040605098,0.04104033,0.00043523312
896,0,5,2,middle,0.040605098,0.039146803,-0.0014582947
896,0,5,3,middle,0.040605098,0.03930725,-0.0012978464
896,0,5,4,last,0.040605098,0.055225853,0.014620755
19059,0,5,0,first,0.097448915,0.123630054,0.026181139
19059,0,5,1,middle,0.097448915,0.07970657,-0.017742343
19059,0,5,2,middle,0.097448915,0.08137538,-0.016073532
19059,0,5,3,middle,0.097448915,0.15284729,0.055398375
19059,0,5,4,last,0.097448915,0.18456812,0.08711921
7977,1,4,0,first,0.8096057,0.8708506,0.061244905
7977,1,4,1,middle,0.8096057,0.91581,0.10620427
7977,1,4,2,middle,0.8096057,0.95453584,0.14493012
7977,1,4,3,last,0.8096057,0.03624405,-0.7733617
1214,1,5,0,first,0.91385585,0.86124676,-0.052609086
1214,1,5,1,middle,0.91385585,0.90326554,-0.010590315
1214,1,5,2,middle,0.91385585,0.68612134,-0.2277345
1214,1,5,3,middle,0.91385585,0.5886402,-0.32521564
1214,1,5,4,last,0.91385585,0.9236584,0.00980252
1965,0,5,0,first,0.7378231,0.6496473,-0.08817583
1965,0,5,1,middle,0.7378231,0.8266611,0.08883798
1965,0,5,2,middle,0.7378231,0.88627183,0.1484487
1965,0,5,3,middle,0.7378231,0.5065451,-0.231278
1965,0,5,4,last,0.7378231,0.20712738,-0.53069574
850,0,4,0,first,0.048382416,0.054941744,0.0065593272
850,0,4,1,middle,0.048382416,0.073658414,0.025275998
850,0,4,2,middle,0.048382416,0.035290793,-0.013091624
850,0,4,3,last,0.048382416,0.046838462,-0.001543954
1643,0,5,0,first,0.0447599,0.050057665,0.005297765
1643,0,5,1,middle,0.0447599,0.044864275,0.00010437518
1643,0,5,2,middle,0.0447599,0.04919271,0.0044328123
1643,0,5,3,middle,0.0447599,0.043262016,-0.0014978833
1643,0,5,4,last,0.0447599,0.043866932,-0.000892967
39090,1,5,0,first,0.63028103,0.8638329,0.23355186
39090,1,5,1,middle,0.63028103,0.58587104,-0.04440999
39090,1,5,2,middle,0.63028103,0.73372877,0.103447735
39090,1,5,3,middle,0.63028103,0.8957554,0.26547438
39090,1,5,4,last,0.63028103,0.56160134,-0.06867969
19468,1,5,0,first,0.9600834,0.9657457,0.0056622624
19468,1,5,1,middle,0.9600834,0.9466132,-0.0134702325
19468,1,5,2,middle,0.9600834,0.9562017,-0.0038817525
19468,1,5,3,middle,0.9600834,0.9624728,0.0023893714
19468,1,5,4,last,0.9600834,0.94835854,-0.011724889
48595,0,5,0,first,0.04226981,0.04035826,-0.0019115508
48595,0,5,1,middle,0.04226981,0.047491338,0.005221527
48595,0,5,2,middle,0.04226981,0.035719145,-0.006550666
48595,0,5,3,middle,0.04226981,0.036082633,-0.006187178
48595,0,5,4,last,0.04226981,0.043885287,0.0016154759
1039,1,5,0,first,0.7593099,0.7302234,-0.02908647
1039,1,5,1,middle,0.7593099,0.8438545,0.0845446
1039,1,5,2,middle,0.7593099,0.73501706,-0.024292827
1039,1,5,3,middle,0.7593099,0.21212079,-0.5471891
1039,1,5,4,last,0.7593099,0.9272838,0.16797394
588,1,5,0,first,0.84222704,0.90421337,0.061986327
588,1,5,1,middle,0.84222704,0.7409018,-0.101325214
588,1,5,2,middle,0.84222704,0.8473337,0.0051066875
588,1,5,3,middle,0.84222704,0.23100159,-0.6112255
588,1,5,4,last,0.84222704,0.92891186,0.08668482
53256,1,5,0,first,0.6326841,0.3459871,-0.286697
53256,1,5,1,middle,0.6326841,0.6375062,0.0048220754
53256,1,5,2,middle,0.6326841,0.46707663,-0.16560748
53256,1,5,3,middle,0.6326841,0.8193479,0.1866638
53256,1,5,4,last,0.6326841,0.5465254,-0.08615869
39650,1,5,0,first,0.9643701,0.9564205,-0.007949591
39650,1,5,1,middle,0.9643701,0.96796554,0.0035954714
39650,1,5,2,middle,0.9643701,0.96391577,-0.0004543066
39650,1,5,3,middle,0.9643701,0.96337867,-0.000991404
39650,1,5,4,last,0.9643701,0.7860848,-0.1782853
414,1,5,0,first,0.8543807,0.88058853,0.026207805
414,1,5,1,middle,0.8543807,0.763722,-0.090658724
414,1,5,2,middle,0.8543807,0.84568226,-0.008698463
414,1,5,3,middle,0.8543807,0.8080171,-0.04636365
414,1,5,4,last,0.8543807,0.67606777,-0.17831296
1824,0,5,0,first,0.16778186,0.4290569,0.26127505
1824,0,5,1,middle,0.16778186,0.10925631,-0.058525547
1824,0,5,2,middle,0.16778186,0.3495744,0.18179253
1824,0,5,3,middle,0.16778186,0.10226932,-0.06551254
1824,0,5,4,last,0.16778186,0.06446214,-0.10331972
813,1,5,0,first,0.96501666,0.96591693,0.00090026855
813,1,5,1,middle,0.96501666,0.9627295,-0.0022871494
813,1,5,2,middle,0.96501666,0.9593954,-0.0056212544
813,1,5,3,middle,0.96501666,0.952448,-0.012568653
813,1,5,4,last,0.96501666,0.96493363,-8.302927e-05
745,1,5,0,first,0.38008574,0.35814026,-0.021945477
745,1,5,1,middle,0.38008574,0.81187624,0.4317905
745,1,5,2,middle,0.38008574,0.17905334,-0.2010324
745,1,5,3,middle,0.38008574,0.08004504,-0.3000407
745,1,5,4,last,0.38008574,0.56452423,0.1844385
895,0,5,0,first,0.57622874,0.9298288,0.35360008
895,0,5,1,middle,0.57622874,0.12254718,-0.45368156
895,0,5,2,middle,0.57622874,0.8274132,0.25118446
895,0,5,3,middle,0.57622874,0.57816154,0.0019327998
895,0,5,4,last,0.57622874,0.2699091,-0.30631962
1361,0,5,0,first,0.13215844,0.1735989,0.041440457
1361,0,5,1,middle,0.13215844,0.30726126,0.17510282
1361,0,5,2,middle,0.13215844,0.04878277,-0.08337568
1361,0,5,3,middle,0.13215844,0.56103206,0.4288736
1361,0,5,4,last,0.13215844,0.65371007,0.5215516
46063,0,5,0,first,0.09875846,0.21261226,0.1138538
46063,0,5,1,middle,0.09875846,0.16787364,0.06911518
46063,0,5,2,middle,0.09875846,0.06428118,-0.03447728
46063,0,5,3,middle,0.09875846,0.20050648,0.10174802
46063,0,5,4,last,0.09875846,0.03998153,-0.05877693
6587,0,5,0,first,0.043074943,0.0457224,0.0026474558
6587,0,5,1,middle,0.043074943,0.039839033,-0.00323591
6587,0,5,2,middle,0.043074943,0.043650895,0.00057595223
6587,0,5,3,middle,0.043074943,0.04501514,0.0019401982
6587,0,5,4,last,0.043074943,0.04252229,-0.00055265427
108,0,4,0,first,0.032802988,0.032889467,8.647889e-05
108,0,4,1,middle,0.032802988,0.030558942,-0.002244046
108,0,4,2,middle,0.032802988,0.035074625,0.0022716373
108,0,4,3,last,0.032802988,0.03344295,0.0006399639
337,1,5,0,first,0.9450936,0.8495742,-0.095519364
337,1,5,1,middle,0.9450936,0.937685,-0.0074085593
337,1,5,2,middle,0.9450936,0.9492829,0.0041893125
337,1,5,3,middle,0.9450936,0.9484216,0.0033280253
337,1,5,4,last,0.9450936,0.95164824,0.006554663
54251,1,5,0,first,0.92432845,0.32007426,-0.6042542
54251,1,5,1,middle,0.92432845,0.9498507,0.025522232
54251,1,5,2,middle,0.92432845,0.8973505,-0.026977956
54251,1,5,3,middle,0.92432845,0.92728454,0.0029560924
54251,1,5,4,last,0.92432845,0.9132415,-0.011086941
723,0,5,0,first,0.06878194,0.039766464,-0.029015478
723,0,5,1,middle,0.06878194,0.07805777,0.009275831
723,0,5,2,middle,0.06878194,0.04807273,-0.020709213
723,0,5,3,middle,0.06878194,0.056420807,-0.012361135
723,0,5,4,last,0.06878194,0.052484814,-0.016297128
1466,0,5,0,first,0.27035797,0.08187669,-0.18848127
1466,0,5,1,middle,0.27035797,0.17209078,-0.09826718
1466,0,5,2,middle,0.27035797,0.082500346,-0.18785763
1466,0,5,3,middle,0.27035797,0.077678345,-0.19267961
1466,0,5,4,last,0.27035797,0.5564592,0.28610122
16030,0,5,0,first,0.03866536,0.03725395,-0.0014114119
16030,0,5,1,middle,0.03866536,0.072060324,0.033394963
16030,0,5,2,middle,0.03866536,0.04263526,0.0039698966
16030,0,5,3,middle,0.03866536,0.05114422,0.012478858
16030,0,5,4,last,0.03866536,0.03780326,-0.00086210296
38903,0,5,0,first,0.0487832,0.055083044,0.006299842
38903,0,5,1,middle,0.0487832,0.057516925,0.008733723
38903,0,5,2,middle,0.0487832,0.04719162,-0.0015915819
38903,0,5,3,middle,0.0487832,0.0747043,0.025921095
38903,0,5,4,last,0.0487832,0.041882142,-0.0069010593
801,0,5,0,first,0.04335579,0.048239697,0.0048839077
801,0,5,1,middle,0.04335579,0.043520566,0.00016477704
801,0,5,2,middle,0.04335579,0.04684626,0.0034904703
801,0,5,3,middle,0.04335579,0.043642234,0.00028644502
801,0,5,4,last,0.04335579,0.047930535,0.004574746
24942,1,5,0,first,0.94962806,0.93258667,-0.017041385
24942,1,5,1,middle,0.94962806,0.91281736,-0.036810696
24942,1,5,2,middle,0.94962806,0.91809314,-0.03153491
24942,1,5,3,middle,0.94962806,0.9551426,0.005514562
24942,1,5,4,last,0.94962806,0.96498066,0.015352607
32340,0,5,0,first,0.040477883,0.04515549,0.0046776086
32340,0,5,1,middle,0.040477883,0.039607596,-0.0008702874
32340,0,5,2,middle,0.040477883,0.03725627,-0.0032216124
32340,0,5,3,middle,0.040477883,0.04298061,0.0025027283
32340,0,5,4,last,0.040477883,0.046523232,0.006045349
48561,1,5,0,first,0.96039,0.9587521,-0.001637876
48561,1,5,1,middle,0.96039,0.9498857,-0.010504246
48561,1,5,2,middle,0.96039,0.96763873,0.0072487593
48561,1,5,3,middle,0.96039,0.9002651,-0.060124874
48561,1,5,4,last,0.96039,0.95940536,-0.0009846091
61,1,5,0,first,0.5401633,0.30248314,-0.23768014
61,1,5,1,middle,0.5401633,0.6009048,0.060741544
61,1,5,2,middle,0.5401633,0.3371886,-0.20297468
61,1,5,3,middle,0.5401633,0.41786233,-0.12230095
61,1,5,4,last,0.5401633,0.75862885,0.21846557
24225,0,5,0,first,0.042619992,0.03373234,-0.008887652
24225,0,5,1,middle,0.042619992,0.04676713,0.0041471384
24225,0,5,2,middle,0.042619992,0.10834094,0.065720946
24225,0,5,3,middle,0.042619992,0.04089885,-0.0017211437
24225,0,5,4,last,0.042619992,0.035231713,-0.007388279
1462,0,5,0,first,0.083332814,0.06831943,-0.015013382
1462,0,5,1,middle,0.083332814,0.048222136,-0.03511068
1462,0,5,2,middle,0.083332814,0.08779541,0.0044625923
1462,0,5,3,middle,0.083332814,0.13926424,0.055931427
1462,0,5,4,last,0.083332814,0.11539641,0.032063596
1234,0,5,0,first,0.07684571,0.07763246,0.00078674406
1234,0,5,1,middle,0.07684571,0.046061594,-0.030784119
1234,0,5,2,middle,0.07684571,0.0746896,-0.002156116
1234,0,5,3,middle,0.07684571,0.038866322,-0.03797939
1234,0,5,4,last,0.07684571,0.14033,0.06348429
1661,1,5,0,first,0.95658505,0.935708,-0.020877063
1661,1,5,1,middle,0.95658505,0.9580286,0.0014435649
1661,1,5,2,middle,0.95658505,0.95605695,-0.00052809715
1661,1,5,3,middle,0.95658505,0.93571633,-0.020868719
1661,1,5,4,last,0.95658505,0.9555773,-0.0010077357
1224,1,5,0,first,0.7061216,0.68595535,-0.020166278
1224,1,5,1,middle,0.7061216,0.6982719,-0.007849753
1224,1,5,2,middle,0.7061216,0.6080827,-0.09803891
1224,1,5,3,middle,0.7061216,0.60362697,-0.10249466
1224,1,5,4,last,0.7061216,0.49495488,-0.21116674
45743,0,4,0,first,0.03205203,0.033234652,0.0011826232
45743,0,4,1,middle,0.03205203,0.03281808,0.00076605007
45743,0,4,2,middle,0.03205203,0.04386545,0.011813421
45743,0,4,3,last,0.03205203,0.034018975,0.0019669458
1223,0,5,0,first,0.8503874,0.8536237,0.0032362938
1223,0,5,1,middle,0.8503874,0.82671046,-0.023676932
1223,0,5,2,middle,0.8503874,0.82464427,-0.025743127
1223,0,5,3,middle,0.8503874,0.6475009,-0.20288652
1223,0,5,4,last,0.8503874,0.80952877,-0.040858626
5248,1,5,0,first,0.97134566,0.96738493,-0.0039607286
5248,1,5,1,middle,0.97134566,0.97038895,-0.00095671415
5248,1,5,2,middle,0.97134566,0.97029567,-0.0010499954
5248,1,5,3,middle,0.97134566,0.97083616,-0.0005095005
5248,1,5,4,last,0.97134566,0.9698593,-0.001486361
751,1,5,0,first,0.96630204,0.9665881,0.0002860427
751,1,5,1,middle,0.96630204,0.95863855,-0.0076634884
751,1,5,2,middle,0.96630204,0.95828956,-0.008012474
751,1,5,3,middle,0.96630204,0.9630634,-0.0032386184
751,1,5,4,last,0.96630204,0.96793014,0.0016281009
25778,1,5,0,first,0.9724097,0.96411806,-0.008291662
25778,1,5,1,middle,0.9724097,0.97115254,-0.0012571812
25778,1,5,2,middle,0.9724097,0.96847636,-0.00393337
25778,1,5,3,middle,0.9724097,0.97300243,0.0005927086
25778,1,5,4,last,0.9724097,0.9727816,0.00037187338
29555,1,5,0,first,0.9550802,0.96097124,0.005891025
29555,1,5,1,middle,0.9550802,0.9074644,-0.047615826
29555,1,5,2,middle,0.9550802,0.95546293,0.00038272142
29555,1,5,3,middle,0.9550802,0.96062666,0.0055464506
29555,1,5,4,last,0.9550802,0.9539387,-0.0011414886
12230,0,5,0,first,0.17003053,0.07414139,-0.09588914
12230,0,5,1,middle,0.17003053,0.12756157,-0.042468965
12230,0,5,2,middle,0.17003053,0.14905794,-0.020972595
12230,0,5,3,middle,0.17003053,0.251689,0.08165845
12230,0,5,4,last,0.17003053,0.1500802,-0.01995033
30603,1,5,0,first,0.9551572,0.95667285,0.0015156269
30603,1,5,1,middle,0.9551572,0.92819834,-0.026958883
30603,1,5,2,middle,0.9551572,0.952119,-0.0030382276
30603,1,5,3,middle,0.9551572,0.95512533,-3.1888485e-05
30603,1,5,4,last,0.9551572,0.9479152,-0.007242024
42340,0,4,0,first,0.8861902,0.9040464,0.01785624
42340,0,4,1,middle,0.8861902,0.60043263,-0.28575754
42340,0,4,2,middle,0.8861902,0.66235816,-0.22383201
42340,0,4,3,last,0.8861902,0.8920846,0.0058944225
247,0,5,0,first,0.0689617,0.04729247,-0.021669231
247,0,5,1,middle,0.0689617,0.069060124,9.842217e-05
247,0,5,2,middle,0.0689617,0.08904128,0.020079575
247,0,5,3,middle,0.0689617,0.06070747,-0.008254234
247,0,5,4,last,0.0689617,0.41157752,0.3426158
1121,1,5,0,first,0.9345517,0.94083256,0.0062808394
1121,1,5,1,middle,0.9345517,0.92018783,-0.014363885
1121,1,5,2,middle,0.9345517,0.918989,-0.015562713
1121,1,5,3,middle,0.9345517,0.88630223,-0.048249483
1121,1,5,4,last,0.9345517,0.949861,0.015309274
49500,0,5,0,first,0.949894,0.95357233,0.0036783218
49500,0,5,1,middle,0.949894,0.956898,0.007003963
49500,0,5,2,middle,0.949894,0.84274673,-0.10714728
49500,0,5,3,middle,0.949894,0.94517064,-0.00472337
49500,0,5,4,last,0.949894,0.95341605,0.0035220385
44234,1,4,0,first,0.96931726,0.9513332,-0.017984033
44234,1,4,1,middle,0.96931726,0.9677737,-0.0015435815
44234,1,4,2,middle,0.96931726,0.9688863,-0.00043094158
44234,1,4,3,last,0.96931726,0.96883374,-0.00048351288
365,0,4,0,first,0.8833556,0.8899508,0.0065951943
365,0,4,1,middle,0.8833556,0.69354224,-0.18981338
365,0,4,2,middle,0.8833556,0.8585967,-0.024758935
365,0,4,3,last,0.8833556,0.6220165,-0.26133913
53,1,5,0,first,0.098674014,0.24663751,0.1479635
53,1,5,1,middle,0.098674014,0.10354016,0.0048661456
53,1,5,2,middle,0.098674014,0.20202877,0.10335475
53,1,5,3,middle,0.098674014,0.105897,0.0072229877
53,1,5,4,last,0.098674014,0.072743736,-0.025930278
55783,1,5,0,first,0.7336367,0.7672299,0.033593237
55783,1,5,1,middle,0.7336367,0.81941134,0.08577466
55783,1,5,2,middle,0.7336367,0.6942136,-0.03942305
55783,1,5,3,middle,0.7336367,0.56305057,-0.17058611
55783,1,5,4,last,0.7336367,0.58639055,-0.14724612
1125,1,4,0,first,0.9667928,0.96687263,7.981062e-05
1125,1,4,1,middle,0.9667928,0.96668774,-0.00010508299
1125,1,4,2,middle,0.9667928,0.967334,0.00054115057
1125,1,4,3,last,0.9667928,0.859062,-0.107730806
1667,0,5,0,first,0.9190417,0.9066907,-0.0123509765
1667,0,5,1,middle,0.9190417,0.9171061,-0.0019356012
1667,0,5,2,middle,0.9190417,0.64647365,-0.27256805
1667,0,5,3,middle,0.9190417,0.91523546,-0.0038062334
1667,0,5,4,last,0.9190417,0.87854797,-0.040493727
40807,0,4,0,first,0.03322477,0.03209547,-0.0011292994
40807,0,4,1,middle,0.03322477,0.034724668,0.0014998987
40807,0,4,2,middle,0.03322477,0.033746738,0.00052196905
40807,0,4,3,last,0.03322477,0.04097198,0.0077472106
51868,1,5,0,first,0.9634884,0.94177896,-0.021709442
51868,1,5,1,middle,0.9634884,0.95778745,-0.005700946
51868,1,5,2,middle,0.9634884,0.9487596,-0.014728785
51868,1,5,3,middle,0.9634884,0.94224054,-0.021247864
51868,1,5,4,last,0.9634884,0.9658254,0.002336979
864,0,3,0,first,0.1671636,0.2277932,0.060629606
864,0,3,1,middle,0.1671636,0.07446072,-0.09270287
864,0,3,2,last,0.1671636,0.17830415,0.011140555
652,0,5,0,first,0.89281315,0.7907859,-0.10202724
652,0,5,1,middle,0.89281315,0.81421846,-0.078594685
652,0,5,2,middle,0.89281315,0.72719455,-0.1656186
652,0,5,3,middle,0.89281315,0.8788142,-0.013998926
652,0,5,4,last,0.89281315,0.9218526,0.029039443
12081,0,5,0,first,0.75378156,0.8644971,0.11071557
12081,0,5,1,middle,0.75378156,0.7398995,-0.013882041
12081,0,5,2,middle,0.75378156,0.8572725,0.10349095
12081,0,5,3,middle,0.75378156,0.880789,0.12700742
12081,0,5,4,last,0.75378156,0.1164691,-0.6373125
1771,1,4,0,first,0.86014855,0.89324534,0.03309679
1771,1,4,1,middle,0.86014855,0.5639929,-0.29615563
1771,1,4,2,middle,0.86014855,0.91327995,0.0531314
1771,1,4,3,last,0.86014855,0.15815012,-0.7019984
2603,0,5,0,first,0.13107072,0.04748709,-0.08358362
2603,0,5,1,middle,0.13107072,0.1723125,0.04124178
2603,0,5,2,middle,0.13107072,0.10246253,-0.028608188
2603,0,5,3,middle,0.13107072,0.38231707,0.25124633
2603,0,5,4,last,0.13107072,0.46454692,0.3334762
471,1,5,0,first,0.9640853,0.9660682,0.0019829273
471,1,5,1,middle,0.9640853,0.95776504,-0.006320238
471,1,5,2,middle,0.9640853,0.96215266,-0.001932621
471,1,5,3,middle,0.9640853,0.95501304,-0.009072244
471,1,5,4,last,0.9640853,0.9407334,-0.023351908
25293,0,5,0,first,0.04670519,0.038562443,-0.008142747
25293,0,5,1,middle,0.04670519,0.050070982,0.0033657923
25293,0,5,2,middle,0.04670519,0.0427072,-0.003997989
25293,0,5,3,middle,0.04670519,0.04382071,-0.002884481
25293,0,5,4,last,0.04670519,0.042738877,-0.003966313
246,1,5,0,first,0.23646513,0.17106202,-0.065403104
246,1,5,1,middle,0.23646513,0.1058839,-0.13058123
246,1,5,2,middle,0.23646513,0.061175942,-0.17528918
246,1,5,3,middle,0.23646513,0.14839166,-0.08807346
246,1,5,4,last,0.23646513,0.5369831,0.30051795
51097,0,5,0,first,0.03023226,0.03201408,0.0017818194
51097,0,5,1,middle,0.03023226,0.031259906,0.0010276455
51097,0,5,2,middle,0.03023226,0.03283585,0.0026035886
51097,0,5,3,middle,0.03023226,0.031153759,0.000921499
51097,0,5,4,last,0.03023226,0.030115517,-0.00011674315
28340,0,4,0,first,0.032817114,0.037031226,0.0042141117
28340,0,4,1,middle,0.032817114,0.034337845,0.0015207306
28340,0,4,2,middle,0.032817114,0.032766998,-5.011633e-05
28340,0,4,3,last,0.032817114,0.035191953,0.002374839
1278,1,5,0,first,0.9489807,0.93344426,-0.0155364275
1278,1,5,1,middle,0.9489807,0.9316012,-0.017379463
1278,1,5,2,middle,0.9489807,0.90518975,-0.043790936
1278,1,5,3,middle,0.9489807,0.9503001,0.0013194084
1278,1,5,4,last,0.9489807,0.93143904,-0.017541647
5012,1,5,0,first,0.8527921,0.9031014,0.0503093
5012,1,5,1,middle,0.8527921,0.4219328,-0.4308593
5012,1,5,2,middle,0.8527921,0.84898007,-0.003812015
5012,1,5,3,middle,0.8527921,0.69785285,-0.15493923
5012,1,5,4,last,0.8527921,0.08061878,-0.7721733
839,1,5,0,first,0.6995974,0.35762253,-0.34197488
839,1,5,1,middle,0.6995974,0.69226015,-0.007337272
839,1,5,2,middle,0.6995974,0.7159332,0.016335785
839,1,5,3,middle,0.6995974,0.66875196,-0.030845463
839,1,5,4,last,0.6995974,0.567397,-0.13220042
987,1,5,0,first,0.9443533,0.9053923,-0.038960993
987,1,5,1,middle,0.9443533,0.9293899,-0.014963388
987,1,5,2,middle,0.9443533,0.92552745,-0.018825829
987,1,5,3,middle,0.9443533,0.09637128,-0.847982
987,1,5,4,last,0.9443533,0.9674502,0.023096919
3879,1,5,0,first,0.96876144,0.96998197,0.0012205243
3879,1,5,1,middle,0.96876144,0.9694434,0.00068193674
3879,1,5,2,middle,0.96876144,0.9668035,-0.001957953
3879,1,5,3,middle,0.96876144,0.96825266,-0.00050878525
3879,1,5,4,last,0.96876144,0.96500653,-0.0037549138
1684,0,5,0,first,0.3322688,0.14617448,-0.18609433
1684,0,5,1,middle,0.3322688,0.75983894,0.42757013
1684,0,5,2,middle,0.3322688,0.56865513,0.23638633
1684,0,5,3,middle,0.3322688,0.5949282,0.2626594
1684,0,5,4,last,0.3322688,0.062272314,-0.2699965
4426,0,5,0,first,0.07405327,0.20261762,0.12856434
4426,0,5,1,middle,0.07405327,0.04013833,-0.033914942
4426,0,5,2,middle,0.07405327,0.50353724,0.42948395
4426,0,5,3,middle,0.07405327,0.056764353,-0.01728892
4426,0,5,4,last,0.07405327,0.078327276,0.004274003
1675,0,5,0,first,0.07876161,0.11128034,0.03251873
1675,0,5,1,middle,0.07876161,0.09991028,0.021148674
1675,0,5,2,middle,0.07876161,0.056831922,-0.021929685
1675,0,5,3,middle,0.07876161,0.101998486,0.023236878
1675,0,5,4,last,0.07876161,0.05272376,-0.026037846
15807,0,5,0,first,0.2246777,0.123592734,-0.10108496
15807,0,5,1,middle,0.2246777,0.28469372,0.06001602
15807,0,5,2,middle,0.2246777,0.0854181,-0.1392596
15807,0,5,3,middle,0.2246777,0.086985186,-0.13769251
15807,0,5,4,last,0.2246777,0.45924774,0.23457004
41401,1,5,0,first,0.9647933,0.9364013,-0.028392017
41401,1,5,1,middle,0.9647933,0.9677742,0.002980888
41401,1,5,2,middle,0.9647933,0.9556101,-0.009183228
41401,1,5,3,middle,0.9647933,0.94284976,-0.02194357
41401,1,5,4,last,0.9647933,0.9585486,-0.006244719
1800,0,4,0,first,0.060490638,0.34376347,0.28327283
1800,0,4,1,middle,0.060490638,0.039450984,-0.021039654
1800,0,4,2,middle,0.060490638,0.09086215,0.03037151
1800,0,4,3,last,0.060490638,0.0498472,-0.0106434375
4114,1,5,0,first,0.95626956,0.9474935,-0.008776069
4114,1,5,1,middle,0.95626956,0.9586469,0.0023773313
4114,1,5,2,middle,0.95626956,0.9505896,-0.005679965
4114,1,5,3,middle,0.95626956,0.9384148,-0.01785475
4114,1,5,4,last,0.95626956,0.955945,-0.0003245473
1551,0,5,0,first,0.13243493,0.15355624,0.021121308
1551,0,5,1,middle,0.13243493,0.089430116,-0.04300482
1551,0,5,2,middle,0.13243493,0.20802125,0.07558632
1551,0,5,3,middle,0.13243493,0.16082092,0.028385982
1551,0,5,4,last,0.13243493,0.15977253,0.027337596
10126,1,5,0,first,0.97162306,0.96677744,-0.004845619
10126,1,5,1,middle,0.97162306,0.9702874,-0.0013356805
10126,1,5,2,middle,0.97162306,0.96792275,-0.003700316
10126,1,5,3,middle,0.97162306,0.96571136,-0.005911708
10126,1,5,4,last,0.97162306,0.9733662,0.0017431378
1184,0,5,0,first,0.9191872,0.9101146,-0.009072602
1184,0,5,1,middle,0.9191872,0.89882904,-0.020358145
1184,0,5,2,middle,0.9191872,0.8325885,-0.086598694
1184,0,5,3,middle,0.9191872,0.2619424,-0.6572448
1184,0,5,4,last,0.9191872,0.964583,0.04539579
21808,1,5,0,first,0.8490846,0.7149034,-0.1341812
21808,1,5,1,middle,0.8490846,0.8529981,0.003913462
21808,1,5,2,middle,0.8490846,0.91517264,0.06608802
21808,1,5,3,middle,0.8490846,0.924511,0.0754264
21808,1,5,4,last,0.8490846,0.8366781,-0.012406528
29364,0,5,0,first,0.88754654,0.95179474,0.064248204
29364,0,5,1,middle,0.88754654,0.9437328,0.05618626
29364,0,5,2,middle,0.88754654,0.9139105,0.026363969
29364,0,5,3,middle,0.88754654,0.85867184,-0.028874695
29364,0,5,4,last,0.88754654,0.039285593,-0.84826094
5725,0,5,0,first,0.28892788,0.13751268,-0.1514152
5725,0,5,1,middle,0.28892788,0.30614814,0.017220259
5725,0,5,2,middle,0.28892788,0.18307588,-0.10585201
5725,0,5,3,middle,0.28892788,0.21775594,-0.07117194
5725,0,5,4,last,0.28892788,0.30490416,0.01597628
1344,1,5,0,first,0.88379276,0.9046762,0.020883441
1344,1,5,1,middle,0.88379276,0.92859566,0.044802904
1344,1,5,2,middle,0.88379276,0.903849,0.020056248
1344,1,5,3,middle,0.88379276,0.9378359,0.054043114
1344,1,5,4,last,0.88379276,0.4866892,-0.39710355
41244,1,5,0,first,0.95134896,0.82354987,-0.1277991
41244,1,5,1,middle,0.95134896,0.96207887,0.010729909
41244,1,5,2,middle,0.95134896,0.9306096,-0.020739377
41244,1,5,3,middle,0.95134896,0.9597107,0.008361757
41244,1,5,4,last,0.95134896,0.94987315,-0.001475811
45645,0,5,0,first,0.3604857,0.5529592,0.1924735
45645,0,5,1,middle,0.3604857,0.038029667,-0.32245603
45645,0,5,2,middle,0.3604857,0.3995957,0.039110005
45645,0,5,3,middle,0.3604857,0.6997871,0.33930138
45645,0,5,4,last,0.3604857,0.23611891,-0.12436679
33410,1,5,0,first,0.48218817,0.6608405,0.17865235
33410,1,5,1,middle,0.48218817,0.5804191,0.09823096
33410,1,5,2,middle,0.48218817,0.45312893,-0.029059231
33410,1,5,3,middle,0.48218817,0.4253529,-0.056835264
33410,1,5,4,last,0.48218817,0.057413258,-0.42477491
280,0,5,0,first,0.5569248,0.35899854,-0.19792628
280,0,5,1,middle,0.5569248,0.5892813,0.0323565
280,0,5,2,middle,0.5569248,0.4371947,-0.119730115
280,0,5,3,middle,0.5569248,0.36236975,-0.19455507
280,0,5,4,last,0.5569248,0.71409535,0.15717053
1682,1,5,0,first,0.9221993,0.9477571,0.025557816
1682,1,5,1,middle,0.9221993,0.9310368,0.0088374615
1682,1,5,2,middle,0.9221993,0.933183,0.0109837055
1682,1,5,3,middle,0.9221993,0.9123071,-0.009892225
1682,1,5,4,last,0.9221993,0.86775064,-0.054448664
171,1,4,0,first,0.95726174,0.91096485,-0.046296895
171,1,4,1,middle,0.95726174,0.59544647,-0.36181527
171,1,4,2,middle,0.95726174,0.95339173,-0.0038700104
171,1,4,3,last,0.95726174,0.96473575,0.007474005
48667,1,5,0,first,0.52376246,0.38605452,-0.13770795
48667,1,5,1,middle,0.52376246,0.29881534,-0.22494712
48667,1,5,2,middle,0.52376246,0.6144735,0.09071106
48667,1,5,3,middle,0.52376246,0.5650664,0.041303933
48667,1,5,4,last,0.52376246,0.38021013,-0.14355233
25444,0,5,0,first,0.12463148,0.10574744,-0.01888404
25444,0,5,1,middle,0.12463148,0.10587789,-0.018753588
25444,0,5,2,middle,0.12463148,0.108545154,-0.016086325
25444,0,5,3,middle,0.12463148,0.06454079,-0.06009069
25444,0,5,4,last,0.12463148,0.1877466,0.06311512
618,0,5,0,first,0.387184,0.3188028,-0.06838119
618,0,5,1,middle,0.387184,0.19739285,-0.18979114
618,0,5,2,middle,0.387184,0.39921018,0.012026191
618,0,5,3,middle,0.387184,0.2241256,-0.1630584
618,0,5,4,last,0.387184,0.3620075,-0.025176495
257,1,5,0,first,0.87981457,0.87379396,-0.0060206056
257,1,5,1,middle,0.87981457,0.6568113,-0.22300327
257,1,5,2,middle,0.87981457,0.8667292,-0.013085365
257,1,5,3,middle,0.87981457,0.62793887,-0.2518757
257,1,5,4,last,0.87981457,0.85972285,-0.020091712
7774,1,5,0,first,0.9726447,0.97135836,-0.0012863278
7774,1,5,1,middle,0.9726447,0.9725363,-0.000108361244
7774,1,5,2,middle,0.9726447,0.9695302,-0.003114462
7774,1,5,3,middle,0.9726447,0.966398,-0.006246686
7774,1,5,4,last,0.9726447,0.96779877,-0.004845917
1798,0,5,0,first,0.076790094,0.15449865,0.07770856
1798,0,5,1,middle,0.076790094,0.046525802,-0.030264292
1798,0,5,2,middle,0.076790094,0.06521477,-0.011575326
1798,0,5,3,middle,0.076790094,0.107811354,0.03102126
1798,0,5,4,last,0.076790094,0.11056666,0.033776566
576,1,5,0,first,0.69309694,0.60504436,-0.08805257
576,1,5,1,middle,0.69309694,0.58381915,-0.109277785
576,1,5,2,middle,0.69309694,0.7146099,0.021512985
576,1,5,3,middle,0.69309694,0.46908286,-0.22401407
576,1,5,4,last,0.69309694,0.31410655,-0.37899038
11173,0,5,0,first,0.90924263,0.25679478,-0.6524478
11173,0,5,1,middle,0.90924263,0.86683387,-0.042408764
11173,0,5,2,middle,0.90924263,0.9122987,0.0030560493
11173,0,5,3,middle,0.90924263,0.810501,-0.09874165
11173,0,5,4,last,0.90924263,0.9343385,0.02509588
52355,1,4,0,first,0.9498798,0.8284852,-0.121394634
52355,1,4,1,middle,0.9498798,0.9502039,0.00032407045
52355,1,4,2,middle,0.9498798,0.93932384,-0.010555983
52355,1,4,3,last,0.9498798,0.9336095,-0.01627034
1460,0,4,0,first,0.18323494,0.1177641,-0.065470845
1460,0,4,1,middle,0.18323494,0.1910289,0.007793948
1460,0,4,2,middle,0.18323494,0.095728934,-0.08750601
1460,0,4,3,last,0.18323494,0.39293456,0.20969962
2018,0,5,0,first,0.055545952,0.061378174,0.0058322214
2018,0,5,1,middle,0.055545952,0.03521258,-0.020333372
2018,0,5,2,middle,0.055545952,0.065017454,0.009471502
2018,0,5,3,middle,0.055545952,0.03236886,-0.023177091
2018,0,5,4,last,0.055545952,0.12812129,0.07257533
1783,1,5,0,first,0.17610821,0.23468591,0.0585777
1783,1,5,1,middle,0.17610821,0.11868775,-0.057420462
1783,1,5,2,middle,0.17610821,0.34406465,0.16795644
1783,1,5,3,middle,0.17610821,0.056166764,-0.11994144
1783,1,5,4,last,0.17610821,0.05125252,-0.12485569
275,1,5,0,first,0.9285469,0.83070034,-0.09784657
275,1,5,1,middle,0.9285469,0.8259645,-0.102582395
275,1,5,2,middle,0.9285469,0.94875026,0.020203352
275,1,5,3,middle,0.9285469,0.9153709,-0.013176024
275,1,5,4,last,0.9285469,0.9235508,-0.004996121
40519,1,5,0,first,0.3910822,0.33838373,-0.052698463
40519,1,5,1,middle,0.3910822,0.11978093,-0.27130127
40519,1,5,2,middle,0.3910822,0.44575492,0.054672718
40519,1,5,3,middle,0.3910822,0.3616321,-0.029450089
40519,1,5,4,last,0.3910822,0.36614263,-0.024939567
28894,1,5,0,first,0.87759346,0.7494497,-0.12814379
28894,1,5,1,middle,0.87759346,0.9183696,0.040776134
28894,1,5,2,middle,0.87759346,0.9052738,0.027680337
28894,1,5,3,middle,0.87759346,0.43195766,-0.4456358
28894,1,5,4,last,0.87759346,0.8659658,-0.011627674
51808,0,5,0,first,0.030802159,0.027067836,-0.0037343223
51808,0,5,1,middle,0.030802159,0.03185518,0.0010530222
51808,0,5,2,middle,0.030802159,0.033976834,0.0031746756
51808,0,5,3,middle,0.030802159,0.029404998,-0.0013971608
51808,0,5,4,last,0.030802159,0.031345367,0.0005432088
1678,1,5,0,first,0.9540965,0.9271555,-0.026941001
1678,1,5,1,middle,0.9540965,0.9521791,-0.0019174218
1678,1,5,2,middle,0.9540965,0.9567129,0.0026164055
1678,1,5,3,middle,0.9540965,0.95524085,0.0011443496
1678,1,5,4,last,0.9540965,0.95478237,0.00068587065
861,0,5,0,first,0.050575797,0.064809486,0.01423369
861,0,5,1,middle,0.050575797,0.054014113,0.0034383163
861,0,5,2,middle,0.050575797,0.044822857,-0.0057529397
861,0,5,3,middle,0.050575797,0.052168906,0.0015931092
861,0,5,4,last,0.050575797,0.072064005,0.021488208
621,0,5,0,first,0.20191729,0.21388093,0.011963636
621,0,5,1,middle,0.20191729,0.09580202,-0.106115274
621,0,5,2,middle,0.20191729,0.092632875,-0.109284416
621,0,5,3,middle,0.20191729,0.1864585,-0.015458792
621,0,5,4,last,0.20191729,0.34424978,0.1423325
1423,1,5,0,first,0.93202984,0.47293824,-0.4590916
1423,1,5,1,middle,0.93202984,0.8946627,-0.037367165
1423,1,5,2,middle,0.93202984,0.92859626,-0.0034335852
1423,1,5,3,middle,0.93202984,0.94052815,0.008498311
1423,1,5,4,last,0.93202984,0.94235355,0.010323703
53054,1,5,0,first,0.9713126,0.9676588,-0.0036537647
53054,1,5,1,middle,0.9713126,0.9704386,-0.0008739829
53054,1,5,2,middle,0.9713126,0.9700122,-0.0013003945
53054,1,5,3,middle,0.9713126,0.9707092,-0.0006033778
53054,1,5,4,last,0.9713126,0.9695477,-0.0017648935
794,0,5,0,first,0.21299624,0.051826317,-0.16116993
794,0,5,1,middle,0.21299624,0.15223011,-0.06076613
794,0,5,2,middle,0.21299624,0.3657503,0.15275407
794,0,5,3,middle,0.21299624,0.17758411,-0.035412133
794,0,5,4,last,0.21299624,0.23891526,0.02591902
177,0,5,0,first,0.049549185,0.058893632,0.009344447
177,0,5,1,middle,0.049549185,0.05608632,0.0065371357
177,0,5,2,middle,0.049549185,0.063562155,0.01401297
177,0,5,3,middle,0.049549185,0.040657777,-0.008891407
177,0,5,4,last,0.049549185,0.06785859,0.018309407
1589,0,4,0,first,0.030881548,0.03365909,0.002777541
1589,0,4,1,middle,0.030881548,0.031771783,0.0008902345
1589,0,4,2,middle,0.030881548,0.03228161,0.0014000628
1589,0,4,3,last,0.030881548,0.03276356,0.0018820111
35555,1,5,0,first,0.8404353,0.91541094,0.07497561
35555,1,5,1,middle,0.8404353,0.76561856,-0.07481676
35555,1,5,2,middle,0.8404353,0.726692,-0.113743305
35555,1,5,3,middle,0.8404353,0.55376035,-0.28667498
35555,1,5,4,last,0.8404353,0.9283448,0.08790946
28697,1,5,0,first,0.9395099,0.941833,0.002323091
28697,1,5,1,middle,0.9395099,0.91362244,-0.02588749
28697,1,5,2,middle,0.9395099,0.91563994,-0.023869991
28697,1,5,3,middle,0.9395099,0.9398389,0.00032895803
28697,1,5,4,last,0.9395099,0.7598267,-0.17968321
1169,0,4,0,first,0.05604409,0.22893684,0.17289275
1169,0,4,1,middle,0.05604409,0.040163245,-0.015880845
1169,0,4,2,middle,0.05604409,0.028506242,-0.027537849
1169,0,4,3,last,0.05604409,0.8205583,0.7645142
1050,1,5,0,first,0.9552461,0.94284225,-0.012403846
1050,1,5,1,middle,0.9552461,0.953862,-0.0013840795
1050,1,5,2,middle,0.9552461,0.95635164,0.001105547
1050,1,5,3,middle,0.9552461,0.9570112,0.001765132
1050,1,5,4,last,0.9552461,0.9470928,-0.008153319
935,1,5,0,first,0.9275764,0.7428346,-0.1847418
935,1,5,1,middle,0.9275764,0.94589335,0.018316925
935,1,5,2,middle,0.9275764,0.85912377,-0.068452656
935,1,5,3,middle,0.9275764,0.9125496,-0.015026808
935,1,5,4,last,0.9275764,0.9372428,0.009666383
47718,0,5,0,first,0.13582869,0.14369087,0.0078621805
47718,0,5,1,middle,0.13582869,0.11191832,-0.023910366
47718,0,5,2,middle,0.13582869,0.12968107,-0.006147623
47718,0,5,3,middle,0.13582869,0.06638613,-0.069442555
47718,0,5,4,last,0.13582869,0.19683316,0.061004475
1613,0,4,0,first,0.3559814,0.24930952,-0.106671885
1613,0,4,1,middle,0.3559814,0.4245069,0.06852549
1613,0,4,2,middle,0.3559814,0.32792982,-0.028051585
1613,0,4,3,last,0.3559814,0.34105715,-0.014924258
40475,0,5,0,first,0.043347,0.047043532,0.003696531
40475,0,5,1,middle,0.043347,0.04874143,0.005394429
40475,0,5,2,middle,0.043347,0.05279098,0.00944398
40475,0,5,3,middle,0.043347,0.04621729,0.0028702877
40475,0,5,4,last,0.043347,0.041218646,-0.0021283552
79,1,5,0,first,0.8689161,0.9261042,0.057188094
79,1,5,1,middle,0.8689161,0.7271099,-0.14180619
79,1,5,2,middle,0.8689161,0.8760031,0.0070869923
79,1,5,3,middle,0.8689161,0.66081315,-0.20810294
79,1,5,4,last,0.8689161,0.83031094,-0.038605154
677,0,5,0,first,0.9225314,0.5963654,-0.32616603
677,0,5,1,middle,0.9225314,0.867603,-0.054928422
677,0,5,2,middle,0.9225314,0.9029198,-0.019611597
677,0,5,3,middle,0.9225314,0.8994319,-0.023099542
677,0,5,4,last,0.9225314,0.9443974,0.021865964
23399,1,5,0,first,0.6251742,0.61206865,-0.013105571
23399,1,5,1,middle,0.6251742,0.4822928,-0.14288142
23399,1,5,2,middle,0.6251742,0.39704114,-0.22813308
23399,1,5,3,middle,0.6251742,0.12314016,-0.50203407
23399,1,5,4,last,0.6251742,0.523863,-0.10131121
1256,0,5,0,first,0.2170685,0.09600126,-0.12106723
1256,0,5,1,middle,0.2170685,0.17883371,-0.038234785
1256,0,5,2,middle,0.2170685,0.43820244,0.22113395
1256,0,5,3,middle,0.2170685,0.100512974,-0.11655552
1256,0,5,4,last,0.2170685,0.17894994,-0.038118556
1741,1,5,0,first,0.94986314,0.9463219,-0.0035412312
1741,1,5,1,middle,0.94986314,0.9420324,-0.007830739
1741,1,5,2,middle,0.94986314,0.94308096,-0.006782174
1741,1,5,3,middle,0.94986314,0.9396754,-0.010187745
1741,1,5,4,last,0.94986314,0.94617707,-0.0036860704
1881,1,5,0,first,0.5137612,0.685323,0.17156178
1881,1,5,1,middle,0.5137612,0.49016652,-0.023594707
1881,1,5,2,middle,0.5137612,0.19786026,-0.31590098
1881,1,5,3,middle,0.5137612,0.6031305,0.0893693
1881,1,5,4,last,0.5137612,0.4420452,-0.07171601
43101,1,5,0,first,0.9360676,0.9170394,-0.019028187
43101,1,5,1,middle,0.9360676,0.67829055,-0.25777704
43101,1,5,2,middle,0.9360676,0.89131796,-0.044749618
43101,1,5,3,middle,0.9360676,0.921742,-0.014325559
43101,1,5,4,last,0.9360676,0.9531325,0.017064929
10230,1,5,0,first,0.9347519,0.37640163,-0.5583503
10230,1,5,1,middle,0.9347519,0.82435334,-0.11039859
10230,1,5,2,middle,0.9347519,0.8983616,-0.036390305
10230,1,5,3,middle,0.9347519,0.9599931,0.025241196
10230,1,5,4,last,0.9347519,0.9394545,0.004702568
22547,1,5,0,first,0.97413504,0.97474957,0.0006145239
22547,1,5,1,middle,0.97413504,0.9729541,-0.0011809468
22547,1,5,2,middle,0.97413504,0.9733131,-0.00082194805
22547,1,5,3,middle,0.97413504,0.9742649,0.00012987852
22547,1,5,4,last,0.97413504,0.97447973,0.00034469366
7174,1,5,0,first,0.9725801,0.97168386,-0.00089621544
7174,1,5,1,middle,0.9725801,0.973188,0.0006079078
7174,1,5,2,middle,0.9725801,0.9714234,-0.0011566877
7174,1,5,3,middle,0.9725801,0.97342795,0.0008478761
7174,1,5,4,last,0.9725801,0.9731853,0.00060522556
460,1,5,0,first,0.95031476,0.9593073,0.008992553
460,1,5,1,middle,0.95031476,0.955684,0.005369246
460,1,5,2,middle,0.95031476,0.22751747,-0.7227973
460,1,5,3,middle,0.95031476,0.95968837,0.009373605
460,1,5,4,last,0.95031476,0.9488048,-0.0015099645
52124,1,5,0,first,0.972376,0.97053593,-0.001840055
52124,1,5,1,middle,0.972376,0.97305954,0.00068354607
52124,1,5,2,middle,0.972376,0.97292185,0.00054585934
52124,1,5,3,middle,0.972376,0.966218,-0.0061579943
52124,1,5,4,last,0.972376,0.96536994,-0.007006049
54772,0,5,0,first,0.039814997,0.053543795,0.013728797
54772,0,5,1,middle,0.039814997,0.038635276,-0.0011797212
54772,0,5,2,middle,0.039814997,0.04321697,0.0034019724
54772,0,5,3,middle,0.039814997,0.03754752,-0.0022674762
54772,0,5,4,last,0.039814997,0.04912192,0.009306923
477,1,5,0,first,0.2608655,0.25218084,-0.008684665
477,1,5,1,middle,0.2608655,0.2442971,-0.016568407
477,1,5,2,middle,0.2608655,0.3267332,0.06586769
477,1,5,3,middle,0.2608655,0.14364919,-0.11721632
477,1,5,4,last,0.2608655,0.09719012,-0.1636754
25463,1,5,0,first,0.8227847,0.8501788,0.027394056
25463,1,5,1,middle,0.8227847,0.54447275,-0.27831197
25463,1,5,2,middle,0.8227847,0.5699154,-0.2528693
25463,1,5,3,middle,0.8227847,0.87954015,0.056755424
25463,1,5,4,last,0.8227847,0.87263745,0.04985273
1597,1,5,0,first,0.90255123,0.8996442,-0.0029070377
1597,1,5,1,middle,0.90255123,0.89557517,-0.006976068
1597,1,5,2,middle,0.90255123,0.9014746,-0.0010766387
1597,1,5,3,middle,0.90255123,0.8978692,-0.0046820045
1597,1,5,4,last,0.90255123,0.8709048,-0.03164643
33365,1,5,0,first,0.96858054,0.9620718,-0.0065087676
33365,1,5,1,middle,0.96858054,0.96414644,-0.0044341087
33365,1,5,2,middle,0.96858054,0.969247,0.00066643953
33365,1,5,3,middle,0.96858054,0.9291076,-0.039472938
33365,1,5,4,last,0.96858054,0.9668241,-0.0017564297
37984,0,4,0,first,0.064139746,0.06512851,0.0009887666
37984,0,4,1,middle,0.064139746,0.05752967,-0.006610077
37984,0,4,2,middle,0.064139746,0.065381154,0.0012414083
37984,0,4,3,last,0.064139746,0.06570771,0.0015679672
29592,0,2,0,first,0.02904008,0.025748616,-0.0032914635
29592,0,2,1,last,0.02904008,0.06861006,0.039569978
40261,0,5,0,first,0.25659344,0.30188137,0.045287937
40261,0,5,1,middle,0.25659344,0.24145837,-0.015135065
40261,0,5,2,middle,0.25659344,0.1819978,-0.07459563
40261,0,5,3,middle,0.25659344,0.09537323,-0.16122021
40261,0,5,4,last,0.25659344,0.26382667,0.0072332323
22828,1,5,0,first,0.96452254,0.9718099,0.007287383
22828,1,5,1,middle,0.96452254,0.91431063,-0.050211906
22828,1,5,2,middle,0.96452254,0.96521366,0.00069111586
22828,1,5,3,middle,0.96452254,0.9620646,-0.0024579167
22828,1,5,4,last,0.96452254,0.95822006,-0.006302476
1459,0,5,0,first,0.12459227,0.1714566,0.04686434
1459,0,5,1,middle,0.12459227,0.32976994,0.20517766
1459,0,5,2,middle,0.12459227,0.37160528,0.247013
1459,0,5,3,middle,0.12459227,0.07361177,-0.050980493
1459,0,5,4,last,0.12459227,0.14198652,0.017394252
644,1,5,0,first,0.72300816,0.8276707,0.10466254
644,1,5,1,middle,0.72300816,0.69361573,-0.029392421
644,1,5,2,middle,0.72300816,0.7249121,0.0019039512
644,1,5,3,middle,0.72300816,0.6692353,-0.053772867
644,1,5,4,last,0.72300816,0.3846939,-0.33831427
1366,0,5,0,first,0.1464499,0.2565507,0.110100806
1366,0,5,1,middle,0.1464499,0.23753463,0.09108473
1366,0,5,2,middle,0.1464499,0.09554297,-0.050906926
1366,0,5,3,middle,0.1464499,0.20497598,0.058526084
1366,0,5,4,last,0.1464499,0.08866477,-0.057785124
1854,1,5,0,first,0.12124155,0.14826305,0.027021505
1854,1,5,1,middle,0.12124155,0.123082034,0.0018404871
1854,1,5,2,middle,0.12124155,0.1317809,0.010539345
1854,1,5,3,middle,0.12124155,0.104935184,-0.016306363
1854,1,5,4,last,0.12124155,0.19924508,0.07800353
42114,1,5,0,first,0.9601053,0.7424159,-0.2176894
42114,1,5,1,middle,0.9601053,0.9504768,-0.009628475
42114,1,5,2,middle,0.9601053,0.9090853,-0.051020026
42114,1,5,3,middle,0.9601053,0.9589385,-0.0011668205
42114,1,5,4,last,0.9601053,0.9599062,-0.00019907951
1382,0,5,0,first,0.14881882,0.14273724,-0.006081581
1382,0,5,1,middle,0.14881882,0.13059741,-0.018221408
1382,0,5,2,middle,0.14881882,0.08510995,-0.06370887
1382,0,5,3,middle,0.14881882,0.250861,0.10204217
1382,0,5,4,last,0.14881882,0.070727706,-0.078091115
36299,1,5,0,first,0.9726414,0.9722312,-0.00041019917
36299,1,5,1,middle,0.9726414,0.9711899,-0.0014514923
36299,1,5,2,middle,0.9726414,0.9729301,0.0002886653
36299,1,5,3,middle,0.9726414,0.9716358,-0.00100559
36299,1,5,4,last,0.9726414,0.97090596,-0.0017354488
53136,1,5,0,first,0.9561355,0.95008886,-0.006046653
53136,1,5,1,middle,0.9561355,0.94598114,-0.0101543665
53136,1,5,2,middle,0.9561355,0.9393423,-0.016793191
53136,1,5,3,middle,0.9561355,0.96008223,0.0039467216
53136,1,5,4,last,0.9561355,0.9479439,-0.008191586
15337,1,5,0,first,0.9630505,0.94656944,-0.016481042
15337,1,5,1,middle,0.9630505,0.96906203,0.0060115457
15337,1,5,2,middle,0.9630505,0.93812597,-0.024924517
15337,1,5,3,middle,0.9630505,0.9604494,-0.002601087
15337,1,5,4,last,0.9630505,0.9653931,0.0023426414
2966,0,3,0,first,0.025421767,0.037351068,0.011929302
2966,0,3,1,middle,0.025421767,0.030873913,0.0054521468
2966,0,3,2,last,0.025421767,0.026935278,0.001513511
38809,0,5,0,first,0.062346727,0.06307286,0.0007261336
38809,0,5,1,middle,0.062346727,0.05950209,-0.0028446354
38809,0,5,2,middle,0.062346727,0.15404508,0.09169835
38809,0,5,3,middle,0.062346727,0.033005517,-0.02934121
38809,0,5,4,last,0.062346727,0.038352348,-0.023994379
1132,1,5,0,first,0.56501585,0.57329565,0.0082798
1132,1,5,1,middle,0.56501585,0.61427855,0.049262702
1132,1,5,2,middle,0.56501585,0.3135851,-0.25143075
1132,1,5,3,middle,0.56501585,0.6439025,0.07888663
1132,1,5,4,last,0.56501585,0.16393529,-0.40108055
2317,1,5,0,first,0.6677955,0.4167789,-0.2510166
2317,1,5,1,middle,0.6677955,0.77477264,0.106977165
2317,1,5,2,middle,0.6677955,0.7538582,0.08606273
2317,1,5,3,middle,0.6677955,0.72046936,0.052673876
2317,1,5,4,last,0.6677955,0.14509232,-0.5227032
983,1,5,0,first,0.9604133,0.92453957,-0.03587371
983,1,5,1,middle,0.9604133,0.9618333,0.001420021
983,1,5,2,middle,0.9604133,0.95661384,-0.0037994385
983,1,5,3,middle,0.9604133,0.9580141,-0.0023992062
983,1,5,4,last,0.9604133,0.9595002,-0.00091308355
915,0,5,0,first,0.043565717,0.046690512,0.0031247959
915,0,5,1,middle,0.043565717,0.05505715,0.011491433
915,0,5,2,middle,0.043565717,0.050694622,0.0071289055
915,0,5,3,middle,0.043565717,0.039739452,-0.0038262643
915,0,5,4,last,0.043565717,0.047876023,0.004310306
19811,1,5,0,first,0.84187824,0.28505406,-0.5568242
19811,1,5,1,middle,0.84187824,0.25838622,-0.58349204
19811,1,5,2,middle,0.84187824,0.8197478,-0.02213043
19811,1,5,3,middle,0.84187824,0.6729459,-0.16893232
19811,1,5,4,last,0.84187824,0.94145024,0.099572
529,1,5,0,first,0.9210883,0.92088836,-0.00019991398
529,1,5,1,middle,0.9210883,0.9079106,-0.013177693
529,1,5,2,middle,0.9210883,0.8827937,-0.038294554
529,1,5,3,middle,0.9210883,0.9100081,-0.011080205
529,1,5,4,last,0.9210883,0.9248716,0.0037833452
1300,0,5,0,first,0.2861726,0.625298,0.33912542
1300,0,5,1,middle,0.2861726,0.076396525,-0.20977607
1300,0,5,2,middle,0.2861726,0.30407715,0.01790455
1300,0,5,3,middle,0.2861726,0.22752173,-0.058650866
1300,0,5,4,last,0.2861726,0.38953254,0.10335994
30201,0,4,0,first,0.69240636,0.34014714,-0.35225922
30201,0,4,1,middle,0.69240636,0.7944036,0.10199726
30201,0,4,2,middle,0.69240636,0.44215977,-0.25024658
30201,0,4,3,last,0.69240636,0.39870372,-0.29370263
43373,0,4,0,first,0.23349616,0.084051065,-0.14944509
43373,0,4,1,middle,0.23349616,0.115894735,-0.117601424
43373,0,4,2,middle,0.23349616,0.2966743,0.06317815
43373,0,4,3,last,0.23349616,0.3101266,0.07663044
121,1,5,0,first,0.06420158,0.0838505,0.019648924
121,1,5,1,middle,0.06420158,0.052144494,-0.012057085
121,1,5,2,middle,0.06420158,0.039858762,-0.024342816
121,1,5,3,middle,0.06420158,0.06278203,-0.0014195517
121,1,5,4,last,0.06420158,0.121477,0.057275422
1644,0,5,0,first,0.029515719,0.032668073,0.0031523537
1644,0,5,1,middle,0.029515719,0.036848,0.007332282
1644,0,5,2,middle,0.029515719,0.034437835,0.004922116
1644,0,5,3,middle,0.029515719,0.027856585,-0.0016591344
1644,0,5,4,last,0.029515719,0.03102644,0.0015107207
119,0,5,0,first,0.8363814,0.104434796,-0.7319466
119,0,5,1,middle,0.8363814,0.88359016,0.047208786
119,0,5,2,middle,0.8363814,0.6505307,-0.18585068
119,0,5,3,middle,0.8363814,0.8129888,-0.023392558
119,0,5,4,last,0.8363814,0.9069485,0.07056713
467,0,5,0,first,0.7238229,0.83661515,0.11279225
467,0,5,1,middle,0.7238229,0.12273738,-0.60108554
467,0,5,2,middle,0.7238229,0.33509508,-0.3887278
467,0,5,3,middle,0.7238229,0.79065514,0.066832244
467,0,5,4,last,0.7238229,0.8397194,0.11589652
21072,0,5,0,first,0.31729814,0.2529312,-0.06436694
21072,0,5,1,middle,0.31729814,0.43491444,0.117616296
21072,0,5,2,middle,0.31729814,0.23717484,-0.080123305
21072,0,5,3,middle,0.31729814,0.18648279,-0.13081536
21072,0,5,4,last,0.31729814,0.3097988,-0.007499337
18787,1,5,0,first,0.03351201,0.03934138,0.005829368
18787,1,5,1,middle,0.03351201,0.02878159,-0.004730422
18787,1,5,2,middle,0.03351201,0.03375329,0.0002412796
18787,1,5,3,middle,0.03351201,0.043558814,0.010046802
18787,1,5,4,last,0.03351201,0.05197524,0.018463228
1569,1,5,0,first,0.029671703,0.030043438,0.00037173554
1569,1,5,1,middle,0.029671703,0.031766094,0.0020943917
1569,1,5,2,middle,0.029671703,0.032071903,0.0024002008
1569,1,5,3,middle,0.029671703,0.03248662,0.0028149188
1569,1,5,4,last,0.029671703,0.031455953,0.0017842501
2270,1,5,0,first,0.046431426,0.049018867,0.0025874414
2270,1,5,1,middle,0.046431426,0.0446758,-0.001755625
2270,1,5,2,middle,0.046431426,0.050460614,0.0040291883
2270,1,5,3,middle,0.046431426,0.0470764,0.0006449744
2270,1,5,4,last,0.046431426,0.04596298,-0.0004684478
40735,0,5,0,first,0.039046336,0.04878922,0.009742886
40735,0,5,1,middle,0.039046336,0.04014299,0.0010966547
40735,0,5,2,middle,0.039046336,0.038189813,-0.00085652247
40735,0,5,3,middle,0.039046336,0.03895491,-9.1426075e-05
40735,0,5,4,last,0.039046336,0.04399583,0.004949495
12428,1,5,0,first,0.96548784,0.95054626,-0.014941573
12428,1,5,1,middle,0.96548784,0.9622741,-0.0032137632
12428,1,5,2,middle,0.96548784,0.9491665,-0.016321361
12428,1,5,3,middle,0.96548784,0.80136985,-0.16411799
12428,1,5,4,last,0.96548784,0.97022194,0.004734099
233,0,5,0,first,0.35701874,0.51271343,0.1556947
233,0,5,1,middle,0.35701874,0.31633404,-0.0406847
233,0,5,2,middle,0.35701874,0.12003243,-0.23698631
233,0,5,3,middle,0.35701874,0.75821716,0.40119842
233,0,5,4,last,0.35701874,0.27945757,-0.07756117
875,1,4,0,first,0.9603074,0.96516275,0.0048553348
875,1,4,1,middle,0.9603074,0.82846934,-0.13183808
875,1,4,2,middle,0.9603074,0.9575771,-0.00273031
875,1,4,3,last,0.9603074,0.95441246,-0.005894959
1654,1,5,0,first,0.17196423,0.03780948,-0.13415475
1654,1,5,1,middle,0.17196423,0.3735837,0.20161948
1654,1,5,2,middle,0.17196423,0.47299942,0.3010352
1654,1,5,3,middle,0.17196423,0.056564394,-0.11539984
1654,1,5,4,last,0.17196423,0.14040485,-0.031559378
661,1,5,0,first,0.05815848,0.09296366,0.03480518
661,1,5,1,middle,0.05815848,0.05728443,-0.00087404996
661,1,5,2,middle,0.05815848,0.05049277,-0.0076657087
661,1,5,3,middle,0.05815848,0.041350204,-0.016808275
661,1,5,4,last,0.05815848,0.044745658,-0.013412822
51034,1,5,0,first,0.97381556,0.97034013,-0.0034754276
51034,1,5,1,middle,0.97381556,0.97297466,-0.0008409023
51034,1,5,2,middle,0.97381556,0.95679474,-0.017020822
51034,1,5,3,middle,0.97381556,0.9738783,6.276369e-05
51034,1,5,4,last,0.97381556,0.97383267,1.7106533e-05
26193,1,5,0,first,0.1134549,0.13417375,0.02071885
26193,1,5,1,middle,0.1134549,0.18980624,0.07635134
26193,1,5,2,middle,0.1134549,0.08195854,-0.03149636
26193,1,5,3,middle,0.1134549,0.052704833,-0.060750067
26193,1,5,4,last,0.1134549,0.17743312,0.06397822
12446,0,5,0,first,0.09622904,0.06591825,-0.030310787
12446,0,5,1,middle,0.09622904,0.098047,0.001817964
12446,0,5,2,middle,0.09622904,0.31669244,0.2204634
12446,0,5,3,middle,0.09622904,0.12814124,0.0319122
12446,0,5,4,last,0.09622904,0.09971441,0.0034853742
12083,0,4,0,first,0.0694812,0.049481332,-0.01999987
12083,0,4,1,middle,0.0694812,0.09008348,0.020602278
12083,0,4,2,middle,0.0694812,0.07815969,0.008678488
12083,0,4,3,last,0.0694812,0.051149208,-0.018331993
413,1,5,0,first,0.8913599,0.90283275,0.011472821
413,1,5,1,middle,0.8913599,0.9164475,0.025087595
413,1,5,2,middle,0.8913599,0.76550895,-0.12585098
413,1,5,3,middle,0.8913599,0.37370262,-0.5176573
413,1,5,4,last,0.8913599,0.9327715,0.04141158
241,0,5,0,first,0.6254651,0.39499122,-0.23047388
241,0,5,1,middle,0.6254651,0.7963885,0.17092341
241,0,5,2,middle,0.6254651,0.74668515,0.12122005
241,0,5,3,middle,0.6254651,0.030603418,-0.5948617
241,0,5,4,last,0.6254651,0.6200673,-0.0053977966
1329,1,5,0,first,0.9624526,0.9541946,-0.008257985
1329,1,5,1,middle,0.9624526,0.9593008,-0.0031517744
1329,1,5,2,middle,0.9624526,0.95923734,-0.0032152534
1329,1,5,3,middle,0.9624526,0.95658714,-0.0058654547
1329,1,5,4,last,0.9624526,0.9470809,-0.01537168
1029,0,5,0,first,0.75598407,0.78043264,0.024448574
1029,0,5,1,middle,0.75598407,0.44552907,-0.310455
1029,0,5,2,middle,0.75598407,0.3759016,-0.38008246
1029,0,5,3,middle,0.75598407,0.035850864,-0.7201332
1029,0,5,4,last,0.75598407,0.8995987,0.14361465
1263,1,5,0,first,0.9496738,0.8322228,-0.11745095
1263,1,5,1,middle,0.9496738,0.93937504,-0.010298729
1263,1,5,2,middle,0.9496738,0.95663935,0.0069655776
1263,1,5,3,middle,0.9496738,0.89881295,-0.050860822
1263,1,5,4,last,0.9496738,0.9496168,-5.698204e-05
10612,1,5,0,first,0.27574793,0.16598815,-0.10975978
10612,1,5,1,middle,0.27574793,0.2825395,0.006791562
10612,1,5,2,middle,0.27574793,0.3652269,0.08947897
10612,1,5,3,middle,0.27574793,0.15335804,-0.12238988
10612,1,5,4,last,0.27574793,0.27808043,0.0023325086
1115,1,5,0,first,0.9596238,0.9375119,-0.022111893
1115,1,5,1,middle,0.9596238,0.9608081,0.0011842847
1115,1,5,2,middle,0.9596238,0.95524305,-0.0043807626
1115,1,5,3,middle,0.9596238,0.9483296,-0.011294186
1115,1,5,4,last,0.9596238,0.9657102,0.006086409
1094,1,5,0,first,0.84704244,0.8784951,0.031452656
1094,1,5,1,middle,0.84704244,0.9141295,0.067087054
1094,1,5,2,middle,0.84704244,0.6304172,-0.21662521
1094,1,5,3,middle,0.84704244,0.91359544,0.066553
1094,1,5,4,last,0.84704244,0.6827099,-0.16433257
701,0,3,0,first,0.092206754,0.317574,0.22536725
701,0,3,1,middle,0.092206754,0.0728343,-0.019372456
701,0,3,2,last,0.092206754,0.10639618,0.01418943
1318,1,5,0,first,0.38873178,0.35413864,-0.034593135
1318,1,5,1,middle,0.38873178,0.3706163,-0.01811549
1318,1,5,2,middle,0.38873178,0.40496972,0.016237944
1318,1,5,3,middle,0.38873178,0.057325453,-0.33140633
1318,1,5,4,last,0.38873178,0.44250193,0.053770155
684,1,5,0,first,0.9699916,0.9482461,-0.021745503
684,1,5,1,middle,0.9699916,0.9688044,-0.0011872053
684,1,5,2,middle,0.9699916,0.9687778,-0.0012138486
684,1,5,3,middle,0.9699916,0.97038794,0.00039631128
684,1,5,4,last,0.9699916,0.9665667,-0.0034249425
25271,0,5,0,first,0.9148081,0.8656242,-0.049183905
25271,0,5,1,middle,0.9148081,0.90316314,-0.011644959
25271,0,5,2,middle,0.9148081,0.8889728,-0.025835276
25271,0,5,3,middle,0.9148081,0.8196404,-0.0951677
25271,0,5,4,last,0.9148081,0.91459066,-0.00021743774
45580,0,5,0,first,0.08354372,0.20008779,0.11654407
45580,0,5,1,middle,0.08354372,0.07707071,-0.006473005
45580,0,5,2,middle,0.08354372,0.07770797,-0.005835749
45580,0,5,3,middle,0.08354372,0.0815881,-0.001955621
45580,0,5,4,last,0.08354372,0.05826663,-0.02527709
755,0,5,0,first,0.8788241,0.26956138,-0.6092627
755,0,5,1,middle,0.8788241,0.924707,0.04588288
755,0,5,2,middle,0.8788241,0.75774187,-0.12108225
755,0,5,3,middle,0.8788241,0.9123111,0.033486962
755,0,5,4,last,0.8788241,0.8338105,-0.045013607
357,1,5,0,first,0.84295547,0.6954911,-0.1474644
357,1,5,1,middle,0.84295547,0.8439072,0.00095170736
357,1,5,2,middle,0.84295547,0.86142343,0.018467963
357,1,5,3,middle,0.84295547,0.59212667,-0.2508288
357,1,5,4,last,0.84295547,0.8957554,0.05279994
323,1,5,0,first,0.9715623,0.89330584,-0.07825649
323,1,5,1,middle,0.9715623,0.9689869,-0.0025753975
323,1,5,2,middle,0.9715623,0.9625181,-0.00904423
323,1,5,3,middle,0.9715623,0.9721139,0.0005515814
323,1,5,4,last,0.9715623,0.97133505,-0.00022727251
1012,1,5,0,first,0.97118616,0.97133505,0.0001488924
1012,1,5,1,middle,0.97118616,0.9448795,-0.026306689
1012,1,5,2,middle,0.97118616,0.96766,-0.0035261512
1012,1,5,3,middle,0.97118616,0.96328485,-0.007901311
1012,1,5,4,last,0.97118616,0.97169197,0.000505805
16162,0,5,0,first,0.037758432,0.04268816,0.004929729
16162,0,5,1,middle,0.037758432,0.038796082,0.0010376498
16162,0,5,2,middle,0.037758432,0.050921906,0.013163473
16162,0,5,3,middle,0.037758432,0.036770187,-0.000988245
16162,0,5,4,last,0.037758432,0.042142224,0.0043837912
1404,0,5,0,first,0.08200703,0.105541475,0.023534447
1404,0,5,1,middle,0.08200703,0.48535612,0.4033491
1404,0,5,2,middle,0.08200703,0.0702469,-0.0117601305
1404,0,5,3,middle,0.08200703,0.045392226,-0.0366148
1404,0,5,4,last,0.08200703,0.12987259,0.047865562
5671,1,5,0,first,0.7739769,0.9082203,0.13424337
5671,1,5,1,middle,0.7739769,0.4347056,-0.33927134
5671,1,5,2,middle,0.7739769,0.60147506,-0.17250186
5671,1,5,3,middle,0.7739769,0.82491016,0.05093324
5671,1,5,4,last,0.7739769,0.77442724,0.0004503131
402,1,5,0,first,0.4201122,0.4619441,0.04183191
402,1,5,1,middle,0.4201122,0.38583994,-0.034272254
402,1,5,2,middle,0.4201122,0.5024666,0.08235443
402,1,5,3,middle,0.4201122,0.13223788,-0.2878743
402,1,5,4,last,0.4201122,0.31399363,-0.10611856
51229,0,5,0,first,0.0339447,0.03253399,-0.0014107116
51229,0,5,1,middle,0.0339447,0.043231636,0.009286936
51229,0,5,2,middle,0.0339447,0.035443418,0.0014987178
51229,0,5,3,middle,0.0339447,0.034917764,0.00097306445
51229,0,5,4,last,0.0339447,0.033708423,-0.00023627654
6017,1,5,0,first,0.7941031,0.8734998,0.079396725
6017,1,5,1,middle,0.7941031,0.7491352,-0.04496789
6017,1,5,2,middle,0.7941031,0.7857223,-0.008380771
6017,1,5,3,middle,0.7941031,0.8134922,0.019389093
6017,1,5,4,last,0.7941031,0.8742238,0.08012074
99,1,5,0,first,0.95907885,0.8416093,-0.11746955
99,1,5,1,middle,0.95907885,0.9586002,-0.0004786253
99,1,5,2,middle,0.95907885,0.9425076,-0.016571224
99,1,5,3,middle,0.95907885,0.95881695,-0.0002619028
99,1,5,4,last,0.95907885,0.95357513,-0.005503714
38391,1,5,0,first,0.54696894,0.56475884,0.0177899
38391,1,5,1,middle,0.54696894,0.36928192,-0.17768702
38391,1,5,2,middle,0.54696894,0.67912364,0.1321547
38391,1,5,3,middle,0.54696894,0.45937732,-0.08759162
38391,1,5,4,last,0.54696894,0.49503806,-0.051930875
27334,0,5,0,first,0.045518942,0.03911824,-0.0064007007
27334,0,5,1,middle,0.045518942,0.029378349,-0.016140593
27334,0,5,2,middle,0.045518942,0.11457487,0.06905593
27334,0,5,3,middle,0.045518942,0.04631464,0.00079569966
27334,0,5,4,last,0.045518942,0.05840213,0.012883186
42869,1,5,0,first,0.75385624,0.77755165,0.02369541
42869,1,5,1,middle,0.75385624,0.8390308,0.08517456
42869,1,5,2,middle,0.75385624,0.7113505,-0.04250574
42869,1,5,3,middle,0.75385624,0.23957951,-0.51427674
42869,1,5,4,last,0.75385624,0.5560777,-0.19777852
37419,1,5,0,first,0.91987985,0.91281706,-0.007062793
37419,1,5,1,middle,0.91987985,0.9380903,0.01821047
37419,1,5,2,middle,0.91987985,0.8543859,-0.06549394
37419,1,5,3,middle,0.91987985,0.8934428,-0.026437044
37419,1,5,4,last,0.91987985,0.74973774,-0.17014211
36261,1,5,0,first,0.9722987,0.97150147,-0.0007972121
36261,1,5,1,middle,0.9722987,0.9722243,-7.43866e-05
36261,1,5,2,middle,0.9722987,0.97138983,-0.0009088516
36261,1,5,3,middle,0.9722987,0.9719139,-0.0003848076
36261,1,5,4,last,0.9722987,0.9724999,0.00020122528
439,0,5,0,first,0.9454629,0.9735205,0.028057635
439,0,5,1,middle,0.9454629,0.84078664,-0.10467625
439,0,5,2,middle,0.9454629,0.9518326,0.00636971
439,0,5,3,middle,0.9454629,0.9477173,0.0022544265
439,0,5,4,last,0.9454629,0.85289794,-0.09256494
1795,0,5,0,first,0.6184805,0.10652209,-0.5119584
1795,0,5,1,middle,0.6184805,0.48303887,-0.13544163
1795,0,5,2,middle,0.6184805,0.24485262,-0.3736279
1795,0,5,3,middle,0.6184805,0.7664332,0.14795268
1795,0,5,4,last,0.6184805,0.84062105,0.22214055
620,1,5,0,first,0.9142913,0.8967971,-0.017494202
620,1,5,1,middle,0.9142913,0.8890037,-0.025287628
620,1,5,2,middle,0.9142913,0.90102637,-0.013264954
620,1,5,3,middle,0.9142913,0.94286543,0.02857411
620,1,5,4,last,0.9142913,0.31082278,-0.60346854
678,0,5,0,first,0.052699357,0.08053403,0.027834676
678,0,5,1,middle,0.052699357,0.039774384,-0.012924973
678,0,5,2,middle,0.052699357,0.053616866,0.0009175092
678,0,5,3,middle,0.052699357,0.056580883,0.0038815252
678,0,5,4,last,0.052699357,0.06532315,0.012623794
446,1,5,0,first,0.9615073,0.9458817,-0.015625596
446,1,5,1,middle,0.9615073,0.9526938,-0.0088135
446,1,5,2,middle,0.9615073,0.96317655,0.0016692281
446,1,5,3,middle,0.9615073,0.9647474,0.0032401085
446,1,5,4,last,0.9615073,0.93772566,-0.023781657
1147,1,5,0,first,0.9720857,0.9721041,1.835823e-05
1147,1,5,1,middle,0.9720857,0.9723527,0.0002669692
1147,1,5,2,middle,0.9720857,0.97145563,-0.0006300807
1147,1,5,3,middle,0.9720857,0.95075864,-0.021327078
1147,1,5,4,last,0.9720857,0.971473,-0.00061273575
1426,1,5,0,first,0.8943103,0.7342779,-0.16003239
1426,1,5,1,middle,0.8943103,0.927168,0.032857716
1426,1,5,2,middle,0.8943103,0.8882975,-0.0060127974
1426,1,5,3,middle,0.8943103,0.9027757,0.008465409
1426,1,5,4,last,0.8943103,0.6970058,-0.19730449
46932,1,5,0,first,0.96619105,0.96389693,-0.0022941232
46932,1,5,1,middle,0.96619105,0.9572697,-0.008921325
46932,1,5,2,middle,0.96619105,0.97067016,0.0044791102
46932,1,5,3,middle,0.96619105,0.9480574,-0.01813364
46932,1,5,4,last,0.96619105,0.9571678,-0.009023249
11736,0,5,0,first,0.051161565,0.02803214,-0.023129424
11736,0,5,1,middle,0.051161565,0.1678074,0.116645835
11736,0,5,2,middle,0.051161565,0.053731766,0.0025702007
11736,0,5,3,middle,0.051161565,0.053262684,0.0021011196
11736,0,5,4,last,0.051161565,0.06370954,0.012547977
1304,1,5,0,first,0.18956545,0.31306177,0.123496324
1304,1,5,1,middle,0.18956545,0.08730991,-0.10225554
1304,1,5,2,middle,0.18956545,0.21147706,0.021911606
1304,1,5,3,middle,0.18956545,0.37712628,0.18756083
1304,1,5,4,last,0.18956545,0.15545084,-0.034114614
95,0,4,0,first,0.8848443,0.9378321,0.052987814
95,0,4,1,middle,0.8848443,0.84839326,-0.03645104
95,0,4,2,middle,0.8848443,0.93406385,0.04921955
95,0,4,3,last,0.8848443,0.20895155,-0.6758928
193,0,4,0,first,0.052955605,0.15191835,0.09896275
193,0,4,1,middle,0.052955605,0.039959103,-0.012996502
193,0,4,2,middle,0.052955605,0.052266248,-0.0006893575
193,0,4,3,last,0.052955605,0.04190886,-0.011046745
957,1,5,0,first,0.9705996,0.96553904,-0.0050605536
957,1,5,1,middle,0.9705996,0.970833,0.00023341179
957,1,5,2,middle,0.9705996,0.968323,-0.0022765994
957,1,5,3,middle,0.9705996,0.96036065,-0.0102389455
957,1,5,4,last,0.9705996,0.9693964,-0.0012031794
1006,1,5,0,first,0.94567776,0.95847523,0.012797475
1006,1,5,1,middle,0.94567776,0.9539341,0.008256316
1006,1,5,2,middle,0.94567776,0.9428142,-0.002863586
1006,1,5,3,middle,0.94567776,0.95811474,0.012436986
1006,1,5,4,last,0.94567776,0.25223124,-0.6934465
52228,0,4,0,first,0.028513014,0.027285922,-0.001227092
52228,0,4,1,middle,0.028513014,0.028176324,-0.00033668987
52228,0,4,2,middle,0.028513014,0.03678296,0.008269947
52228,0,4,3,last,0.028513014,0.03469637,0.006183356
10510,1,4,0,first,0.97209835,0.96931666,-0.0027816892
10510,1,4,1,middle,0.97209835,0.9472736,-0.024824739
10510,1,4,2,middle,0.97209835,0.9717529,-0.00034546852
10510,1,4,3,last,0.97209835,0.97237545,0.000277102
28924,0,5,0,first,0.03138337,0.030432582,-0.0009507872
28924,0,5,1,middle,0.03138337,0.034292683,0.002909314
28924,0,5,2,middle,0.03138337,0.031519882,0.00013651326
28924,0,5,3,middle,0.03138337,0.031758178,0.0003748089
28924,0,5,4,last,0.03138337,0.04324168,0.011858311
29061,0,5,0,first,0.029365312,0.031765595,0.0024002828
29061,0,5,1,middle,0.029365312,0.030241003,0.00087569095
29061,0,5,2,middle,0.029365312,0.030168513,0.0008032005
29061,0,5,3,middle,0.029365312,0.030527003,0.0011616908
29061,0,5,4,last,0.029365312,0.03315362,0.0037883073
41376,1,5,0,first,0.9550112,0.9623963,0.0073851347
41376,1,5,1,middle,0.9550112,0.917632,-0.037379205
41376,1,5,2,middle,0.9550112,0.9611107,0.006099522
41376,1,5,3,middle,0.9550112,0.9552809,0.00026971102
41376,1,5,4,last,0.9550112,0.9197628,-0.0352484
45791,1,5,0,first,0.9648345,0.94149834,-0.023336172
45791,1,5,1,middle,0.9648345,0.96256757,-0.0022669435
45791,1,5,2,middle,0.9648345,0.9623392,-0.0024952888
45791,1,5,3,middle,0.9648345,0.9644679,-0.00036662817
45791,1,5,4,last,0.9648345,0.9608033,-0.004031241
13727,1,4,0,first,0.41780576,0.594874,0.17706826
13727,1,4,1,middle,0.41780576,0.68143237,0.2636266
13727,1,4,2,middle,0.41780576,0.21983185,-0.1979739
13727,1,4,3,last,0.41780576,0.07769283,-0.34011292
49767,0,5,0,first,0.06707595,0.124070436,0.056994483
49767,0,5,1,middle,0.06707595,0.04054703,-0.026528925
49767,0,5,2,middle,0.06707595,0.049990304,-0.01708565
49767,0,5,3,middle,0.06707595,0.13256837,0.06549242
49767,0,5,4,last,0.06707595,0.08144854,0.014372587
81,1,5,0,first,0.7464124,0.79851866,0.05210626
81,1,5,1,middle,0.7464124,0.7344975,-0.011914909
81,1,5,2,middle,0.7464124,0.6418113,-0.104601085
81,1,5,3,middle,0.7464124,0.57078767,-0.17562473
81,1,5,4,last,0.7464124,0.7040647,-0.04234767
272,1,5,0,first,0.10810394,0.23766336,0.12955943
272,1,5,1,middle,0.10810394,0.06749753,-0.04060641
272,1,5,2,middle,0.10810394,0.14892522,0.040821277
272,1,5,3,middle,0.10810394,0.09236859,-0.01573535
272,1,5,4,last,0.10810394,0.12151869,0.013414748
53409,0,5,0,first,0.036768097,0.038566913,0.001798816
53409,0,5,1,middle,0.036768097,0.0399756,0.003207501
53409,0,5,2,middle,0.036768097,0.03852092,0.0017528236
53409,0,5,3,middle,0.036768097,0.037530154,0.00076205656
53409,0,5,4,last,0.036768097,0.039917614,0.0031495169
51387,0,5,0,first,0.9569867,0.10137928,-0.85560745
51387,0,5,1,middle,0.9569867,0.95778286,0.00079613924
51387,0,5,2,middle,0.9569867,0.9587486,0.0017618537
51387,0,5,3,middle,0.9569867,0.9579526,0.00096589327
51387,0,5,4,last,0.9569867,0.9662063,0.009219587
1976,0,5,0,first,0.8513984,0.7812236,-0.07017481
1976,0,5,1,middle,0.8513984,0.7019554,-0.14944303
1976,0,5,2,middle,0.8513984,0.92073244,0.06933403
1976,0,5,3,middle,0.8513984,0.7600572,-0.0913412
1976,0,5,4,last,0.8513984,0.8939202,0.042521775
39216,0,4,0,first,0.030214641,0.034190826,0.003976185
39216,0,4,1,middle,0.030214641,0.026601132,-0.0036135092
39216,0,4,2,middle,0.030214641,0.036654122,0.006439481
39216,0,4,3,last,0.030214641,0.034886695,0.004672054
1814,0,3,0,first,0.02910683,0.03358793,0.0044810995
1814,0,3,1,middle,0.02910683,0.030116558,0.0010097288
1814,0,3,2,last,0.02910683,0.02860007,-0.0005067587
1436,1,5,0,first,0.97500336,0.97504336,3.9994717e-05
1436,1,5,1,middle,0.97500336,0.9709319,-0.004071474
1436,1,5,2,middle,0.97500336,0.97343296,-0.0015704036
1436,1,5,3,middle,0.97500336,0.9755972,0.0005938411
1436,1,5,4,last,0.97500336,0.97441417,-0.0005891919
1866,0,5,0,first,0.8811888,0.29362625,-0.58756256
1866,0,5,1,middle,0.8811888,0.8087345,-0.07245433
1866,0,5,2,middle,0.8811888,0.7185196,-0.16266918
1866,0,5,3,middle,0.8811888,0.80387634,-0.07731247
1866,0,5,4,last,0.8811888,0.951462,0.07027316
249,0,5,0,first,0.5140658,0.28513786,-0.22892794
249,0,5,1,middle,0.5140658,0.63461435,0.12054855
249,0,5,2,middle,0.5140658,0.73457813,0.22051233
249,0,5,3,middle,0.5140658,0.3001685,-0.21389729
249,0,5,4,last,0.5140658,0.51393604,-0.00012975931
264,0,5,0,first,0.04408163,0.10136895,0.05728732
264,0,5,1,middle,0.04408163,0.04455643,0.00047480315
264,0,5,2,middle,0.04408163,0.040584665,-0.0034969635
264,0,5,3,middle,0.04408163,0.04634595,0.0022643209
264,0,5,4,last,0.04408163,0.041731525,-0.002350103
14186,1,5,0,first,0.5803098,0.6981298,0.117819965
14186,1,5,1,middle,0.5803098,0.4452312,-0.13507861
14186,1,5,2,middle,0.5803098,0.64304507,0.06273526
14186,1,5,3,middle,0.5803098,0.7278197,0.14750987
14186,1,5,4,last,0.5803098,0.09404938,-0.4862604
390,0,5,0,first,0.4238199,0.60882014,0.18500024
390,0,5,1,middle,0.4238199,0.6964282,0.27260828
390,0,5,2,middle,0.4238199,0.69769055,0.27387065
390,0,5,3,middle,0.4238199,0.13357662,-0.29024327
390,0,5,4,last,0.4238199,0.109707244,-0.31411266
1095,0,5,0,first,0.039573386,0.044148274,0.0045748875
1095,0,5,1,middle,0.039573386,0.062053382,0.022479996
1095,0,5,2,middle,0.039573386,0.040625017,0.0010516308
1095,0,5,3,middle,0.039573386,0.04354109,0.0039677024
1095,0,5,4,last,0.039573386,0.040226545,0.0006531589
40,1,6,0,first,0.94708335,0.9561875,0.009104133
40,1,6,1,middle,0.94708335,0.9547763,0.007692933
40,1,6,2,middle,0.94708335,0.94754183,0.00045847893
40,1,6,3,middle,0.94708335,0.9518306,0.0047472715
40,1,6,4,middle,0.94708335,0.94521487,-0.0018684864
40,1,6,5,last,0.94708335,0.16683501,-0.78024834
664,1,5,0,first,0.6421862,0.81225586,0.17006963
664,1,5,1,middle,0.6421862,0.6807807,0.038594484
664,1,5,2,middle,0.6421862,0.66076463,0.01857841
664,1,5,3,middle,0.6421862,0.6198779,-0.02230835
664,1,5,4,last,0.6421862,0.15906936,-0.48311687
51985,0,5,0,first,0.71111757,0.50387263,-0.20724493
51985,0,5,1,middle,0.71111757,0.81868243,0.10756487
51985,0,5,2,middle,0.71111757,0.9066305,0.19551295
51985,0,5,3,middle,0.71111757,0.81236446,0.10124689
51985,0,5,4,last,0.71111757,0.32590467,-0.3852129
996,0,5,0,first,0.05084602,0.05891534,0.008069318
996,0,5,1,middle,0.05084602,0.06938634,0.018540319
996,0,5,2,middle,0.05084602,0.053718045,0.0028720237
996,0,5,3,middle,0.05084602,0.03670364,-0.014142383
996,0,5,4,last,0.05084602,0.0552778,0.0044317767
998,0,5,0,first,0.31206393,0.051265948,-0.26079798
998,0,5,1,middle,0.31206393,0.4049748,0.092910856
998,0,5,2,middle,0.31206393,0.39167297,0.07960904
998,0,5,3,middle,0.31206393,0.2628976,-0.04916632
998,0,5,4,last,0.31206393,0.325109,0.013045073
93,1,5,0,first,0.1270732,0.1037565,-0.023316696
93,1,5,1,middle,0.1270732,0.10385282,-0.023220375
93,1,5,2,middle,0.1270732,0.26082888,0.13375568
93,1,5,3,middle,0.1270732,0.06858832,-0.058484882
93,1,5,4,last,0.1270732,0.25254732,0.12547413
1638,1,5,0,first,0.16951913,0.35726684,0.18774772
1638,1,5,1,middle,0.16951913,0.102464,-0.06705513
1638,1,5,2,middle,0.16951913,0.11352253,-0.055996597
1638,1,5,3,middle,0.16951913,0.09999099,-0.06952814
1638,1,5,4,last,0.16951913,0.3059394,0.13642028
649,0,5,0,first,0.11555858,0.08373281,-0.031825766
649,0,5,1,middle,0.11555858,0.096109845,-0.019448735
649,0,5,2,middle,0.11555858,0.11158751,-0.00397107
649,0,5,3,middle,0.11555858,0.1158755,0.0003169179
649,0,5,4,last,0.11555858,0.077321395,-0.038237184
1518,0,5,0,first,0.08035534,0.087654635,0.0072992966
1518,0,5,1,middle,0.08035534,0.07475925,-0.0055960864
1518,0,5,2,middle,0.08035534,0.058104306,-0.022251032
1518,0,5,3,middle,0.08035534,0.12375279,0.04339745
1518,0,5,4,last,0.08035534,0.21354185,0.13318652
1566,0,5,0,first,0.3031522,0.7439761,0.4408239
1566,0,5,1,middle,0.3031522,0.1259271,-0.1772251
1566,0,5,2,middle,0.3031522,0.20676114,-0.09639107
1566,0,5,3,middle,0.3031522,0.18024151,-0.12291069
1566,0,5,4,last,0.3031522,0.32157144,0.018419236
25717,1,4,0,first,0.4309293,0.800877,0.36994767
25717,1,4,1,middle,0.4309293,0.27449968,-0.15642962
25717,1,4,2,middle,0.4309293,0.060480382,-0.37044892
25717,1,4,3,last,0.4309293,0.4914824,0.060553104
6186,1,5,0,first,0.97154903,0.97365147,0.0021024346
6186,1,5,1,middle,0.97154903,0.96682394,-0.0047250986
6186,1,5,2,middle,0.97154903,0.9720715,0.0005224943
6186,1,5,3,middle,0.97154903,0.97143483,-0.0001142025
6186,1,5,4,last,0.97154903,0.96683383,-0.0047152042
1343,0,5,0,first,0.06000963,0.073934965,0.013925336
1343,0,5,1,middle,0.06000963,0.054412235,-0.005597394
1343,0,5,2,middle,0.06000963,0.059369635,-0.0006399937
1343,0,5,3,middle,0.06000963,0.041151866,-0.018857762
1343,0,5,4,last,0.06000963,0.11909968,0.059090048
1073,1,5,0,first,0.9681532,0.97091955,0.0027663708
1073,1,5,1,middle,0.9681532,0.95927316,-0.008880019
1073,1,5,2,middle,0.9681532,0.93546,-0.032693207
1073,1,5,3,middle,0.9681532,0.9657774,-0.0023757815
1073,1,5,4,last,0.9681532,0.96973306,0.0015798807
286,0,5,0,first,0.20612037,0.31793734,0.11181697
286,0,5,1,middle,0.20612037,0.09302284,-0.11309753
286,0,5,2,middle,0.20612037,0.38677529,0.18065491
286,0,5,3,middle,0.20612037,0.15574229,-0.050378084
286,0,5,4,last,0.20612037,0.36959103,0.16347066
50510,1,5,0,first,0.42100888,0.32007176,-0.10093713
50510,1,5,1,middle,0.42100888,0.4564238,0.035414904
50510,1,5,2,middle,0.42100888,0.39139226,-0.029616624
50510,1,5,3,middle,0.42100888,0.42642653,0.005417645
50510,1,5,4,last,0.42100888,0.05628161,-0.36472726
52684,1,5,0,first,0.9706782,0.9705663,-0.00011193752
52684,1,5,1,middle,0.9706782,0.9685195,-0.0021587014
52684,1,5,2,middle,0.9706782,0.9703494,-0.00032883883
52684,1,5,3,middle,0.9706782,0.96781945,-0.002858758
52684,1,5,4,last,0.9706782,0.9716635,0.0009852648
333,0,5,0,first,0.9477143,0.94430554,-0.0034087896
333,0,5,1,middle,0.9477143,0.9472257,-0.0004886389
333,0,5,2,middle,0.9477143,0.9479387,0.00022435188
333,0,5,3,middle,0.9477143,0.9425364,-0.005177915
333,0,5,4,last,0.9477143,0.92808443,-0.019629896
484,1,5,0,first,0.9385835,0.9346452,-0.0039383173
484,1,5,1,middle,0.9385835,0.93392795,-0.00465554
484,1,5,2,middle,0.9385835,0.89122754,-0.04735595
484,1,5,3,middle,0.9385835,0.88832045,-0.050263047
484,1,5,4,last,0.9385835,0.9087998,-0.029783666
1216,1,3,0,first,0.91346484,0.2881705,-0.6252943
1216,1,3,1,middle,0.91346484,0.36336252,-0.55010235
1216,1,3,2,last,0.91346484,0.95613015,0.042665303
50132,1,5,0,first,0.9632447,0.9640657,0.0008209944
50132,1,5,1,middle,0.9632447,0.9299388,-0.033305883
50132,1,5,2,middle,0.9632447,0.9644741,0.0012294054
50132,1,5,3,middle,0.9632447,0.9645395,0.0012948513
50132,1,5,4,last,0.9632447,0.9596194,-0.0036252737
21556,1,5,0,first,0.110697255,0.044721715,-0.06597554
21556,1,5,1,middle,0.110697255,0.073253386,-0.03744387
21556,1,5,2,middle,0.110697255,0.1658608,0.055163547
21556,1,5,3,middle,0.110697255,0.09414408,-0.016553171
21556,1,5,4,last,0.110697255,0.08391062,-0.026786633
731,0,5,0,first,0.048366304,0.03980796,-0.008558344
731,0,5,1,middle,0.048366304,0.088668145,0.04030184
731,0,5,2,middle,0.048366304,0.07999145,0.031625148
731,0,5,3,middle,0.048366304,0.050188832,0.0018225275
731,0,5,4,last,0.048366304,0.047833245,-0.00053305924
25087,0,5,0,first,0.031448316,0.031076392,-0.00037192367
25087,0,5,1,middle,0.031448316,0.04890544,0.017457124
25087,0,5,2,middle,0.031448316,0.033531122,0.002082806
25087,0,5,3,middle,0.031448316,0.03283432,0.0013860054
25087,0,5,4,last,0.031448316,0.044455077,0.013006762
18383,0,5,0,first,0.13127899,0.27119184,0.13991284
18383,0,5,1,middle,0.13127899,0.05903656,-0.07224243
18383,0,5,2,middle,0.13127899,0.119323455,-0.011955537
18383,0,5,3,middle,0.13127899,0.24171744,0.11043845
18383,0,5,4,last,0.13127899,0.15128386,0.020004869
2203,0,5,0,first,0.07044088,0.08595651,0.0155156255
2203,0,5,1,middle,0.07044088,0.057891347,-0.012549534
2203,0,5,2,middle,0.07044088,0.043149922,-0.027290959
2203,0,5,3,middle,0.07044088,0.12517448,0.054733597
2203,0,5,4,last,0.07044088,0.058475263,-0.011965618
40939,0,2,0,first,0.038365174,0.0530782,0.014713027
40939,0,2,1,last,0.038365174,0.07369194,0.035326768
31238,0,3,0,first,0.03518367,0.03603583,0.00085215643
31238,0,3,1,middle,0.03518367,0.04642833,0.011244658
31238,0,3,2,last,0.03518367,0.03345934,-0.0017243326
13566,1,5,0,first,0.92522573,0.8593537,-0.06587201
13566,1,5,1,middle,0.92522573,0.9277316,0.0025058389
13566,1,5,2,middle,0.92522573,0.70956933,-0.2156564
13566,1,5,3,middle,0.92522573,0.9313421,0.00611639
13566,1,5,4,last,0.92522573,0.9238078,-0.0014179349
189,1,3,0,first,0.9665462,0.8888692,-0.07767695
189,1,3,1,middle,0.9665462,0.964657,-0.0018891692
189,1,3,2,last,0.9665462,0.956117,-0.0104292035
336,1,4,0,first,0.61462045,0.6993808,0.08476037
336,1,4,1,middle,0.61462045,0.37633565,-0.2382848
336,1,4,2,middle,0.61462045,0.7538679,0.13924748
336,1,4,3,last,0.61462045,0.49292734,-0.121693105
1281,0,5,0,first,0.14477104,0.17529833,0.030527294
1281,0,5,1,middle,0.14477104,0.09083276,-0.053938277
1281,0,5,2,middle,0.14477104,0.23671843,0.09194739
1281,0,5,3,middle,0.14477104,0.17436601,0.029594973
1281,0,5,4,last,0.14477104,0.039002262,-0.10576878
700,1,5,0,first,0.9599862,0.95446795,-0.0055182576
700,1,5,1,middle,0.9599862,0.96754664,0.007560432
700,1,5,2,middle,0.9599862,0.9638284,0.003842175
700,1,5,3,middle,0.9599862,0.9140029,-0.045983315
700,1,5,4,last,0.9599862,0.93659264,-0.023393571
1504,1,5,0,first,0.68840945,0.34864753,-0.3397619
1504,1,5,1,middle,0.68840945,0.44985148,-0.23855796
1504,1,5,2,middle,0.68840945,0.712701,0.024291575
1504,1,5,3,middle,0.68840945,0.6916359,0.003226459
1504,1,5,4,last,0.68840945,0.3486843,-0.33972514
1365,0,5,0,first,0.12507857,0.04389461,-0.08118396
1365,0,5,1,middle,0.12507857,0.14396323,0.018884659
1365,0,5,2,middle,0.12507857,0.15691793,0.031839356
1365,0,5,3,middle,0.12507857,0.18291368,0.057835102
1365,0,5,4,last,0.12507857,0.13485532,0.009776741
31170,0,4,0,first,0.5038721,0.28302342,-0.22084868
31170,0,4,1,middle,0.5038721,0.319395,-0.18447709
31170,0,4,2,middle,0.5038721,0.18569529,-0.3181768
31170,0,4,3,last,0.5038721,0.13479672,-0.36907536
1710,0,5,0,first,0.08440875,0.06989564,-0.014513113
1710,0,5,1,middle,0.08440875,0.04576586,-0.038642894
1710,0,5,2,middle,0.08440875,0.052436426,-0.031972326
1710,0,5,3,middle,0.08440875,0.17552097,0.09111222
1710,0,5,4,last,0.08440875,0.10406038,0.019651629
495,0,5,0,first,0.031705484,0.03258931,0.0008838251
495,0,5,1,middle,0.031705484,0.032537676,0.0008321926
495,0,5,2,middle,0.031705484,0.036959916,0.0052544326
495,0,5,3,middle,0.031705484,0.030207936,-0.0014975481
495,0,5,4,last,0.031705484,0.03656206,0.0048565753
43546,0,4,0,first,0.17297989,0.09837292,-0.07460697
43546,0,4,1,middle,0.17297989,0.07765935,-0.09532054
43546,0,4,2,middle,0.17297989,0.037468318,-0.13551158
43546,0,4,3,last,0.17297989,0.753713,0.5807331
1399,1,5,0,first,0.080236316,0.07389511,-0.006341204
1399,1,5,1,middle,0.080236316,0.068478055,-0.01175826
1399,1,5,2,middle,0.080236316,0.058367696,-0.02186862
1399,1,5,3,middle,0.080236316,0.093310356,0.01307404
1399,1,5,4,last,0.080236316,0.08961039,0.009374075
2072,0,5,0,first,0.8194115,0.73769337,-0.08171815
2072,0,5,1,middle,0.8194115,0.66686034,-0.15255117
2072,0,5,2,middle,0.8194115,0.066609524,-0.752802
2072,0,5,3,middle,0.8194115,0.91445553,0.09504402
2072,0,5,4,last,0.8194115,0.7970364,-0.022375107
38295,0,5,0,first,0.9160907,0.94732046,0.031229734
38295,0,5,1,middle,0.9160907,0.36935824,-0.5467325
38295,0,5,2,middle,0.9160907,0.10403016,-0.8120606
38295,0,5,3,middle,0.9160907,0.96007156,0.043980837
38295,0,5,4,last,0.9160907,0.9351265,0.019035757
55527,1,5,0,first,0.64438754,0.6968425,0.05245495
55527,1,5,1,middle,0.64438754,0.0987219,-0.5456656
55527,1,5,2,middle,0.64438754,0.42483833,-0.21954921
55527,1,5,3,middle,0.64438754,0.1044268,-0.53996074
55527,1,5,4,last,0.64438754,0.8934541,0.24906653
1166,1,5,0,first,0.97009414,0.94268036,-0.027413785
1166,1,5,1,middle,0.97009414,0.9683876,-0.0017065406
1166,1,5,2,middle,0.97009414,0.96650875,-0.0035853982
1166,1,5,3,middle,0.97009414,0.9694801,-0.00061404705
1166,1,5,4,last,0.97009414,0.97055703,0.00046288967
1364,0,5,0,first,0.046315145,0.04607318,-0.00024196506
1364,0,5,1,middle,0.046315145,0.04605577,-0.00025937334
1364,0,5,2,middle,0.046315145,0.038038265,-0.00827688
1364,0,5,3,middle,0.046315145,0.05370811,0.0073929653
1364,0,5,4,last,0.046315145,0.05466077,0.008345626
25494,1,5,0,first,0.96777064,0.9695005,0.001729846
25494,1,5,1,middle,0.96777064,0.9680721,0.0003014803
25494,1,5,2,middle,0.96777064,0.9666636,-0.0011070371
25494,1,5,3,middle,0.96777064,0.9668524,-0.00091820955
25494,1,5,4,last,0.96777064,0.9590043,-0.008766353
1308,0,5,0,first,0.052122712,0.08502118,0.03289847
1308,0,5,1,middle,0.052122712,0.047774535,-0.0043481775
1308,0,5,2,middle,0.052122712,0.058139764,0.0060170516
1308,0,5,3,middle,0.052122712,0.049919225,-0.0022034869
1308,0,5,4,last,0.052122712,0.056096736,0.003974024
1015,1,5,0,first,0.96516365,0.9649374,-0.00022625923
1015,1,5,1,middle,0.96516365,0.9623111,-0.002852559
1015,1,5,2,middle,0.96516365,0.95191747,-0.013246179
1015,1,5,3,middle,0.96516365,0.94897234,-0.016191304
1015,1,5,4,last,0.96516365,0.9552134,-0.009950221
44863,0,5,0,first,0.055191208,0.052321527,-0.0028696805
44863,0,5,1,middle,0.055191208,0.0624194,0.007228192
44863,0,5,2,middle,0.055191208,0.060650438,0.0054592304
44863,0,5,3,middle,0.055191208,0.04684889,-0.008342318
44863,0,5,4,last,0.055191208,0.06096576,0.005774554
11091,0,4,0,first,0.036154263,0.04253526,0.0063809976
11091,0,4,1,middle,0.036154263,0.039382216,0.0032279529
11091,0,4,2,middle,0.036154263,0.035644002,-0.00051026046
11091,0,4,3,last,0.036154263,0.03897582,0.0028215572
2185,0,5,0,first,0.031380214,0.04203137,0.010651156
2185,0,5,1,middle,0.031380214,0.0333177,0.0019374862
2185,0,5,2,middle,0.031380214,0.02898346,-0.002396753
2185,0,5,3,middle,0.031380214,0.033039104,0.0016588904
2185,0,5,4,last,0.031380214,0.034553625,0.003173411
52299,0,2,0,first,0.03368503,0.049324926,0.015639897
52299,0,2,1,last,0.03368503,0.03779861,0.004113581
7823,0,4,0,first,0.03290857,0.043285567,0.010376997
7823,0,4,1,middle,0.03290857,0.034809902,0.0019013323
7823,0,4,2,middle,0.03290857,0.03182938,-0.0010791905
7823,0,4,3,last,0.03290857,0.03342588,0.0005173087
1610,0,4,0,first,0.036720168,0.036321014,-0.00039915368
1610,0,4,1,middle,0.036720168,0.037393,0.00067283213
1610,0,4,2,middle,0.036720168,0.042652845,0.0059326775
1610,0,4,3,last,0.036720168,0.034714986,-0.0020051822
137,1,5,0,first,0.7042349,0.8828848,0.1786499
137,1,5,1,middle,0.7042349,0.77920717,0.07497227
137,1,5,2,middle,0.7042349,0.78353506,0.079300165
137,1,5,3,middle,0.7042349,0.7419932,0.03775829
137,1,5,4,last,0.7042349,0.18115078,-0.5230841
25818,1,5,0,first,0.8780122,0.88260925,0.004597068
25818,1,5,1,middle,0.8780122,0.8317028,-0.046309352
25818,1,5,2,middle,0.8780122,0.8742151,-0.0037970543
25818,1,5,3,middle,0.8780122,0.73201895,-0.14599323
25818,1,5,4,last,0.8780122,0.8340591,-0.04395306
11303,1,5,0,first,0.57837975,0.5614417,-0.01693803
11303,1,5,1,middle,0.57837975,0.48995635,-0.0884234
11303,1,5,2,middle,0.57837975,0.38311282,-0.19526693
11303,1,5,3,middle,0.57837975,0.27447754,-0.3039022
11303,1,5,4,last,0.57837975,0.7998743,0.22149456
196,1,5,0,first,0.7299058,0.79599005,0.066084266
196,1,5,1,middle,0.7299058,0.52172613,-0.20817965
196,1,5,2,middle,0.7299058,0.66448915,-0.065416634
196,1,5,3,middle,0.7299058,0.87765855,0.14775276
196,1,5,4,last,0.7299058,0.5702129,-0.15969288
1193,1,5,0,first,0.8625596,0.79936033,-0.06319928
1193,1,5,1,middle,0.8625596,0.8852416,0.022682011
1193,1,5,2,middle,0.8625596,0.770766,-0.0917936
1193,1,5,3,middle,0.8625596,0.74166197,-0.12089765
1193,1,5,4,last,0.8625596,0.9334725,0.0709129
656,0,5,0,first,0.20778601,0.32619983,0.11841382
656,0,5,1,middle,0.20778601,0.18335368,-0.024432331
656,0,5,2,middle,0.20778601,0.10096542,-0.10682059
656,0,5,3,middle,0.20778601,0.053659417,-0.15412658
656,0,5,4,last,0.20778601,0.5259602,0.31817418
726,1,5,0,first,0.92595094,0.7096002,-0.21635073
726,1,5,1,middle,0.92595094,0.8559766,-0.06997436
726,1,5,2,middle,0.92595094,0.9143729,-0.011578023
726,1,5,3,middle,0.92595094,0.9411919,0.015240967
726,1,5,4,last,0.92595094,0.92046154,-0.005489409
154,1,5,0,first,0.9261591,0.93591917,0.009760082
154,1,5,1,middle,0.9261591,0.8738767,-0.052282393
154,1,5,2,middle,0.9261591,0.8108532,-0.1153059
154,1,5,3,middle,0.9261591,0.9368297,0.010670602
154,1,5,4,last,0.9261591,0.93514794,0.008988857
46867,0,5,0,first,0.8982068,0.39476818,-0.5034386
46867,0,5,1,middle,0.8982068,0.90954995,0.011343181
46867,0,5,2,middle,0.8982068,0.9483416,0.050134838
46867,0,5,3,middle,0.8982068,0.64239955,-0.25580722
46867,0,5,4,last,0.8982068,0.880914,-0.017292798
1067,1,5,0,first,0.8382213,0.8213185,-0.016902804
1067,1,5,1,middle,0.8382213,0.86550325,0.02728194
1067,1,5,2,middle,0.8382213,0.8771143,0.038892984
1067,1,5,3,middle,0.8382213,0.8819499,0.04372859
1067,1,5,4,last,0.8382213,0.43345064,-0.40477067
39140,1,5,0,first,0.9726652,0.96915823,-0.0035069585
39140,1,5,1,middle,0.9726652,0.9708789,-0.0017862916
39140,1,5,2,middle,0.9726652,0.9727437,7.849932e-05
39140,1,5,3,middle,0.9726652,0.97131336,-0.0013518333
39140,1,5,4,last,0.9726652,0.9732667,0.0006015301
28337,0,5,0,first,0.87815547,0.85255307,-0.0256024
28337,0,5,1,middle,0.87815547,0.8871679,0.009012401
28337,0,5,2,middle,0.87815547,0.8409491,-0.03720635
28337,0,5,3,middle,0.87815547,0.82174283,-0.056412637
28337,0,5,4,last,0.87815547,0.76326615,-0.11488932
522,0,5,0,first,0.5040366,0.25981262,-0.24422398
522,0,5,1,middle,0.5040366,0.3751103,-0.1289263
522,0,5,2,middle,0.5040366,0.18161939,-0.3224172
522,0,5,3,middle,0.5040366,0.7175361,0.21349949
522,0,5,4,last,0.5040366,0.44808707,-0.05594954
1041,1,5,0,first,0.8394795,0.83887833,-0.00060117245
1041,1,5,1,middle,0.8394795,0.41653362,-0.4229459
1041,1,5,2,middle,0.8394795,0.9011672,0.061687708
1041,1,5,3,middle,0.8394795,0.3720979,-0.4673816
1041,1,5,4,last,0.8394795,0.938669,0.09918952
811,1,5,0,first,0.8366143,0.81849635,-0.018117964
811,1,5,1,middle,0.8366143,0.9009215,0.06430721
811,1,5,2,middle,0.8366143,0.8289522,-0.0076621175
811,1,5,3,middle,0.8366143,0.3231176,-0.5134967
811,1,5,4,last,0.8366143,0.84135026,0.0047359467
1036,1,5,0,first,0.9176054,0.8613771,-0.05622828
1036,1,5,1,middle,0.9176054,0.86327624,-0.054329157
1036,1,5,2,middle,0.9176054,0.6121804,-0.305425
1036,1,5,3,middle,0.9176054,0.90833825,-0.009267151
1036,1,5,4,last,0.9176054,0.9390948,0.021489382
18528,1,5,0,first,0.068516456,0.05886648,-0.009649977
18528,1,5,1,middle,0.068516456,0.056324027,-0.012192428
18528,1,5,2,middle,0.068516456,0.0872248,0.01870834
18528,1,5,3,middle,0.068516456,0.04647033,-0.022046126
18528,1,5,4,last,0.068516456,0.049457945,-0.01905851
17531,1,5,0,first,0.8674894,0.8961089,0.028619528
17531,1,5,1,middle,0.8674894,0.9461123,0.07862288
17531,1,5,2,middle,0.8674894,0.90461254,0.037123144
17531,1,5,3,middle,0.8674894,0.8670315,-0.00045788288
17531,1,5,4,last,0.8674894,0.5742234,-0.293266
1123,1,5,0,first,0.049012534,0.051136933,0.002124399
1123,1,5,1,middle,0.049012534,0.046346255,-0.0026662797
1123,1,5,2,middle,0.049012534,0.039742965,-0.009269569
1123,1,5,3,middle,0.049012534,0.04057311,-0.008439425
1123,1,5,4,last,0.049012534,0.06164967,0.012637135
18949,1,4,0,first,0.9494705,0.9268422,-0.022628307
18949,1,4,1,middle,0.9494705,0.9125582,-0.036912322
18949,1,4,2,middle,0.9494705,0.9541411,0.0046705604
18949,1,4,3,last,0.9494705,0.92676246,-0.022708058
49189,1,5,0,first,0.967577,0.969335,0.001758039
49189,1,5,1,middle,0.967577,0.9648646,-0.002712369
49189,1,5,2,middle,0.967577,0.96883863,0.0012616515
49189,1,5,3,middle,0.967577,0.9694695,0.0018925071
49189,1,5,4,last,0.967577,0.9672927,-0.00028425455
10928,1,5,0,first,0.96597546,0.9614519,-0.0045235753
10928,1,5,1,middle,0.96597546,0.96137553,-0.004599929
10928,1,5,2,middle,0.96597546,0.95523477,-0.010740697
10928,1,5,3,middle,0.96597546,0.96919227,0.003216803
10928,1,5,4,last,0.96597546,0.9580362,-0.007939279
274,0,5,0,first,0.043647747,0.042043783,-0.0016039647
274,0,5,1,middle,0.043647747,0.053846672,0.010198925
274,0,5,2,middle,0.043647747,0.03456551,-0.009082239
274,0,5,3,middle,0.043647747,0.049492545,0.005844798
274,0,5,4,last,0.043647747,0.053262323,0.009614576
102,0,5,0,first,0.08132804,0.03281965,-0.04850839
102,0,5,1,middle,0.08132804,0.04328614,-0.0380419
102,0,5,2,middle,0.08132804,0.12998797,0.04865993
102,0,5,3,middle,0.08132804,0.049656622,-0.03167142
102,0,5,4,last,0.08132804,0.42216828,0.34084025
44733,0,5,0,first,0.05177465,0.066832244,0.015057594
44733,0,5,1,middle,0.05177465,0.25025657,0.19848192
44733,0,5,2,middle,0.05177465,0.06380725,0.012032598
44733,0,5,3,middle,0.05177465,0.3452649,0.29349026
44733,0,5,4,last,0.05177465,0.036952227,-0.014822423
31818,1,5,0,first,0.9640074,0.9644344,0.00042700768
31818,1,5,1,middle,0.9640074,0.95936227,-0.004645109
31818,1,5,2,middle,0.9640074,0.9642097,0.00020229816
31818,1,5,3,middle,0.9640074,0.9628435,-0.0011638999
31818,1,5,4,last,0.9640074,0.9585666,-0.0054407716
23598,1,4,0,first,0.0941715,0.029249303,-0.0649222
23598,1,4,1,middle,0.0941715,0.20432143,0.11014993
23598,1,4,2,middle,0.0941715,0.20675167,0.11258017
23598,1,4,3,last,0.0941715,0.03176718,-0.062404323
27225,0,5,0,first,0.03833603,0.057148796,0.018812764
27225,0,5,1,middle,0.03833603,0.028943699,-0.009392332
27225,0,5,2,middle,0.03833603,0.034092933,-0.004243098
27225,0,5,3,middle,0.03833603,0.05880433,0.020468298
27225,0,5,4,last,0.03833603,0.058155514,0.019819483
1307,1,5,0,first,0.9503937,0.9021551,-0.048238575
1307,1,5,1,middle,0.9503937,0.9428733,-0.0075203776
1307,1,5,2,middle,0.9503937,0.94640636,-0.0039873123
1307,1,5,3,middle,0.9503937,0.95019656,-0.00019711256
1307,1,5,4,last,0.9503937,0.9576965,0.0073028207
36366,1,5,0,first,0.68487936,0.4824405,-0.20243886
36366,1,5,1,middle,0.68487936,0.703492,0.018612623
36366,1,5,2,middle,0.68487936,0.66788524,-0.016994119
36366,1,5,3,middle,0.68487936,0.4906132,-0.19426617
36366,1,5,4,last,0.68487936,0.07715416,-0.6077252
28200,0,5,0,first,0.32365382,0.41453627,0.09088245
28200,0,5,1,middle,0.32365382,0.2145009,-0.10915291
28200,0,5,2,middle,0.32365382,0.07507403,-0.24857979
28200,0,5,3,middle,0.32365382,0.30797508,-0.015678734
28200,0,5,4,last,0.32365382,0.62966096,0.30600715
21920,1,5,0,first,0.9703122,0.97001374,-0.00029844046
21920,1,5,1,middle,0.9703122,0.9679242,-0.0023880005
21920,1,5,2,middle,0.9703122,0.9608926,-0.00941956
21920,1,5,3,middle,0.9703122,0.9532009,-0.017111301
21920,1,5,4,last,0.9703122,0.97164494,0.0013327599
111,0,5,0,first,0.078640684,0.117898665,0.03925798
111,0,5,1,middle,0.078640684,0.08140098,0.0027602986
111,0,5,2,middle,0.078640684,0.07481647,-0.0038242117
111,0,5,3,middle,0.078640684,0.08337749,0.0047368035
111,0,5,4,last,0.078640684,0.08316208,0.0045213923
1207,1,5,0,first,0.96959037,0.9578266,-0.0117637515
1207,1,5,1,middle,0.96959037,0.96713823,-0.002452135
1207,1,5,2,middle,0.96959037,0.96592563,-0.003664732
1207,1,5,3,middle,0.96959037,0.9707518,0.0011614561
1207,1,5,4,last,0.96959037,0.9708359,0.0012455583
468,1,5,0,first,0.5268656,0.7301917,0.2033261
468,1,5,1,middle,0.5268656,0.70948213,0.18261653
468,1,5,2,middle,0.5268656,0.4458357,-0.08102989
468,1,5,3,middle,0.5268656,0.063376166,-0.46348944
468,1,5,4,last,0.5268656,0.68121386,0.15434825
452,0,5,0,first,0.03505986,0.033108074,-0.0019517876
452,0,5,1,middle,0.03505986,0.036139388,0.0010795258
452,0,5,2,middle,0.03505986,0.03400229,-0.0010575727
452,0,5,3,middle,0.03505986,0.034789283,-0.000270579
452,0,5,4,last,0.03505986,0.091188796,0.056128934
514,0,5,0,first,0.07939898,0.27138406,0.19198507
514,0,5,1,middle,0.07939898,0.066539265,-0.012859717
514,0,5,2,middle,0.07939898,0.05742344,-0.021975543
514,0,5,3,middle,0.07939898,0.22181547,0.14241648
514,0,5,4,last,0.07939898,0.059284687,-0.020114295
592,0,6,0,first,0.11558061,0.12119688,0.00561627
592,0,6,1,middle,0.11558061,0.11516925,-0.00041136146
592,0,6,2,middle,0.11558061,0.14508766,0.029507048
592,0,6,3,middle,0.11558061,0.10323518,-0.012345433
592,0,6,4,middle,0.11558061,0.105919726,-0.009660885
592,0,6,5,last,0.11558061,0.109901674,-0.005678937
689,1,5,0,first,0.21888044,0.12851158,-0.09036887
689,1,5,1,middle,0.21888044,0.12977678,-0.08910367
689,1,5,2,middle,0.21888044,0.34681424,0.1279338
689,1,5,3,middle,0.21888044,0.206938,-0.011942446
689,1,5,4,last,0.21888044,0.20883948,-0.010040969
1179,0,4,0,first,0.029550346,0.034087457,0.004537111
1179,0,4,1,middle,0.029550346,0.034520917,0.004970571
1179,0,4,2,middle,0.029550346,0.027602913,-0.0019474328
1179,0,4,3,last,0.029550346,0.032039374,0.0024890285
126,0,5,0,first,0.2651264,0.18971585,-0.07541056
126,0,5,1,middle,0.2651264,0.23102336,-0.03410305
126,0,5,2,middle,0.2651264,0.23482502,-0.030301392
126,0,5,3,middle,0.2651264,0.22382027,-0.041306138
126,0,5,4,last,0.2651264,0.2936102,0.028483778
37431,0,5,0,first,0.03826011,0.03762562,-0.00063449144
37431,0,5,1,middle,0.03826011,0.04269936,0.0044392496
37431,0,5,2,middle,0.03826011,0.03657149,-0.0016886182
37431,0,5,3,middle,0.03826011,0.03603298,-0.0022271313
37431,0,5,4,last,0.03826011,0.042088497,0.0038283877
1415,1,5,0,first,0.9194982,0.8084624,-0.111035824
1415,1,5,1,middle,0.9194982,0.89455193,-0.024946272
1415,1,5,2,middle,0.9194982,0.8715826,-0.047915578
1415,1,5,3,middle,0.9194982,0.88993734,-0.029560864
1415,1,5,4,last,0.9194982,0.88816553,-0.03133267
936,0,5,0,first,0.45583862,0.1587658,-0.29707283
936,0,5,1,middle,0.45583862,0.19603428,-0.25980434
936,0,5,2,middle,0.45583862,0.41262,-0.043218613
936,0,5,3,middle,0.45583862,0.7089886,0.25315
936,0,5,4,last,0.45583862,0.84145814,0.38561952
2074,0,5,0,first,0.22574729,0.18759702,-0.038150266
2074,0,5,1,middle,0.22574729,0.13534126,-0.09040603
2074,0,5,2,middle,0.22574729,0.2507497,0.02500242
2074,0,5,3,middle,0.22574729,0.27252638,0.046779096
2074,0,5,4,last,0.22574729,0.17909156,-0.04665573
47770,0,5,0,first,0.030468049,0.030743534,0.00027548522
47770,0,5,1,middle,0.030468049,0.03215441,0.0016863625
47770,0,5,2,middle,0.030468049,0.028444966,-0.0020230822
47770,0,5,3,middle,0.030468049,0.031103898,0.0006358493
47770,0,5,4,last,0.030468049,0.04080256,0.010334512
3740,0,3,0,first,0.03778515,0.04240954,0.004624389
3740,0,3,1,middle,0.03778515,0.034974236,-0.002810914
3740,0,3,2,last,0.03778515,0.040877428,0.0030922778
1439,1,5,0,first,0.8923452,0.28850633,-0.60383886
1439,1,5,1,middle,0.8923452,0.91086394,0.018518746
1439,1,5,2,middle,0.8923452,0.8610946,-0.031250596
1439,1,5,3,middle,0.8923452,0.91187304,0.019527853
1439,1,5,4,last,0.8923452,0.8935934,0.0012481809
16362,0,3,0,first,0.03222362,0.038051493,0.005827874
16362,0,3,1,middle,0.03222362,0.039425343,0.0072017238
16362,0,3,2,last,0.03222362,0.033656728,0.001433108
509,0,5,0,first,0.19996959,0.1102623,-0.08970729
509,0,5,1,middle,0.19996959,0.2356312,0.035661608
509,0,5,2,middle,0.19996959,0.1452312,-0.054738387
509,0,5,3,middle,0.19996959,0.062177513,-0.13779208
509,0,5,4,last,0.19996959,0.43625733,0.23628774
51204,0,5,0,first,0.44935688,0.23210974,-0.21724714
51204,0,5,1,middle,0.44935688,0.36852187,-0.080835015
51204,0,5,2,middle,0.44935688,0.7662065,0.31684962
51204,0,5,3,middle,0.44935688,0.34572417,-0.10363272
51204,0,5,4,last,0.44935688,0.39166835,-0.057688534
965,0,5,0,first,0.03999584,0.033246145,-0.006749697
965,0,5,1,middle,0.03999584,0.03233947,-0.007656373
965,0,5,2,middle,0.03999584,0.063056774,0.023060933
965,0,5,3,middle,0.03999584,0.031293977,-0.008701865
965,0,5,4,last,0.03999584,0.05389913,0.01390329
34,1,5,0,first,0.9449423,0.9566237,0.011681378
34,1,5,1,middle,0.9449423,0.9488647,0.003922403
34,1,5,2,middle,0.9449423,0.93825334,-0.0066889524
34,1,5,3,middle,0.9449423,0.962642,0.017699718
34,1,5,4,last,0.9449423,0.8307084,-0.11423391
52618,1,4,0,first,0.061567333,0.120235704,0.05866837
52618,1,4,1,middle,0.061567333,0.044232514,-0.017334819
52618,1,4,2,middle,0.061567333,0.09056412,0.028996784
52618,1,4,3,last,0.061567333,0.06970697,0.008139636
1500,1,5,0,first,0.92969394,0.93022394,0.0005300045
1500,1,5,1,middle,0.92969394,0.95062125,0.02092731
1500,1,5,2,middle,0.92969394,0.94225174,0.012557805
1500,1,5,3,middle,0.92969394,0.9415608,0.011866868
1500,1,5,4,last,0.92969394,0.62862647,-0.30106747
834,0,5,0,first,0.2762509,0.08313372,-0.19311717
834,0,5,1,middle,0.2762509,0.23049311,-0.045757785
834,0,5,2,middle,0.2762509,0.21328321,-0.06296769
834,0,5,3,middle,0.2762509,0.41017744,0.13392654
834,0,5,4,last,0.2762509,0.12885474,-0.14739616
2132,0,5,0,first,0.093254425,0.05773671,-0.035517715
2132,0,5,1,middle,0.093254425,0.08844429,-0.004810132
2132,0,5,2,middle,0.093254425,0.1057509,0.012496479
2132,0,5,3,middle,0.093254425,0.066436455,-0.02681797
2132,0,5,4,last,0.093254425,0.07967917,-0.013575256
25486,1,4,0,first,0.9648134,0.96124685,-0.0035665631
25486,1,4,1,middle,0.9648134,0.9516534,-0.01315999
25486,1,4,2,middle,0.9648134,0.9631842,-0.0016292334
25486,1,4,3,last,0.9648134,0.95623493,-0.008578479
2348,1,3,0,first,0.743257,0.9017732,0.15851623
2348,1,3,1,middle,0.743257,0.119455874,-0.6238011
2348,1,3,2,last,0.743257,0.8273184,0.084061384
650,1,5,0,first,0.7278573,0.7207135,-0.0071437955
650,1,5,1,middle,0.7278573,0.6874072,-0.040450096
650,1,5,2,middle,0.7278573,0.73671186,0.008854568
650,1,5,3,middle,0.7278573,0.43039945,-0.29745784
650,1,5,4,last,0.7278573,0.6954427,-0.032414615
888,1,5,0,first,0.9684973,0.96983486,0.0013375878
888,1,5,1,middle,0.9684973,0.96690214,-0.0015951395
888,1,5,2,middle,0.9684973,0.97044665,0.0019493699
888,1,5,3,middle,0.9684973,0.9684864,-1.0848045e-05
888,1,5,4,last,0.9684973,0.9662122,-0.0022850633
54649,1,5,0,first,0.97219783,0.97119236,-0.0010054708
54649,1,5,1,middle,0.97219783,0.97163826,-0.0005595684
54649,1,5,2,middle,0.97219783,0.9710915,-0.0011063218
54649,1,5,3,middle,0.97219783,0.9712782,-0.00091964006
54649,1,5,4,last,0.97219783,0.97286916,0.0006713271
890,0,5,0,first,0.1399458,0.2188754,0.07892959
890,0,5,1,middle,0.1399458,0.0967346,-0.043211207
890,0,5,2,middle,0.1399458,0.46562734,0.32568154
890,0,5,3,middle,0.1399458,0.09851856,-0.041427247
890,0,5,4,last,0.1399458,0.044689298,-0.09525651
1336,0,5,0,first,0.43360716,0.5252932,0.09168601
1336,0,5,1,middle,0.43360716,0.2408343,-0.19277287
1336,0,5,2,middle,0.43360716,0.30869558,-0.12491158
1336,0,5,3,middle,0.43360716,0.16722,-0.26638716
1336,0,5,4,last,0.43360716,0.54834086,0.114733696
9550,1,5,0,first,0.97137094,0.97011,-0.0012609363
9550,1,5,1,middle,0.97137094,0.9691684,-0.0022025108
9550,1,5,2,middle,0.97137094,0.96935153,-0.0020194054
9550,1,5,3,middle,0.97137094,0.97203946,0.0006685257
9550,1,5,4,last,0.97137094,0.9699781,-0.0013928413
16410,1,5,0,first,0.9353945,0.9583156,0.022921085
16410,1,5,1,middle,0.9353945,0.90618664,-0.029207885
16410,1,5,2,middle,0.9353945,0.87350005,-0.061894476
16410,1,5,3,middle,0.9353945,0.9252295,-0.010165036
16410,1,5,4,last,0.9353945,0.79797125,-0.13742328
844,1,5,0,first,0.88004994,0.5426591,-0.33739084
844,1,5,1,middle,0.88004994,0.86984414,-0.010205805
844,1,5,2,middle,0.88004994,0.77865446,-0.10139549
844,1,5,3,middle,0.88004994,0.8944106,0.014360666
844,1,5,4,last,0.88004994,0.8743474,-0.005702555
12639,1,5,0,first,0.9576619,0.93307704,-0.02458489
12639,1,5,1,middle,0.9576619,0.9555145,-0.0021474361
12639,1,5,2,middle,0.9576619,0.9557271,-0.0019348264
12639,1,5,3,middle,0.9576619,0.9624215,0.00475955
12639,1,5,4,last,0.9576619,0.90291137,-0.05475056
15,1,5,0,first,0.77838683,0.5775583,-0.20082855
15,1,5,1,middle,0.77838683,0.76279503,-0.0155918
15,1,5,2,middle,0.77838683,0.78165376,0.0032669306
15,1,5,3,middle,0.77838683,0.8212595,0.042872667
15,1,5,4,last,0.77838683,0.686682,-0.091704845
339,1,5,0,first,0.9683384,0.9628373,-0.0055010915
339,1,5,1,middle,0.9683384,0.96398765,-0.004350722
339,1,5,2,middle,0.9683384,0.9692917,0.0009533167
339,1,5,3,middle,0.9683384,0.951581,-0.016757369
339,1,5,4,last,0.9683384,0.95712686,-0.0112115145
1778,0,5,0,first,0.72575706,0.7635146,0.037757516
1778,0,5,1,middle,0.72575706,0.7588867,0.033129632
1778,0,5,2,middle,0.72575706,0.68287784,-0.042879224
1778,0,5,3,middle,0.72575706,0.6540573,-0.07169974
1778,0,5,4,last,0.72575706,0.67574024,-0.05001682
5552,0,4,0,first,0.0319127,0.037627153,0.0057144538
5552,0,4,1,middle,0.0319127,0.027296536,-0.0046161637
5552,0,4,2,middle,0.0319127,0.030254692,-0.0016580075
5552,0,4,3,last,0.0319127,0.055925496,0.024012797
44037,1,5,0,first,0.9657073,0.9650827,-0.0006245971
44037,1,5,1,middle,0.9657073,0.963872,-0.0018352866
44037,1,5,2,middle,0.9657073,0.96002203,-0.00568527
44037,1,5,3,middle,0.9657073,0.9709141,0.0052068233
44037,1,5,4,last,0.9657073,0.96446425,-0.0012430549
19,1,5,0,first,0.40135577,0.090409964,-0.3109458
19,1,5,1,middle,0.40135577,0.3775118,-0.023843974
19,1,5,2,middle,0.40135577,0.36036792,-0.04098785
19,1,5,3,middle,0.40135577,0.18301003,-0.21834575
19,1,5,4,last,0.40135577,0.62663555,0.22527978
1846,0,5,0,first,0.04024783,0.04391531,0.0036674775
1846,0,5,1,middle,0.04024783,0.047478765,0.0072309338
1846,0,5,2,middle,0.04024783,0.04033953,9.169802e-05
1846,0,5,3,middle,0.04024783,0.0410882,0.0008403696
1846,0,5,4,last,0.04024783,0.040277127,2.9295683e-05
1138,0,5,0,first,0.0543739,0.046127573,-0.008246329
1138,0,5,1,middle,0.0543739,0.055664815,0.0012909137
1138,0,5,2,middle,0.0543739,0.053394567,-0.0009793341
1138,0,5,3,middle,0.0543739,0.050473448,-0.0039004534
1138,0,5,4,last,0.0543739,0.058840543,0.0044666417
698,1,5,0,first,0.970678,0.9687243,-0.0019536614
698,1,5,1,middle,0.970678,0.957543,-0.013134956
698,1,5,2,middle,0.970678,0.96983296,-0.00084501505
698,1,5,3,middle,0.970678,0.9674914,-0.0031865835
698,1,5,4,last,0.970678,0.9712395,0.00056153536
410,1,5,0,first,0.9537473,0.9294317,-0.024315596
410,1,5,1,middle,0.9537473,0.9538866,0.00013935566
410,1,5,2,middle,0.9537473,0.9239612,-0.02978605
410,1,5,3,middle,0.9537473,0.9567527,0.003005445
410,1,5,4,last,0.9537473,0.9443476,-0.0093996525
20506,0,5,0,first,0.026503542,0.02770703,0.0012034867
20506,0,5,1,middle,0.026503542,0.030086808,0.0035832655
20506,0,5,2,middle,0.026503542,0.028891368,0.0023878254
20506,0,5,3,middle,0.026503542,0.02631217,-0.00019137189
20506,0,5,4,last,0.026503542,0.025630282,-0.0008732602
1621,1,5,0,first,0.84192187,0.7035845,-0.13833737
1621,1,5,1,middle,0.84192187,0.8683921,0.026470244
1621,1,5,2,middle,0.84192187,0.8686661,0.026744246
1621,1,5,3,middle,0.84192187,0.8559443,0.01402241
1621,1,5,4,last,0.84192187,0.68508315,-0.15683872
2988,0,5,0,first,0.04425316,0.0416041,-0.0026490577
2988,0,5,1,middle,0.04425316,0.044055685,-0.00019747391
2988,0,5,2,middle,0.04425316,0.042044733,-0.0022084266
2988,0,5,3,middle,0.04425316,0.045458287,0.0012051277
2988,0,5,4,last,0.04425316,0.05415155,0.009898391
39818,0,5,0,first,0.031005286,0.032580867,0.0015755817
39818,0,5,1,middle,0.031005286,0.03271689,0.0017116033
39818,0,5,2,middle,0.031005286,0.03250298,0.0014976934
39818,0,5,3,middle,0.031005286,0.031827904,0.0008226186
39818,0,5,4,last,0.031005286,0.03417813,0.0031728446
305,0,5,0,first,0.04676409,0.03616696,-0.010597132
305,0,5,1,middle,0.04676409,0.045568414,-0.0011956766
305,0,5,2,middle,0.04676409,0.06597528,0.019211188
305,0,5,3,middle,0.04676409,0.03782883,-0.0089352615
305,0,5,4,last,0.04676409,0.06602312,0.019259028
1449,1,5,0,first,0.048776995,0.04755811,-0.0012188852
1449,1,5,1,middle,0.048776995,0.11302086,0.06424387
1449,1,5,2,middle,0.048776995,0.046795756,-0.0019812398
1449,1,5,3,middle,0.048776995,0.057937965,0.009160969
1449,1,5,4,last,0.048776995,0.04455785,-0.0042191446
30623,1,5,0,first,0.9091121,0.93553525,0.026423156
30623,1,5,1,middle,0.9091121,0.87359947,-0.035512626
30623,1,5,2,middle,0.9091121,0.9106493,0.0015372038
30623,1,5,3,middle,0.9091121,0.91815025,0.00903815
30623,1,5,4,last,0.9091121,0.88087106,-0.028241038
491,0,4,0,first,0.21166787,0.23868689,0.027019024
491,0,4,1,middle,0.21166787,0.15852131,-0.053146556
491,0,4,2,middle,0.21166787,0.37277266,0.1611048
491,0,4,3,last,0.21166787,0.19469213,-0.01697573
49430,0,5,0,first,0.1985753,0.90358263,0.7050073
49430,0,5,1,middle,0.1985753,0.14115079,-0.057424515
49430,0,5,2,middle,0.1985753,0.047740377,-0.15083492
49430,0,5,3,middle,0.1985753,0.22771423,0.029138923
49430,0,5,4,last,0.1985753,0.2476357,0.049060404
1069,0,5,0,first,0.78486097,0.69799083,-0.086870134
1069,0,5,1,middle,0.78486097,0.855534,0.07067305
1069,0,5,2,middle,0.78486097,0.45303684,-0.33182412
1069,0,5,3,middle,0.78486097,0.61689085,-0.16797012
1069,0,5,4,last,0.78486097,0.809642,0.024781048
1420,1,5,0,first,0.96472067,0.31847534,-0.64624536
1420,1,5,1,middle,0.96472067,0.9625849,-0.0021357536
1420,1,5,2,middle,0.96472067,0.9653989,0.00067824125
1420,1,5,3,middle,0.96472067,0.9648775,0.00015681982
1420,1,5,4,last,0.96472067,0.9640231,-0.00069755316
156,1,5,0,first,0.95404905,0.7907543,-0.16329473
156,1,5,1,middle,0.95404905,0.95113504,-0.0029140115
156,1,5,2,middle,0.95404905,0.9476756,-0.006373465
156,1,5,3,middle,0.95404905,0.9517515,-0.0022975802
156,1,5,4,last,0.95404905,0.9552909,0.0012418628
46701,0,5,0,first,0.027537318,0.027746186,0.00020886771
46701,0,5,1,middle,0.027537318,0.028660236,0.001122918
46701,0,5,2,middle,0.027537318,0.028905112,0.0013677943
46701,0,5,3,middle,0.027537318,0.029294504,0.0017571859
46701,0,5,4,last,0.027537318,0.02903532,0.0014980026
2364,1,3,0,first,0.70816284,0.43257195,-0.2755909
2364,1,3,1,middle,0.70816284,0.6496901,-0.058472753
2364,1,3,2,last,0.70816284,0.41889137,-0.28927147
740,1,5,0,first,0.96900797,0.9532236,-0.015784383
740,1,5,1,middle,0.96900797,0.96654576,-0.0024622083
740,1,5,2,middle,0.96900797,0.9123057,-0.056702256
740,1,5,3,middle,0.96900797,0.96589714,-0.003110826
740,1,5,4,last,0.96900797,0.97183245,0.0028244853
53258,1,5,0,first,0.8535298,0.77987474,-0.07365507
53258,1,5,1,middle,0.8535298,0.8770775,0.023547709
53258,1,5,2,middle,0.8535298,0.8575036,0.003973782
53258,1,5,3,middle,0.8535298,0.92333895,0.06980914
53258,1,5,4,last,0.8535298,0.7622196,-0.0913102
316,0,4,0,first,0.029362837,0.03066716,0.0013043229
316,0,4,1,middle,0.029362837,0.03282882,0.0034659822
316,0,4,2,middle,0.029362837,0.030431766,0.0010689292
316,0,4,3,last,0.029362837,0.0302292,0.0008663628
160,0,5,0,first,0.8388882,0.9157475,0.076859295
160,0,5,1,middle,0.8388882,0.88736,0.04847175
160,0,5,2,middle,0.8388882,0.8722912,0.03340298
160,0,5,3,middle,0.8388882,0.52243966,-0.31644857
160,0,5,4,last,0.8388882,0.8374732,-0.0014150143
363,1,5,0,first,0.97254974,0.9727727,0.00022298098
363,1,5,1,middle,0.97254974,0.9725812,3.1471252e-05
363,1,5,2,middle,0.97254974,0.9739121,0.0013623834
363,1,5,3,middle,0.97254974,0.97128516,-0.0012645721
363,1,5,4,last,0.97254974,0.9431162,-0.029433548
31136,0,5,0,first,0.052370515,0.064113215,0.0117427
31136,0,5,1,middle,0.052370515,0.04820412,-0.0041663945
31136,0,5,2,middle,0.052370515,0.078470565,0.02610005
31136,0,5,3,middle,0.052370515,0.04632338,-0.0060471334
31136,0,5,4,last,0.052370515,0.03803602,-0.014334496
388,0,5,0,first,0.8525282,0.83322453,-0.01930368
388,0,5,1,middle,0.8525282,0.7564099,-0.09611833
388,0,5,2,middle,0.8525282,0.7647373,-0.08779091
388,0,5,3,middle,0.8525282,0.73221654,-0.12031168
388,0,5,4,last,0.8525282,0.36140567,-0.49112254
1354,0,5,0,first,0.039227255,0.03193227,-0.0072949864
1354,0,5,1,middle,0.039227255,0.04649334,0.0072660856
1354,0,5,2,middle,0.039227255,0.048749268,0.009522013
1354,0,5,3,middle,0.039227255,0.041663315,0.0024360605
1354,0,5,4,last,0.039227255,0.0478957,0.008668445
1742,0,5,0,first,0.19228974,0.4059351,0.21364537
1742,0,5,1,middle,0.19228974,0.096963085,-0.095326655
1742,0,5,2,middle,0.19228974,0.11919113,-0.07309861
1742,0,5,3,middle,0.19228974,0.36731395,0.17502421
1742,0,5,4,last,0.19228974,0.16941717,-0.022872567
1900,0,5,0,first,0.12677084,0.36071402,0.23394318
1900,0,5,1,middle,0.12677084,0.12076807,-0.006002769
1900,0,5,2,middle,0.12677084,0.13140844,0.004637599
1900,0,5,3,middle,0.12677084,0.36576575,0.23899491
1900,0,5,4,last,0.12677084,0.053541668,-0.07322917
1456,0,5,0,first,0.038850363,0.032694392,-0.0061559714
1456,0,5,1,middle,0.038850363,0.03757879,-0.001271572
1456,0,5,2,middle,0.038850363,0.03680963,-0.0020407327
1456,0,5,3,middle,0.038850363,0.03732694,-0.0015234239
1456,0,5,4,last,0.038850363,0.04600839,0.007158026
22566,0,5,0,first,0.067924246,0.10813542,0.04021117
22566,0,5,1,middle,0.067924246,0.06180976,-0.0061144866
22566,0,5,2,middle,0.067924246,0.06308677,-0.0048374757
22566,0,5,3,middle,0.067924246,0.05225747,-0.015666775
22566,0,5,4,last,0.067924246,0.063859224,-0.004065022
1799,1,5,0,first,0.9719285,0.9690309,-0.0028975606
1799,1,5,1,middle,0.9719285,0.97155535,-0.00037312508
1799,1,5,2,middle,0.9719285,0.9719964,6.7949295e-05
1799,1,5,3,middle,0.9719285,0.9706882,-0.0012402534
1799,1,5,4,last,0.9719285,0.97091234,-0.00101614
37224,1,4,0,first,0.6497137,0.9143594,0.2646457
37224,1,4,1,middle,0.6497137,0.75090456,0.101190865
37224,1,4,2,middle,0.6497137,0.7823219,0.13260818
37224,1,4,3,last,0.6497137,0.11189359,-0.5378201
812,0,5,0,first,0.85561955,0.9180389,0.062419355
812,0,5,1,middle,0.85561955,0.8824134,0.026793838
812,0,5,2,middle,0.85561955,0.8964541,0.040834546
812,0,5,3,middle,0.85561955,0.65376955,-0.20185
812,0,5,4,last,0.85561955,0.8226478,-0.03297174
675,0,5,0,first,0.027215865,0.029690264,0.0024743993
675,0,5,1,middle,0.027215865,0.029153753,0.0019378886
675,0,5,2,middle,0.027215865,0.028298754,0.0010828897
675,0,5,3,middle,0.027215865,0.02743737,0.00022150576
675,0,5,4,last,0.027215865,0.028875574,0.00165971
52592,1,5,0,first,0.9722118,0.9729322,0.00072044134
52592,1,5,1,middle,0.9722118,0.9530525,-0.019159257
52592,1,5,2,middle,0.9722118,0.9684147,-0.0037970543
52592,1,5,3,middle,0.9722118,0.97269195,0.00048017502
52592,1,5,4,last,0.9722118,0.97210884,-0.00010293722
234,1,5,0,first,0.75642866,0.69978553,-0.05664313
234,1,5,1,middle,0.75642866,0.8155067,0.059078038
234,1,5,2,middle,0.75642866,0.37790734,-0.37852132
234,1,5,3,middle,0.75642866,0.9071816,0.15075296
234,1,5,4,last,0.75642866,0.7398621,-0.016566575
1149,0,5,0,first,0.04601579,0.033537634,-0.012478158
1149,0,5,1,middle,0.04601579,0.045137055,-0.0008787364
1149,0,5,2,middle,0.04601579,0.025234107,-0.020781685
1149,0,5,3,middle,0.04601579,0.05518761,0.009171817
1149,0,5,4,last,0.04601579,0.09946161,0.053445816
55729,1,5,0,first,0.95481694,0.943046,-0.011770964
55729,1,5,1,middle,0.95481694,0.9641267,0.009309769
55729,1,5,2,middle,0.95481694,0.91467464,-0.040142298
55729,1,5,3,middle,0.95481694,0.9594858,0.0046688914
55729,1,5,4,last,0.95481694,0.9555406,0.00072366
343,1,5,0,first,0.6011424,0.79791105,0.19676864
343,1,5,1,middle,0.6011424,0.122928135,-0.47821426
343,1,5,2,middle,0.6011424,0.39128166,-0.20986074
343,1,5,3,middle,0.6011424,0.5520592,-0.049083233
343,1,5,4,last,0.6011424,0.54749817,-0.05364424
1649,0,5,0,first,0.26667008,0.08193715,-0.18473293
1649,0,5,1,middle,0.26667008,0.22591239,-0.040757686
1649,0,5,2,middle,0.26667008,0.21950386,-0.047166213
1649,0,5,3,middle,0.26667008,0.49943757,0.23276749
1649,0,5,4,last,0.26667008,0.24924125,-0.01742883
17486,1,5,0,first,0.08090882,0.18018168,0.09927286
17486,1,5,1,middle,0.08090882,0.10538147,0.024472646
17486,1,5,2,middle,0.08090882,0.045347013,-0.035561807
17486,1,5,3,middle,0.08090882,0.14131346,0.060404643
17486,1,5,4,last,0.08090882,0.03209063,-0.04881819
1584,1,4,0,first,0.2077348,0.14017697,-0.06755783
1584,1,4,1,middle,0.2077348,0.082448155,-0.12528664
1584,1,4,2,middle,0.2077348,0.38328105,0.17554626
1584,1,4,3,last,0.2077348,0.30588514,0.09815034
47842,1,5,0,first,0.8930574,0.40102726,-0.49203014
47842,1,5,1,middle,0.8930574,0.87495863,-0.018098772
47842,1,5,2,middle,0.8930574,0.8747275,-0.018329918
47842,1,5,3,middle,0.8930574,0.66923386,-0.22382355
47842,1,5,4,last,0.8930574,0.15735859,-0.7356988
24,1,5,0,first,0.94307363,0.8451579,-0.09791571
24,1,5,1,middle,0.94307363,0.9484145,0.005340874
24,1,5,2,middle,0.94307363,0.8098711,-0.13320255
24,1,5,3,middle,0.94307363,0.9381141,-0.0049595237
24,1,5,4,last,0.94307363,0.8929812,-0.05009246
46051,0,5,0,first,0.3478138,0.15934265,-0.18847117
46051,0,5,1,middle,0.3478138,0.37386155,0.026047736
46051,0,5,2,middle,0.3478138,0.33979404,-0.008019775
46051,0,5,3,middle,0.3478138,0.27468687,-0.07312694
46051,0,5,4,last,0.3478138,0.27685627,-0.07095754
34692,0,5,0,first,0.5029167,0.4703457,-0.032570988
34692,0,5,1,middle,0.5029167,0.53155726,0.028640568
34692,0,5,2,middle,0.5029167,0.7602033,0.2572866
34692,0,5,3,middle,0.5029167,0.64831775,0.14540106
34692,0,5,4,last,0.5029167,0.039063897,-0.4638528
498,0,2,0,first,0.60290706,0.5420777,-0.06082934
498,0,2,1,last,0.60290706,0.29690948,-0.30599758
42957,1,5,0,first,0.94419926,0.95784783,0.01364857
42957,1,5,1,middle,0.94419926,0.8359161,-0.10828316
42957,1,5,2,middle,0.94419926,0.91108465,-0.033114612
42957,1,5,3,middle,0.94419926,0.90613383,-0.038065434
42957,1,5,4,last,0.94419926,0.94253916,-0.0016601086
281,0,5,0,first,0.42572907,0.58368194,0.15795287
281,0,5,1,middle,0.42572907,0.17170237,-0.2540267
281,0,5,2,middle,0.42572907,0.13760841,-0.28812066
281,0,5,3,middle,0.42572907,0.118160285,-0.3075688
281,0,5,4,last,0.42572907,0.57159096,0.1458619
221,0,5,0,first,0.14154889,0.042767834,-0.09878105
221,0,5,1,middle,0.14154889,0.049807627,-0.091741264
221,0,5,2,middle,0.14154889,0.4532013,0.31165242
221,0,5,3,middle,0.14154889,0.1570605,0.015511617
221,0,5,4,last,0.14154889,0.1258606,-0.015688285
945,0,4,0,first,0.028791504,0.03362289,0.0048313867
945,0,4,1,middle,0.028791504,0.036032863,0.007241359
945,0,4,2,middle,0.028791504,0.030810192,0.0020186882
945,0,4,3,last,0.028791504,0.02755423,-0.0012372732
10082,0,5,0,first,0.041008368,0.050747063,0.009738695
10082,0,5,1,middle,0.041008368,0.039236482,-0.0017718859
10082,0,5,2,middle,0.041008368,0.038170256,-0.0028381124
10082,0,5,3,middle,0.041008368,0.03746384,-0.003544528
10082,0,5,4,last,0.041008368,0.040638544,-0.00036982447
1375,1,5,0,first,0.9663934,0.9634495,-0.002943933
1375,1,5,1,middle,0.9663934,0.96631324,-8.016825e-05
1375,1,5,2,middle,0.9663934,0.96674794,0.00035452843
1375,1,5,3,middle,0.9663934,0.96845734,0.00206393
1375,1,5,4,last,0.9663934,0.9657281,-0.00066530704
15147,0,5,0,first,0.03039979,0.032454804,0.0020550136
15147,0,5,1,middle,0.03039979,0.033556923,0.0031571332
15147,0,5,2,middle,0.03039979,0.036858402,0.006458612
15147,0,5,3,middle,0.03039979,0.035564184,0.005164394
15147,0,5,4,last,0.03039979,0.031428512,0.0010287222
820,1,5,0,first,0.9609557,0.95714813,-0.0038075447
820,1,5,1,middle,0.9609557,0.9615635,0.00060784817
820,1,5,2,middle,0.9609557,0.7232686,-0.23768705
820,1,5,3,middle,0.9609557,0.93421936,-0.026736319
820,1,5,4,last,0.9609557,0.9519526,-0.009003103
46814,1,5,0,first,0.83547896,0.89941627,0.06393731
46814,1,5,1,middle,0.83547896,0.88591146,0.050432503
46814,1,5,2,middle,0.83547896,0.79931015,-0.036168814
46814,1,5,3,middle,0.83547896,0.82079315,-0.01468581
46814,1,5,4,last,0.83547896,0.06532268,-0.77015626
38525,1,5,0,first,0.86289465,0.72169983,-0.14119482
38525,1,5,1,middle,0.86289465,0.7769594,-0.085935235
38525,1,5,2,middle,0.86289465,0.8897039,0.026809275
38525,1,5,3,middle,0.86289465,0.84823763,-0.014657021
38525,1,5,4,last,0.86289465,0.86624587,0.0033512115
1098,1,5,0,first,0.85746944,0.8981322,0.040662766
1098,1,5,1,middle,0.85746944,0.8867232,0.02925378
1098,1,5,2,middle,0.85746944,0.87805617,0.020586729
1098,1,5,3,middle,0.85746944,0.45533645,-0.402133
1098,1,5,4,last,0.85746944,0.9270693,0.06959987
1446,1,4,0,first,0.92942077,0.94311035,0.013689578
1446,1,4,1,middle,0.92942077,0.92427063,-0.0051501393
1446,1,4,2,middle,0.92942077,0.939005,0.009584248
1446,1,4,3,last,0.92942077,0.26740614,-0.6620146
182,0,5,0,first,0.22794104,0.4063443,0.17840326
182,0,5,1,middle,0.22794104,0.23890178,0.010960743
182,0,5,2,middle,0.22794104,0.18972546,-0.038215578
182,0,5,3,middle,0.22794104,0.23413254,0.006191507
182,0,5,4,last,0.22794104,0.114475206,-0.11346583
312,0,5,0,first,0.09285246,0.10154622,0.008693762
312,0,5,1,middle,0.09285246,0.14601853,0.053166077
312,0,5,2,middle,0.09285246,0.09868584,0.00583338
312,0,5,3,middle,0.09285246,0.088546485,-0.0043059736
312,0,5,4,last,0.09285246,0.07803301,-0.014819451
43960,1,5,0,first,0.79249847,0.7134581,-0.07904035
43960,1,5,1,middle,0.79249847,0.7301039,-0.06239456
43960,1,5,2,middle,0.79249847,0.83804804,0.04554957
43960,1,5,3,middle,0.79249847,0.7460284,-0.046470046
43960,1,5,4,last,0.79249847,0.73965347,-0.052845
40559,0,4,0,first,0.03601427,0.036327757,0.0003134869
40559,0,4,1,middle,0.03601427,0.044972863,0.008958593
40559,0,4,2,middle,0.03601427,0.03526117,-0.00075310096
40559,0,4,3,last,0.03601427,0.040745255,0.0047309846
33964,1,5,0,first,0.9628065,0.94938946,-0.013417065
33964,1,5,1,middle,0.9628065,0.94834214,-0.014464378
33964,1,5,2,middle,0.9628065,0.96576446,0.00295794
33964,1,5,3,middle,0.9628065,0.962393,-0.00041353703
33964,1,5,4,last,0.9628065,0.9548242,-0.007982314
1686,1,5,0,first,0.9730479,0.90962875,-0.06341916
1686,1,5,1,middle,0.9730479,0.97101384,-0.002034068
1686,1,5,2,middle,0.9730479,0.9734948,0.00044691563
1686,1,5,3,middle,0.9730479,0.9656504,-0.0073975325
1686,1,5,4,last,0.9730479,0.97352976,0.00048184395
38828,0,5,0,first,0.07935798,0.03838777,-0.04097021
38828,0,5,1,middle,0.07935798,0.06732637,-0.012031615
38828,0,5,2,middle,0.07935798,0.09171689,0.012358911
38828,0,5,3,middle,0.07935798,0.056766804,-0.022591177
38828,0,5,4,last,0.07935798,0.16688447,0.087526485
40861,0,5,0,first,0.030026963,0.036415044,0.0063880812
40861,0,5,1,middle,0.030026963,0.031577166,0.0015502032
40861,0,5,2,middle,0.030026963,0.031887855,0.0018608924
40861,0,5,3,middle,0.030026963,0.033558004,0.0035310406
40861,0,5,4,last,0.030026963,0.028196976,-0.0018299874
528,0,5,0,first,0.061473086,0.06675634,0.0052832514
528,0,5,1,middle,0.061473086,0.045489848,-0.015983239
528,0,5,2,middle,0.061473086,0.054205023,-0.0072680637
528,0,5,3,middle,0.061473086,0.049698647,-0.011774439
528,0,5,4,last,0.061473086,0.06288371,0.0014106259
1003,0,5,0,first,0.27436396,0.027180756,-0.2471832
1003,0,5,1,middle,0.27436396,0.48273608,0.20837212
1003,0,5,2,middle,0.27436396,0.333345,0.05898103
1003,0,5,3,middle,0.27436396,0.31394425,0.039580286
1003,0,5,4,last,0.27436396,0.22155562,-0.052808344
10503,1,5,0,first,0.97072595,0.97187954,0.0011535883
10503,1,5,1,middle,0.97072595,0.9699828,-0.0007431507
10503,1,5,2,middle,0.97072595,0.967096,-0.0036299825
10503,1,5,3,middle,0.97072595,0.97159034,0.00086438656
10503,1,5,4,last,0.97072595,0.9696287,-0.0010972619
200,1,5,0,first,0.8992266,0.85877293,-0.040453672
200,1,5,1,middle,0.8992266,0.7218128,-0.17741382
200,1,5,2,middle,0.8992266,0.9618673,0.06264067
200,1,5,3,middle,0.8992266,0.8576108,-0.041615784
200,1,5,4,last,0.8992266,0.9177932,0.018566608
605,1,4,0,first,0.5110902,0.5344363,0.023346066
605,1,4,1,middle,0.5110902,0.2582499,-0.2528403
605,1,4,2,middle,0.5110902,0.5448805,0.03379029
605,1,4,3,last,0.5110902,0.14185093,-0.36923927
1988,0,5,0,first,0.15566835,0.052007914,-0.103660434
1988,0,5,1,middle,0.15566835,0.14913967,-0.0065286756
1988,0,5,2,middle,0.15566835,0.15892969,0.0032613426
1988,0,5,3,middle,0.15566835,0.07003557,-0.08563278
1988,0,5,4,last,0.15566835,0.24918842,0.093520075
20556,0,5,0,first,0.050797228,0.07064387,0.019846644
20556,0,5,1,middle,0.050797228,0.035185322,-0.015611906
20556,0,5,2,middle,0.050797228,0.07580301,0.025005784
20556,0,5,3,middle,0.050797228,0.033287656,-0.017509572
20556,0,5,4,last,0.050797228,0.04293648,-0.007860746
29907,1,5,0,first,0.9515492,0.947809,-0.0037401915
29907,1,5,1,middle,0.9515492,0.94808245,-0.0034667253
29907,1,5,2,middle,0.9515492,0.9493896,-0.0021595955
29907,1,5,3,middle,0.9515492,0.9577051,0.006155908
29907,1,5,4,last,0.9515492,0.9453234,-0.0062257648
1280,1,5,0,first,0.90179664,0.8704153,-0.03138137
1280,1,5,1,middle,0.90179664,0.7419708,-0.15982586
1280,1,5,2,middle,0.90179664,0.9281933,0.026396632
1280,1,5,3,middle,0.90179664,0.75913095,-0.14266568
1280,1,5,4,last,0.90179664,0.87969416,-0.022102475
8160,0,5,0,first,0.7554112,0.7869652,0.031553984
8160,0,5,1,middle,0.7554112,0.64361936,-0.11179185
8160,0,5,2,middle,0.7554112,0.78232414,0.026912928
8160,0,5,3,middle,0.7554112,0.6572807,-0.098130524
8160,0,5,4,last,0.7554112,0.47160053,-0.28381068
38612,0,4,0,first,0.028820861,0.033388358,0.0045674965
38612,0,4,1,middle,0.028820861,0.03129189,0.0024710298
38612,0,4,2,middle,0.028820861,0.03015649,0.0013356283
38612,0,4,3,last,0.028820861,0.030274514,0.001453653
1232,0,5,0,first,0.06324398,0.0657726,0.0025286227
1232,0,5,1,middle,0.06324398,0.06389311,0.00064913183
1232,0,5,2,middle,0.06324398,0.04836652,-0.014877457
1232,0,5,3,middle,0.06324398,0.041666657,-0.021577321
1232,0,5,4,last,0.06324398,0.03766392,-0.025580056
7886,0,5,0,first,0.027904687,0.030863585,0.0029588975
7886,0,5,1,middle,0.027904687,0.028842043,0.0009373557
7886,0,5,2,middle,0.027904687,0.02846636,0.0005616732
7886,0,5,3,middle,0.027904687,0.030928161,0.0030234735
7886,0,5,4,last,0.027904687,0.029249951,0.0013452638
29550,0,4,0,first,0.03192883,0.039168175,0.0072393455
29550,0,4,1,middle,0.03192883,0.029130649,-0.002798181
29550,0,4,2,middle,0.03192883,0.033745676,0.0018168464
29550,0,4,3,last,0.03192883,0.04299911,0.011070281
1245,1,2,0,first,0.60537064,0.029630298,-0.57574034
1245,1,2,1,last,0.60537064,0.885053,0.27968234
37288,0,5,0,first,0.038204644,0.036978673,-0.0012259707
37288,0,5,1,middle,0.038204644,0.037997548,-0.00020709634
37288,0,5,2,middle,0.038204644,0.041136757,0.0029321127
37288,0,5,3,middle,0.038204644,0.038258806,5.4161996e-05
37288,0,5,4,last,0.038204644,0.040626843,0.0024221987
44,1,5,0,first,0.75719833,0.60205585,-0.15514249
44,1,5,1,middle,0.75719833,0.8221038,0.064905465
44,1,5,2,middle,0.75719833,0.7759813,0.018782973
44,1,5,3,middle,0.75719833,0.8443958,0.08719748
44,1,5,4,last,0.75719833,0.59241396,-0.16478437
1521,0,5,0,first,0.53653044,0.5300458,-0.0064846277
1521,0,5,1,middle,0.53653044,0.5767023,0.04017186
1521,0,5,2,middle,0.53653044,0.52651715,-0.010013282
1521,0,5,3,middle,0.53653044,0.18179524,-0.3547352
1521,0,5,4,last,0.53653044,0.636954,0.100423574
214,1,5,0,first,0.9646318,0.9649276,0.00029581785
214,1,5,1,middle,0.9646318,0.96612173,0.0014899373
214,1,5,2,middle,0.9646318,0.9616963,-0.0029354692
214,1,5,3,middle,0.9646318,0.9528019,-0.011829913
214,1,5,4,last,0.9646318,0.8687668,-0.09586501
840,1,5,0,first,0.79549396,0.76110494,-0.03438902
840,1,5,1,middle,0.79549396,0.8760394,0.080545425
840,1,5,2,middle,0.79549396,0.36026692,-0.43522704
840,1,5,3,middle,0.79549396,0.8086385,0.013144553
840,1,5,4,last,0.79549396,0.83561724,0.040123284
46170,1,5,0,first,0.9159327,0.94065714,0.024724424
46170,1,5,1,middle,0.9159327,0.9426115,0.0266788
46170,1,5,2,middle,0.9159327,0.43254322,-0.4833895
46170,1,5,3,middle,0.9159327,0.8940293,-0.021903396
46170,1,5,4,last,0.9159327,0.9481418,0.0322091
792,1,5,0,first,0.49717668,0.8167876,0.31961092
792,1,5,1,middle,0.49717668,0.085845806,-0.41133088
792,1,5,2,middle,0.49717668,0.3390613,-0.15811539
792,1,5,3,middle,0.49717668,0.48229262,-0.014884055
792,1,5,4,last,0.49717668,0.46267775,-0.03449893
1805,1,5,0,first,0.9512632,0.9605227,0.009259522
1805,1,5,1,middle,0.9512632,0.9469485,-0.004314661
1805,1,5,2,middle,0.9512632,0.96137065,0.010107458
1805,1,5,3,middle,0.9512632,0.8387181,-0.11254507
1805,1,5,4,last,0.9512632,0.9563574,0.00509423
15216,0,5,0,first,0.7546559,0.85024446,0.095588565
15216,0,5,1,middle,0.7546559,0.41515687,-0.33949903
15216,0,5,2,middle,0.7546559,0.78076667,0.026110768
15216,0,5,3,middle,0.7546559,0.78809,0.033434093
15216,0,5,4,last,0.7546559,0.40987965,-0.34477624
40460,0,2,0,first,0.59549123,0.0658949,-0.5295963
40460,0,2,1,last,0.59549123,0.75540304,0.15991181
1541,0,5,0,first,0.10668875,0.10883262,0.0021438673
1541,0,5,1,middle,0.10668875,0.118304595,0.011615843
1541,0,5,2,middle,0.10668875,0.123637185,0.016948432
1541,0,5,3,middle,0.10668875,0.11752638,0.010837629
1541,0,5,4,last,0.10668875,0.060205888,-0.046482865
31840,0,5,0,first,0.035598952,0.036805555,0.0012066029
31840,0,5,1,middle,0.035598952,0.03678514,0.0011861883
31840,0,5,2,middle,0.035598952,0.042201433,0.006602481
31840,0,5,3,middle,0.035598952,0.03534798,-0.0002509728
31840,0,5,4,last,0.035598952,0.036205105,0.00060615316
1939,0,5,0,first,0.210646,0.2795595,0.06891349
1939,0,5,1,middle,0.210646,0.22466742,0.014021412
1939,0,5,2,middle,0.210646,0.2337321,0.0230861
1939,0,5,3,middle,0.210646,0.18898971,-0.02165629
1939,0,5,4,last,0.210646,0.15844388,-0.05220212
44474,1,5,0,first,0.23482887,0.08962302,-0.14520586
44474,1,5,1,middle,0.23482887,0.09740953,-0.13741934
44474,1,5,2,middle,0.23482887,0.53435105,0.29952216
44474,1,5,3,middle,0.23482887,0.14266293,-0.09216595
44474,1,5,4,last,0.23482887,0.5012704,0.26644152
17318,0,5,0,first,0.16387966,0.12910612,-0.034773543
17318,0,5,1,middle,0.16387966,0.13745399,-0.026425675
17318,0,5,2,middle,0.16387966,0.14822643,-0.015653238
17318,0,5,3,middle,0.16387966,0.22180176,0.057922095
17318,0,5,4,last,0.16387966,0.1700583,0.0061786324
39424,1,5,0,first,0.27374485,0.14553033,-0.12821452
39424,1,5,1,middle,0.27374485,0.60599613,0.33225128
39424,1,5,2,middle,0.27374485,0.047453444,-0.2262914
39424,1,5,3,middle,0.27374485,0.08135861,-0.19238624
39424,1,5,4,last,0.27374485,0.34663504,0.07289019
1264,1,5,0,first,0.97315514,0.97210455,-0.0010505915
1264,1,5,1,middle,0.97315514,0.9735764,0.00042128563
1264,1,5,2,middle,0.97315514,0.97297275,-0.00018239021
1264,1,5,3,middle,0.97315514,0.971311,-0.0018441677
1264,1,5,4,last,0.97315514,0.97227997,-0.000875175
31345,1,5,0,first,0.97410893,0.9729259,-0.001183033
31345,1,5,1,middle,0.97410893,0.9740034,-0.000105559826
31345,1,5,2,middle,0.97410893,0.9741785,6.955862e-05
31345,1,5,3,middle,0.97410893,0.9738294,-0.00027954578
31345,1,5,4,last,0.97410893,0.9709132,-0.0031957626
317,0,5,0,first,0.8735865,0.7222182,-0.15136826
317,0,5,1,middle,0.8735865,0.9621691,0.088582635
317,0,5,2,middle,0.8735865,0.8897814,0.01619494
317,0,5,3,middle,0.8735865,0.57897544,-0.29461104
317,0,5,4,last,0.8735865,0.8906848,0.017098308
25424,0,5,0,first,0.09087823,0.030294387,-0.060583845
25424,0,5,1,middle,0.09087823,0.06804704,-0.022831194
25424,0,5,2,middle,0.09087823,0.063334845,-0.027543388
25424,0,5,3,middle,0.09087823,0.23801617,0.14713794
25424,0,5,4,last,0.09087823,0.10564958,0.01477135
573,1,5,0,first,0.7412846,0.5658773,-0.17540729
573,1,5,1,middle,0.7412846,0.81157225,0.070287645
573,1,5,2,middle,0.7412846,0.75708705,0.015802443
573,1,5,3,middle,0.7412846,0.70347106,-0.037813544
573,1,5,4,last,0.7412846,0.41369817,-0.32758644
43574,1,5,0,first,0.67365974,0.69407237,0.020412624
43574,1,5,1,middle,0.67365974,0.79762214,0.1239624
43574,1,5,2,middle,0.67365974,0.25357378,-0.42008597
43574,1,5,3,middle,0.67365974,0.69817257,0.024512827
43574,1,5,4,last,0.67365974,0.8105712,0.13691145
1002,0,5,0,first,0.7522973,0.39238077,-0.3599165
1002,0,5,1,middle,0.7522973,0.734589,-0.017708302
1002,0,5,2,middle,0.7522973,0.8083851,0.056087792
1002,0,5,3,middle,0.7522973,0.83539194,0.08309466
1002,0,5,4,last,0.7522973,0.17036824,-0.581929
32770,1,5,0,first,0.96788263,0.97166866,0.0037860274
32770,1,5,1,middle,0.96788263,0.96272784,-0.0051547885
32770,1,5,2,middle,0.96788263,0.96842057,0.0005379319
32770,1,5,3,middle,0.96788263,0.9674412,-0.000441432
32770,1,5,4,last,0.96788263,0.96702087,-0.00086176395
770,1,5,0,first,0.7536998,0.27204648,-0.4816533
770,1,5,1,middle,0.7536998,0.6497754,-0.10392439
770,1,5,2,middle,0.7536998,0.41506755,-0.33863223
770,1,5,3,middle,0.7536998,0.20761593,-0.54608387
770,1,5,4,last,0.7536998,0.85685194,0.103152156
1727,0,5,0,first,0.49540365,0.6952991,0.19989544
1727,0,5,1,middle,0.49540365,0.4083642,-0.08703944
1727,0,5,2,middle,0.49540365,0.6225277,0.12712407
1727,0,5,3,middle,0.49540365,0.10546455,-0.3899391
1727,0,5,4,last,0.49540365,0.25415197,-0.24125168
2,1,5,0,first,0.94999266,0.811741,-0.13825166
2,1,5,1,middle,0.94999266,0.9458892,-0.004103482
2,1,5,2,middle,0.94999266,0.95063096,0.00063830614
2,1,5,3,middle,0.94999266,0.95688677,0.0068941116
2,1,5,4,last,0.94999266,0.8316419,-0.118350744
6362,0,5,0,first,0.7813027,0.7128931,-0.06840956
6362,0,5,1,middle,0.7813027,0.76211333,-0.019189358
6362,0,5,2,middle,0.7813027,0.732643,-0.048659682
6362,0,5,3,middle,0.7813027,0.57814693,-0.20315576
6362,0,5,4,last,0.7813027,0.7299683,-0.05133438
2343,0,5,0,first,0.06928274,0.05987506,-0.0094076805
2343,0,5,1,middle,0.06928274,0.09739181,0.028109066
2343,0,5,2,middle,0.06928274,0.07453163,0.0052488893
2343,0,5,3,middle,0.06928274,0.081500374,0.012217633
2343,0,5,4,last,0.06928274,0.048506126,-0.020776615
10,1,5,0,first,0.9515772,0.95076734,-0.0008098483
10,1,5,1,middle,0.9515772,0.92509335,-0.026483834
10,1,5,2,middle,0.9515772,0.8828334,-0.068743765
10,1,5,3,middle,0.9515772,0.93970835,-0.0118688345
10,1,5,4,last,0.9515772,0.9427872,-0.008790016
14092,0,5,0,first,0.22604734,0.044141714,-0.18190563
14092,0,5,1,middle,0.22604734,0.09407547,-0.13197187
14092,0,5,2,middle,0.22604734,0.41201618,0.18596885
14092,0,5,3,middle,0.22604734,0.21311377,-0.012933567
14092,0,5,4,last,0.22604734,0.26809782,0.04205048
26210,1,5,0,first,0.1475139,0.34636343,0.19884953
26210,1,5,1,middle,0.1475139,0.13508855,-0.012425348
26210,1,5,2,middle,0.1475139,0.20008561,0.052571714
26210,1,5,3,middle,0.1475139,0.13457002,-0.012943879
26210,1,5,4,last,0.1475139,0.036425218,-0.11108868
36370,0,5,0,first,0.39455038,0.34269732,-0.05185306
36370,0,5,1,middle,0.39455038,0.43868127,0.04413089
36370,0,5,2,middle,0.39455038,0.7203708,0.32582045
36370,0,5,3,middle,0.39455038,0.40213293,0.0075825453
36370,0,5,4,last,0.39455038,0.20038389,-0.1941665
1088,1,4,0,first,0.09010093,0.0737313,-0.016369626
1088,1,4,1,middle,0.09010093,0.08996732,-0.00013361126
1088,1,4,2,middle,0.09010093,0.055499014,-0.034601916
1088,1,4,3,last,0.09010093,0.19181523,0.1017143
48702,1,5,0,first,0.97295636,0.6096285,-0.36332786
48702,1,5,1,middle,0.97295636,0.97022635,-0.002730012
48702,1,5,2,middle,0.97295636,0.9723193,-0.00063705444
48702,1,5,3,middle,0.97295636,0.97239685,-0.0005595088
48702,1,5,4,last,0.97295636,0.9730847,0.0001283288
1104,1,5,0,first,0.9343494,0.96130073,0.026951313
1104,1,5,1,middle,0.9343494,0.90075934,-0.03359008
1104,1,5,2,middle,0.9343494,0.8274481,-0.10690129
1104,1,5,3,middle,0.9343494,0.9552556,0.02090621
1104,1,5,4,last,0.9343494,0.95012057,0.01577115
823,1,5,0,first,0.664029,0.67803556,0.014006555
823,1,5,1,middle,0.664029,0.5530628,-0.110966206
823,1,5,2,middle,0.664029,0.4864139,-0.1776151
823,1,5,3,middle,0.664029,0.070254356,-0.5937747
823,1,5,4,last,0.664029,0.83180445,0.16777545
373,1,5,0,first,0.96841484,0.95970887,-0.008705974
373,1,5,1,middle,0.96841484,0.96897763,0.00056278706
373,1,5,2,middle,0.96841484,0.96806484,-0.00034999847
373,1,5,3,middle,0.96841484,0.9678675,-0.00054734945
373,1,5,4,last,0.96841484,0.96021277,-0.008202076
7046,0,5,0,first,0.038196594,0.04047518,0.002278585
7046,0,5,1,middle,0.038196594,0.038879972,0.0006833784
7046,0,5,2,middle,0.038196594,0.038641624,0.00044503063
7046,0,5,3,middle,0.038196594,0.034494817,-0.0037017763
7046,0,5,4,last,0.038196594,0.035919067,-0.002277527
994,0,5,0,first,0.17935906,0.22806388,0.048704818
994,0,5,1,middle,0.17935906,0.32492584,0.14556678
994,0,5,2,middle,0.17935906,0.13315983,-0.046199232
994,0,5,3,middle,0.17935906,0.16414355,-0.015215516
994,0,5,4,last,0.17935906,0.11044552,-0.06891354
52469,0,4,0,first,0.03510333,0.07986868,0.044765353
52469,0,4,1,middle,0.03510333,0.037359793,0.0022564642
52469,0,4,2,middle,0.03510333,0.03471054,-0.00039278716
52469,0,4,3,last,0.03510333,0.031490624,-0.0036127046
1625,1,5,0,first,0.9727011,0.9624585,-0.010242581
1625,1,5,1,middle,0.9727011,0.9730599,0.00035881996
1625,1,5,2,middle,0.9727011,0.9732238,0.00052273273
1625,1,5,3,middle,0.9727011,0.9719107,-0.0007903576
1625,1,5,4,last,0.9727011,0.9729159,0.00021481514
50021,0,5,0,first,0.07406844,0.075477675,0.0014092326
50021,0,5,1,middle,0.07406844,0.08610775,0.012039311
50021,0,5,2,middle,0.07406844,0.048623983,-0.02544446
50021,0,5,3,middle,0.07406844,0.05605749,-0.018010952
50021,0,5,4,last,0.07406844,0.08988877,0.015820324
11398,0,5,0,first,0.059964612,0.21874335,0.15877874
11398,0,5,1,middle,0.059964612,0.045767847,-0.014196765
11398,0,5,2,middle,0.059964612,0.04750204,-0.012462571
11398,0,5,3,middle,0.059964612,0.04982381,-0.010140803
11398,0,5,4,last,0.059964612,0.09636203,0.03639742
16479,1,5,0,first,0.8920841,0.854297,-0.03778714
16479,1,5,1,middle,0.8920841,0.71350616,-0.17857796
16479,1,5,2,middle,0.8920841,0.86536014,-0.02672398
16479,1,5,3,middle,0.8920841,0.85830003,-0.03378409
16479,1,5,4,last,0.8920841,0.8838824,-0.008201718
1631,1,5,0,first,0.031983495,0.04353242,0.011548925
1631,1,5,1,middle,0.031983495,0.030390026,-0.0015934687
1631,1,5,2,middle,0.031983495,0.031502523,-0.00048097223
1631,1,5,3,middle,0.031983495,0.044963308,0.012979813
1631,1,5,4,last,0.031983495,0.032666728,0.00068323314
13738,0,5,0,first,0.5511947,0.6369709,0.08577615
13738,0,5,1,middle,0.5511947,0.44933563,-0.10185909
13738,0,5,2,middle,0.5511947,0.3194603,-0.23173442
13738,0,5,3,middle,0.5511947,0.3281854,-0.22300932
13738,0,5,4,last,0.5511947,0.2910421,-0.26015264
1260,1,4,0,first,0.8693666,0.048170745,-0.82119584
1260,1,4,1,middle,0.8693666,0.92825943,0.058892846
1260,1,4,2,middle,0.8693666,0.77610415,-0.093262434
1260,1,4,3,last,0.8693666,0.90982336,0.04045677
709,1,5,0,first,0.26874918,0.13334367,-0.13540551
709,1,5,1,middle,0.26874918,0.108003266,-0.16074592
709,1,5,2,middle,0.26874918,0.13836995,-0.13037923
709,1,5,3,middle,0.26874918,0.1350007,-0.13374847
709,1,5,4,last,0.26874918,0.5010564,0.2323072
708,1,5,0,first,0.9097039,0.849703,-0.060000896
708,1,5,1,middle,0.9097039,0.90636486,-0.0033390522
708,1,5,2,middle,0.9097039,0.90093136,-0.008772552
708,1,5,3,middle,0.9097039,0.828726,-0.08097792
708,1,5,4,last,0.9097039,0.7958143,-0.113889635
236,1,4,0,first,0.8658478,0.79202276,-0.07382506
236,1,4,1,middle,0.8658478,0.8294238,-0.03642404
236,1,4,2,middle,0.8658478,0.7366264,-0.12922144
236,1,4,3,last,0.8658478,0.80845183,-0.057395995
1116,0,3,0,first,0.05429886,0.0465986,-0.0077002607
1116,0,3,1,middle,0.05429886,0.16044807,0.10614921
1116,0,3,2,last,0.05429886,0.03401364,-0.020285219
1596,1,5,0,first,0.882481,0.08848787,-0.7939931
1596,1,5,1,middle,0.882481,0.78547496,-0.09700602
1596,1,5,2,middle,0.882481,0.93977267,0.057291687
1596,1,5,3,middle,0.882481,0.9109155,0.028434515
1596,1,5,4,last,0.882481,0.88700646,0.0045254827
50886,0,5,0,first,0.91671664,0.90651906,-0.01019758
50886,0,5,1,middle,0.91671664,0.8863564,-0.030360222
50886,0,5,2,middle,0.91671664,0.79147846,-0.12523818
50886,0,5,3,middle,0.91671664,0.92437774,0.007661104
50886,0,5,4,last,0.91671664,0.9176114,0.0008947849
37177,1,5,0,first,0.35535675,0.36258554,0.0072287917
37177,1,5,1,middle,0.35535675,0.24492978,-0.11042698
37177,1,5,2,middle,0.35535675,0.19866021,-0.15669654
37177,1,5,3,middle,0.35535675,0.4992443,0.14388755
37177,1,5,4,last,0.35535675,0.17656489,-0.17879187
1061,1,5,0,first,0.96796274,0.9668598,-0.0011029243
1061,1,5,1,middle,0.96796274,0.962832,-0.005130768
1061,1,5,2,middle,0.96796274,0.96621275,-0.0017499924
1061,1,5,3,middle,0.96796274,0.96446335,-0.0034993887
1061,1,5,4,last,0.96796274,0.9630303,-0.004932463
49791,1,5,0,first,0.96871245,0.9656866,-0.0030258298
49791,1,5,1,middle,0.96871245,0.9653415,-0.0033709407
49791,1,5,2,middle,0.96871245,0.96268445,-0.0060279965
49791,1,5,3,middle,0.96871245,0.9636862,-0.0050262213
49791,1,5,4,last,0.96871245,0.9697705,0.001058042
475,1,5,0,first,0.15271086,0.12606181,-0.026649043
475,1,5,1,middle,0.15271086,0.08601082,-0.066700034
475,1,5,2,middle,0.15271086,0.25019753,0.097486675
475,1,5,3,middle,0.15271086,0.15558451,0.0028736591
475,1,5,4,last,0.15271086,0.0395297,-0.11318116
1796,1,5,0,first,0.97005886,0.9685841,-0.0014747381
1796,1,5,1,middle,0.97005886,0.96962756,-0.0004312992
1796,1,5,2,middle,0.97005886,0.96884906,-0.0012097955
1796,1,5,3,middle,0.97005886,0.9699848,-7.402897e-05
1796,1,5,4,last,0.97005886,0.96999174,-6.711483e-05
48013,1,5,0,first,0.9383419,0.9419348,0.0035929084
48013,1,5,1,middle,0.9383419,0.9297708,-0.008571088
48013,1,5,2,middle,0.9383419,0.9452223,0.0068804026
48013,1,5,3,middle,0.9383419,0.919014,-0.019327939
48013,1,5,4,last,0.9383419,0.93369186,-0.0046500564
54707,1,5,0,first,0.96651345,0.9664207,-9.274483e-05
54707,1,5,1,middle,0.96651345,0.9630306,-0.0034828782
54707,1,5,2,middle,0.96651345,0.9610474,-0.005466044
54707,1,5,3,middle,0.96651345,0.96425194,-0.0022615194
54707,1,5,4,last,0.96651345,0.95571625,-0.010797203
28063,0,5,0,first,0.029312665,0.032461062,0.0031483974
28063,0,5,1,middle,0.029312665,0.027963897,-0.0013487674
28063,0,5,2,middle,0.029312665,0.028645119,-0.00066754594
28063,0,5,3,middle,0.029312665,0.029652163,0.00033949874
28063,0,5,4,last,0.029312665,0.03390892,0.004596254
20141,1,5,0,first,0.9623838,0.95693487,-0.0054489374
20141,1,5,1,middle,0.9623838,0.9488804,-0.013503432
20141,1,5,2,middle,0.9623838,0.9643703,0.0019865036
20141,1,5,3,middle,0.9623838,0.95724297,-0.005140841
20141,1,5,4,last,0.9623838,0.95075893,-0.011624873
1427,0,3,0,first,0.07124004,0.110531144,0.039291106
1427,0,3,1,middle,0.07124004,0.058714908,-0.01252513
1427,0,3,2,last,0.07124004,0.045787983,-0.025452055
816,0,5,0,first,0.64884996,0.74764085,0.098790884
816,0,5,1,middle,0.64884996,0.5764427,-0.072407246
816,0,5,2,middle,0.64884996,0.56401306,-0.0848369
816,0,5,3,middle,0.64884996,0.68684167,0.037991703
816,0,5,4,last,0.64884996,0.35993788,-0.2889121
886,1,5,0,first,0.7218472,0.13474463,-0.58710253
886,1,5,1,middle,0.7218472,0.8215744,0.09972721
886,1,5,2,middle,0.7218472,0.6750642,-0.04678297
886,1,5,3,middle,0.7218472,0.7270977,0.0052505136
886,1,5,4,last,0.7218472,0.5750523,-0.14679486
1356,0,4,0,first,0.93293726,0.93925786,0.0063205957
1356,0,4,1,middle,0.93293726,0.9445955,0.011658251
1356,0,4,2,middle,0.93293726,0.25694934,-0.67598796
1356,0,4,3,last,0.93293726,0.66502815,-0.2679091
1000,1,5,0,first,0.967821,0.96747345,-0.00034755468
1000,1,5,1,middle,0.967821,0.9535748,-0.014246225
1000,1,5,2,middle,0.967821,0.95431674,-0.013504267
1000,1,5,3,middle,0.967821,0.95687747,-0.010943532
1000,1,5,4,last,0.967821,0.9714788,0.0036578178
1238,0,5,0,first,0.04028751,0.039960504,-0.00032700598
1238,0,5,1,middle,0.04028751,0.045283593,0.0049960837
1238,0,5,2,middle,0.04028751,0.040324546,3.7036836e-05
1238,0,5,3,middle,0.04028751,0.04175368,0.00146617
1238,0,5,4,last,0.04028751,0.037606824,-0.0026806854
872,1,5,0,first,0.46585602,0.18594536,-0.27991065
872,1,5,1,middle,0.46585602,0.23263328,-0.23322274
872,1,5,2,middle,0.46585602,0.054123774,-0.41173226
872,1,5,3,middle,0.46585602,0.20841035,-0.25744566
872,1,5,4,last,0.46585602,0.39306542,-0.07279059
31149,1,5,0,first,0.7795065,0.5416325,-0.23787403
31149,1,5,1,middle,0.7795065,0.19212133,-0.5873852
31149,1,5,2,middle,0.7795065,0.67433465,-0.10517186
31149,1,5,3,middle,0.7795065,0.76481634,-0.014690161
31149,1,5,4,last,0.7795065,0.7692935,-0.010213017
1038,1,5,0,first,0.7521975,0.80778706,0.055589557
1038,1,5,1,middle,0.7521975,0.7470283,-0.005169213
1038,1,5,2,middle,0.7521975,0.7397419,-0.012455583
1038,1,5,3,middle,0.7521975,0.6159363,-0.13626122
1038,1,5,4,last,0.7521975,0.7576822,0.0054847
1636,1,5,0,first,0.795714,0.8638061,0.06809211
1636,1,5,1,middle,0.795714,0.85211277,0.05639875
1636,1,5,2,middle,0.795714,0.83224183,0.036527812
1636,1,5,3,middle,0.795714,0.6445987,-0.1511153
1636,1,5,4,last,0.795714,0.8366328,0.040918767
2247,0,5,0,first,0.8388969,0.9140284,0.075131536
2247,0,5,1,middle,0.8388969,0.6699825,-0.16891438
2247,0,5,2,middle,0.8388969,0.7991612,-0.039735675
2247,0,5,3,middle,0.8388969,0.54538965,-0.29350722
2247,0,5,4,last,0.8388969,0.83345854,-0.005438328
14833,0,5,0,first,0.36428815,0.72998655,0.3656984
14833,0,5,1,middle,0.36428815,0.13179804,-0.2324901
14833,0,5,2,middle,0.36428815,0.6972272,0.33293903
14833,0,5,3,middle,0.36428815,0.29152024,-0.07276791
14833,0,5,4,last,0.36428815,0.29226622,-0.07202193
788,1,5,0,first,0.96910614,0.9688056,-0.00030052662
788,1,5,1,middle,0.96910614,0.9441985,-0.024907649
788,1,5,2,middle,0.96910614,0.95904636,-0.010059774
788,1,5,3,middle,0.96910614,0.97099686,0.0018907189
788,1,5,4,last,0.96910614,0.95881444,-0.010291696
9638,1,5,0,first,0.5537731,0.159525,-0.3942481
9638,1,5,1,middle,0.5537731,0.43659374,-0.117179364
9638,1,5,2,middle,0.5537731,0.6730072,0.119234085
9638,1,5,3,middle,0.5537731,0.08912922,-0.4646439
9638,1,5,4,last,0.5537731,0.60057914,0.046806037
1996,1,5,0,first,0.9462951,0.88885385,-0.057441235
1996,1,5,1,middle,0.9462951,0.94971406,0.003418982
1996,1,5,2,middle,0.9462951,0.9645809,0.018285811
1996,1,5,3,middle,0.9462951,0.9135203,-0.032774806
1996,1,5,4,last,0.9462951,0.9274762,-0.018818855
562,0,4,0,first,0.30521858,0.26679868,-0.038419902
562,0,4,1,middle,0.30521858,0.30237877,-0.0028398037
562,0,4,2,middle,0.30521858,0.22320469,-0.08201389
562,0,4,3,last,0.30521858,0.17917867,-0.1260399
13512,1,5,0,first,0.9229832,0.86696523,-0.056017995
13512,1,5,1,middle,0.9229832,0.64124644,-0.2817368
13512,1,5,2,middle,0.9229832,0.7559556,-0.16702765
13512,1,5,3,middle,0.9229832,0.90914446,-0.013838768
13512,1,5,4,last,0.9229832,0.93044466,0.0074614286
31648,0,5,0,first,0.96717584,0.9590838,-0.008092046
31648,0,5,1,middle,0.96717584,0.9655906,-0.0015852451
31648,0,5,2,middle,0.96717584,0.9618674,-0.0053084493
31648,0,5,3,middle,0.96717584,0.9434018,-0.023774028
31648,0,5,4,last,0.96717584,0.9640231,-0.003152728
201,0,5,0,first,0.9604365,0.9572532,-0.0031833053
201,0,5,1,middle,0.9604365,0.95137614,-0.009060383
201,0,5,2,middle,0.9604365,0.9258855,-0.034551024
201,0,5,3,middle,0.9604365,0.90120345,-0.05923307
201,0,5,4,last,0.9604365,0.9590196,-0.0014169216
25825,1,5,0,first,0.97231364,0.9669759,-0.005337715
25825,1,5,1,middle,0.97231364,0.9712832,-0.0010304451
25825,1,5,2,middle,0.97231364,0.9702871,-0.002026558
25825,1,5,3,middle,0.97231364,0.97190654,-0.00040709972
25825,1,5,4,last,0.97231364,0.972451,0.0001373291
832,0,5,0,first,0.17049047,0.18761921,0.017128736
832,0,5,1,middle,0.17049047,0.17656955,0.0060790777
832,0,5,2,middle,0.17049047,0.16767263,-0.0028178394
832,0,5,3,middle,0.17049047,0.050743293,-0.11974718
832,0,5,4,last,0.17049047,0.16143136,-0.009059116
14630,0,5,0,first,0.034224886,0.03703935,0.0028144643
14630,0,5,1,middle,0.034224886,0.038979992,0.004755106
14630,0,5,2,middle,0.034224886,0.033936273,-0.00028861314
14630,0,5,3,middle,0.034224886,0.035217505,0.0009926185
14630,0,5,4,last,0.034224886,0.03810905,0.0038841628
45717,0,4,0,first,0.04884456,0.07833698,0.029492415
45717,0,4,1,middle,0.04884456,0.041404076,-0.007440485
45717,0,4,2,middle,0.04884456,0.04258195,-0.0062626116
45717,0,4,3,last,0.04884456,0.085178,0.03633344
733,0,4,0,first,0.7885459,0.09380591,-0.69474
733,0,4,1,middle,0.7885459,0.11000872,-0.6785372
733,0,4,2,middle,0.7885459,0.9282508,0.13970488
733,0,4,3,last,0.7885459,0.81398875,0.025442839
1160,0,5,0,first,0.9222252,0.70848125,-0.21374393
1160,0,5,1,middle,0.9222252,0.8221495,-0.10007566
1160,0,5,2,middle,0.9222252,0.8997376,-0.02248758
1160,0,5,3,middle,0.9222252,0.9175347,-0.0046904683
1160,0,5,4,last,0.9222252,0.9146393,-0.007585883
54546,0,5,0,first,0.02989943,0.030510554,0.00061112456
54546,0,5,1,middle,0.02989943,0.027144691,-0.0027547386
54546,0,5,2,middle,0.02989943,0.031288132,0.0013887025
54546,0,5,3,middle,0.02989943,0.02970969,-0.00018974021
54546,0,5,4,last,0.02989943,0.030743891,0.00084446184
50991,0,5,0,first,0.06356414,0.055625327,-0.00793881
50991,0,5,1,middle,0.06356414,0.12079821,0.05723407
50991,0,5,2,middle,0.06356414,0.04633396,-0.017230175
50991,0,5,3,middle,0.06356414,0.22343285,0.15986872
50991,0,5,4,last,0.06356414,0.053017937,-0.0105462
1515,1,5,0,first,0.4764079,0.6174103,0.14100242
1515,1,5,1,middle,0.4764079,0.34883493,-0.12757295
1515,1,5,2,middle,0.4764079,0.28296584,-0.19344205
1515,1,5,3,middle,0.4764079,0.38328877,-0.093119115
1515,1,5,4,last,0.4764079,0.7024547,0.2260468
53352,0,5,0,first,0.12891537,0.0751543,-0.053761072
53352,0,5,1,middle,0.12891537,0.10395098,-0.024964392
53352,0,5,2,middle,0.12891537,0.17891008,0.049994707
53352,0,5,3,middle,0.12891537,0.09657335,-0.032342017
53352,0,5,4,last,0.12891537,0.16991617,0.0410008
39231,1,5,0,first,0.3690748,0.4527627,0.0836879
39231,1,5,1,middle,0.3690748,0.09447144,-0.27460337
39231,1,5,2,middle,0.3690748,0.36204395,-0.0070308447
39231,1,5,3,middle,0.3690748,0.28741235,-0.081662446
39231,1,5,4,last,0.3690748,0.5586579,0.1895831
44843,1,5,0,first,0.9662159,0.9645189,-0.0016970038
44843,1,5,1,middle,0.9662159,0.9561016,-0.010114312
44843,1,5,2,middle,0.9662159,0.9621126,-0.004103303
44843,1,5,3,middle,0.9662159,0.96533227,-0.00088363886
44843,1,5,4,last,0.9662159,0.9665441,0.00032818317
1453,1,5,0,first,0.967501,0.84983814,-0.11766285
1453,1,5,1,middle,0.967501,0.96676874,-0.00073224306
1453,1,5,2,middle,0.967501,0.9671637,-0.00033730268
1453,1,5,3,middle,0.967501,0.9694388,0.0019378066
1453,1,5,4,last,0.967501,0.96799856,0.0004975796
185,1,5,0,first,0.9632928,0.53903437,-0.4242584
185,1,5,1,middle,0.9632928,0.9619864,-0.001306355
185,1,5,2,middle,0.9632928,0.96299535,-0.00029742718
185,1,5,3,middle,0.9632928,0.9648537,0.0015609264
185,1,5,4,last,0.9632928,0.9641904,0.00089764595
33288,1,5,0,first,0.25575036,0.21194068,-0.043809682
33288,1,5,1,middle,0.25575036,0.5708769,0.31512654
33288,1,5,2,middle,0.25575036,0.21091837,-0.04483199
33288,1,5,3,middle,0.25575036,0.22051004,-0.035240322
33288,1,5,4,last,0.25575036,0.055395037,-0.20035532
742,1,5,0,first,0.81282556,0.8677886,0.054963052
742,1,5,1,middle,0.81282556,0.6346467,-0.17817885
742,1,5,2,middle,0.81282556,0.38882807,-0.4239975
742,1,5,3,middle,0.81282556,0.89927095,0.08644539
742,1,5,4,last,0.81282556,0.88780177,0.074976206
49656,1,5,0,first,0.89322984,0.8815228,-0.0117070675
49656,1,5,1,middle,0.89322984,0.7683637,-0.12486613
49656,1,5,2,middle,0.89322984,0.87165254,-0.021577299
49656,1,5,3,middle,0.89322984,0.90610063,0.012870789
49656,1,5,4,last,0.89322984,0.83389556,-0.059334278
1620,0,5,0,first,0.17736489,0.14137852,-0.035986364
1620,0,5,1,middle,0.17736489,0.33984542,0.16248053
1620,0,5,2,middle,0.17736489,0.187478,0.01011312
1620,0,5,3,middle,0.17736489,0.09461895,-0.08274594
1620,0,5,4,last,0.17736489,0.07520581,-0.102159075
20039,0,5,0,first,0.06112316,0.0648891,0.0037659444
20039,0,5,1,middle,0.06112316,0.062534995,0.0014118366
20039,0,5,2,middle,0.06112316,0.12476515,0.063641995
20039,0,5,3,middle,0.06112316,0.09436496,0.033241805
20039,0,5,4,last,0.06112316,0.03998281,-0.021140348
27186,1,5,0,first,0.07041747,0.05163148,-0.01878599
27186,1,5,1,middle,0.07041747,0.07855725,0.008139782
27186,1,5,2,middle,0.07041747,0.07139948,0.0009820089
27186,1,5,3,middle,0.07041747,0.072379574,0.001962103
27186,1,5,4,last,0.07041747,0.08310261,0.012685142
507,0,4,0,first,0.06408691,0.035786428,-0.028300479
507,0,4,1,middle,0.06408691,0.3926195,0.32853258
507,0,4,2,middle,0.06408691,0.037853524,-0.026233383
507,0,4,3,last,0.06408691,0.21158148,0.14749458
25139,1,5,0,first,0.35128444,0.6324876,0.28120315
25139,1,5,1,middle,0.35128444,0.08203418,-0.26925027
25139,1,5,2,middle,0.35128444,0.35823298,0.0069485307
25139,1,5,3,middle,0.35128444,0.10482394,-0.2464605
25139,1,5,4,last,0.35128444,0.13211825,-0.21916619
6333,1,5,0,first,0.038711082,0.038257394,-0.0004536882
6333,1,5,1,middle,0.038711082,0.036881834,-0.0018292479
6333,1,5,2,middle,0.038711082,0.033473358,-0.0052377246
6333,1,5,3,middle,0.038711082,0.05182466,0.013113577
6333,1,5,4,last,0.038711082,0.045200214,0.0064891316
2160,1,5,0,first,0.8045438,0.5645701,-0.23997366
2160,1,5,1,middle,0.8045438,0.346671,-0.4578728
2160,1,5,2,middle,0.8045438,0.3722439,-0.43229988
2160,1,5,3,middle,0.8045438,0.9082351,0.10369128
2160,1,5,4,last,0.8045438,0.810921,0.00637722
41942,1,5,0,first,0.9682261,0.96351695,-0.0047091246
41942,1,5,1,middle,0.9682261,0.9665394,-0.0016866922
41942,1,5,2,middle,0.9682261,0.9631008,-0.005125284
41942,1,5,3,middle,0.9682261,0.9650805,-0.0031455755
41942,1,5,4,last,0.9682261,0.9645622,-0.0036638975
526,1,4,0,first,0.9270721,0.9365725,0.009500384
526,1,4,1,middle,0.9270721,0.9648646,0.037792504
526,1,4,2,middle,0.9270721,0.93248636,0.0054142475
526,1,4,3,last,0.9270721,0.8416644,-0.085407734
53273,1,4,0,first,0.95991546,0.96083736,0.00092190504
53273,1,4,1,middle,0.95991546,0.95709497,-0.0028204918
53273,1,4,2,middle,0.95991546,0.95607066,-0.0038447976
53273,1,4,3,last,0.95991546,0.27763617,-0.6822793
2253,0,5,0,first,0.060641162,0.066377066,0.005735904
2253,0,5,1,middle,0.060641162,0.08218563,0.021544471
2253,0,5,2,middle,0.060641162,0.10778126,0.0471401
2253,0,5,3,middle,0.060641162,0.03469693,-0.025944233
2253,0,5,4,last,0.060641162,0.04280236,-0.017838802
9177,0,5,0,first,0.02794054,0.03437958,0.0064390395
9177,0,5,1,middle,0.02794054,0.028099366,0.00015882589
9177,0,5,2,middle,0.02794054,0.028474184,0.0005336441
9177,0,5,3,middle,0.02794054,0.027420316,-0.00052022375
9177,0,5,4,last,0.02794054,0.029629149,0.0016886089
54458,1,5,0,first,0.9700273,0.9678849,-0.0021424294
54458,1,5,1,middle,0.9700273,0.968812,-0.0012153387
54458,1,5,2,middle,0.9700273,0.967506,-0.002521336
54458,1,5,3,middle,0.9700273,0.9636126,-0.0064147115
54458,1,5,4,last,0.9700273,0.96795124,-0.0020760894
28,0,5,0,first,0.59553707,0.5434762,-0.052060843
28,0,5,1,middle,0.59553707,0.4971383,-0.098398775
28,0,5,2,middle,0.59553707,0.48074666,-0.11479041
28,0,5,3,middle,0.59553707,0.18001103,-0.41552603
28,0,5,4,last,0.59553707,0.84227663,0.24673957
412,0,5,0,first,0.18896735,0.21141294,0.02244559
412,0,5,1,middle,0.18896735,0.097756065,-0.09121128
412,0,5,2,middle,0.18896735,0.21701163,0.028044283
412,0,5,3,middle,0.18896735,0.063665316,-0.12530203
412,0,5,4,last,0.18896735,0.22949904,0.040531695
2311,0,7,0,first,0.054740112,0.06311253,0.008372415
2311,0,7,1,middle,0.054740112,0.043437194,-0.011302918
2311,0,7,2,middle,0.054740112,0.06610104,0.011360925
2311,0,7,3,middle,0.054740112,0.04761085,-0.007129263
2311,0,7,4,middle,0.054740112,0.0888162,0.03407609
2311,0,7,5,middle,0.054740112,0.058599573,0.0038594604
2311,0,7,6,last,0.054740112,0.055010073,0.0002699606
295,0,5,0,first,0.7822718,0.9125259,0.13025409
295,0,5,1,middle,0.7822718,0.7638129,-0.018458903
295,0,5,2,middle,0.7822718,0.6958002,-0.08647162
295,0,5,3,middle,0.7822718,0.81222373,0.02995193
295,0,5,4,last,0.7822718,0.15710618,-0.62516564
42658,0,5,0,first,0.34291422,0.07142085,-0.27149338
42658,0,5,1,middle,0.34291422,0.27133226,-0.07158196
42658,0,5,2,middle,0.34291422,0.31632346,-0.026590765
42658,0,5,3,middle,0.34291422,0.38655233,0.04363811
42658,0,5,4,last,0.34291422,0.35722238,0.014308155
62,1,5,0,first,0.9696212,0.97135925,0.0017380714
62,1,5,1,middle,0.9696212,0.97108555,0.0014643669
62,1,5,2,middle,0.9696212,0.97129345,0.0016722679
62,1,5,3,middle,0.9696212,0.96061015,-0.00901103
62,1,5,4,last,0.9696212,0.9689029,-0.0007182956
3566,1,5,0,first,0.24102144,0.1156645,-0.12535694
3566,1,5,1,middle,0.24102144,0.6980365,0.45701504
3566,1,5,2,middle,0.24102144,0.6037754,0.36275393
3566,1,5,3,middle,0.24102144,0.29914448,0.058123037
3566,1,5,4,last,0.24102144,0.047284372,-0.19373706
26403,0,5,0,first,0.0413077,0.034241542,-0.0070661567
26403,0,5,1,middle,0.0413077,0.058678452,0.017370753
26403,0,5,2,middle,0.0413077,0.04502396,0.0037162602
26403,0,5,3,middle,0.0413077,0.034047678,-0.007260021
26403,0,5,4,last,0.0413077,0.03490272,-0.0064049773
9217,0,5,0,first,0.032635916,0.03499388,0.0023579635
9217,0,5,1,middle,0.032635916,0.031539097,-0.0010968186
9217,0,5,2,middle,0.032635916,0.030199863,-0.002436053
9217,0,5,3,middle,0.032635916,0.031423677,-0.0012122393
9217,0,5,4,last,0.032635916,0.062721394,0.030085478
20934,0,2,0,first,0.27977896,0.56257856,0.2827996
20934,0,2,1,last,0.27977896,0.07069085,-0.20908812
166,0,4,0,first,0.109795995,0.080459714,-0.029336281
166,0,4,1,middle,0.109795995,0.06034193,-0.049454067
166,0,4,2,middle,0.109795995,0.1302287,0.020432703
166,0,4,3,last,0.109795995,0.08831741,-0.021478586
155,0,5,0,first,0.08793595,0.08824259,0.00030664355
155,0,5,1,middle,0.08793595,0.068917125,-0.019018821
155,0,5,2,middle,0.08793595,0.041332584,-0.046603363
155,0,5,3,middle,0.08793595,0.0465566,-0.041379347
155,0,5,4,last,0.08793595,0.35559216,0.2676562
1674,0,5,0,first,0.047283493,0.08718357,0.03990008
1674,0,5,1,middle,0.047283493,0.043167546,-0.0041159466
1674,0,5,2,middle,0.047283493,0.043596465,-0.0036870278
1674,0,5,3,middle,0.047283493,0.059659593,0.0123761
1674,0,5,4,last,0.047283493,0.037121546,-0.010161947
1659,0,5,0,first,0.034336466,0.03641528,0.0020788126
1659,0,5,1,middle,0.034336466,0.043209724,0.008873258
1659,0,5,2,middle,0.034336466,0.030774452,-0.0035620145
1659,0,5,3,middle,0.034336466,0.032212514,-0.002123952
1659,0,5,4,last,0.034336466,0.03450274,0.0001662746
1431,0,5,0,first,0.5812829,0.8896589,0.308376
1431,0,5,1,middle,0.5812829,0.33300263,-0.24828029
1431,0,5,2,middle,0.5812829,0.60512304,0.02384013
1431,0,5,3,middle,0.5812829,0.58369195,0.002409041
1431,0,5,4,last,0.5812829,0.37155563,-0.20972729
22370,0,5,0,first,0.046260137,0.046822477,0.00056234
22370,0,5,1,middle,0.046260137,0.04733937,0.0010792315
22370,0,5,2,middle,0.046260137,0.05104295,0.0047828145
22370,0,5,3,middle,0.046260137,0.04670767,0.00044753402
22370,0,5,4,last,0.046260137,0.042866915,-0.0033932216
1858,1,5,0,first,0.89320046,0.5474975,-0.34570295
1858,1,5,1,middle,0.89320046,0.8466524,-0.04654807
1858,1,5,2,middle,0.89320046,0.8734244,-0.019776046
1858,1,5,3,middle,0.89320046,0.93942344,0.046222985
1858,1,5,4,last,0.89320046,0.8286681,-0.06453234
48421,1,5,0,first,0.94780713,0.94935423,0.0015470982
48421,1,5,1,middle,0.94780713,0.9576957,0.009888589
48421,1,5,2,middle,0.94780713,0.91023475,-0.037572384
48421,1,5,3,middle,0.94780713,0.86032355,-0.087483585
48421,1,5,4,last,0.94780713,0.90877366,-0.039033473
149,0,5,0,first,0.14831479,0.23061177,0.08229698
149,0,5,1,middle,0.14831479,0.07451584,-0.07379895
149,0,5,2,middle,0.14831479,0.06365742,-0.08465737
149,0,5,3,middle,0.14831479,0.18252155,0.034206763
149,0,5,4,last,0.14831479,0.18173261,0.03341782
24769,1,5,0,first,0.96936274,0.9576478,-0.011714935
24769,1,5,1,middle,0.96936274,0.96677554,-0.0025871992
24769,1,5,2,middle,0.96936274,0.96804553,-0.001317203
24769,1,5,3,middle,0.96936274,0.95127356,-0.018089175
24769,1,5,4,last,0.96936274,0.9536339,-0.015728831
419,1,5,0,first,0.56475824,0.281134,-0.28362423
419,1,5,1,middle,0.56475824,0.79906976,0.23431152
419,1,5,2,middle,0.56475824,0.8648385,0.30008024
419,1,5,3,middle,0.56475824,0.18172272,-0.38303554
419,1,5,4,last,0.56475824,0.55085456,-0.013903677
1445,1,5,0,first,0.9630423,0.9686109,0.005568564
1445,1,5,1,middle,0.9630423,0.9421691,-0.020873249
1445,1,5,2,middle,0.9630423,0.94962895,-0.01341337
1445,1,5,3,middle,0.9630423,0.95493907,-0.008103251
1445,1,5,4,last,0.9630423,0.96421844,0.0011761189
36811,1,5,0,first,0.71429914,0.8034293,0.08913016
36811,1,5,1,middle,0.71429914,0.52648985,-0.18780929
36811,1,5,2,middle,0.71429914,0.62447727,-0.089821875
36811,1,5,3,middle,0.71429914,0.85633564,0.1420365
36811,1,5,4,last,0.71429914,0.3893298,-0.32496935
42662,0,5,0,first,0.6556469,0.8588376,0.20319068
42662,0,5,1,middle,0.6556469,0.28820577,-0.36744115
42662,0,5,2,middle,0.6556469,0.64687073,-0.008776188
42662,0,5,3,middle,0.6556469,0.7057885,0.050141573
42662,0,5,4,last,0.6556469,0.0792953,-0.57635164
19879,0,5,0,first,0.910451,0.8807962,-0.0296548
19879,0,5,1,middle,0.910451,0.24370517,-0.66674584
19879,0,5,2,middle,0.910451,0.89360404,-0.016846955
19879,0,5,3,middle,0.910451,0.9361729,0.025721908
19879,0,5,4,last,0.910451,0.9409158,0.030464828
9259,1,5,0,first,0.9707879,0.96964496,-0.0011429191
9259,1,5,1,middle,0.9707879,0.9692347,-0.0015531778
9259,1,5,2,middle,0.9707879,0.96461993,-0.0061679482
9259,1,5,3,middle,0.9707879,0.97058296,-0.00020492077
9259,1,5,4,last,0.9707879,0.9714707,0.0006828308
6218,0,5,0,first,0.090841286,0.07530696,-0.015534326
6218,0,5,1,middle,0.090841286,0.092608094,0.0017668083
6218,0,5,2,middle,0.090841286,0.090318576,-0.0005227104
6218,0,5,3,middle,0.090841286,0.075342245,-0.0154990405
6218,0,5,4,last,0.090841286,0.079633094,-0.0112081915
50834,0,4,0,first,0.05496168,0.04359349,-0.011368193
50834,0,4,1,middle,0.05496168,0.064961284,0.009999603
50834,0,4,2,middle,0.05496168,0.06861685,0.013655171
50834,0,4,3,last,0.05496168,0.061646715,0.0066850334
1509,0,5,0,first,0.09424177,0.21438183,0.12014006
1509,0,5,1,middle,0.09424177,0.04944017,-0.044801597
1509,0,5,2,middle,0.09424177,0.0497906,-0.04445117
1509,0,5,3,middle,0.09424177,0.1434684,0.049226627
1509,0,5,4,last,0.09424177,0.102059804,0.007818036
775,0,5,0,first,0.1731771,0.19823514,0.025058046
775,0,5,1,middle,0.1731771,0.18199822,0.00882113
775,0,5,2,middle,0.1731771,0.12572365,-0.04745345
775,0,5,3,middle,0.1731771,0.17510116,0.0019240677
775,0,5,4,last,0.1731771,0.16428536,-0.0088917315
28212,0,5,0,first,0.903753,0.92891306,0.025160074
28212,0,5,1,middle,0.903753,0.822656,-0.08109701
28212,0,5,2,middle,0.903753,0.9192806,0.015527606
28212,0,5,3,middle,0.903753,0.8965946,-0.0071583986
28212,0,5,4,last,0.903753,0.8455367,-0.058216274
904,1,5,0,first,0.25028333,0.45781806,0.20753473
904,1,5,1,middle,0.25028333,0.29471365,0.044430315
904,1,5,2,middle,0.25028333,0.12804928,-0.12223405
904,1,5,3,middle,0.25028333,0.20620933,-0.044074
904,1,5,4,last,0.25028333,0.56086403,0.3105807
18821,1,5,0,first,0.97248524,0.9702195,-0.0022657514
18821,1,5,1,middle,0.97248524,0.9717884,-0.0006968379
18821,1,5,2,middle,0.97248524,0.9699388,-0.0025464296
18821,1,5,3,middle,0.97248524,0.97087854,-0.0016067028
18821,1,5,4,last,0.97248524,0.972808,0.00032275915
32700,1,5,0,first,0.24018072,0.115311794,-0.12486892
32700,1,5,1,middle,0.24018072,0.15971616,-0.08046456
32700,1,5,2,middle,0.24018072,0.20660451,-0.033576205
32700,1,5,3,middle,0.24018072,0.17471235,-0.06546837
32700,1,5,4,last,0.24018072,0.36094436,0.120763645
41,1,5,0,first,0.9732714,0.9716911,-0.0015803576
41,1,5,1,middle,0.9732714,0.972742,-0.00052940845
41,1,5,2,middle,0.9732714,0.9735571,0.00028568506
41,1,5,3,middle,0.9732714,0.9730065,-0.00026494265
41,1,5,4,last,0.9732714,0.9745096,0.0012381673
23541,1,5,0,first,0.8503886,0.74245036,-0.10793823
23541,1,5,1,middle,0.8503886,0.77853477,-0.07185382
23541,1,5,2,middle,0.8503886,0.8657643,0.015375733
23541,1,5,3,middle,0.8503886,0.75599486,-0.09439373
23541,1,5,4,last,0.8503886,0.46452466,-0.38586393
1178,1,5,0,first,0.94585454,0.920395,-0.025459528
1178,1,5,1,middle,0.94585454,0.95509326,0.00923872
1178,1,5,2,middle,0.94585454,0.92459226,-0.021262288
1178,1,5,3,middle,0.94585454,0.9465474,0.0006928444
1178,1,5,4,last,0.94585454,0.9396651,-0.0061894655
1542,1,5,0,first,0.9217888,0.938615,0.016826212
1542,1,5,1,middle,0.9217888,0.9353153,0.013526499
1542,1,5,2,middle,0.9217888,0.9107965,-0.010992289
1542,1,5,3,middle,0.9217888,0.9290603,0.0072714686
1542,1,5,4,last,0.9217888,0.88987267,-0.03191614
46151,1,5,0,first,0.96941,0.9693431,-6.687641e-05
46151,1,5,1,middle,0.96941,0.96913433,-0.00027567148
46151,1,5,2,middle,0.96941,0.9704716,0.0010616183
46151,1,5,3,middle,0.96941,0.96733487,-0.0020751357
46151,1,5,4,last,0.96941,0.95201266,-0.017397344
1646,1,5,0,first,0.23732455,0.6597368,0.42241228
1646,1,5,1,middle,0.23732455,0.15802245,-0.0793021
1646,1,5,2,middle,0.23732455,0.18332036,-0.054004192
1646,1,5,3,middle,0.23732455,0.045628335,-0.19169621
1646,1,5,4,last,0.23732455,0.59508,0.35775548
49100,0,4,0,first,0.029972613,0.02870854,-0.001264073
49100,0,4,1,middle,0.029972613,0.03557442,0.0056018084
49100,0,4,2,middle,0.029972613,0.030726532,0.00075391866
49100,0,4,3,last,0.029972613,0.030704511,0.0007318985
14650,1,5,0,first,0.09883595,0.24474905,0.1459131
14650,1,5,1,middle,0.09883595,0.06631762,-0.032518335
14650,1,5,2,middle,0.09883595,0.116601676,0.017765723
14650,1,5,3,middle,0.09883595,0.10135457,0.0025186166
14650,1,5,4,last,0.09883595,0.045677852,-0.0531581
324,0,5,0,first,0.7015704,0.69818956,-0.003380835
324,0,5,1,middle,0.7015704,0.668629,-0.0329414
324,0,5,2,middle,0.7015704,0.52996534,-0.17160505
324,0,5,3,middle,0.7015704,0.22419555,-0.47737485
324,0,5,4,last,0.7015704,0.7289543,0.027383924
568,1,5,0,first,0.9638356,0.28629133,-0.67754424
568,1,5,1,middle,0.9638356,0.9620505,-0.0017850995
568,1,5,2,middle,0.9638356,0.96405834,0.00022274256
568,1,5,3,middle,0.9638356,0.9671545,0.0033189058
568,1,5,4,last,0.9638356,0.96809155,0.0042559505
16792,1,5,0,first,0.93224674,0.8270848,-0.105161965
16792,1,5,1,middle,0.93224674,0.9395076,0.007260859
16792,1,5,2,middle,0.93224674,0.9387371,0.00649035
16792,1,5,3,middle,0.93224674,0.8585552,-0.07369155
16792,1,5,4,last,0.93224674,0.916618,-0.015628755
10307,1,5,0,first,0.9419013,0.9615075,0.019606173
10307,1,5,1,middle,0.9419013,0.922836,-0.01906532
10307,1,5,2,middle,0.9419013,0.8757639,-0.06613743
10307,1,5,3,middle,0.9419013,0.9432869,0.0013855696
10307,1,5,4,last,0.9419013,0.94361806,0.001716733
24110,1,5,0,first,0.8652511,0.70886177,-0.15638936
24110,1,5,1,middle,0.8652511,0.89147955,0.026228428
24110,1,5,2,middle,0.8652511,0.7504907,-0.1147604
24110,1,5,3,middle,0.8652511,0.47039902,-0.3948521
24110,1,5,4,last,0.8652511,0.83263516,-0.03261596
969,0,5,0,first,0.6715318,0.30826393,-0.36326787
969,0,5,1,middle,0.6715318,0.2521315,-0.4194003
969,0,5,2,middle,0.6715318,0.5407714,-0.13076037
969,0,5,3,middle,0.6715318,0.26861897,-0.40291283
969,0,5,4,last,0.6715318,0.8507573,0.1792255
1499,0,5,0,first,0.92673695,0.8881644,-0.03857255
1499,0,5,1,middle,0.92673695,0.802439,-0.12429798
1499,0,5,2,middle,0.92673695,0.92791975,0.0011827946
1499,0,5,3,middle,0.92673695,0.88893795,-0.037799
1499,0,5,4,last,0.92673695,0.9510105,0.024273574
1368,1,5,0,first,0.86310464,0.8636584,0.00055378675
1368,1,5,1,middle,0.86310464,0.7769968,-0.08610785
1368,1,5,2,middle,0.86310464,0.4209812,-0.44212344
1368,1,5,3,middle,0.86310464,0.5954107,-0.26769394
1368,1,5,4,last,0.86310464,0.9165254,0.053420782
846,0,5,0,first,0.04932615,0.04955565,0.00022950023
846,0,5,1,middle,0.04932615,0.04990403,0.0005778782
846,0,5,2,middle,0.04932615,0.04296109,-0.006365061
846,0,5,3,middle,0.04932615,0.05702415,0.0076979995
846,0,5,4,last,0.04932615,0.14425802,0.09493187
361,0,5,0,first,0.030677572,0.0300478,-0.0006297715
361,0,5,1,middle,0.030677572,0.038939722,0.00826215
361,0,5,2,middle,0.030677572,0.053864732,0.02318716
361,0,5,3,middle,0.030677572,0.03608588,0.0054083094
361,0,5,4,last,0.030677572,0.030719602,4.2030588e-05
33380,1,5,0,first,0.6323272,0.4283346,-0.2039926
33380,1,5,1,middle,0.6323272,0.5981625,-0.034164727
33380,1,5,2,middle,0.6323272,0.6364189,0.00409168
33380,1,5,3,middle,0.6323272,0.28845182,-0.34387538
33380,1,5,4,last,0.6323272,0.6826426,0.05031538
472,0,5,0,first,0.051991362,0.060359556,0.008368194
472,0,5,1,middle,0.051991362,0.050934248,-0.0010571145
472,0,5,2,middle,0.051991362,0.053285114,0.0012937523
472,0,5,3,middle,0.051991362,0.04413249,-0.007858872
472,0,5,4,last,0.051991362,0.05996066,0.0079692975
15650,0,5,0,first,0.098137505,0.07433413,-0.023803376
15650,0,5,1,middle,0.098137505,0.1312881,0.03315059
15650,0,5,2,middle,0.098137505,0.122987,0.024849497
15650,0,5,3,middle,0.098137505,0.10818412,0.010046616
15650,0,5,4,last,0.098137505,0.055550218,-0.042587288
1388,0,6,0,first,0.063787155,0.032955434,-0.03083172
1388,0,6,1,middle,0.063787155,0.07412587,0.010338716
1388,0,6,2,middle,0.063787155,0.053984933,-0.009802222
1388,0,6,3,middle,0.063787155,0.113118455,0.0493313
1388,0,6,4,middle,0.063787155,0.08314165,0.019354492
1388,0,6,5,last,0.063787155,0.061896197,-0.0018909574
2224,0,5,0,first,0.056235436,0.044554725,-0.011680711
2224,0,5,1,middle,0.056235436,0.050167944,-0.006067492
2224,0,5,2,middle,0.056235436,0.05208437,-0.004151065
2224,0,5,3,middle,0.056235436,0.06768774,0.011452306
2224,0,5,4,last,0.056235436,0.083572,0.027336564
2397,0,5,0,first,0.7933333,0.8753834,0.082050085
2397,0,5,1,middle,0.7933333,0.34954995,-0.44378334
2397,0,5,2,middle,0.7933333,0.554806,-0.2385273
2397,0,5,3,middle,0.7933333,0.7053376,-0.08799571
2397,0,5,4,last,0.7933333,0.75936574,-0.033967555
756,0,5,0,first,0.13739519,0.15037048,0.01297529
756,0,5,1,middle,0.13739519,0.08977662,-0.047618568
756,0,5,2,middle,0.13739519,0.20776284,0.07036765
756,0,5,3,middle,0.13739519,0.06214208,-0.07525311
756,0,5,4,last,0.13739519,0.41664818,0.279253
44969,0,4,0,first,0.9252153,0.934473,0.009257674
44969,0,4,1,middle,0.9252153,0.5362495,-0.3889658
44969,0,4,2,middle,0.9252153,0.9348086,0.009593308
44969,0,4,3,last,0.9252153,0.9247169,-0.00049841404
5899,0,5,0,first,0.8011534,0.9191155,0.11796206
5899,0,5,1,middle,0.8011534,0.7986518,-0.002501607
5899,0,5,2,middle,0.8011534,0.82338554,0.022232115
5899,0,5,3,middle,0.8011534,0.5872887,-0.21386474
5899,0,5,4,last,0.8011534,0.09376942,-0.707384
27948,0,5,0,first,0.42830357,0.0801684,-0.34813517
27948,0,5,1,middle,0.42830357,0.21444935,-0.21385422
27948,0,5,2,middle,0.42830357,0.09748213,-0.33082145
27948,0,5,3,middle,0.42830357,0.23171623,-0.19658734
27948,0,5,4,last,0.42830357,0.75055677,0.3222532
17912,0,5,0,first,0.034697507,0.032895252,-0.0018022545
17912,0,5,1,middle,0.034697507,0.036548194,0.001850687
17912,0,5,2,middle,0.034697507,0.036948934,0.0022514276
17912,0,5,3,middle,0.034697507,0.041988127,0.0072906204
17912,0,5,4,last,0.034697507,0.041890737,0.00719323
4055,0,5,0,first,0.57776004,0.4192726,-0.15848744
4055,0,5,1,middle,0.57776004,0.68957305,0.11181301
4055,0,5,2,middle,0.57776004,0.83011925,0.2523592
4055,0,5,3,middle,0.57776004,0.51526815,-0.062491894
4055,0,5,4,last,0.57776004,0.113315314,-0.46444473
1856,0,5,0,first,0.16344331,0.53637207,0.37292874
1856,0,5,1,middle,0.16344331,0.06896,-0.09448331
1856,0,5,2,middle,0.16344331,0.10166544,-0.061777875
1856,0,5,3,middle,0.16344331,0.15704992,-0.006393388
1856,0,5,4,last,0.16344331,0.18487373,0.021430418
308,1,5,0,first,0.9450532,0.928831,-0.016222239
308,1,5,1,middle,0.9450532,0.9124447,-0.03260851
308,1,5,2,middle,0.9450532,0.95597947,0.010926247
308,1,5,3,middle,0.9450532,0.94309473,-0.0019584894
308,1,5,4,last,0.9450532,0.94151956,-0.0035336614
15195,1,5,0,first,0.97172755,0.9706936,-0.0010339618
15195,1,5,1,middle,0.97172755,0.9713643,-0.0003632307
15195,1,5,2,middle,0.97172755,0.97149974,-0.00022780895
15195,1,5,3,middle,0.97172755,0.9698355,-0.0018920302
15195,1,5,4,last,0.97172755,0.97080046,-0.00092709064
1154,1,5,0,first,0.9528418,0.9652575,0.012415707
1154,1,5,1,middle,0.9528418,0.9259023,-0.026939511
1154,1,5,2,middle,0.9528418,0.9373333,-0.0155085325
1154,1,5,3,middle,0.9528418,0.9037607,-0.049081147
1154,1,5,4,last,0.9528418,0.9622336,0.009391785
16715,0,5,0,first,0.03531108,0.035014577,-0.0002965033
16715,0,5,1,middle,0.03531108,0.03553172,0.00022063777
16715,0,5,2,middle,0.03531108,0.038241066,0.0029299855
16715,0,5,3,middle,0.03531108,0.034375906,-0.0009351745
16715,0,5,4,last,0.03531108,0.03538612,7.503852e-05
1725,1,5,0,first,0.9696751,0.96232706,-0.0073480606
1725,1,5,1,middle,0.9696751,0.9700427,0.00036758184
1725,1,5,2,middle,0.9696751,0.968312,-0.0013630986
1725,1,5,3,middle,0.9696751,0.9709858,0.0013106465
1725,1,5,4,last,0.9696751,0.96177816,-0.00789696
51793,0,5,0,first,0.14915894,0.05998569,-0.08917325
51793,0,5,1,middle,0.14915894,0.27734712,0.12818818
51793,0,5,2,middle,0.14915894,0.18619587,0.037036926
51793,0,5,3,middle,0.14915894,0.2595591,0.110400155
51793,0,5,4,last,0.14915894,0.14319359,-0.005965352
35634,1,5,0,first,0.9466802,0.6505271,-0.29615307
35634,1,5,1,middle,0.9466802,0.8885657,-0.05811447
35634,1,5,2,middle,0.9466802,0.9480361,0.0013558865
35634,1,5,3,middle,0.9466802,0.9537434,0.00706321
35634,1,5,4,last,0.9466802,0.95563567,0.008955479
5707,1,5,0,first,0.4303642,0.28792477,-0.14243942
5707,1,5,1,middle,0.4303642,0.2976388,-0.13272539
5707,1,5,2,middle,0.4303642,0.56303895,0.13267475
5707,1,5,3,middle,0.4303642,0.1267662,-0.303598
5707,1,5,4,last,0.4303642,0.32446086,-0.10590333
206,1,5,0,first,0.95789176,0.85266495,-0.105226815
206,1,5,1,middle,0.95789176,0.9404248,-0.017466962
206,1,5,2,middle,0.95789176,0.92557013,-0.032321632
206,1,5,3,middle,0.95789176,0.963867,0.0059752464
206,1,5,4,last,0.95789176,0.9630316,0.0051398277
22589,1,5,0,first,0.9674606,0.9650653,-0.0023952723
22589,1,5,1,middle,0.9674606,0.9688959,0.0014353395
22589,1,5,2,middle,0.9674606,0.9695628,0.0021022558
22589,1,5,3,middle,0.9674606,0.9580364,-0.00942415
22589,1,5,4,last,0.9674606,0.93007463,-0.03738594
32029,0,5,0,first,0.0882891,0.1102127,0.021923602
32029,0,5,1,middle,0.0882891,0.10954976,0.021260664
32029,0,5,2,middle,0.0882891,0.103719495,0.015430398
32029,0,5,3,middle,0.0882891,0.20203395,0.113744855
32029,0,5,4,last,0.0882891,0.056590762,-0.031698335
569,0,5,0,first,0.2621187,0.08784971,-0.17426899
569,0,5,1,middle,0.2621187,0.14821002,-0.11390868
569,0,5,2,middle,0.2621187,0.4132596,0.1511409
569,0,5,3,middle,0.2621187,0.30140322,0.039284527
569,0,5,4,last,0.2621187,0.2648771,0.0027584136
739,0,5,0,first,0.5974797,0.7162748,0.1187951
739,0,5,1,middle,0.5974797,0.14503115,-0.45244855
739,0,5,2,middle,0.5974797,0.5362315,-0.061248183
739,0,5,3,middle,0.5974797,0.36087608,-0.23660362
739,0,5,4,last,0.5974797,0.8664323,0.2689526
1230,1,5,0,first,0.8892819,0.91959083,0.030308902
1230,1,5,1,middle,0.8892819,0.72934294,-0.15993899
1230,1,5,2,middle,0.8892819,0.8379432,-0.051338732
1230,1,5,3,middle,0.8892819,0.8817845,-0.00749743
1230,1,5,4,last,0.8892819,0.8840011,-0.0052808523
34369,0,5,0,first,0.042761177,0.043093245,0.00033206865
34369,0,5,1,middle,0.042761177,0.04416609,0.001404915
34369,0,5,2,middle,0.042761177,0.038999386,-0.0037617907
34369,0,5,3,middle,0.042761177,0.079916194,0.037155017
34369,0,5,4,last,0.042761177,0.03229865,-0.010462526
13106,0,5,0,first,0.92684346,0.9188937,-0.0079497695
13106,0,5,1,middle,0.92684346,0.7985479,-0.12829554
13106,0,5,2,middle,0.92684346,0.5920103,-0.33483315
13106,0,5,3,middle,0.92684346,0.92937464,0.0025311708
13106,0,5,4,last,0.92684346,0.9594013,0.032557845
55512,0,5,0,first,0.11049041,0.1387387,0.028248295
55512,0,5,1,middle,0.11049041,0.044269834,-0.06622058
55512,0,5,2,middle,0.11049041,0.11298546,0.0024950504
55512,0,5,3,middle,0.11049041,0.10568389,-0.0048065186
55512,0,5,4,last,0.11049041,0.07975325,-0.030737162
38632,0,5,0,first,0.52027637,0.41456893,-0.10570744
38632,0,5,1,middle,0.52027637,0.5188246,-0.0014517903
38632,0,5,2,middle,0.52027637,0.25771543,-0.26256093
38632,0,5,3,middle,0.52027637,0.647212,0.12693566
38632,0,5,4,last,0.52027637,0.5906087,0.07033235
205,1,5,0,first,0.8025011,0.877525,0.07502389
205,1,5,1,middle,0.8025011,0.08772455,-0.7147765
205,1,5,2,middle,0.8025011,0.93414897,0.13164788
205,1,5,3,middle,0.8025011,0.91507125,0.11257017
205,1,5,4,last,0.8025011,0.6363825,-0.16611856
40254,0,5,0,first,0.033088494,0.035307497,0.0022190027
40254,0,5,1,middle,0.033088494,0.03299888,-8.961558e-05
40254,0,5,2,middle,0.033088494,0.031789478,-0.0012990162
40254,0,5,3,middle,0.033088494,0.03473934,0.0016508475
40254,0,5,4,last,0.033088494,0.034360208,0.0012717135
21679,0,5,0,first,0.094455145,0.07140064,-0.023054503
21679,0,5,1,middle,0.094455145,0.2043887,0.10993355
21679,0,5,2,middle,0.094455145,0.1005341,0.006078951
21679,0,5,3,middle,0.094455145,0.06302518,-0.03142997
21679,0,5,4,last,0.094455145,0.05823623,-0.036218915
11048,1,5,0,first,0.9033337,0.87671006,-0.026623666
11048,1,5,1,middle,0.9033337,0.9221238,0.018790066
11048,1,5,2,middle,0.9033337,0.07703293,-0.8263008
11048,1,5,3,middle,0.9033337,0.953269,0.04993528
11048,1,5,4,last,0.9033337,0.93091035,0.027576625
1605,1,5,0,first,0.07357461,0.7199855,0.6464109
1605,1,5,1,middle,0.07357461,0.05094631,-0.0226283
1605,1,5,2,middle,0.07357461,0.08276361,0.009189002
1605,1,5,3,middle,0.07357461,0.085171856,0.011597246
1605,1,5,4,last,0.07357461,0.041865118,-0.031709492
253,0,5,0,first,0.9128254,0.89584965,-0.01697576
253,0,5,1,middle,0.9128254,0.9242836,0.011458218
253,0,5,2,middle,0.9128254,0.85679173,-0.05603367
253,0,5,3,middle,0.9128254,0.32002243,-0.592803
253,0,5,4,last,0.9128254,0.85843325,-0.05439216
683,1,5,0,first,0.89231074,0.17768078,-0.71462995
683,1,5,1,middle,0.89231074,0.87000215,-0.022308588
683,1,5,2,middle,0.89231074,0.94580495,0.053494215
683,1,5,3,middle,0.89231074,0.8014723,-0.09083843
683,1,5,4,last,0.89231074,0.9156609,0.02335018
27,0,4,0,first,0.035506167,0.04791808,0.012411915
27,0,4,1,middle,0.035506167,0.03636851,0.0008623451
27,0,4,2,middle,0.035506167,0.037432235,0.0019260682
27,0,4,3,last,0.035506167,0.03607623,0.00057006255
459,1,4,0,first,0.9628818,0.099713415,-0.86316836
459,1,4,1,middle,0.9628818,0.9633575,0.00047570467
459,1,4,2,middle,0.9628818,0.9671455,0.004263699
459,1,4,3,last,0.9628818,0.9691074,0.006225586
15960,1,4,0,first,0.96741486,0.966852,-0.00056284666
15960,1,4,1,middle,0.96741486,0.9684928,0.00107795
15960,1,4,2,middle,0.96741486,0.96451324,-0.0029016137
15960,1,4,3,last,0.96741486,0.95975435,-0.007660508
657,1,5,0,first,0.960247,0.9589352,-0.001311779
657,1,5,1,middle,0.960247,0.96028346,3.6478043e-05
657,1,5,2,middle,0.960247,0.9632988,0.0030518174
657,1,5,3,middle,0.960247,0.9506415,-0.009605467
657,1,5,4,last,0.960247,0.89751846,-0.062728524
1248,0,5,0,first,0.03990261,0.032589458,-0.007313151
1248,0,5,1,middle,0.03990261,0.042187095,0.0022844858
1248,0,5,2,middle,0.03990261,0.047173034,0.0072704256
1248,0,5,3,middle,0.03990261,0.04270723,0.002804622
1248,0,5,4,last,0.03990261,0.05903096,0.019128352
2119,1,4,0,first,0.29396263,0.10414317,-0.18981946
2119,1,4,1,middle,0.29396263,0.45325902,0.1592964
2119,1,4,2,middle,0.29396263,0.16273263,-0.13123
2119,1,4,3,last,0.29396263,0.6150567,0.32109407
25575,1,5,0,first,0.97185093,0.95787376,-0.01397717
25575,1,5,1,middle,0.97185093,0.9674932,-0.004357755
25575,1,5,2,middle,0.97185093,0.9711835,-0.0006674528
25575,1,5,3,middle,0.97185093,0.972842,0.0009910464
25575,1,5,4,last,0.97185093,0.97277373,0.0009227991
12892,0,5,0,first,0.7632322,0.91567415,0.15244198
12892,0,5,1,middle,0.7632322,0.76997155,0.006739378
12892,0,5,2,middle,0.7632322,0.83777803,0.07454586
12892,0,5,3,middle,0.7632322,0.14829215,-0.61494005
12892,0,5,4,last,0.7632322,0.75863487,-0.0045973063
1391,0,5,0,first,0.51080626,0.9242808,0.41347456
1391,0,5,1,middle,0.51080626,0.555928,0.04512173
1391,0,5,2,middle,0.51080626,0.089874506,-0.42093176
1391,0,5,3,middle,0.51080626,0.49704006,-0.013766199
1391,0,5,4,last,0.51080626,0.24373499,-0.26707128
944,1,5,0,first,0.9604356,0.96366173,0.0032261014
944,1,5,1,middle,0.9604356,0.95898235,-0.0014532804
944,1,5,2,middle,0.9604356,0.95691264,-0.0035229921
944,1,5,3,middle,0.9604356,0.964919,0.004483342
944,1,5,4,last,0.9604356,0.9525485,-0.007887125
1767,0,5,0,first,0.057972398,0.0702308,0.012258399
1767,0,5,1,middle,0.057972398,0.0493997,-0.008572698
1767,0,5,2,middle,0.057972398,0.033444796,-0.024527602
1767,0,5,3,middle,0.057972398,0.052136663,-0.0058357343
1767,0,5,4,last,0.057972398,0.1425327,0.084560305
351,1,5,0,first,0.9070203,0.8572684,-0.049751878
351,1,5,1,middle,0.9070203,0.86226225,-0.04475802
351,1,5,2,middle,0.9070203,0.78983504,-0.117185235
351,1,5,3,middle,0.9070203,0.6577166,-0.2493037
351,1,5,4,last,0.9070203,0.9381075,0.03108722
16996,1,5,0,first,0.36256397,0.03207135,-0.33049262
16996,1,5,1,middle,0.36256397,0.45700237,0.094438404
16996,1,5,2,middle,0.36256397,0.30126128,-0.06130269
16996,1,5,3,middle,0.36256397,0.603822,0.24125803
16996,1,5,4,last,0.36256397,0.3506692,-0.0118947625
1397,1,5,0,first,0.91842365,0.95408434,0.035660684
1397,1,5,1,middle,0.91842365,0.9270895,0.00866586
1397,1,5,2,middle,0.91842365,0.9239131,0.0054894686
1397,1,5,3,middle,0.91842365,0.80190057,-0.11652309
1397,1,5,4,last,0.91842365,0.71828717,-0.20013648
992,0,5,0,first,0.05552234,0.048573494,-0.0069488473
992,0,5,1,middle,0.05552234,0.042970646,-0.012551695
992,0,5,2,middle,0.05552234,0.0545232,-0.0009991415
992,0,5,3,middle,0.05552234,0.059045512,0.003523171
992,0,5,4,last,0.05552234,0.06386103,0.008338686
37955,0,5,0,first,0.17300047,0.21965256,0.046652094
37955,0,5,1,middle,0.17300047,0.27231312,0.09931265
37955,0,5,2,middle,0.17300047,0.083731815,-0.089268655
37955,0,5,3,middle,0.17300047,0.12877579,-0.04422468
37955,0,5,4,last,0.17300047,0.1032269,-0.06977357
2118,1,5,0,first,0.1098361,0.23840219,0.12856609
2118,1,5,1,middle,0.1098361,0.14449757,0.03466147
2118,1,5,2,middle,0.1098361,0.078330986,-0.031505115
2118,1,5,3,middle,0.1098361,0.10582181,-0.004014291
2118,1,5,4,last,0.1098361,0.04321484,-0.06662126
531,1,5,0,first,0.9686441,0.9688588,0.00021469593
531,1,5,1,middle,0.9686441,0.9673448,-0.001299262
531,1,5,2,middle,0.9686441,0.96578807,-0.0028560162
531,1,5,3,middle,0.9686441,0.9648703,-0.0037738085
531,1,5,4,last,0.9686441,0.9541183,-0.014525771
22731,1,5,0,first,0.8431283,0.9422346,0.09910625
22731,1,5,1,middle,0.8431283,0.8278168,-0.015311539
22731,1,5,2,middle,0.8431283,0.67270195,-0.17042637
22731,1,5,3,middle,0.8431283,0.44493762,-0.3981907
22731,1,5,4,last,0.8431283,0.7608996,-0.08222872
504,1,5,0,first,0.9203767,0.8271034,-0.09327334
504,1,5,1,middle,0.9203767,0.41794068,-0.50243604
504,1,5,2,middle,0.9203767,0.89326614,-0.027110577
504,1,5,3,middle,0.9203767,0.91074085,-0.009635866
504,1,5,4,last,0.9203767,0.9624789,0.042102158
1007,0,5,0,first,0.9205031,0.93750226,0.016999185
1007,0,5,1,middle,0.9205031,0.63762206,-0.28288102
1007,0,5,2,middle,0.9205031,0.78745127,-0.13305181
1007,0,5,3,middle,0.9205031,0.9411346,0.020631492
1007,0,5,4,last,0.9205031,0.9308192,0.0103161335
533,0,5,0,first,0.085978396,0.07869718,-0.007281214
533,0,5,1,middle,0.085978396,0.061417885,-0.024560511
533,0,5,2,middle,0.085978396,0.078842804,-0.0071355924
533,0,5,3,middle,0.085978396,0.055445053,-0.030533344
533,0,5,4,last,0.085978396,0.4327114,0.346733
567,1,5,0,first,0.96544856,0.96587425,0.00042569637
567,1,5,1,middle,0.96544856,0.96830183,0.0028532743
567,1,5,2,middle,0.96544856,0.9658969,0.00044834614
567,1,5,3,middle,0.96544856,0.9686896,0.0032410622
567,1,5,4,last,0.96544856,0.95426446,-0.011184096
36153,0,5,0,first,0.15512311,0.16460048,0.009477362
36153,0,5,1,middle,0.15512311,0.15258342,-0.0025396943
36153,0,5,2,middle,0.15512311,0.17135698,0.016233861
36153,0,5,3,middle,0.15512311,0.15590979,0.000786677
36153,0,5,4,last,0.15512311,0.10147939,-0.053643726
37242,1,5,0,first,0.24977162,0.16876145,-0.08101018
37242,1,5,1,middle,0.24977162,0.250182,0.00041037798
37242,1,5,2,middle,0.24977162,0.23633009,-0.013441533
37242,1,5,3,middle,0.24977162,0.5541502,0.3043786
37242,1,5,4,last,0.24977162,0.15581036,-0.09396127
45633,1,5,0,first,0.9675775,0.96384335,-0.0037341714
45633,1,5,1,middle,0.9675775,0.9701221,0.002544582
45633,1,5,2,middle,0.9675775,0.9665341,-0.0010434389
45633,1,5,3,middle,0.9675775,0.96218234,-0.005395174
45633,1,5,4,last,0.9675775,0.96567285,-0.0019046664
527,1,2,0,first,0.94216275,0.062144775,-0.880018
527,1,2,1,last,0.94216275,0.94598246,0.003819704
1072,1,5,0,first,0.66606736,0.5873902,-0.07867718
1072,1,5,1,middle,0.66606736,0.12589608,-0.54017127
1072,1,5,2,middle,0.66606736,0.08549541,-0.58057195
1072,1,5,3,middle,0.66606736,0.6262066,-0.039860785
1072,1,5,4,last,0.66606736,0.8893336,0.22326624
39,0,4,0,first,0.052524887,0.045585178,-0.006939709
39,0,4,1,middle,0.052524887,0.08877303,0.03624814
39,0,4,2,middle,0.052524887,0.040448517,-0.01207637
39,0,4,3,last,0.052524887,0.050642215,-0.0018826723
976,0,5,0,first,0.053353224,0.039314453,-0.014038771
976,0,5,1,middle,0.053353224,0.05750718,0.0041539557
976,0,5,2,middle,0.053353224,0.042607997,-0.010745227
976,0,5,3,middle,0.053353224,0.046786487,-0.006566737
976,0,5,4,last,0.053353224,0.25334984,0.19999662
1550,0,4,0,first,0.06493703,0.3432211,0.27828407
1550,0,4,1,middle,0.06493703,0.046888217,-0.018048815
1550,0,4,2,middle,0.06493703,0.033969257,-0.030967776
1550,0,4,3,last,0.06493703,0.12955236,0.06461533
870,1,6,0,first,0.9289526,0.88791263,-0.041039944
870,1,6,1,middle,0.9289526,0.9352818,0.0063292384
870,1,6,2,middle,0.9289526,0.91151494,-0.017437637
870,1,6,3,middle,0.9289526,0.9313926,0.0024400353
870,1,6,4,middle,0.9289526,0.9075334,-0.021419168
870,1,6,5,last,0.9289526,0.92066675,-0.0082858205
11468,1,4,0,first,0.8941853,0.079247184,-0.8149381
11468,1,4,1,middle,0.8941853,0.9453888,0.05120349
11468,1,4,2,middle,0.8941853,0.85825664,-0.035928667
11468,1,4,3,last,0.8941853,0.8631712,-0.031014085
290,0,5,0,first,0.029534437,0.028774032,-0.0007604044
290,0,5,1,middle,0.029534437,0.031198578,0.0016641412
290,0,5,2,middle,0.029534437,0.029561749,2.7311966e-05
290,0,5,3,middle,0.029534437,0.029835347,0.00030091032
290,0,5,4,last,0.029534437,0.02950949,-2.4946406e-05
10655,1,5,0,first,0.9694035,0.9709063,0.0015028119
10655,1,5,1,middle,0.9694035,0.9710281,0.0016245842
10655,1,5,2,middle,0.9694035,0.95415497,-0.015248537
10655,1,5,3,middle,0.9694035,0.9694174,1.3887882e-05
10655,1,5,4,last,0.9694035,0.9699443,0.00054079294
8275,1,5,0,first,0.65764344,0.4729579,-0.18468553
8275,1,5,1,middle,0.65764344,0.7145667,0.05692327
8275,1,5,2,middle,0.65764344,0.6221513,-0.035492122
8275,1,5,3,middle,0.65764344,0.5489933,-0.10865015
8275,1,5,4,last,0.65764344,0.61436427,-0.04327917
33854,1,5,0,first,0.9575441,0.9587388,0.0011947155
33854,1,5,1,middle,0.9575441,0.92251045,-0.035033643
33854,1,5,2,middle,0.9575441,0.9278384,-0.029705703
33854,1,5,3,middle,0.9575441,0.9435676,-0.013976514
33854,1,5,4,last,0.9575441,0.95110303,-0.0064410567
950,0,4,0,first,0.8963659,0.9608614,0.064495504
950,0,4,1,middle,0.8963659,0.9012742,0.0049083233
950,0,4,2,middle,0.8963659,0.72509456,-0.17127132
950,0,4,3,last,0.8963659,0.48350605,-0.41285983
1218,0,4,0,first,0.03620275,0.03493367,-0.0012690797
1218,0,4,1,middle,0.03620275,0.041022636,0.004819885
1218,0,4,2,middle,0.03620275,0.03585917,-0.0003435798
1218,0,4,3,last,0.03620275,0.05578902,0.019586269
10185,0,4,0,first,0.033720076,0.040208463,0.0064883865
10185,0,4,1,middle,0.033720076,0.03293356,-0.0007865168
10185,0,4,2,middle,0.033720076,0.033131894,-0.00058818236
10185,0,4,3,last,0.033720076,0.040206246,0.00648617
784,0,5,0,first,0.073364556,0.30512592,0.23176137
784,0,5,1,middle,0.073364556,0.04521201,-0.028152544
784,0,5,2,middle,0.073364556,0.06643571,-0.0069288462
784,0,5,3,middle,0.073364556,0.10113094,0.027766384
784,0,5,4,last,0.073364556,0.12402462,0.050660066
39798,0,5,0,first,0.6829342,0.08537173,-0.5975625
39798,0,5,1,middle,0.6829342,0.49855673,-0.18437749
39798,0,5,2,middle,0.6829342,0.75707126,0.07413703
39798,0,5,3,middle,0.6829342,0.8152532,0.13231897
39798,0,5,4,last,0.6829342,0.6398376,-0.043096602
541,1,5,0,first,0.37043217,0.3963536,0.025921434
541,1,5,1,middle,0.37043217,0.39131436,0.02088219
541,1,5,2,middle,0.37043217,0.3828384,0.01240623
541,1,5,3,middle,0.37043217,0.46695808,0.09652591
541,1,5,4,last,0.37043217,0.09552248,-0.27490968
594,0,5,0,first,0.65604883,0.08446933,-0.5715795
594,0,5,1,middle,0.65604883,0.88628584,0.230237
594,0,5,2,middle,0.65604883,0.34822518,-0.30782366
594,0,5,3,middle,0.65604883,0.66486746,0.008818626
594,0,5,4,last,0.65604883,0.7137658,0.057716966
1890,0,5,0,first,0.2684547,0.13800102,-0.13045368
1890,0,5,1,middle,0.2684547,0.14063108,-0.12782362
1890,0,5,2,middle,0.2684547,0.07088953,-0.19756517
1890,0,5,3,middle,0.2684547,0.6361301,0.3676754
1890,0,5,4,last,0.2684547,0.38636297,0.11790827
39925,1,5,0,first,0.6110665,0.5758863,-0.03518021
39925,1,5,1,middle,0.6110665,0.74562263,0.13455611
39925,1,5,2,middle,0.6110665,0.32480505,-0.28626147
39925,1,5,3,middle,0.6110665,0.60483867,-0.006227851
39925,1,5,4,last,0.6110665,0.3952347,-0.21583182
24271,1,5,0,first,0.9698084,0.9718764,0.0020679832
24271,1,5,1,middle,0.9698084,0.9710788,0.0012704134
24271,1,5,2,middle,0.9698084,0.9710508,0.0012423992
24271,1,5,3,middle,0.9698084,0.9674106,-0.0023977757
24271,1,5,4,last,0.9698084,0.96760666,-0.002201736
2212,1,4,0,first,0.1141039,0.03406488,-0.08003902
2212,1,4,1,middle,0.1141039,0.063255675,-0.050848223
2212,1,4,2,middle,0.1141039,0.32202384,0.20791994
2212,1,4,3,last,0.1141039,0.11342586,-0.0006780401
27951,1,5,0,first,0.940651,0.8708254,-0.06982559
27951,1,5,1,middle,0.940651,0.9323493,-0.008301675
27951,1,5,2,middle,0.940651,0.66261774,-0.27803326
27951,1,5,3,middle,0.940651,0.9353619,-0.0052890778
27951,1,5,4,last,0.940651,0.9348936,-0.0057573915
1164,0,3,0,first,0.027547432,0.036836084,0.009288652
1164,0,3,1,middle,0.027547432,0.037016213,0.009468781
1164,0,3,2,last,0.027547432,0.028574008,0.0010265764
1519,1,5,0,first,0.872058,0.81411767,-0.057940304
1519,1,5,1,middle,0.872058,0.8729526,0.0008946061
1519,1,5,2,middle,0.872058,0.818259,-0.053798974
1519,1,5,3,middle,0.872058,0.72522867,-0.1468293
1519,1,5,4,last,0.872058,0.8860727,0.014014721
