id,label,n_sentences,sentence_idx,position,prob_stress_full,prob_stress_without,delta_prob_stress
896,0,5,0,first,0.21393701,0.2512223,0.037285298
896,0,5,1,middle,0.21393701,0.22571526,0.01177825
896,0,5,2,middle,0.21393701,0.2066561,-0.007280916
896,0,5,3,middle,0.21393701,0.20446718,-0.009469837
896,0,5,4,last,0.21393701,0.24839409,0.034457073
19059,0,5,0,first,0.44312942,0.4815649,0.03843549
19059,0,5,1,middle,0.44312942,0.38425547,-0.05887395
19059,0,5,2,middle,0.44312942,0.36726534,-0.07586408
19059,0,5,3,middle,0.44312942,0.46298194,0.019852519
19059,0,5,4,last,0.44312942,0.4215244,-0.021605015
7977,1,4,0,first,0.8052565,0.8381772,0.03292072
7977,1,4,1,middle,0.8052565,0.8427622,0.037505686
7977,1,4,2,middle,0.8052565,0.81606627,0.010809779
7977,1,4,3,last,0.8052565,0.33705494,-0.46820155
1214,1,5,0,first,0.7624821,0.75149834,-0.010983765
1214,1,5,1,middle,0.7624821,0.7567347,-0.005747378
1214,1,5,2,middle,0.7624821,0.68232685,-0.08015525
1214,1,5,3,middle,0.7624821,0.6127662,-0.1497159
1214,1,5,4,last,0.7624821,0.7494641,-0.013018012
1965,0,5,0,first,0.6625381,0.6466741,-0.015864015
1965,0,5,1,middle,0.6625381,0.6495271,-0.013011038
1965,0,5,2,middle,0.6625381,0.7070337,0.044495583
1965,0,5,3,middle,0.6625381,0.61616117,-0.046376944
1965,0,5,4,last,0.6625381,0.55487925,-0.10765886
850,0,4,0,first,0.26729906,0.30163878,0.034339726
850,0,4,1,middle,0.26729906,0.28502432,0.017725259
850,0,4,2,middle,0.26729906,0.20362549,-0.06367357
850,0,4,3,last,0.26729906,0.2490371,-0.018261954
1643,0,5,0,first,0.25937104,0.29438424,0.0350132
1643,0,5,1,middle,0.25937104,0.24608108,-0.013289958
1643,0,5,2,middle,0.25937104,0.25305238,-0.0063186586
1643,0,5,3,middle,0.25937104,0.23890679,-0.020464256
1643,0,5,4,last,0.25937104,0.27113637,0.011765331
39090,1,5,0,first,0.7393313,0.77744484,0.038113534
39090,1,5,1,middle,0.7393313,0.66219866,-0.07713264
39090,1,5,2,middle,0.7393313,0.73000073,-0.009330571
39090,1,5,3,middle,0.7393313,0.8083258,0.06899452
39090,1,5,4,last,0.7393313,0.7073003,-0.032031
19468,1,5,0,first,0.8843864,0.8828258,-0.0015606284
19468,1,5,1,middle,0.8843864,0.8583707,-0.026015699
19468,1,5,2,middle,0.8843864,0.87273496,-0.011651456
19468,1,5,3,middle,0.8843864,0.87708163,-0.0073047876
19468,1,5,4,last,0.8843864,0.8747099,-0.009676516
48595,0,5,0,first,0.23208469,0.23603901,0.003954321
48595,0,5,1,middle,0.23208469,0.23985097,0.0077662766
48595,0,5,2,middle,0.23208469,0.21600512,-0.016079575
48595,0,5,3,middle,0.23208469,0.19124077,-0.04084392
48595,0,5,4,last,0.23208469,0.22267212,-0.009412572
1039,1,5,0,first,0.8246,0.7061675,-0.11843246
1039,1,5,1,middle,0.8246,0.83953226,0.014932275
1039,1,5,2,middle,0.8246,0.8220745,-0.0025255084
1039,1,5,3,middle,0.8246,0.6941949,-0.13040507
1039,1,5,4,last,0.8246,0.85642594,0.03182596
588,1,5,0,first,0.78134954,0.78635716,0.0050076246
588,1,5,1,middle,0.78134954,0.75745267,-0.023896873
588,1,5,2,middle,0.78134954,0.7625846,-0.018764913
588,1,5,3,middle,0.78134954,0.49583992,-0.28550962
588,1,5,4,last,0.78134954,0.8165554,0.03520584
53256,1,5,0,first,0.5851653,0.4457325,-0.13943282
53256,1,5,1,middle,0.5851653,0.59598315,0.010817826
53256,1,5,2,middle,0.5851653,0.5592687,-0.025896609
53256,1,5,3,middle,0.5851653,0.69846463,0.11329931
53256,1,5,4,last,0.5851653,0.55369407,-0.031471252
39650,1,5,0,first,0.8878899,0.8786895,-0.009200394
39650,1,5,1,middle,0.8878899,0.9013916,0.013501704
39650,1,5,2,middle,0.8878899,0.8856571,-0.0022328496
39650,1,5,3,middle,0.8878899,0.8837585,-0.0041314363
39650,1,5,4,last,0.8878899,0.6758399,-0.21205002
414,1,5,0,first,0.71482974,0.7072385,-0.0075912476
414,1,5,1,middle,0.71482974,0.64875835,-0.06607139
414,1,5,2,middle,0.71482974,0.6802384,-0.034591317
414,1,5,3,middle,0.71482974,0.6422647,-0.07256502
414,1,5,4,last,0.71482974,0.6469214,-0.06790835
1824,0,5,0,first,0.45746952,0.6057452,0.14827567
1824,0,5,1,middle,0.45746952,0.43606257,-0.021406949
1824,0,5,2,middle,0.45746952,0.5265586,0.069089055
1824,0,5,3,middle,0.45746952,0.42953482,-0.0279347
1824,0,5,4,last,0.45746952,0.32117665,-0.13629287
813,1,5,0,first,0.88858813,0.8905935,0.0020053983
813,1,5,1,middle,0.88858813,0.87129414,-0.01729399
813,1,5,2,middle,0.88858813,0.8615602,-0.027027905
813,1,5,3,middle,0.88858813,0.87677217,-0.011815965
813,1,5,4,last,0.88858813,0.88623774,-0.00235039
745,1,5,0,first,0.6681642,0.6838618,0.015697598
745,1,5,1,middle,0.6681642,0.8113338,0.14316958
745,1,5,2,middle,0.6681642,0.53971255,-0.12845165
745,1,5,3,middle,0.6681642,0.43410864,-0.23405555
745,1,5,4,last,0.6681642,0.7358563,0.0676921
895,0,5,0,first,0.8256457,0.8518619,0.026216209
895,0,5,1,middle,0.8256457,0.6227978,-0.2028479
895,0,5,2,middle,0.8256457,0.8485015,0.022855818
895,0,5,3,middle,0.8256457,0.8307759,0.0051302314
895,0,5,4,last,0.8256457,0.73118633,-0.094459355
1361,0,5,0,first,0.645566,0.70234793,0.056781948
1361,0,5,1,middle,0.645566,0.701953,0.056387007
1361,0,5,2,middle,0.645566,0.39267868,-0.2528873
1361,0,5,3,middle,0.645566,0.7313682,0.0858022
1361,0,5,4,last,0.645566,0.7555961,0.110030115
46063,0,5,0,first,0.4237236,0.5337429,0.1100193
46063,0,5,1,middle,0.4237236,0.4676283,0.043904692
46063,0,5,2,middle,0.4237236,0.32848155,-0.09524205
46063,0,5,3,middle,0.4237236,0.4594538,0.035730183
46063,0,5,4,last,0.4237236,0.25403687,-0.16968673
6587,0,5,0,first,0.20977709,0.216638,0.006860912
6587,0,5,1,middle,0.20977709,0.20609342,-0.0036836714
6587,0,5,2,middle,0.20977709,0.20611729,-0.0036597997
6587,0,5,3,middle,0.20977709,0.20144968,-0.00832741
6587,0,5,4,last,0.20977709,0.22447427,0.014697179
108,0,4,0,first,0.22315845,0.22935538,0.006196931
108,0,4,1,middle,0.22315845,0.20570716,-0.017451286
108,0,4,2,middle,0.22315845,0.202354,-0.02080445
108,0,4,3,last,0.22315845,0.22680631,0.0036478639
337,1,5,0,first,0.8676365,0.76039994,-0.107236564
337,1,5,1,middle,0.8676365,0.85981226,-0.007824242
337,1,5,2,middle,0.8676365,0.8681473,0.0005108118
337,1,5,3,middle,0.8676365,0.86715245,-0.00048404932
337,1,5,4,last,0.8676365,0.8700537,0.0024172068
54251,1,5,0,first,0.8526745,0.6093171,-0.24335736
54251,1,5,1,middle,0.8526745,0.8672139,0.014539421
54251,1,5,2,middle,0.8526745,0.8525372,-0.0001372695
54251,1,5,3,middle,0.8526745,0.85693336,0.004258871
54251,1,5,4,last,0.8526745,0.8103824,-0.04229206
723,0,5,0,first,0.55173445,0.39494053,-0.15679392
723,0,5,1,middle,0.55173445,0.64551127,0.09377682
723,0,5,2,middle,0.55173445,0.39925212,-0.15248233
723,0,5,3,middle,0.55173445,0.5201037,-0.031630754
723,0,5,4,last,0.55173445,0.46017888,-0.091555566
1466,0,5,0,first,0.5636111,0.44978493,-0.113826156
1466,0,5,1,middle,0.5636111,0.6109384,0.04732728
1466,0,5,2,middle,0.5636111,0.534692,-0.0289191
1466,0,5,3,middle,0.5636111,0.46206528,-0.10154581
1466,0,5,4,last,0.5636111,0.5814617,0.017850637
16030,0,5,0,first,0.28777057,0.2063859,-0.08138467
16030,0,5,1,middle,0.28777057,0.35454357,0.066773
16030,0,5,2,middle,0.28777057,0.31791645,0.030145884
16030,0,5,3,middle,0.28777057,0.37531942,0.08754885
16030,0,5,4,last,0.28777057,0.24445939,-0.04331118
38903,0,5,0,first,0.19959295,0.21328071,0.01368776
38903,0,5,1,middle,0.19959295,0.22104026,0.021447316
38903,0,5,2,middle,0.19959295,0.19471398,-0.004878968
38903,0,5,3,middle,0.19959295,0.24274859,0.04315564
38903,0,5,4,last,0.19959295,0.17280643,-0.026786521
801,0,5,0,first,0.22455993,0.23090465,0.0063447207
801,0,5,1,middle,0.22455993,0.1997231,-0.024836838
801,0,5,2,middle,0.22455993,0.21520449,-0.009355441
801,0,5,3,middle,0.22455993,0.23572633,0.011166394
801,0,5,4,last,0.22455993,0.27241063,0.0478507
24942,1,5,0,first,0.8831636,0.8690089,-0.014154673
24942,1,5,1,middle,0.8831636,0.8247911,-0.058372498
24942,1,5,2,middle,0.8831636,0.87161,-0.0115535855
24942,1,5,3,middle,0.8831636,0.8951843,0.012020707
24942,1,5,4,last,0.8831636,0.89067936,0.007515788
32340,0,5,0,first,0.25354373,0.23684974,-0.016693994
32340,0,5,1,middle,0.25354373,0.2569871,0.0034433603
32340,0,5,2,middle,0.25354373,0.22706437,-0.026479363
32340,0,5,3,middle,0.25354373,0.2647857,0.011241972
32340,0,5,4,last,0.25354373,0.31095046,0.057406723
48561,1,5,0,first,0.8913694,0.86807626,-0.023293138
48561,1,5,1,middle,0.8913694,0.868703,-0.022666395
48561,1,5,2,middle,0.8913694,0.904297,0.012927592
48561,1,5,3,middle,0.8913694,0.84591687,-0.045452535
48561,1,5,4,last,0.8913694,0.8959391,0.0045697093
61,1,5,0,first,0.6290187,0.49860528,-0.13041344
61,1,5,1,middle,0.6290187,0.6643536,0.035334885
61,1,5,2,middle,0.6290187,0.5711839,-0.057834804
61,1,5,3,middle,0.6290187,0.5729453,-0.056073427
61,1,5,4,last,0.6290187,0.68003684,0.05101812
24225,0,5,0,first,0.21553294,0.1845853,-0.03094764
24225,0,5,1,middle,0.21553294,0.2156687,0.00013574958
24225,0,5,2,middle,0.21553294,0.4063964,0.19086345
24225,0,5,3,middle,0.21553294,0.21346276,-0.0020701885
24225,0,5,4,last,0.21553294,0.19053645,-0.02499649
1462,0,5,0,first,0.39488065,0.35174006,-0.04314059
1462,0,5,1,middle,0.39488065,0.35509622,-0.03978443
1462,0,5,2,middle,0.39488065,0.41088325,0.016002595
1462,0,5,3,middle,0.39488065,0.45010674,0.055226088
1462,0,5,4,last,0.39488065,0.37530962,-0.019571036
1234,0,5,0,first,0.3867971,0.396374,0.009576887
1234,0,5,1,middle,0.3867971,0.3196071,-0.06718999
1234,0,5,2,middle,0.3867971,0.39239553,0.005598426
1234,0,5,3,middle,0.3867971,0.21711496,-0.16968215
1234,0,5,4,last,0.3867971,0.51018494,0.12338784
1661,1,5,0,first,0.87382096,0.8288364,-0.04498458
1661,1,5,1,middle,0.87382096,0.8670101,-0.006810844
1661,1,5,2,middle,0.87382096,0.8677262,-0.0060947537
1661,1,5,3,middle,0.87382096,0.8560222,-0.017798781
1661,1,5,4,last,0.87382096,0.86939263,-0.004428327
1224,1,5,0,first,0.6771635,0.6896459,0.012482405
1224,1,5,1,middle,0.6771635,0.62307966,-0.054083824
1224,1,5,2,middle,0.6771635,0.65222174,-0.024941742
1224,1,5,3,middle,0.6771635,0.6309712,-0.04619229
1224,1,5,4,last,0.6771635,0.6475136,-0.029649854
45743,0,4,0,first,0.105142206,0.1248339,0.01969169
45743,0,4,1,middle,0.105142206,0.10142338,-0.0037188232
45743,0,4,2,middle,0.105142206,0.13454619,0.029403985
45743,0,4,3,last,0.105142206,0.11899806,0.013855852
1223,0,5,0,first,0.87825125,0.8679299,-0.010321379
1223,0,5,1,middle,0.87825125,0.8670436,-0.01120764
1223,0,5,2,middle,0.87825125,0.87038314,-0.007868111
1223,0,5,3,middle,0.87825125,0.8403009,-0.037950337
1223,0,5,4,last,0.87825125,0.83217543,-0.04607582
5248,1,5,0,first,0.9029504,0.8739756,-0.028974831
5248,1,5,1,middle,0.9029504,0.8905621,-0.012388289
5248,1,5,2,middle,0.9029504,0.8891988,-0.013751626
5248,1,5,3,middle,0.9029504,0.90061635,-0.0023340583
5248,1,5,4,last,0.9029504,0.90895504,0.0060046315
751,1,5,0,first,0.87302524,0.877415,0.004389763
751,1,5,1,middle,0.87302524,0.8015698,-0.07145542
751,1,5,2,middle,0.87302524,0.84053886,-0.03248638
751,1,5,3,middle,0.87302524,0.8678873,-0.0051379204
751,1,5,4,last,0.87302524,0.90303373,0.030008495
25778,1,5,0,first,0.9181053,0.8972038,-0.020901501
25778,1,5,1,middle,0.9181053,0.9191884,0.001083076
25778,1,5,2,middle,0.9181053,0.9018143,-0.016291022
25778,1,5,3,middle,0.9181053,0.9198163,0.0017110109
25778,1,5,4,last,0.9181053,0.9184869,0.00038158894
29555,1,5,0,first,0.89090216,0.90378493,0.012882769
29555,1,5,1,middle,0.89090216,0.8220958,-0.06880635
29555,1,5,2,middle,0.89090216,0.8673277,-0.023574471
29555,1,5,3,middle,0.89090216,0.8702724,-0.020629764
29555,1,5,4,last,0.89090216,0.89784163,0.006939471
12230,0,5,0,first,0.54627514,0.25908703,-0.2871881
12230,0,5,1,middle,0.54627514,0.567732,0.021456838
12230,0,5,2,middle,0.54627514,0.49206972,-0.054205418
12230,0,5,3,middle,0.54627514,0.58432615,0.03805101
12230,0,5,4,last,0.54627514,0.5330197,-0.013255417
30603,1,5,0,first,0.8680015,0.8602686,-0.007732928
30603,1,5,1,middle,0.8680015,0.8172137,-0.050787807
30603,1,5,2,middle,0.8680015,0.85034573,-0.01765579
30603,1,5,3,middle,0.8680015,0.84601146,-0.02199006
30603,1,5,4,last,0.8680015,0.8442138,-0.023787737
42340,0,4,0,first,0.83666664,0.839199,0.002532363
42340,0,4,1,middle,0.83666664,0.62656134,-0.2101053
42340,0,4,2,middle,0.83666664,0.8179904,-0.018676221
42340,0,4,3,last,0.83666664,0.86119086,0.024524212
247,0,5,0,first,0.32950926,0.271139,-0.058370262
247,0,5,1,middle,0.32950926,0.33779052,0.008281261
247,0,5,2,middle,0.32950926,0.37791887,0.04840961
247,0,5,3,middle,0.32950926,0.29323483,-0.036274433
247,0,5,4,last,0.32950926,0.5538838,0.22437453
1121,1,5,0,first,0.8384091,0.83988696,0.0014778376
1121,1,5,1,middle,0.8384091,0.8175971,-0.020812035
1121,1,5,2,middle,0.8384091,0.7666108,-0.071798325
1121,1,5,3,middle,0.8384091,0.7931678,-0.045241296
1121,1,5,4,last,0.8384091,0.8615593,0.023150146
49500,0,5,0,first,0.8395353,0.8507155,0.011180222
49500,0,5,1,middle,0.8395353,0.84243345,0.0028981566
49500,0,5,2,middle,0.8395353,0.7469015,-0.092633784
49500,0,5,3,middle,0.8395353,0.8214032,-0.01813209
49500,0,5,4,last,0.8395353,0.8407404,0.0012050867
44234,1,4,0,first,0.89566344,0.839036,-0.056627452
44234,1,4,1,middle,0.89566344,0.8862723,-0.009391129
44234,1,4,2,middle,0.89566344,0.894665,-0.0009984374
44234,1,4,3,last,0.89566344,0.89115846,-0.0045049787
365,0,4,0,first,0.6238374,0.69847506,0.07463765
365,0,4,1,middle,0.6238374,0.5023224,-0.121515036
365,0,4,2,middle,0.6238374,0.58683634,-0.037001073
365,0,4,3,last,0.6238374,0.5318821,-0.091955304
53,1,5,0,first,0.56397945,0.7353077,0.17132825
53,1,5,1,middle,0.56397945,0.47906277,-0.08491668
53,1,5,2,middle,0.56397945,0.6264166,0.062437177
53,1,5,3,middle,0.56397945,0.57009166,0.006112218
53,1,5,4,last,0.56397945,0.45357215,-0.11040729
55783,1,5,0,first,0.71987,0.7255286,0.0056586266
55783,1,5,1,middle,0.71987,0.73416895,0.0142989755
55783,1,5,2,middle,0.71987,0.7141561,-0.00571388
55783,1,5,3,middle,0.71987,0.67556226,-0.04430771
55783,1,5,4,last,0.71987,0.6414216,-0.078448355
1125,1,4,0,first,0.913569,0.9116443,-0.0019246936
1125,1,4,1,middle,0.913569,0.9093688,-0.0042001605
1125,1,4,2,middle,0.913569,0.9137716,0.00020265579
1125,1,4,3,last,0.913569,0.77138656,-0.14218241
1667,0,5,0,first,0.86646783,0.8724957,0.0060278773
1667,0,5,1,middle,0.86646783,0.87631464,0.0098468065
1667,0,5,2,middle,0.86646783,0.76910865,-0.09735918
1667,0,5,3,middle,0.86646783,0.87024117,0.0037733316
1667,0,5,4,last,0.86646783,0.80734825,-0.059119582
40807,0,4,0,first,0.16141766,0.16960332,0.008185655
40807,0,4,1,middle,0.16141766,0.18434083,0.022923172
40807,0,4,2,middle,0.16141766,0.16559345,0.004175782
40807,0,4,3,last,0.16141766,0.16534613,0.0039284676
51868,1,5,0,first,0.88762337,0.8597776,-0.02784574
51868,1,5,1,middle,0.88762337,0.87605083,-0.01157254
51868,1,5,2,middle,0.88762337,0.85994166,-0.027681708
51868,1,5,3,middle,0.88762337,0.82849187,-0.059131503
51868,1,5,4,last,0.88762337,0.89732003,0.009696662
864,0,3,0,first,0.44672886,0.4439137,-0.0028151572
864,0,3,1,middle,0.44672886,0.28340036,-0.1633285
864,0,3,2,last,0.44672886,0.43166432,-0.0150645375
652,0,5,0,first,0.8263988,0.75868446,-0.06771433
652,0,5,1,middle,0.8263988,0.80051315,-0.025885642
652,0,5,2,middle,0.8263988,0.7805915,-0.045807302
652,0,5,3,middle,0.8263988,0.82503504,-0.0013637543
652,0,5,4,last,0.8263988,0.8345997,0.008200884
12081,0,5,0,first,0.8478189,0.87863594,0.030817032
12081,0,5,1,middle,0.8478189,0.82833374,-0.019485176
12081,0,5,2,middle,0.8478189,0.8682872,0.020468295
12081,0,5,3,middle,0.8478189,0.85330504,0.0054861307
12081,0,5,4,last,0.8478189,0.6295785,-0.21824044
1771,1,4,0,first,0.7440446,0.7632431,0.019198477
1771,1,4,1,middle,0.7440446,0.64592355,-0.09812105
1771,1,4,2,middle,0.7440446,0.73681796,-0.007226646
1771,1,4,3,last,0.7440446,0.50723124,-0.23681337
2603,0,5,0,first,0.48283806,0.22022209,-0.26261598
2603,0,5,1,middle,0.48283806,0.56090117,0.0780631
2603,0,5,2,middle,0.48283806,0.38940373,-0.093434334
2603,0,5,3,middle,0.48283806,0.6046331,0.12179503
2603,0,5,4,last,0.48283806,0.6883123,0.20547423
471,1,5,0,first,0.90384877,0.9032811,-0.00056767464
471,1,5,1,middle,0.90384877,0.9035179,-0.00033086538
471,1,5,2,middle,0.90384877,0.8901264,-0.01372236
471,1,5,3,middle,0.90384877,0.8978228,-0.00602597
471,1,5,4,last,0.90384877,0.88051873,-0.023330033
25293,0,5,0,first,0.27644008,0.26516053,-0.011279553
25293,0,5,1,middle,0.27644008,0.25922653,-0.017213553
25293,0,5,2,middle,0.27644008,0.23044208,-0.045998007
25293,0,5,3,middle,0.27644008,0.28658605,0.010145962
25293,0,5,4,last,0.27644008,0.23623611,-0.040203974
246,1,5,0,first,0.2880712,0.32009503,0.032023847
246,1,5,1,middle,0.2880712,0.25138706,-0.036684126
246,1,5,2,middle,0.2880712,0.191781,-0.096290186
246,1,5,3,middle,0.2880712,0.279081,-0.008990198
246,1,5,4,last,0.2880712,0.42455646,0.13648528
51097,0,5,0,first,0.11651817,0.11530156,-0.0012166128
51097,0,5,1,middle,0.11651817,0.123280056,0.006761886
51097,0,5,2,middle,0.11651817,0.122909255,0.0063910857
51097,0,5,3,middle,0.11651817,0.13581897,0.019300804
51097,0,5,4,last,0.11651817,0.11121263,-0.005305536
28340,0,4,0,first,0.121321194,0.14029798,0.018976785
28340,0,4,1,middle,0.121321194,0.12658617,0.005264975
28340,0,4,2,middle,0.121321194,0.13849008,0.017168887
28340,0,4,3,last,0.121321194,0.11997583,-0.0013453662
1278,1,5,0,first,0.8429237,0.82865083,-0.014272869
1278,1,5,1,middle,0.8429237,0.8462361,0.003312409
1278,1,5,2,middle,0.8429237,0.7651236,-0.077800095
1278,1,5,3,middle,0.8429237,0.8328349,-0.010088801
1278,1,5,4,last,0.8429237,0.8284001,-0.014523625
5012,1,5,0,first,0.806379,0.83460325,0.02822423
5012,1,5,1,middle,0.806379,0.70862705,-0.097751975
5012,1,5,2,middle,0.806379,0.8147745,0.008395493
5012,1,5,3,middle,0.806379,0.7518282,-0.054550827
5012,1,5,4,last,0.806379,0.46028224,-0.34609678
839,1,5,0,first,0.76257765,0.65882844,-0.103749216
839,1,5,1,middle,0.76257765,0.7341196,-0.028458059
839,1,5,2,middle,0.76257765,0.7774467,0.014869034
839,1,5,3,middle,0.76257765,0.75724655,-0.005331099
839,1,5,4,last,0.76257765,0.761431,-0.0011466742
987,1,5,0,first,0.81503963,0.8088239,-0.006215751
987,1,5,1,middle,0.81503963,0.848146,0.033106387
987,1,5,2,middle,0.81503963,0.7917373,-0.023302317
987,1,5,3,middle,0.81503963,0.3359518,-0.47908783
987,1,5,4,last,0.81503963,0.88192725,0.06688762
3879,1,5,0,first,0.92422307,0.9288902,0.004667163
3879,1,5,1,middle,0.92422307,0.92534083,0.0011177659
3879,1,5,2,middle,0.92422307,0.91673404,-0.0074890256
3879,1,5,3,middle,0.92422307,0.92412513,-9.793043e-05
3879,1,5,4,last,0.92422307,0.9052015,-0.01902157
1684,0,5,0,first,0.6481838,0.5615785,-0.08660531
1684,0,5,1,middle,0.6481838,0.77475435,0.12657052
1684,0,5,2,middle,0.6481838,0.6781408,0.029956996
1684,0,5,3,middle,0.6481838,0.75243807,0.104254246
1684,0,5,4,last,0.6481838,0.40312088,-0.24506295
4426,0,5,0,first,0.31667998,0.40683377,0.09015378
4426,0,5,1,middle,0.31667998,0.23603018,-0.08064981
4426,0,5,2,middle,0.31667998,0.40102988,0.0843499
4426,0,5,3,middle,0.31667998,0.2965563,-0.02012369
4426,0,5,4,last,0.31667998,0.28884014,-0.02783984
1675,0,5,0,first,0.31239647,0.36923987,0.0568434
1675,0,5,1,middle,0.31239647,0.3648693,0.05247283
1675,0,5,2,middle,0.31239647,0.26453546,-0.04786101
1675,0,5,3,middle,0.31239647,0.3155635,0.0031670332
1675,0,5,4,last,0.31239647,0.23092952,-0.08146694
15807,0,5,0,first,0.25301448,0.22547533,-0.027539149
15807,0,5,1,middle,0.25301448,0.26725143,0.014236957
15807,0,5,2,middle,0.25301448,0.20095852,-0.052055955
15807,0,5,3,middle,0.25301448,0.20845048,-0.044563994
15807,0,5,4,last,0.25301448,0.40912217,0.1561077
41401,1,5,0,first,0.86474246,0.8356604,-0.02908206
41401,1,5,1,middle,0.86474246,0.8774182,0.012675762
41401,1,5,2,middle,0.86474246,0.8171293,-0.047613144
41401,1,5,3,middle,0.86474246,0.86092097,-0.0038214922
41401,1,5,4,last,0.86474246,0.8607339,-0.0040085316
1800,0,4,0,first,0.4400619,0.6257651,0.18570319
1800,0,4,1,middle,0.4400619,0.28100726,-0.15905464
1800,0,4,2,middle,0.4400619,0.49173713,0.05167523
1800,0,4,3,last,0.4400619,0.32544693,-0.11461496
4114,1,5,0,first,0.8424852,0.8445582,0.00207299
4114,1,5,1,middle,0.8424852,0.8656334,0.023148239
4114,1,5,2,middle,0.8424852,0.82414526,-0.018339932
4114,1,5,3,middle,0.8424852,0.7812225,-0.061262667
4114,1,5,4,last,0.8424852,0.84996474,0.0074795485
1551,0,5,0,first,0.4051507,0.4013054,-0.0038453043
1551,0,5,1,middle,0.4051507,0.3039486,-0.1012021
1551,0,5,2,middle,0.4051507,0.4606987,0.055547982
1551,0,5,3,middle,0.4051507,0.42450532,0.019354612
1551,0,5,4,last,0.4051507,0.41658285,0.011432141
10126,1,5,0,first,0.91610676,0.9079325,-0.008174241
10126,1,5,1,middle,0.91610676,0.9106439,-0.005462885
10126,1,5,2,middle,0.91610676,0.8946051,-0.02150166
10126,1,5,3,middle,0.91610676,0.8993339,-0.016772866
10126,1,5,4,last,0.91610676,0.9273303,0.011223555
1184,0,5,0,first,0.8674756,0.8764459,0.008970261
1184,0,5,1,middle,0.8674756,0.8648897,-0.0025859475
1184,0,5,2,middle,0.8674756,0.86620957,-0.0012660623
1184,0,5,3,middle,0.8674756,0.61374974,-0.2537259
1184,0,5,4,last,0.8674756,0.8953813,0.027905643
21808,1,5,0,first,0.74555796,0.62740004,-0.11815792
21808,1,5,1,middle,0.74555796,0.7490227,0.0034647584
21808,1,5,2,middle,0.74555796,0.80407315,0.05851519
21808,1,5,3,middle,0.74555796,0.82547414,0.07991618
21808,1,5,4,last,0.74555796,0.73561656,-0.009941399
29364,0,5,0,first,0.85898465,0.883035,0.024050355
29364,0,5,1,middle,0.85898465,0.8643303,0.0053456426
29364,0,5,2,middle,0.85898465,0.8682312,0.009246528
29364,0,5,3,middle,0.85898465,0.857988,-0.0009966493
29364,0,5,4,last,0.85898465,0.27246478,-0.58651984
5725,0,5,0,first,0.39249444,0.33626607,-0.05622837
5725,0,5,1,middle,0.39249444,0.507552,0.11505759
5725,0,5,2,middle,0.39249444,0.3410553,-0.051439136
5725,0,5,3,middle,0.39249444,0.31122378,-0.081270665
5725,0,5,4,last,0.39249444,0.41714153,0.024647087
1344,1,5,0,first,0.83239436,0.8299772,-0.0024171472
1344,1,5,1,middle,0.83239436,0.8356955,0.0033011436
1344,1,5,2,middle,0.83239436,0.8291251,-0.0032692552
1344,1,5,3,middle,0.83239436,0.8521309,0.019736528
1344,1,5,4,last,0.83239436,0.70196533,-0.13042903
41244,1,5,0,first,0.88029116,0.81591004,-0.06438112
41244,1,5,1,middle,0.88029116,0.88364273,0.0033515692
41244,1,5,2,middle,0.88029116,0.8691354,-0.011155784
41244,1,5,3,middle,0.88029116,0.8978487,0.017557561
41244,1,5,4,last,0.88029116,0.87133974,-0.008951426
45645,0,5,0,first,0.6965465,0.7297354,0.03318888
45645,0,5,1,middle,0.6965465,0.31364837,-0.38289812
45645,0,5,2,middle,0.6965465,0.67436767,-0.022178829
45645,0,5,3,middle,0.6965465,0.71905,0.022503495
45645,0,5,4,last,0.6965465,0.66182655,-0.034719944
33410,1,5,0,first,0.59119654,0.6210562,0.029859662
33410,1,5,1,middle,0.59119654,0.60501254,0.013815999
33410,1,5,2,middle,0.59119654,0.5985268,0.007330239
33410,1,5,3,middle,0.59119654,0.57613117,-0.015065372
33410,1,5,4,last,0.59119654,0.29279938,-0.29839715
280,0,5,0,first,0.63258505,0.5369217,-0.09566337
280,0,5,1,middle,0.63258505,0.6143818,-0.018203259
280,0,5,2,middle,0.63258505,0.62120396,-0.01138109
280,0,5,3,middle,0.63258505,0.59223306,-0.040351987
280,0,5,4,last,0.63258505,0.68635964,0.053774595
1682,1,5,0,first,0.81822276,0.88065124,0.062428474
1682,1,5,1,middle,0.81822276,0.8086206,-0.009602189
1682,1,5,2,middle,0.81822276,0.78646934,-0.03175342
1682,1,5,3,middle,0.81822276,0.775003,-0.043219745
1682,1,5,4,last,0.81822276,0.5379082,-0.28031456
171,1,4,0,first,0.8741248,0.82368165,-0.050443172
171,1,4,1,middle,0.8741248,0.78662443,-0.08750039
171,1,4,2,middle,0.8741248,0.8713197,-0.0028051138
171,1,4,3,last,0.8741248,0.88912594,0.015001118
48667,1,5,0,first,0.7988221,0.79071695,-0.008105159
48667,1,5,1,middle,0.7988221,0.71768004,-0.08114207
48667,1,5,2,middle,0.7988221,0.81243145,0.01360935
48667,1,5,3,middle,0.7988221,0.7988588,3.671646e-05
48667,1,5,4,last,0.7988221,0.77218866,-0.026633441
25444,0,5,0,first,0.45824254,0.4705469,0.012304366
25444,0,5,1,middle,0.45824254,0.41525328,-0.042989254
25444,0,5,2,middle,0.45824254,0.5075654,0.049322844
25444,0,5,3,middle,0.45824254,0.29364318,-0.16459936
25444,0,5,4,last,0.45824254,0.55705917,0.09881663
618,0,5,0,first,0.6519302,0.60912037,-0.042809844
618,0,5,1,middle,0.6519302,0.5993507,-0.052579522
618,0,5,2,middle,0.6519302,0.6711525,0.01922226
618,0,5,3,middle,0.6519302,0.6190242,-0.032905996
618,0,5,4,last,0.6519302,0.607198,-0.044732213
257,1,5,0,first,0.8428585,0.82738423,-0.01547426
257,1,5,1,middle,0.8428585,0.7793873,-0.0634712
257,1,5,2,middle,0.8428585,0.8194226,-0.02343589
257,1,5,3,middle,0.8428585,0.7993537,-0.043504775
257,1,5,4,last,0.8428585,0.806832,-0.036026478
7774,1,5,0,first,0.89584327,0.88344455,-0.01239872
7774,1,5,1,middle,0.89584327,0.8847131,-0.011130154
7774,1,5,2,middle,0.89584327,0.87441397,-0.0214293
7774,1,5,3,middle,0.89584327,0.88200134,-0.013841927
7774,1,5,4,last,0.89584327,0.89039993,-0.0054433346
1798,0,5,0,first,0.3048043,0.3983215,0.093517214
1798,0,5,1,middle,0.3048043,0.207972,-0.09683229
1798,0,5,2,middle,0.3048043,0.2519123,-0.052892
1798,0,5,3,middle,0.3048043,0.36884922,0.06404492
1798,0,5,4,last,0.3048043,0.37131852,0.066514224
576,1,5,0,first,0.60968155,0.6366673,0.026985765
576,1,5,1,middle,0.60968155,0.553548,-0.05613357
576,1,5,2,middle,0.60968155,0.6158616,0.006180048
576,1,5,3,middle,0.60968155,0.59459096,-0.015090585
576,1,5,4,last,0.60968155,0.5329138,-0.07676774
11173,0,5,0,first,0.7479638,0.38968688,-0.3582769
11173,0,5,1,middle,0.7479638,0.73889196,-0.009071827
11173,0,5,2,middle,0.7479638,0.77252716,0.024563372
11173,0,5,3,middle,0.7479638,0.6892145,-0.05874926
11173,0,5,4,last,0.7479638,0.8290436,0.08107984
52355,1,4,0,first,0.78247523,0.7196986,-0.062776625
52355,1,4,1,middle,0.78247523,0.77613735,-0.006337881
52355,1,4,2,middle,0.78247523,0.7487323,-0.033742905
52355,1,4,3,last,0.78247523,0.75671065,-0.025764585
1460,0,4,0,first,0.42309943,0.36607686,-0.05702257
1460,0,4,1,middle,0.42309943,0.43044516,0.007345736
1460,0,4,2,middle,0.42309943,0.3702494,-0.052850038
1460,0,4,3,last,0.42309943,0.48458645,0.06148702
2018,0,5,0,first,0.29543966,0.32115725,0.025717586
2018,0,5,1,middle,0.29543966,0.2782969,-0.017142773
2018,0,5,2,middle,0.29543966,0.30104128,0.0056016147
2018,0,5,3,middle,0.29543966,0.22382094,-0.07161872
2018,0,5,4,last,0.29543966,0.43398765,0.13854799
1783,1,5,0,first,0.61535156,0.5731879,-0.04216367
1783,1,5,1,middle,0.61535156,0.57969594,-0.035655618
1783,1,5,2,middle,0.61535156,0.5536921,-0.061659455
1783,1,5,3,middle,0.61535156,0.47287923,-0.14247233
1783,1,5,4,last,0.61535156,0.45723546,-0.1581161
275,1,5,0,first,0.8087401,0.70256567,-0.10617441
275,1,5,1,middle,0.8087401,0.7514553,-0.057284772
275,1,5,2,middle,0.8087401,0.814073,0.005332947
275,1,5,3,middle,0.8087401,0.81080955,0.0020694733
275,1,5,4,last,0.8087401,0.80019885,-0.008541226
40519,1,5,0,first,0.70141053,0.64697695,-0.054433584
40519,1,5,1,middle,0.70141053,0.5150618,-0.18634874
40519,1,5,2,middle,0.70141053,0.712801,0.011390448
40519,1,5,3,middle,0.70141053,0.7211166,0.01970607
40519,1,5,4,last,0.70141053,0.6925901,-0.008820415
28894,1,5,0,first,0.7643924,0.7374174,-0.026974976
28894,1,5,1,middle,0.7643924,0.74845725,-0.015935123
28894,1,5,2,middle,0.7643924,0.75653714,-0.0078552365
28894,1,5,3,middle,0.7643924,0.5493406,-0.21505177
28894,1,5,4,last,0.7643924,0.79441667,0.03002429
51808,0,5,0,first,0.1774262,0.14949243,-0.027933776
51808,0,5,1,middle,0.1774262,0.18615317,0.008726969
51808,0,5,2,middle,0.1774262,0.19398114,0.016554937
51808,0,5,3,middle,0.1774262,0.17850097,0.0010747612
51808,0,5,4,last,0.1774262,0.16859007,-0.008836135
1678,1,5,0,first,0.87612915,0.84237534,-0.033753812
1678,1,5,1,middle,0.87612915,0.8680078,-0.008121371
1678,1,5,2,middle,0.87612915,0.87173045,-0.0043987036
1678,1,5,3,middle,0.87612915,0.8648709,-0.0112582445
1678,1,5,4,last,0.87612915,0.88424873,0.008119583
861,0,5,0,first,0.32633066,0.2930248,-0.033305854
861,0,5,1,middle,0.32633066,0.36545905,0.039128393
861,0,5,2,middle,0.32633066,0.26982433,-0.056506336
861,0,5,3,middle,0.32633066,0.31462815,-0.011702508
861,0,5,4,last,0.32633066,0.42076,0.094429344
621,0,5,0,first,0.70574284,0.6440124,-0.061730444
621,0,5,1,middle,0.70574284,0.56913483,-0.136608
621,0,5,2,middle,0.70574284,0.55653703,-0.1492058
621,0,5,3,middle,0.70574284,0.7061075,0.00036466122
621,0,5,4,last,0.70574284,0.7514274,0.045684576
1423,1,5,0,first,0.84183675,0.7014346,-0.14040214
1423,1,5,1,middle,0.84183675,0.8321398,-0.00969696
1423,1,5,2,middle,0.84183675,0.8390366,-0.0028001666
1423,1,5,3,middle,0.84183675,0.8401909,-0.001645863
1423,1,5,4,last,0.84183675,0.8546681,0.01283133
53054,1,5,0,first,0.9057527,0.8937175,-0.012035191
53054,1,5,1,middle,0.9057527,0.89508885,-0.010663867
53054,1,5,2,middle,0.9057527,0.8947444,-0.011008322
53054,1,5,3,middle,0.9057527,0.90323186,-0.0025208592
53054,1,5,4,last,0.9057527,0.90286595,-0.0028867722
794,0,5,0,first,0.47979468,0.2421018,-0.23769288
794,0,5,1,middle,0.47979468,0.46354008,-0.016254604
794,0,5,2,middle,0.47979468,0.55045116,0.07065648
794,0,5,3,middle,0.47979468,0.46743247,-0.012362212
794,0,5,4,last,0.47979468,0.5011517,0.021357
177,0,5,0,first,0.22920285,0.2411858,0.011982948
177,0,5,1,middle,0.22920285,0.2505931,0.021390244
177,0,5,2,middle,0.22920285,0.22708589,-0.0021169633
177,0,5,3,middle,0.22920285,0.22207274,-0.007130116
177,0,5,4,last,0.22920285,0.23535366,0.006150812
1589,0,4,0,first,0.1622996,0.17811906,0.01581946
1589,0,4,1,middle,0.1622996,0.17245135,0.010151744
1589,0,4,2,middle,0.1622996,0.16584687,0.0035472661
1589,0,4,3,last,0.1622996,0.16009057,-0.0022090375
35555,1,5,0,first,0.661511,0.79619056,0.13467956
35555,1,5,1,middle,0.661511,0.59834427,-0.06316674
35555,1,5,2,middle,0.661511,0.6274475,-0.034063518
35555,1,5,3,middle,0.661511,0.5238154,-0.13769561
35555,1,5,4,last,0.661511,0.7124247,0.05091369
28697,1,5,0,first,0.83932024,0.8365134,-0.0028068423
28697,1,5,1,middle,0.83932024,0.81860435,-0.020715892
28697,1,5,2,middle,0.83932024,0.8200003,-0.019319952
28697,1,5,3,middle,0.83932024,0.847329,0.008008778
28697,1,5,4,last,0.83932024,0.6936847,-0.14563555
1169,0,4,0,first,0.6455676,0.724395,0.07882738
1169,0,4,1,middle,0.6455676,0.6497705,0.0042029023
1169,0,4,2,middle,0.6455676,0.16646771,-0.47909987
1169,0,4,3,last,0.6455676,0.84507823,0.19951063
1050,1,5,0,first,0.88213444,0.8730276,-0.009106815
1050,1,5,1,middle,0.88213444,0.8783497,-0.0037847161
1050,1,5,2,middle,0.88213444,0.8737574,-0.008377016
1050,1,5,3,middle,0.88213444,0.8725581,-0.009576321
1050,1,5,4,last,0.88213444,0.87879574,-0.0033386946
935,1,5,0,first,0.8290166,0.73486495,-0.094151676
935,1,5,1,middle,0.8290166,0.8391186,0.010101974
935,1,5,2,middle,0.8290166,0.7928691,-0.036147535
935,1,5,3,middle,0.8290166,0.8183837,-0.010632932
935,1,5,4,last,0.8290166,0.8403127,0.011296093
47718,0,5,0,first,0.3629631,0.3252563,-0.037706822
47718,0,5,1,middle,0.3629631,0.3133618,-0.049601316
47718,0,5,2,middle,0.3629631,0.3915752,0.028612077
47718,0,5,3,middle,0.3629631,0.31149772,-0.051465392
47718,0,5,4,last,0.3629631,0.40456644,0.041603327
1613,0,4,0,first,0.76940584,0.6631131,-0.106292725
1613,0,4,1,middle,0.76940584,0.7227525,-0.04665333
1613,0,4,2,middle,0.76940584,0.7832751,0.013869286
1613,0,4,3,last,0.76940584,0.7680126,-0.0013932586
40475,0,5,0,first,0.2425186,0.2610342,0.018515587
40475,0,5,1,middle,0.2425186,0.22511815,-0.017400458
40475,0,5,2,middle,0.2425186,0.24792634,0.0054077357
40475,0,5,3,middle,0.2425186,0.23787743,-0.0046411753
40475,0,5,4,last,0.2425186,0.22436067,-0.01815793
79,1,5,0,first,0.82873946,0.8574754,0.028735936
79,1,5,1,middle,0.82873946,0.7653296,-0.063409865
79,1,5,2,middle,0.82873946,0.8005269,-0.028212547
79,1,5,3,middle,0.82873946,0.76751053,-0.06122893
79,1,5,4,last,0.82873946,0.75870496,-0.070034504
677,0,5,0,first,0.76482147,0.6399761,-0.124845386
677,0,5,1,middle,0.76482147,0.7089902,-0.055831254
677,0,5,2,middle,0.76482147,0.7764633,0.01164186
677,0,5,3,middle,0.76482147,0.7578426,-0.0069788694
677,0,5,4,last,0.76482147,0.77137893,0.0065574646
23399,1,5,0,first,0.76749736,0.7711546,0.0036572218
23399,1,5,1,middle,0.76749736,0.74945915,-0.018038213
23399,1,5,2,middle,0.76749736,0.7468287,-0.020668685
23399,1,5,3,middle,0.76749736,0.46629283,-0.30120453
23399,1,5,4,last,0.76749736,0.7464789,-0.021018445
1256,0,5,0,first,0.5816676,0.55079484,-0.030872762
1256,0,5,1,middle,0.5816676,0.55106646,-0.030601144
1256,0,5,2,middle,0.5816676,0.65257293,0.07090533
1256,0,5,3,middle,0.5816676,0.41152483,-0.17014277
1256,0,5,4,last,0.5816676,0.5766751,-0.004992485
1741,1,5,0,first,0.8646844,0.8420386,-0.022645831
1741,1,5,1,middle,0.8646844,0.86566997,0.0009855628
1741,1,5,2,middle,0.8646844,0.8470343,-0.017650127
1741,1,5,3,middle,0.8646844,0.8286526,-0.036031783
1741,1,5,4,last,0.8646844,0.8602705,-0.0044139028
1881,1,5,0,first,0.45924404,0.41159663,-0.047647417
1881,1,5,1,middle,0.45924404,0.5203386,0.061094552
1881,1,5,2,middle,0.45924404,0.38497907,-0.07426497
1881,1,5,3,middle,0.45924404,0.50389016,0.044646114
1881,1,5,4,last,0.45924404,0.43651283,-0.022731215
43101,1,5,0,first,0.8400962,0.8423293,0.0022331476
43101,1,5,1,middle,0.8400962,0.7360801,-0.104016066
43101,1,5,2,middle,0.8400962,0.809664,-0.030432165
43101,1,5,3,middle,0.8400962,0.83366805,-0.0064281225
43101,1,5,4,last,0.8400962,0.8577584,0.017662227
10230,1,5,0,first,0.78166527,0.56632185,-0.21534342
10230,1,5,1,middle,0.78166527,0.65939707,-0.1222682
10230,1,5,2,middle,0.78166527,0.7733641,-0.008301139
10230,1,5,3,middle,0.78166527,0.8360907,0.05442542
10230,1,5,4,last,0.78166527,0.82406485,0.042399585
22547,1,5,0,first,0.9288949,0.92828375,-0.0006111264
22547,1,5,1,middle,0.9288949,0.925533,-0.0033618808
22547,1,5,2,middle,0.9288949,0.91930103,-0.009593844
22547,1,5,3,middle,0.9288949,0.9276875,-0.0012073517
22547,1,5,4,last,0.9288949,0.9197293,-0.009165585
7174,1,5,0,first,0.93007255,0.9328584,0.0027858615
7174,1,5,1,middle,0.93007255,0.9269647,-0.0031078458
7174,1,5,2,middle,0.93007255,0.9071293,-0.022943258
7174,1,5,3,middle,0.93007255,0.9296826,-0.0003899336
7174,1,5,4,last,0.93007255,0.92818475,-0.0018877983
460,1,5,0,first,0.8795425,0.87388724,-0.0056552887
460,1,5,1,middle,0.8795425,0.88367236,0.004129827
460,1,5,2,middle,0.8795425,0.6084714,-0.27107114
460,1,5,3,middle,0.8795425,0.88750446,0.007961929
460,1,5,4,last,0.8795425,0.8747108,-0.0048317313
52124,1,5,0,first,0.91743326,0.91899616,0.0015628934
52124,1,5,1,middle,0.91743326,0.90999633,-0.007436931
52124,1,5,2,middle,0.91743326,0.9206976,0.0032643676
52124,1,5,3,middle,0.91743326,0.8938037,-0.023629546
52124,1,5,4,last,0.91743326,0.89795905,-0.019474208
54772,0,5,0,first,0.19017783,0.29448363,0.104305804
54772,0,5,1,middle,0.19017783,0.1721956,-0.01798223
54772,0,5,2,middle,0.19017783,0.20291138,0.012733549
54772,0,5,3,middle,0.19017783,0.16069768,-0.029480144
54772,0,5,4,last,0.19017783,0.29716846,0.106990635
477,1,5,0,first,0.6219093,0.50513697,-0.11677235
477,1,5,1,middle,0.6219093,0.6296599,0.007750571
477,1,5,2,middle,0.6219093,0.63120806,0.009298742
477,1,5,3,middle,0.6219093,0.5933871,-0.028522193
477,1,5,4,last,0.6219093,0.44325083,-0.17865849
25463,1,5,0,first,0.82243335,0.8031475,-0.019285858
25463,1,5,1,middle,0.82243335,0.68508106,-0.13735229
25463,1,5,2,middle,0.82243335,0.75381005,-0.068623304
25463,1,5,3,middle,0.82243335,0.8427172,0.020283818
25463,1,5,4,last,0.82243335,0.8501472,0.027713835
1597,1,5,0,first,0.8237734,0.80646163,-0.017311752
1597,1,5,1,middle,0.8237734,0.80491424,-0.018859148
1597,1,5,2,middle,0.8237734,0.828299,0.004525602
1597,1,5,3,middle,0.8237734,0.8251827,0.0014092922
1597,1,5,4,last,0.8237734,0.7713,-0.052473366
33365,1,5,0,first,0.8696374,0.8421782,-0.027459204
33365,1,5,1,middle,0.8696374,0.82942224,-0.040215194
33365,1,5,2,middle,0.8696374,0.89000237,0.02036494
33365,1,5,3,middle,0.8696374,0.7769418,-0.09269565
33365,1,5,4,last,0.8696374,0.87916726,0.009529829
37984,0,4,0,first,0.31980225,0.27690822,-0.042894036
37984,0,4,1,middle,0.31980225,0.3116667,-0.008135557
37984,0,4,2,middle,0.31980225,0.3486829,0.028880656
37984,0,4,3,last,0.31980225,0.31425592,-0.0055463314
29592,0,2,0,first,0.11763266,0.10286569,-0.014766969
29592,0,2,1,last,0.11763266,0.24626212,0.12862946
40261,0,5,0,first,0.5993772,0.56243926,-0.036937952
40261,0,5,1,middle,0.5993772,0.47633067,-0.12304655
40261,0,5,2,middle,0.5993772,0.61066973,0.011292517
40261,0,5,3,middle,0.5993772,0.3381596,-0.26121762
40261,0,5,4,last,0.5993772,0.5980641,-0.0013130903
22828,1,5,0,first,0.9148681,0.9071052,-0.007762909
22828,1,5,1,middle,0.9148681,0.8926287,-0.022239387
22828,1,5,2,middle,0.9148681,0.91135144,-0.003516674
22828,1,5,3,middle,0.9148681,0.90561396,-0.009254158
22828,1,5,4,last,0.9148681,0.90604424,-0.008823872
1459,0,5,0,first,0.74483573,0.77828574,0.033450007
1459,0,5,1,middle,0.74483573,0.7694476,0.02461189
1459,0,5,2,middle,0.74483573,0.8192547,0.07441896
1459,0,5,3,middle,0.74483573,0.56842154,-0.17641419
1459,0,5,4,last,0.74483573,0.7523925,0.0075567365
644,1,5,0,first,0.6893726,0.70168704,0.012314439
644,1,5,1,middle,0.6893726,0.63927275,-0.05009985
644,1,5,2,middle,0.6893726,0.65499896,-0.03437364
644,1,5,3,middle,0.6893726,0.6020529,-0.08731967
644,1,5,4,last,0.6893726,0.56322145,-0.12615114
1366,0,5,0,first,0.66530365,0.7033132,0.038009524
1366,0,5,1,middle,0.66530365,0.6911849,0.02588123
1366,0,5,2,middle,0.66530365,0.53290117,-0.13240248
1366,0,5,3,middle,0.66530365,0.6615833,-0.003720343
1366,0,5,4,last,0.66530365,0.594876,-0.070427656
1854,1,5,0,first,0.34497923,0.387518,0.042538762
1854,1,5,1,middle,0.34497923,0.39319703,0.048217803
1854,1,5,2,middle,0.34497923,0.41517028,0.070191056
1854,1,5,3,middle,0.34497923,0.34455454,-0.0004246831
1854,1,5,4,last,0.34497923,0.35179392,0.0068146884
42114,1,5,0,first,0.8810475,0.73028815,-0.15075934
42114,1,5,1,middle,0.8810475,0.8731482,-0.007899284
42114,1,5,2,middle,0.8810475,0.8498832,-0.031164289
42114,1,5,3,middle,0.8810475,0.8832873,0.0022398233
42114,1,5,4,last,0.8810475,0.8856135,0.004566014
1382,0,5,0,first,0.49812347,0.49643475,-0.0016887188
1382,0,5,1,middle,0.49812347,0.5018965,0.0037730336
1382,0,5,2,middle,0.49812347,0.43263438,-0.06548908
1382,0,5,3,middle,0.49812347,0.5106474,0.012523949
1382,0,5,4,last,0.49812347,0.40576223,-0.09236124
36299,1,5,0,first,0.9251197,0.92214274,-0.002976954
36299,1,5,1,middle,0.9251197,0.923838,-0.0012816787
36299,1,5,2,middle,0.9251197,0.92613107,0.0010113716
36299,1,5,3,middle,0.9251197,0.9124011,-0.012718618
36299,1,5,4,last,0.9251197,0.9179741,-0.0071455836
53136,1,5,0,first,0.8763216,0.862188,-0.014133632
53136,1,5,1,middle,0.8763216,0.86920196,-0.0071196556
53136,1,5,2,middle,0.8763216,0.86163765,-0.014683962
53136,1,5,3,middle,0.8763216,0.8872265,0.010904908
53136,1,5,4,last,0.8763216,0.8429203,-0.03340131
15337,1,5,0,first,0.9088933,0.8952585,-0.013634801
15337,1,5,1,middle,0.9088933,0.9150412,0.006147921
15337,1,5,2,middle,0.9088933,0.8665386,-0.042354703
15337,1,5,3,middle,0.9088933,0.906594,-0.0022993088
15337,1,5,4,last,0.9088933,0.9091349,0.00024163723
2966,0,3,0,first,0.14248687,0.19213083,0.049643964
2966,0,3,1,middle,0.14248687,0.12636371,-0.01612316
2966,0,3,2,last,0.14248687,0.1706777,0.028190836
38809,0,5,0,first,0.25801712,0.2760523,0.018035173
38809,0,5,1,middle,0.25801712,0.2693103,0.011293173
38809,0,5,2,middle,0.25801712,0.3467825,0.08876538
38809,0,5,3,middle,0.25801712,0.22759573,-0.030421391
38809,0,5,4,last,0.25801712,0.20752218,-0.05049494
1132,1,5,0,first,0.702759,0.73412436,0.031365335
1132,1,5,1,middle,0.702759,0.7082635,0.005504489
1132,1,5,2,middle,0.702759,0.65745366,-0.04530537
1132,1,5,3,middle,0.702759,0.7429048,0.040145755
1132,1,5,4,last,0.702759,0.4418739,-0.26088512
2317,1,5,0,first,0.75672483,0.6659749,-0.09074992
2317,1,5,1,middle,0.75672483,0.7910713,0.03434646
2317,1,5,2,middle,0.75672483,0.7832243,0.02649945
2317,1,5,3,middle,0.75672483,0.7800462,0.02332139
2317,1,5,4,last,0.75672483,0.39068812,-0.3660367
983,1,5,0,first,0.871086,0.8418456,-0.02924043
983,1,5,1,middle,0.871086,0.84899175,-0.02209425
983,1,5,2,middle,0.871086,0.77948517,-0.091600835
983,1,5,3,middle,0.871086,0.87981755,0.008731544
983,1,5,4,last,0.871086,0.87347215,0.0023861527
915,0,5,0,first,0.18194011,0.17824079,-0.0036993176
915,0,5,1,middle,0.18194011,0.19183636,0.009896249
915,0,5,2,middle,0.18194011,0.17939854,-0.0025415719
915,0,5,3,middle,0.18194011,0.17729574,-0.004644364
915,0,5,4,last,0.18194011,0.20231634,0.020376235
19811,1,5,0,first,0.79635155,0.6140075,-0.18234408
19811,1,5,1,middle,0.79635155,0.64844364,-0.14790791
19811,1,5,2,middle,0.79635155,0.79464304,-0.0017085075
19811,1,5,3,middle,0.79635155,0.76146066,-0.03489089
19811,1,5,4,last,0.79635155,0.8407427,0.044391155
529,1,5,0,first,0.86584646,0.8670309,0.0011844635
529,1,5,1,middle,0.86584646,0.834557,-0.03128946
529,1,5,2,middle,0.86584646,0.72769517,-0.13815129
529,1,5,3,middle,0.86584646,0.856975,-0.008871436
529,1,5,4,last,0.86584646,0.87092793,0.005081475
1300,0,5,0,first,0.7727959,0.81642216,0.04362625
1300,0,5,1,middle,0.7727959,0.511629,-0.26116693
1300,0,5,2,middle,0.7727959,0.79237485,0.019578934
1300,0,5,3,middle,0.7727959,0.7538076,-0.018988311
1300,0,5,4,last,0.7727959,0.7928079,0.020011961
30201,0,4,0,first,0.75267416,0.66572225,-0.08695191
30201,0,4,1,middle,0.75267416,0.78418624,0.03151208
30201,0,4,2,middle,0.75267416,0.64338,-0.109294176
30201,0,4,3,last,0.75267416,0.6424512,-0.110222936
43373,0,4,0,first,0.62095386,0.51332766,-0.1076262
43373,0,4,1,middle,0.62095386,0.4796673,-0.14128655
43373,0,4,2,middle,0.62095386,0.6441584,0.023204565
43373,0,4,3,last,0.62095386,0.6807071,0.05975324
121,1,5,0,first,0.42023826,0.46532214,0.04508388
121,1,5,1,middle,0.42023826,0.3947496,-0.025488645
121,1,5,2,middle,0.42023826,0.32068375,-0.09955451
121,1,5,3,middle,0.42023826,0.44458306,0.024344802
121,1,5,4,last,0.42023826,0.46457544,0.044337183
1644,0,5,0,first,0.26468748,0.18421851,-0.08046897
1644,0,5,1,middle,0.26468748,0.33829418,0.0736067
1644,0,5,2,middle,0.26468748,0.28539047,0.020702988
1644,0,5,3,middle,0.26468748,0.2099113,-0.054776177
1644,0,5,4,last,0.26468748,0.27272272,0.008035243
119,0,5,0,first,0.8178628,0.5915671,-0.22629571
119,0,5,1,middle,0.8178628,0.82878065,0.010917842
119,0,5,2,middle,0.8178628,0.768212,-0.04965079
119,0,5,3,middle,0.8178628,0.8044542,-0.013408601
119,0,5,4,last,0.8178628,0.846102,0.02823919
467,0,5,0,first,0.6584795,0.67607826,0.017598748
467,0,5,1,middle,0.6584795,0.3958489,-0.2626306
467,0,5,2,middle,0.6584795,0.59060997,-0.067869544
467,0,5,3,middle,0.6584795,0.66860247,0.010122955
467,0,5,4,last,0.6584795,0.7093225,0.050843
21072,0,5,0,first,0.69819134,0.6494724,-0.04871893
21072,0,5,1,middle,0.69819134,0.6802015,-0.017989874
21072,0,5,2,middle,0.69819134,0.5921251,-0.10606623
21072,0,5,3,middle,0.69819134,0.5039697,-0.19422162
21072,0,5,4,last,0.69819134,0.6981689,-2.2470951e-05
18787,1,5,0,first,0.20459293,0.21569479,0.011101857
18787,1,5,1,middle,0.20459293,0.18595073,-0.018642202
18787,1,5,2,middle,0.20459293,0.2137888,0.009195879
18787,1,5,3,middle,0.20459293,0.2274354,0.022842467
18787,1,5,4,last,0.20459293,0.2569901,0.052397177
1569,1,5,0,first,0.18466727,0.17771293,-0.006954342
1569,1,5,1,middle,0.18466727,0.1868656,0.0021983236
1569,1,5,2,middle,0.18466727,0.19258776,0.007920489
1569,1,5,3,middle,0.18466727,0.17313345,-0.011533827
1569,1,5,4,last,0.18466727,0.21367614,0.029008865
2270,1,5,0,first,0.15997504,0.16458808,0.004613042
2270,1,5,1,middle,0.15997504,0.15455867,-0.0054163635
2270,1,5,2,middle,0.15997504,0.18412697,0.024151936
2270,1,5,3,middle,0.15997504,0.16384079,0.0038657486
2270,1,5,4,last,0.15997504,0.14717185,-0.012803182
40735,0,5,0,first,0.26208517,0.23400182,-0.028083354
40735,0,5,1,middle,0.26208517,0.27863833,0.016553164
40735,0,5,2,middle,0.26208517,0.27915323,0.017068058
40735,0,5,3,middle,0.26208517,0.24330364,-0.018781528
40735,0,5,4,last,0.26208517,0.31300503,0.05091986
12428,1,5,0,first,0.8654518,0.85198563,-0.013466179
12428,1,5,1,middle,0.8654518,0.8602254,-0.0052264333
12428,1,5,2,middle,0.8654518,0.80546695,-0.059984863
12428,1,5,3,middle,0.8654518,0.7271767,-0.13827509
12428,1,5,4,last,0.8654518,0.8913927,0.025940895
233,0,5,0,first,0.66491306,0.7372642,0.07235116
233,0,5,1,middle,0.66491306,0.59316903,-0.071744025
233,0,5,2,middle,0.66491306,0.52251893,-0.14239413
233,0,5,3,middle,0.66491306,0.7847693,0.11985624
233,0,5,4,last,0.66491306,0.5672258,-0.097687244
875,1,4,0,first,0.8726515,0.85288954,-0.01976198
875,1,4,1,middle,0.8726515,0.8198298,-0.052821696
875,1,4,2,middle,0.8726515,0.8724381,-0.00021344423
875,1,4,3,last,0.8726515,0.8622437,-0.010407805
1654,1,5,0,first,0.6544353,0.33271554,-0.32171974
1654,1,5,1,middle,0.6544353,0.6502244,-0.0042108893
1654,1,5,2,middle,0.6544353,0.6879564,0.033521116
1654,1,5,3,middle,0.6544353,0.45161518,-0.20282009
1654,1,5,4,last,0.6544353,0.64863235,-0.0058029294
661,1,5,0,first,0.22377363,0.2629934,0.039219767
661,1,5,1,middle,0.22377363,0.21182446,-0.011949167
661,1,5,2,middle,0.22377363,0.18629384,-0.037479788
661,1,5,3,middle,0.22377363,0.17546512,-0.048308507
661,1,5,4,last,0.22377363,0.17111823,-0.0526554
51034,1,5,0,first,0.91761863,0.9158049,-0.0018137097
51034,1,5,1,middle,0.91761863,0.91235006,-0.0052685738
51034,1,5,2,middle,0.91761863,0.8598395,-0.057779133
51034,1,5,3,middle,0.91761863,0.92341566,0.0057970285
51034,1,5,4,last,0.91761863,0.9140061,-0.0036125183
26193,1,5,0,first,0.6027435,0.5558873,-0.046856225
26193,1,5,1,middle,0.6027435,0.6498517,0.047108173
26193,1,5,2,middle,0.6027435,0.5663312,-0.0364123
26193,1,5,3,middle,0.6027435,0.43255648,-0.17018703
26193,1,5,4,last,0.6027435,0.6848217,0.08207822
12446,0,5,0,first,0.39109027,0.32203776,-0.06905252
12446,0,5,1,middle,0.39109027,0.37156454,-0.019525737
12446,0,5,2,middle,0.39109027,0.4953173,0.104227036
12446,0,5,3,middle,0.39109027,0.42471594,0.033625662
12446,0,5,4,last,0.39109027,0.35045308,-0.040637195
12083,0,4,0,first,0.25722128,0.21716201,-0.04005927
12083,0,4,1,middle,0.25722128,0.28195703,0.024735749
12083,0,4,2,middle,0.25722128,0.29660246,0.039381176
12083,0,4,3,last,0.25722128,0.2520201,-0.0052011907
413,1,5,0,first,0.8807277,0.8815224,0.0007947087
413,1,5,1,middle,0.8807277,0.8707017,-0.010026038
413,1,5,2,middle,0.8807277,0.8466515,-0.034076214
413,1,5,3,middle,0.8807277,0.79951257,-0.08121514
413,1,5,4,last,0.8807277,0.88893306,0.008205354
241,0,5,0,first,0.6830598,0.54429287,-0.13876694
241,0,5,1,middle,0.6830598,0.7575183,0.07445848
241,0,5,2,middle,0.6830598,0.73644716,0.053387344
241,0,5,3,middle,0.6830598,0.25399747,-0.42906234
241,0,5,4,last,0.6830598,0.6703407,-0.012719095
1329,1,5,0,first,0.88535357,0.87199557,-0.013357997
1329,1,5,1,middle,0.88535357,0.8651398,-0.020213783
1329,1,5,2,middle,0.88535357,0.87319565,-0.012157917
1329,1,5,3,middle,0.88535357,0.87123686,-0.014116704
1329,1,5,4,last,0.88535357,0.8664876,-0.018865943
1029,0,5,0,first,0.7058575,0.7594723,0.053614795
1029,0,5,1,middle,0.7058575,0.53699374,-0.16886377
1029,0,5,2,middle,0.7058575,0.6855025,-0.020354986
1029,0,5,3,middle,0.7058575,0.1955901,-0.51026744
1029,0,5,4,last,0.7058575,0.79193676,0.08607924
1263,1,5,0,first,0.86207724,0.79447085,-0.06760639
1263,1,5,1,middle,0.86207724,0.861245,-0.00083225965
1263,1,5,2,middle,0.86207724,0.8532028,-0.008874416
1263,1,5,3,middle,0.86207724,0.82807,-0.03400725
1263,1,5,4,last,0.86207724,0.871565,0.009487748
10612,1,5,0,first,0.5758226,0.45624706,-0.11957553
10612,1,5,1,middle,0.5758226,0.5211646,-0.054657996
10612,1,5,2,middle,0.5758226,0.5777636,0.0019410253
10612,1,5,3,middle,0.5758226,0.37184665,-0.20397595
10612,1,5,4,last,0.5758226,0.5820349,0.006212294
1115,1,5,0,first,0.90585285,0.8614754,-0.044377446
1115,1,5,1,middle,0.90585285,0.90557855,-0.00027430058
1115,1,5,2,middle,0.90585285,0.898615,-0.0072378516
1115,1,5,3,middle,0.90585285,0.8936215,-0.01223135
1115,1,5,4,last,0.90585285,0.90701824,0.00116539
1094,1,5,0,first,0.86881024,0.8792013,0.010391057
1094,1,5,1,middle,0.86881024,0.88951653,0.020706296
1094,1,5,2,middle,0.86881024,0.8432586,-0.025551617
1094,1,5,3,middle,0.86881024,0.88518745,0.01637721
1094,1,5,4,last,0.86881024,0.82994497,-0.03886527
701,0,3,0,first,0.59066397,0.5666681,-0.023995876
701,0,3,1,middle,0.59066397,0.49892884,-0.091735125
701,0,3,2,last,0.59066397,0.5486709,-0.04199308
1318,1,5,0,first,0.4680998,0.5158624,0.047762603
1318,1,5,1,middle,0.4680998,0.47438303,0.0062832236
1318,1,5,2,middle,0.4680998,0.48711577,0.019015968
1318,1,5,3,middle,0.4680998,0.27947164,-0.18862817
1318,1,5,4,last,0.4680998,0.45753258,-0.010567218
684,1,5,0,first,0.9180515,0.83817685,-0.079874635
684,1,5,1,middle,0.9180515,0.9177466,-0.00030487776
684,1,5,2,middle,0.9180515,0.9156969,-0.0023545623
684,1,5,3,middle,0.9180515,0.9194158,0.0013642907
684,1,5,4,last,0.9180515,0.90766096,-0.01039052
25271,0,5,0,first,0.7752164,0.72674924,-0.04846716
25271,0,5,1,middle,0.7752164,0.7791564,0.003939986
25271,0,5,2,middle,0.7752164,0.7083836,-0.06683278
25271,0,5,3,middle,0.7752164,0.7178683,-0.057348073
25271,0,5,4,last,0.7752164,0.78143954,0.006223142
45580,0,5,0,first,0.3406651,0.37654793,0.03588283
45580,0,5,1,middle,0.3406651,0.32106188,-0.019603223
45580,0,5,2,middle,0.3406651,0.32926032,-0.0114047825
45580,0,5,3,middle,0.3406651,0.3506537,0.009988606
45580,0,5,4,last,0.3406651,0.27793798,-0.06272712
755,0,5,0,first,0.8000651,0.65718985,-0.14287525
755,0,5,1,middle,0.8000651,0.817364,0.017298877
755,0,5,2,middle,0.8000651,0.643687,-0.15637809
755,0,5,3,middle,0.8000651,0.8178939,0.017828822
755,0,5,4,last,0.8000651,0.7712702,-0.028794885
357,1,5,0,first,0.7030253,0.6316935,-0.0713318
357,1,5,1,middle,0.7030253,0.7154896,0.0124643445
357,1,5,2,middle,0.7030253,0.72386175,0.020836473
357,1,5,3,middle,0.7030253,0.63836026,-0.06466502
357,1,5,4,last,0.7030253,0.73011816,0.027092874
323,1,5,0,first,0.88592094,0.7357557,-0.15016526
323,1,5,1,middle,0.88592094,0.88478786,-0.0011330843
323,1,5,2,middle,0.88592094,0.86220396,-0.023716986
323,1,5,3,middle,0.88592094,0.89546293,0.009541988
323,1,5,4,last,0.88592094,0.88954693,0.003625989
1012,1,5,0,first,0.88920575,0.88954693,0.000341177
1012,1,5,1,middle,0.88920575,0.78041637,-0.108789384
1012,1,5,2,middle,0.88920575,0.891885,0.0026792288
1012,1,5,3,middle,0.88920575,0.8813177,-0.007888079
1012,1,5,4,last,0.88920575,0.90109724,0.011891484
16162,0,5,0,first,0.18208046,0.17435986,-0.0077206045
16162,0,5,1,middle,0.18208046,0.18556337,0.003482908
16162,0,5,2,middle,0.18208046,0.23862186,0.0565414
16162,0,5,3,middle,0.18208046,0.18630457,0.0042241067
16162,0,5,4,last,0.18208046,0.17715476,-0.004925698
1404,0,5,0,first,0.38601273,0.45000333,0.06399059
1404,0,5,1,middle,0.38601273,0.6083136,0.22230089
1404,0,5,2,middle,0.38601273,0.3818516,-0.0041611195
1404,0,5,3,middle,0.38601273,0.2851571,-0.10085562
1404,0,5,4,last,0.38601273,0.46473694,0.078724205
5671,1,5,0,first,0.75594336,0.81573945,0.059796095
5671,1,5,1,middle,0.75594336,0.70957255,-0.046370804
5671,1,5,2,middle,0.75594336,0.7153891,-0.040554285
5671,1,5,3,middle,0.75594336,0.7216979,-0.03424543
5671,1,5,4,last,0.75594336,0.75294834,-0.0029950142
402,1,5,0,first,0.538076,0.5312228,-0.0068531632
402,1,5,1,middle,0.538076,0.54116046,0.0030844808
402,1,5,2,middle,0.538076,0.5464798,0.008403838
402,1,5,3,middle,0.538076,0.3753164,-0.16275957
402,1,5,4,last,0.538076,0.5178171,-0.020258904
51229,0,5,0,first,0.27291265,0.22983296,-0.04307969
51229,0,5,1,middle,0.27291265,0.26890448,-0.004008174
51229,0,5,2,middle,0.27291265,0.24928187,-0.023630783
51229,0,5,3,middle,0.27291265,0.25919858,-0.013714075
51229,0,5,4,last,0.27291265,0.25928658,-0.013626069
6017,1,5,0,first,0.83879673,0.8369487,-0.001848042
6017,1,5,1,middle,0.83879673,0.8125654,-0.026231349
6017,1,5,2,middle,0.83879673,0.83250105,-0.006295681
6017,1,5,3,middle,0.83879673,0.8145624,-0.024234354
6017,1,5,4,last,0.83879673,0.8476823,0.008885562
99,1,5,0,first,0.89076835,0.7821361,-0.10863227
99,1,5,1,middle,0.89076835,0.88342303,-0.007345319
99,1,5,2,middle,0.89076835,0.87702316,-0.013745189
99,1,5,3,middle,0.89076835,0.89356446,0.0027961135
99,1,5,4,last,0.89076835,0.8739735,-0.01679486
38391,1,5,0,first,0.6108589,0.62861484,0.017755926
38391,1,5,1,middle,0.6108589,0.5701692,-0.040689707
38391,1,5,2,middle,0.6108589,0.6161906,0.005331695
38391,1,5,3,middle,0.6108589,0.56997323,-0.040885687
38391,1,5,4,last,0.6108589,0.6002698,-0.010589123
27334,0,5,0,first,0.3755042,0.3135905,-0.0619137
27334,0,5,1,middle,0.3755042,0.2058571,-0.1696471
27334,0,5,2,middle,0.3755042,0.46879736,0.09329316
27334,0,5,3,middle,0.3755042,0.4062621,0.030757904
27334,0,5,4,last,0.3755042,0.41856247,0.043058276
42869,1,5,0,first,0.7753601,0.7901343,0.014774203
42869,1,5,1,middle,0.7753601,0.7802297,0.0048695803
42869,1,5,2,middle,0.7753601,0.7548417,-0.020518422
42869,1,5,3,middle,0.7753601,0.59855425,-0.17680585
42869,1,5,4,last,0.7753601,0.7207873,-0.05457282
37419,1,5,0,first,0.8940063,0.89362407,-0.0003822446
37419,1,5,1,middle,0.8940063,0.8924006,-0.0016056895
37419,1,5,2,middle,0.8940063,0.8742855,-0.019720793
37419,1,5,3,middle,0.8940063,0.8829019,-0.011104405
37419,1,5,4,last,0.8940063,0.83711064,-0.056895673
36261,1,5,0,first,0.9277406,0.929322,0.0015814304
36261,1,5,1,middle,0.9277406,0.92431605,-0.0034245253
36261,1,5,2,middle,0.9277406,0.91587067,-0.011869907
36261,1,5,3,middle,0.9277406,0.92875826,0.0010176897
36261,1,5,4,last,0.9277406,0.92611665,-0.0016239285
439,0,5,0,first,0.84986776,0.903433,0.053565264
439,0,5,1,middle,0.84986776,0.79792076,-0.051946998
439,0,5,2,middle,0.84986776,0.83954,-0.010327756
439,0,5,3,middle,0.84986776,0.8314075,-0.018460274
439,0,5,4,last,0.84986776,0.7902369,-0.05963087
1795,0,5,0,first,0.7098874,0.5372288,-0.17265856
1795,0,5,1,middle,0.7098874,0.66809946,-0.041787922
1795,0,5,2,middle,0.7098874,0.57752776,-0.13235962
1795,0,5,3,middle,0.7098874,0.72655576,0.01666838
1795,0,5,4,last,0.7098874,0.78829026,0.07840288
620,1,5,0,first,0.83919555,0.80659163,-0.03260392
620,1,5,1,middle,0.83919555,0.81561065,-0.023584902
620,1,5,2,middle,0.83919555,0.82954335,-0.009652197
620,1,5,3,middle,0.83919555,0.85984117,0.020645618
620,1,5,4,last,0.83919555,0.57655454,-0.262641
678,0,5,0,first,0.39441815,0.43084046,0.036422312
678,0,5,1,middle,0.39441815,0.29951477,-0.09490338
678,0,5,2,middle,0.39441815,0.40552673,0.011108577
678,0,5,3,middle,0.39441815,0.43112978,0.036711633
678,0,5,4,last,0.39441815,0.41949776,0.025079608
446,1,5,0,first,0.9028918,0.8557755,-0.04711634
446,1,5,1,middle,0.9028918,0.8840823,-0.018809497
446,1,5,2,middle,0.9028918,0.9062646,0.0033727884
446,1,5,3,middle,0.9028918,0.90105003,-0.0018417835
446,1,5,4,last,0.9028918,0.8373438,-0.065548
1147,1,5,0,first,0.9193659,0.9216693,0.0023034215
1147,1,5,1,middle,0.9193659,0.92094994,0.001584053
1147,1,5,2,middle,0.9193659,0.91376054,-0.00560534
1147,1,5,3,middle,0.9193659,0.87340164,-0.04596424
1147,1,5,4,last,0.9193659,0.9171724,-0.0021935105
1426,1,5,0,first,0.807837,0.7507979,-0.057039082
1426,1,5,1,middle,0.807837,0.8342946,0.026457608
1426,1,5,2,middle,0.807837,0.80337495,-0.0044620633
1426,1,5,3,middle,0.807837,0.8100484,0.002211392
1426,1,5,4,last,0.807837,0.628388,-0.17944902
46932,1,5,0,first,0.8894987,0.8932487,0.0037499666
46932,1,5,1,middle,0.8894987,0.8230496,-0.066449106
46932,1,5,2,middle,0.8894987,0.8950221,0.0055233836
46932,1,5,3,middle,0.8894987,0.8754395,-0.014059186
46932,1,5,4,last,0.8894987,0.87772286,-0.011775851
11736,0,5,0,first,0.27465895,0.15768993,-0.11696902
11736,0,5,1,middle,0.27465895,0.5594945,0.28483555
11736,0,5,2,middle,0.27465895,0.27271256,-0.0019463897
11736,0,5,3,middle,0.27465895,0.30848122,0.03382227
11736,0,5,4,last,0.27465895,0.35548937,0.080830425
1304,1,5,0,first,0.6124634,0.6683185,0.055855095
1304,1,5,1,middle,0.6124634,0.3692026,-0.2432608
1304,1,5,2,middle,0.6124634,0.6026858,-0.0097776055
1304,1,5,3,middle,0.6124634,0.6555092,0.04304576
1304,1,5,4,last,0.6124634,0.5870414,-0.025422037
95,0,4,0,first,0.6665941,0.77693015,0.110336065
95,0,4,1,middle,0.6665941,0.5267636,-0.13983047
95,0,4,2,middle,0.6665941,0.73431486,0.06772077
95,0,4,3,last,0.6665941,0.5142803,-0.15231377
193,0,4,0,first,0.38665655,0.43787014,0.051213592
193,0,4,1,middle,0.38665655,0.30224302,-0.08441353
193,0,4,2,middle,0.38665655,0.4993365,0.11267996
193,0,4,3,last,0.38665655,0.30072355,-0.085933
957,1,5,0,first,0.91382456,0.8914683,-0.022356272
957,1,5,1,middle,0.91382456,0.90269166,-0.011132896
957,1,5,2,middle,0.91382456,0.8974903,-0.016334236
957,1,5,3,middle,0.91382456,0.8930072,-0.02081734
957,1,5,4,last,0.91382456,0.92853636,0.014711797
1006,1,5,0,first,0.83742577,0.85277456,0.015348792
1006,1,5,1,middle,0.83742577,0.85717475,0.019748986
1006,1,5,2,middle,0.83742577,0.8270903,-0.010335445
1006,1,5,3,middle,0.83742577,0.86429316,0.02686739
1006,1,5,4,last,0.83742577,0.5725344,-0.2648914
52228,0,4,0,first,0.1628894,0.1516087,-0.011280701
52228,0,4,1,middle,0.1628894,0.13972028,-0.02316913
52228,0,4,2,middle,0.1628894,0.2050145,0.04212509
52228,0,4,3,last,0.1628894,0.20153053,0.038641125
10510,1,4,0,first,0.90824026,0.9118907,0.0036504269
10510,1,4,1,middle,0.90824026,0.8656183,-0.04262197
10510,1,4,2,middle,0.90824026,0.90025145,-0.007988811
10510,1,4,3,last,0.90824026,0.9073515,-0.00088876486
28924,0,5,0,first,0.19418105,0.15225695,-0.041924104
28924,0,5,1,middle,0.19418105,0.2023969,0.008215845
28924,0,5,2,middle,0.19418105,0.20024529,0.006064236
28924,0,5,3,middle,0.19418105,0.19353004,-0.00065101683
28924,0,5,4,last,0.19418105,0.28593355,0.0917525
29061,0,5,0,first,0.13527626,0.15662213,0.021345869
29061,0,5,1,middle,0.13527626,0.14649348,0.011217222
29061,0,5,2,middle,0.13527626,0.14445764,0.00918138
29061,0,5,3,middle,0.13527626,0.13013507,-0.0051411837
29061,0,5,4,last,0.13527626,0.1553819,0.020105645
41376,1,5,0,first,0.84756154,0.8323212,-0.015240312
41376,1,5,1,middle,0.84756154,0.84449,-0.0030715466
41376,1,5,2,middle,0.84756154,0.84736955,-0.00019198656
41376,1,5,3,middle,0.84756154,0.84821314,0.000651598
41376,1,5,4,last,0.84756154,0.78775924,-0.059802294
45791,1,5,0,first,0.8851858,0.7617764,-0.12340939
45791,1,5,1,middle,0.8851858,0.88281965,-0.0023661256
45791,1,5,2,middle,0.8851858,0.8835333,-0.0016524792
45791,1,5,3,middle,0.8851858,0.8831521,-0.0020336509
45791,1,5,4,last,0.8851858,0.88955146,0.0043656826
13727,1,4,0,first,0.6687101,0.7098582,0.041148067
13727,1,4,1,middle,0.6687101,0.6929186,0.024208486
13727,1,4,2,middle,0.6687101,0.53312296,-0.13558716
13727,1,4,3,last,0.6687101,0.47278112,-0.19592899
49767,0,5,0,first,0.38295543,0.58320934,0.2002539
49767,0,5,1,middle,0.38295543,0.2539061,-0.12904933
49767,0,5,2,middle,0.38295543,0.2972726,-0.08568284
49767,0,5,3,middle,0.38295543,0.4238302,0.04087478
49767,0,5,4,last,0.38295543,0.40427062,0.021315187
81,1,5,0,first,0.82924676,0.8308526,0.0016058683
81,1,5,1,middle,0.82924676,0.7759855,-0.05326128
81,1,5,2,middle,0.82924676,0.79944205,-0.029804707
81,1,5,3,middle,0.82924676,0.8126138,-0.016632974
81,1,5,4,last,0.82924676,0.7883549,-0.040891886
272,1,5,0,first,0.34340265,0.4792288,0.13582614
272,1,5,1,middle,0.34340265,0.28316975,-0.060232908
272,1,5,2,middle,0.34340265,0.40266874,0.05926609
272,1,5,3,middle,0.34340265,0.3278898,-0.015512854
272,1,5,4,last,0.34340265,0.33679444,-0.006608218
53409,0,5,0,first,0.13815477,0.14529182,0.0071370453
53409,0,5,1,middle,0.13815477,0.1468285,0.0086737275
53409,0,5,2,middle,0.13815477,0.13433318,-0.0038215965
53409,0,5,3,middle,0.13815477,0.13634667,-0.0018081069
53409,0,5,4,last,0.13815477,0.2080134,0.069858626
51387,0,5,0,first,0.869805,0.42585218,-0.4439528
51387,0,5,1,middle,0.869805,0.8738532,0.0040482283
51387,0,5,2,middle,0.869805,0.8744996,0.0046946406
51387,0,5,3,middle,0.869805,0.86271876,-0.0070862174
51387,0,5,4,last,0.869805,0.88628006,0.016475081
1976,0,5,0,first,0.8696038,0.85344005,-0.016163766
1976,0,5,1,middle,0.8696038,0.83001703,-0.039586782
1976,0,5,2,middle,0.8696038,0.8921854,0.022581577
1976,0,5,3,middle,0.8696038,0.8052034,-0.064400434
1976,0,5,4,last,0.8696038,0.8805317,0.010927916
39216,0,4,0,first,0.15790722,0.12647301,-0.03143421
39216,0,4,1,middle,0.15790722,0.1482425,-0.009664714
39216,0,4,2,middle,0.15790722,0.20091775,0.043010533
39216,0,4,3,last,0.15790722,0.18175,0.023842782
1814,0,3,0,first,0.110527955,0.12805793,0.017529972
1814,0,3,1,middle,0.110527955,0.109177865,-0.0013500899
1814,0,3,2,last,0.110527955,0.123514965,0.01298701
1436,1,5,0,first,0.9278671,0.92861885,0.0007517338
1436,1,5,1,middle,0.9278671,0.9180162,-0.009850919
1436,1,5,2,middle,0.9278671,0.9236005,-0.0042666197
1436,1,5,3,middle,0.9278671,0.92461365,-0.00325346
1436,1,5,4,last,0.9278671,0.9231292,-0.0047379136
1866,0,5,0,first,0.8639279,0.69960594,-0.16432196
1866,0,5,1,middle,0.8639279,0.803337,-0.060590923
1866,0,5,2,middle,0.8639279,0.85836,-0.0055679083
1866,0,5,3,middle,0.8639279,0.8147941,-0.049133778
1866,0,5,4,last,0.8639279,0.89925593,0.03532803
249,0,5,0,first,0.76525253,0.6409317,-0.124320805
249,0,5,1,middle,0.76525253,0.6980956,-0.06715691
249,0,5,2,middle,0.76525253,0.79803824,0.032785714
249,0,5,3,middle,0.76525253,0.71439517,-0.050857365
249,0,5,4,last,0.76525253,0.7677765,0.0025239587
264,0,5,0,first,0.22437596,0.34031814,0.11594218
264,0,5,1,middle,0.22437596,0.2480957,0.023719743
264,0,5,2,middle,0.22437596,0.18465172,-0.039724246
264,0,5,3,middle,0.22437596,0.22827218,0.0038962215
264,0,5,4,last,0.22437596,0.2198087,-0.0045672655
14186,1,5,0,first,0.5667485,0.6201018,0.05335331
14186,1,5,1,middle,0.5667485,0.50206137,-0.06468713
14186,1,5,2,middle,0.5667485,0.5694836,0.0027350783
14186,1,5,3,middle,0.5667485,0.6204286,0.053680122
14186,1,5,4,last,0.5667485,0.3684819,-0.1982666
390,0,5,0,first,0.6062799,0.68472624,0.07844633
390,0,5,1,middle,0.6062799,0.76797,0.16169012
390,0,5,2,middle,0.6062799,0.7030218,0.096741915
390,0,5,3,middle,0.6062799,0.4653323,-0.14094761
390,0,5,4,last,0.6062799,0.39407253,-0.21220738
1095,0,5,0,first,0.16237241,0.15447187,-0.007900536
1095,0,5,1,middle,0.16237241,0.1941313,0.03175889
1095,0,5,2,middle,0.16237241,0.16793467,0.0055622607
1095,0,5,3,middle,0.16237241,0.16068459,-0.0016878247
1095,0,5,4,last,0.16237241,0.16324002,0.0008676052
40,1,6,0,first,0.8103037,0.8562115,0.045907795
40,1,6,1,middle,0.8103037,0.8064295,-0.0038741827
40,1,6,2,middle,0.8103037,0.8169768,0.0066730976
40,1,6,3,middle,0.8103037,0.83341974,0.023116052
40,1,6,4,middle,0.8103037,0.8149785,0.0046747923
40,1,6,5,last,0.8103037,0.3923349,-0.41796878
664,1,5,0,first,0.60022295,0.6181281,0.017905176
664,1,5,1,middle,0.60022295,0.5979442,-0.0022787452
664,1,5,2,middle,0.60022295,0.5971227,-0.0031002164
664,1,5,3,middle,0.60022295,0.59858394,-0.0016390085
664,1,5,4,last,0.60022295,0.49157915,-0.1086438
51985,0,5,0,first,0.72552407,0.73850936,0.012985289
51985,0,5,1,middle,0.72552407,0.80345356,0.0779295
51985,0,5,2,middle,0.72552407,0.81152946,0.08600539
51985,0,5,3,middle,0.72552407,0.7854069,0.05988282
51985,0,5,4,last,0.72552407,0.4892784,-0.23624566
996,0,5,0,first,0.29557425,0.35851365,0.062939405
996,0,5,1,middle,0.29557425,0.3478679,0.05229366
996,0,5,2,middle,0.29557425,0.274453,-0.021121234
996,0,5,3,middle,0.29557425,0.24344786,-0.052126393
996,0,5,4,last,0.29557425,0.29177284,-0.0038014054
998,0,5,0,first,0.5928858,0.35111013,-0.24177566
998,0,5,1,middle,0.5928858,0.6239259,0.031040132
998,0,5,2,middle,0.5928858,0.597955,0.005069196
998,0,5,3,middle,0.5928858,0.587084,-0.005801797
998,0,5,4,last,0.5928858,0.6292061,0.03632033
93,1,5,0,first,0.44167957,0.41626415,-0.02541542
93,1,5,1,middle,0.44167957,0.38400945,-0.057670116
93,1,5,2,middle,0.44167957,0.50428003,0.06260046
93,1,5,3,middle,0.44167957,0.35127902,-0.09040055
93,1,5,4,last,0.44167957,0.54402983,0.102350265
1638,1,5,0,first,0.71616375,0.76068795,0.044524193
1638,1,5,1,middle,0.71616375,0.65631324,-0.059850514
1638,1,5,2,middle,0.71616375,0.67398804,-0.04217571
1638,1,5,3,middle,0.71616375,0.61029655,-0.10586721
1638,1,5,4,last,0.71616375,0.78105795,0.0648942
649,0,5,0,first,0.4092259,0.2857329,-0.123493016
649,0,5,1,middle,0.4092259,0.3545424,-0.054683506
649,0,5,2,middle,0.4092259,0.37285155,-0.03637436
649,0,5,3,middle,0.4092259,0.47029135,0.061065435
649,0,5,4,last,0.4092259,0.40284765,-0.0063782632
1518,0,5,0,first,0.25540146,0.24917018,-0.006231278
1518,0,5,1,middle,0.25540146,0.26267317,0.007271707
1518,0,5,2,middle,0.25540146,0.22299604,-0.03240542
1518,0,5,3,middle,0.25540146,0.31570014,0.06029868
1518,0,5,4,last,0.25540146,0.32713118,0.07172972
1566,0,5,0,first,0.6551661,0.71508414,0.059918046
1566,0,5,1,middle,0.6551661,0.60854846,-0.046617627
1566,0,5,2,middle,0.6551661,0.66087866,0.0057125688
1566,0,5,3,middle,0.6551661,0.5685685,-0.08659756
1566,0,5,4,last,0.6551661,0.5719333,-0.08323276
25717,1,4,0,first,0.47956243,0.6227959,0.14323345
25717,1,4,1,middle,0.47956243,0.5237,0.044137567
25717,1,4,2,middle,0.47956243,0.25956306,-0.21999937
25717,1,4,3,last,0.47956243,0.46828756,-0.011274874
6186,1,5,0,first,0.92592037,0.9259321,1.1742115e-05
6186,1,5,1,middle,0.92592037,0.91712457,-0.008795798
6186,1,5,2,middle,0.92592037,0.92836624,0.0024458766
6186,1,5,3,middle,0.92592037,0.92696226,0.0010418892
6186,1,5,4,last,0.92592037,0.9081033,-0.01781708
1343,0,5,0,first,0.25006965,0.28424263,0.034172982
1343,0,5,1,middle,0.25006965,0.24337928,-0.006690368
1343,0,5,2,middle,0.25006965,0.25655422,0.006484568
1343,0,5,3,middle,0.25006965,0.21675658,-0.033313066
1343,0,5,4,last,0.25006965,0.27548063,0.02541098
1073,1,5,0,first,0.90571856,0.9075046,0.0017860532
1073,1,5,1,middle,0.90571856,0.89140505,-0.014313519
1073,1,5,2,middle,0.90571856,0.8523903,-0.053328276
1073,1,5,3,middle,0.90571856,0.9010323,-0.0046862364
1073,1,5,4,last,0.90571856,0.912566,0.006847441
286,0,5,0,first,0.3746434,0.41625965,0.04161626
286,0,5,1,middle,0.3746434,0.312831,-0.06181237
286,0,5,2,middle,0.3746434,0.47702655,0.10238317
286,0,5,3,middle,0.3746434,0.3653657,-0.009277672
286,0,5,4,last,0.3746434,0.44818285,0.073539466
50510,1,5,0,first,0.4637204,0.45937237,-0.0043480396
50510,1,5,1,middle,0.4637204,0.5064528,0.042732388
50510,1,5,2,middle,0.4637204,0.4477653,-0.01595512
50510,1,5,3,middle,0.4637204,0.46598178,0.0022613704
50510,1,5,4,last,0.4637204,0.23218642,-0.23153399
52684,1,5,0,first,0.91683084,0.9184803,0.0016494393
52684,1,5,1,middle,0.91683084,0.90870655,-0.008124292
52684,1,5,2,middle,0.91683084,0.9156362,-0.0011946559
52684,1,5,3,middle,0.91683084,0.90064865,-0.016182184
52684,1,5,4,last,0.91683084,0.9137961,-0.003034711
333,0,5,0,first,0.87943494,0.8865607,0.0071257353
333,0,5,1,middle,0.87943494,0.8761232,-0.0033117533
333,0,5,2,middle,0.87943494,0.8723589,-0.007076025
333,0,5,3,middle,0.87943494,0.86040545,-0.019029498
333,0,5,4,last,0.87943494,0.8652613,-0.014173627
484,1,5,0,first,0.8346434,0.83659345,0.0019500256
484,1,5,1,middle,0.8346434,0.8270635,-0.0075799227
484,1,5,2,middle,0.8346434,0.78718776,-0.04745567
484,1,5,3,middle,0.8346434,0.6811865,-0.15345693
484,1,5,4,last,0.8346434,0.8581154,0.023471951
1216,1,3,0,first,0.8708394,0.69601476,-0.17482466
1216,1,3,1,middle,0.8708394,0.6062737,-0.2645657
1216,1,3,2,last,0.8708394,0.8941182,0.023278773
50132,1,5,0,first,0.8858569,0.89504117,0.009184241
50132,1,5,1,middle,0.8858569,0.7967026,-0.0891543
50132,1,5,2,middle,0.8858569,0.8926315,0.0067745447
50132,1,5,3,middle,0.8858569,0.89205056,0.006193638
50132,1,5,4,last,0.8858569,0.8712881,-0.014568806
21556,1,5,0,first,0.37056392,0.2595341,-0.11102983
21556,1,5,1,middle,0.37056392,0.33323643,-0.0373275
21556,1,5,2,middle,0.37056392,0.42302904,0.05246511
21556,1,5,3,middle,0.37056392,0.36742124,-0.0031426847
21556,1,5,4,last,0.37056392,0.36600557,-0.0045583546
731,0,5,0,first,0.25869375,0.18340178,-0.07529198
731,0,5,1,middle,0.25869375,0.2594368,0.0007430315
731,0,5,2,middle,0.25869375,0.4527115,0.19401774
731,0,5,3,middle,0.25869375,0.26314467,0.0044509172
731,0,5,4,last,0.25869375,0.2506118,-0.008081943
25087,0,5,0,first,0.28639823,0.20238714,-0.08401109
25087,0,5,1,middle,0.28639823,0.34263998,0.05624175
25087,0,5,2,middle,0.28639823,0.35910064,0.07270241
25087,0,5,3,middle,0.28639823,0.24674371,-0.039654523
25087,0,5,4,last,0.28639823,0.38406914,0.09767091
18383,0,5,0,first,0.3833584,0.3775821,-0.005776286
18383,0,5,1,middle,0.3833584,0.3206848,-0.0626736
18383,0,5,2,middle,0.3833584,0.3653758,-0.017982602
18383,0,5,3,middle,0.3833584,0.41367602,0.030317634
18383,0,5,4,last,0.3833584,0.43776518,0.054406792
2203,0,5,0,first,0.49714303,0.5822851,0.085142076
2203,0,5,1,middle,0.49714303,0.45557484,-0.04156819
2203,0,5,2,middle,0.49714303,0.32229885,-0.17484418
2203,0,5,3,middle,0.49714303,0.5481555,0.051012456
2203,0,5,4,last,0.49714303,0.40976027,-0.08738276
40939,0,2,0,first,0.12705077,0.13644525,0.009394482
40939,0,2,1,last,0.12705077,0.20193918,0.07488841
31238,0,3,0,first,0.10875492,0.11770303,0.00894811
31238,0,3,1,middle,0.10875492,0.12587048,0.017115563
31238,0,3,2,last,0.10875492,0.10872747,-2.7447939e-05
13566,1,5,0,first,0.83390903,0.819293,-0.014616013
13566,1,5,1,middle,0.83390903,0.84983444,0.015925407
13566,1,5,2,middle,0.83390903,0.7479187,-0.08599031
13566,1,5,3,middle,0.83390903,0.82594264,-0.007966399
13566,1,5,4,last,0.83390903,0.83717924,0.0032702088
189,1,3,0,first,0.8854364,0.73491544,-0.15052098
189,1,3,1,middle,0.8854364,0.8805208,-0.004915595
189,1,3,2,last,0.8854364,0.87356144,-0.011874974
336,1,4,0,first,0.7965132,0.7932073,-0.003305912
336,1,4,1,middle,0.7965132,0.74028546,-0.056227744
336,1,4,2,middle,0.7965132,0.79584914,-0.00066405535
336,1,4,3,last,0.7965132,0.7491059,-0.04740733
1281,0,5,0,first,0.5861881,0.6699326,0.083744526
1281,0,5,1,middle,0.5861881,0.5467234,-0.039464653
1281,0,5,2,middle,0.5861881,0.59044415,0.0042560697
1281,0,5,3,middle,0.5861881,0.49496645,-0.09122163
1281,0,5,4,last,0.5861881,0.22644396,-0.35974413
700,1,5,0,first,0.91212314,0.9041058,-0.008017361
700,1,5,1,middle,0.91212314,0.91895056,0.006827414
700,1,5,2,middle,0.91212314,0.9134526,0.0013294816
700,1,5,3,middle,0.91212314,0.8761145,-0.036008656
700,1,5,4,last,0.91212314,0.9033091,-0.008814037
1504,1,5,0,first,0.7539759,0.55768704,-0.19628888
1504,1,5,1,middle,0.7539759,0.72666913,-0.027306795
1504,1,5,2,middle,0.7539759,0.7760785,0.022102594
1504,1,5,3,middle,0.7539759,0.73262453,-0.021351397
1504,1,5,4,last,0.7539759,0.609716,-0.14425993
1365,0,5,0,first,0.20727071,0.16258128,-0.04468943
1365,0,5,1,middle,0.20727071,0.22092584,0.013655126
1365,0,5,2,middle,0.20727071,0.23329008,0.026019365
1365,0,5,3,middle,0.20727071,0.22982915,0.022558436
1365,0,5,4,last,0.20727071,0.22160535,0.014334634
31170,0,4,0,first,0.5546806,0.49880975,-0.05587083
31170,0,4,1,middle,0.5546806,0.54949856,-0.005182028
31170,0,4,2,middle,0.5546806,0.4149805,-0.13970008
31170,0,4,3,last,0.5546806,0.43572843,-0.118952155
1710,0,5,0,first,0.5070495,0.4421847,-0.064864814
1710,0,5,1,middle,0.5070495,0.39868468,-0.10836482
1710,0,5,2,middle,0.5070495,0.36979866,-0.13725084
1710,0,5,3,middle,0.5070495,0.5935734,0.08652389
1710,0,5,4,last,0.5070495,0.49528962,-0.011759877
495,0,5,0,first,0.16328968,0.15522334,-0.008066341
495,0,5,1,middle,0.16328968,0.17263234,0.009342656
495,0,5,2,middle,0.16328968,0.1906348,0.02734512
495,0,5,3,middle,0.16328968,0.16813558,0.0048459023
495,0,5,4,last,0.16328968,0.18018349,0.016893804
43546,0,4,0,first,0.41579187,0.40670633,-0.009085536
43546,0,4,1,middle,0.41579187,0.40850314,-0.007288724
43546,0,4,2,middle,0.41579187,0.21785295,-0.19793892
43546,0,4,3,last,0.41579187,0.5993885,0.18359661
1399,1,5,0,first,0.32072023,0.31847242,-0.0022478104
1399,1,5,1,middle,0.32072023,0.35584384,0.035123616
1399,1,5,2,middle,0.32072023,0.27912483,-0.0415954
1399,1,5,3,middle,0.32072023,0.2812425,-0.039477736
1399,1,5,4,last,0.32072023,0.30894825,-0.011771977
2072,0,5,0,first,0.6968326,0.693156,-0.0036765933
2072,0,5,1,middle,0.6968326,0.6553484,-0.041484177
2072,0,5,2,middle,0.6968326,0.30018187,-0.39665073
2072,0,5,3,middle,0.6968326,0.78927255,0.09243995
2072,0,5,4,last,0.6968326,0.6844899,-0.012342691
38295,0,5,0,first,0.86161476,0.85428715,-0.007327616
38295,0,5,1,middle,0.86161476,0.7636094,-0.098005354
38295,0,5,2,middle,0.86161476,0.5726944,-0.28892034
38295,0,5,3,middle,0.86161476,0.87202996,0.010415196
38295,0,5,4,last,0.86161476,0.8722177,0.010602951
55527,1,5,0,first,0.78890514,0.7827878,-0.006117344
55527,1,5,1,middle,0.78890514,0.7148451,-0.07406002
55527,1,5,2,middle,0.78890514,0.6985371,-0.09036803
55527,1,5,3,middle,0.78890514,0.63904226,-0.14986289
55527,1,5,4,last,0.78890514,0.8409686,0.052063465
1166,1,5,0,first,0.90117526,0.8703619,-0.030813336
1166,1,5,1,middle,0.90117526,0.9043594,0.0031841397
1166,1,5,2,middle,0.90117526,0.8872941,-0.013881147
1166,1,5,3,middle,0.90117526,0.89960027,-0.0015749931
1166,1,5,4,last,0.90117526,0.9007138,-0.00046145916
1364,0,5,0,first,0.28362185,0.29538038,0.011758536
1364,0,5,1,middle,0.28362185,0.27678287,-0.0068389773
1364,0,5,2,middle,0.28362185,0.19933178,-0.08429007
1364,0,5,3,middle,0.28362185,0.30989286,0.026271015
1364,0,5,4,last,0.28362185,0.3833782,0.09975636
25494,1,5,0,first,0.9120566,0.9152703,0.0032137036
25494,1,5,1,middle,0.9120566,0.9055945,-0.006462097
25494,1,5,2,middle,0.9120566,0.9000855,-0.011971116
25494,1,5,3,middle,0.9120566,0.9070111,-0.005045533
25494,1,5,4,last,0.9120566,0.90070665,-0.011349976
1308,0,5,0,first,0.17950246,0.24668558,0.06718312
1308,0,5,1,middle,0.17950246,0.16727766,-0.012224793
1308,0,5,2,middle,0.17950246,0.19439003,0.014887571
1308,0,5,3,middle,0.17950246,0.1867211,0.007218644
1308,0,5,4,last,0.17950246,0.1819036,0.0024011433
1015,1,5,0,first,0.9114561,0.9106927,-0.0007634163
1015,1,5,1,middle,0.9114561,0.90090215,-0.010553956
1015,1,5,2,middle,0.9114561,0.9026498,-0.008806288
1015,1,5,3,middle,0.9114561,0.88698554,-0.024470568
1015,1,5,4,last,0.9114561,0.90403473,-0.0074213743
44863,0,5,0,first,0.37147823,0.2960879,-0.07539034
44863,0,5,1,middle,0.37147823,0.39552867,0.024050444
44863,0,5,2,middle,0.37147823,0.3901865,0.018708259
44863,0,5,3,middle,0.37147823,0.3071526,-0.06432563
44863,0,5,4,last,0.37147823,0.38182858,0.010350347
11091,0,4,0,first,0.15457475,0.15472053,0.00014577806
11091,0,4,1,middle,0.15457475,0.15881163,0.004236877
11091,0,4,2,middle,0.15457475,0.14576408,-0.008810669
11091,0,4,3,last,0.15457475,0.18422258,0.029647827
2185,0,5,0,first,0.15283932,0.18495318,0.032113865
2185,0,5,1,middle,0.15283932,0.16541167,0.012572348
2185,0,5,2,middle,0.15283932,0.13719971,-0.015639603
2185,0,5,3,middle,0.15283932,0.1614695,0.008630186
2185,0,5,4,last,0.15283932,0.15581034,0.0029710233
52299,0,2,0,first,0.16864736,0.19911152,0.030464157
52299,0,2,1,last,0.16864736,0.19040544,0.02175808
7823,0,4,0,first,0.21059982,0.2623598,0.051759973
7823,0,4,1,middle,0.21059982,0.21448226,0.003882438
7823,0,4,2,middle,0.21059982,0.15894653,-0.051653296
7823,0,4,3,last,0.21059982,0.17423683,-0.03636299
1610,0,4,0,first,0.17318931,0.19255546,0.019366145
1610,0,4,1,middle,0.17318931,0.17213552,-0.0010537952
1610,0,4,2,middle,0.17318931,0.20099072,0.02780141
1610,0,4,3,last,0.17318931,0.16495617,-0.008233145
137,1,5,0,first,0.8456849,0.8549903,0.009305418
137,1,5,1,middle,0.8456849,0.8531102,0.007425308
137,1,5,2,middle,0.8456849,0.8662418,0.020556927
137,1,5,3,middle,0.8456849,0.84760296,0.0019180775
137,1,5,4,last,0.8456849,0.7044219,-0.14126301
25818,1,5,0,first,0.6921474,0.7048182,0.012670815
25818,1,5,1,middle,0.6921474,0.6919768,-0.0001705885
25818,1,5,2,middle,0.6921474,0.7075125,0.015365124
25818,1,5,3,middle,0.6921474,0.5411143,-0.1510331
25818,1,5,4,last,0.6921474,0.63849264,-0.05365473
11303,1,5,0,first,0.6758027,0.6500882,-0.025714517
11303,1,5,1,middle,0.6758027,0.63849807,-0.03730464
11303,1,5,2,middle,0.6758027,0.53533596,-0.14046675
11303,1,5,3,middle,0.6758027,0.61379737,-0.06200534
11303,1,5,4,last,0.6758027,0.77832067,0.10251796
196,1,5,0,first,0.62255085,0.6409085,0.018357635
196,1,5,1,middle,0.62255085,0.53873175,-0.08381909
196,1,5,2,middle,0.62255085,0.60503846,-0.017512381
196,1,5,3,middle,0.62255085,0.6988228,0.07627195
196,1,5,4,last,0.62255085,0.47423902,-0.14831182
1193,1,5,0,first,0.7676781,0.7414744,-0.026203692
1193,1,5,1,middle,0.7676781,0.81108063,0.043402553
1193,1,5,2,middle,0.7676781,0.69586164,-0.071816444
1193,1,5,3,middle,0.7676781,0.7185643,-0.04911381
1193,1,5,4,last,0.7676781,0.80913854,0.041460454
656,0,5,0,first,0.58587956,0.6275319,0.04165232
656,0,5,1,middle,0.58587956,0.59529394,0.009414375
656,0,5,2,middle,0.58587956,0.3484421,-0.23743746
656,0,5,3,middle,0.58587956,0.29005986,-0.2958197
656,0,5,4,last,0.58587956,0.75105727,0.1651777
726,1,5,0,first,0.8268172,0.72070557,-0.106111646
726,1,5,1,middle,0.8268172,0.6624841,-0.1643331
726,1,5,2,middle,0.8268172,0.8193602,-0.007457018
726,1,5,3,middle,0.8268172,0.8413225,0.014505267
726,1,5,4,last,0.8268172,0.8250598,-0.001757443
154,1,5,0,first,0.8396922,0.83694965,-0.002742529
154,1,5,1,middle,0.8396922,0.73708546,-0.102606714
154,1,5,2,middle,0.8396922,0.7867684,-0.0529238
154,1,5,3,middle,0.8396922,0.8394483,-0.0002439022
154,1,5,4,last,0.8396922,0.8598291,0.020136952
46867,0,5,0,first,0.84593755,0.7418501,-0.10408747
46867,0,5,1,middle,0.84593755,0.8579688,0.012031257
46867,0,5,2,middle,0.84593755,0.853258,0.0073204637
46867,0,5,3,middle,0.84593755,0.7990214,-0.046916127
46867,0,5,4,last,0.84593755,0.83551997,-0.010417581
1067,1,5,0,first,0.7802722,0.74832284,-0.03194934
1067,1,5,1,middle,0.7802722,0.7836726,0.0034003854
1067,1,5,2,middle,0.7802722,0.7791955,-0.0010766983
1067,1,5,3,middle,0.7802722,0.78493375,0.00466156
1067,1,5,4,last,0.7802722,0.623548,-0.15672421
39140,1,5,0,first,0.92061675,0.9161105,-0.0045062304
39140,1,5,1,middle,0.92061675,0.9149359,-0.005680859
39140,1,5,2,middle,0.92061675,0.9085364,-0.012080371
39140,1,5,3,middle,0.92061675,0.9152851,-0.0053316355
39140,1,5,4,last,0.92061675,0.92178714,0.0011703968
28337,0,5,0,first,0.7111202,0.7268501,0.015729904
28337,0,5,1,middle,0.7111202,0.7195799,0.008459687
28337,0,5,2,middle,0.7111202,0.687277,-0.02384317
28337,0,5,3,middle,0.7111202,0.6688315,-0.04228866
28337,0,5,4,last,0.7111202,0.62487143,-0.086248755
522,0,5,0,first,0.54337823,0.507353,-0.036025226
522,0,5,1,middle,0.54337823,0.5491728,0.0057945848
522,0,5,2,middle,0.54337823,0.4193927,-0.12398553
522,0,5,3,middle,0.54337823,0.5988207,0.055442452
522,0,5,4,last,0.54337823,0.5053971,-0.037981153
1041,1,5,0,first,0.8541316,0.8301215,-0.024010062
1041,1,5,1,middle,0.8541316,0.8080517,-0.046079874
1041,1,5,2,middle,0.8541316,0.84638226,-0.007749319
1041,1,5,3,middle,0.8541316,0.7448895,-0.10924208
1041,1,5,4,last,0.8541316,0.88903093,0.034899354
811,1,5,0,first,0.66444916,0.60553604,-0.05891311
811,1,5,1,middle,0.66444916,0.6612379,-0.0032112598
811,1,5,2,middle,0.66444916,0.6415852,-0.022863984
811,1,5,3,middle,0.66444916,0.52536255,-0.1390866
811,1,5,4,last,0.66444916,0.6804572,0.01600802
1036,1,5,0,first,0.803873,0.7324239,-0.0714491
1036,1,5,1,middle,0.803873,0.74188936,-0.061983645
1036,1,5,2,middle,0.803873,0.5510822,-0.2527908
1036,1,5,3,middle,0.803873,0.76885134,-0.035021663
1036,1,5,4,last,0.803873,0.8359557,0.032082677
18528,1,5,0,first,0.35428774,0.3347587,-0.019529045
18528,1,5,1,middle,0.35428774,0.35681513,0.002527386
18528,1,5,2,middle,0.35428774,0.3462224,-0.008065343
18528,1,5,3,middle,0.35428774,0.30986643,-0.044421315
18528,1,5,4,last,0.35428774,0.33808205,-0.016205698
17531,1,5,0,first,0.8381128,0.8563724,0.018259645
17531,1,5,1,middle,0.8381128,0.87430346,0.03619069
17531,1,5,2,middle,0.8381128,0.844428,0.0063152313
17531,1,5,3,middle,0.8381128,0.8410614,0.0029486418
17531,1,5,4,last,0.8381128,0.66113627,-0.1769765
1123,1,5,0,first,0.25651053,0.26572537,0.009214848
1123,1,5,1,middle,0.25651053,0.23994748,-0.016563043
1123,1,5,2,middle,0.25651053,0.23104551,-0.025465012
1123,1,5,3,middle,0.25651053,0.2823377,0.02582717
1123,1,5,4,last,0.25651053,0.2752262,0.01871568
18949,1,4,0,first,0.8704244,0.851875,-0.018549383
18949,1,4,1,middle,0.8704244,0.84384334,-0.026581049
18949,1,4,2,middle,0.8704244,0.8687371,-0.0016872883
18949,1,4,3,last,0.8704244,0.83627754,-0.034146845
49189,1,5,0,first,0.9166588,0.9200593,0.0034005046
49189,1,5,1,middle,0.9166588,0.89502084,-0.021637976
49189,1,5,2,middle,0.9166588,0.9054997,-0.011159122
49189,1,5,3,middle,0.9166588,0.9168891,0.00023025274
49189,1,5,4,last,0.9166588,0.90636367,-0.010295153
10928,1,5,0,first,0.85716116,0.81092113,-0.04624003
10928,1,5,1,middle,0.85716116,0.8314383,-0.025722861
10928,1,5,2,middle,0.85716116,0.85694665,-0.00021451712
10928,1,5,3,middle,0.85716116,0.87025243,0.013091266
10928,1,5,4,last,0.85716116,0.81661683,-0.04054433
274,0,5,0,first,0.3139028,0.26875556,-0.04514724
274,0,5,1,middle,0.3139028,0.38502425,0.071121454
274,0,5,2,middle,0.3139028,0.23032987,-0.083572924
274,0,5,3,middle,0.3139028,0.35996735,0.046064556
274,0,5,4,last,0.3139028,0.32982048,0.015917689
102,0,5,0,first,0.45430118,0.21326663,-0.24103455
102,0,5,1,middle,0.45430118,0.23296553,-0.22133565
102,0,5,2,middle,0.45430118,0.531843,0.07754183
102,0,5,3,middle,0.45430118,0.33365217,-0.12064901
102,0,5,4,last,0.45430118,0.65184927,0.19754809
44733,0,5,0,first,0.43403828,0.5038625,0.06982422
44733,0,5,1,middle,0.43403828,0.61078745,0.17674917
44733,0,5,2,middle,0.43403828,0.38635164,-0.047686636
44733,0,5,3,middle,0.43403828,0.62060356,0.18656528
44733,0,5,4,last,0.43403828,0.19261046,-0.24142782
31818,1,5,0,first,0.90140283,0.89234054,-0.00906229
31818,1,5,1,middle,0.90140283,0.89015275,-0.011250079
31818,1,5,2,middle,0.90140283,0.89775056,-0.0036522746
31818,1,5,3,middle,0.90140283,0.9019496,0.0005467534
31818,1,5,4,last,0.90140283,0.8755057,-0.025897145
23598,1,4,0,first,0.72100973,0.2736028,-0.44740692
23598,1,4,1,middle,0.72100973,0.7422918,0.021282077
23598,1,4,2,middle,0.72100973,0.78745556,0.06644583
23598,1,4,3,last,0.72100973,0.42278236,-0.29822737
27225,0,5,0,first,0.44861537,0.5646403,0.11602491
27225,0,5,1,middle,0.44861537,0.2915145,-0.15710089
27225,0,5,2,middle,0.44861537,0.207712,-0.24090338
27225,0,5,3,middle,0.44861537,0.5086001,0.059984744
27225,0,5,4,last,0.44861537,0.57602245,0.12740707
1307,1,5,0,first,0.83754116,0.7758913,-0.06164986
1307,1,5,1,middle,0.83754116,0.8057845,-0.03175664
1307,1,5,2,middle,0.83754116,0.8030846,-0.03445655
1307,1,5,3,middle,0.83754116,0.84820944,0.010668278
1307,1,5,4,last,0.83754116,0.87308794,0.03554678
36366,1,5,0,first,0.6977208,0.66023254,-0.03748828
36366,1,5,1,middle,0.6977208,0.68055344,-0.01716739
36366,1,5,2,middle,0.6977208,0.6791639,-0.018556952
36366,1,5,3,middle,0.6977208,0.6086119,-0.089108944
36366,1,5,4,last,0.6977208,0.3052921,-0.39242873
28200,0,5,0,first,0.6281393,0.6739618,0.0458225
28200,0,5,1,middle,0.6281393,0.59194386,-0.036195457
28200,0,5,2,middle,0.6281393,0.3513759,-0.2767634
28200,0,5,3,middle,0.6281393,0.5887081,-0.039431214
28200,0,5,4,last,0.6281393,0.7217887,0.09364939
21920,1,5,0,first,0.9037753,0.9111004,0.007325113
21920,1,5,1,middle,0.9037753,0.890597,-0.013178289
21920,1,5,2,middle,0.9037753,0.8909246,-0.012850702
21920,1,5,3,middle,0.9037753,0.84234065,-0.061434627
21920,1,5,4,last,0.9037753,0.9098612,0.0060859323
111,0,5,0,first,0.18786234,0.21876538,0.030903041
111,0,5,1,middle,0.18786234,0.19439046,0.006528124
111,0,5,2,middle,0.18786234,0.18629822,-0.0015641153
111,0,5,3,middle,0.18786234,0.1913677,0.003505364
111,0,5,4,last,0.18786234,0.1853443,-0.002518043
1207,1,5,0,first,0.9234795,0.8934494,-0.030030072
1207,1,5,1,middle,0.9234795,0.9185486,-0.0049309134
1207,1,5,2,middle,0.9234795,0.9185094,-0.0049700737
1207,1,5,3,middle,0.9234795,0.9069376,-0.016541898
1207,1,5,4,last,0.9234795,0.9283716,0.004892111
468,1,5,0,first,0.6841991,0.7230642,0.03886509
468,1,5,1,middle,0.6841991,0.7204412,0.036242127
468,1,5,2,middle,0.6841991,0.56148803,-0.12271106
468,1,5,3,middle,0.6841991,0.54587597,-0.13832313
468,1,5,4,last,0.6841991,0.6872128,0.00301373
452,0,5,0,first,0.18741478,0.14749372,-0.03992106
452,0,5,1,middle,0.18741478,0.21194458,0.0245298
452,0,5,2,middle,0.18741478,0.18004508,-0.007369697
452,0,5,3,middle,0.18741478,0.19006439,0.0026496053
452,0,5,4,last,0.18741478,0.30893737,0.12152259
514,0,5,0,first,0.24801771,0.4169464,0.1689287
514,0,5,1,middle,0.24801771,0.22668666,-0.021331057
514,0,5,2,middle,0.24801771,0.21211371,-0.035904005
514,0,5,3,middle,0.24801771,0.35165653,0.10363881
514,0,5,4,last,0.24801771,0.19467351,-0.053344205
592,0,6,0,first,0.29056668,0.29993677,0.009370089
592,0,6,1,middle,0.29056668,0.28194544,-0.008621246
592,0,6,2,middle,0.29056668,0.28956673,-0.0009999573
592,0,6,3,middle,0.29056668,0.31155083,0.020984143
592,0,6,4,middle,0.29056668,0.28228688,-0.0082798
592,0,6,5,last,0.29056668,0.29988718,0.0093204975
689,1,5,0,first,0.3330601,0.32534838,-0.0077117085
689,1,5,1,middle,0.3330601,0.3009832,-0.032076895
689,1,5,2,middle,0.3330601,0.3809659,0.047905803
689,1,5,3,middle,0.3330601,0.34118393,0.008123845
689,1,5,4,last,0.3330601,0.32524097,-0.007819116
1179,0,4,0,first,0.1710491,0.17587708,0.004827976
1179,0,4,1,middle,0.1710491,0.23274726,0.061698154
1179,0,4,2,middle,0.1710491,0.16252786,-0.008521244
1179,0,4,3,last,0.1710491,0.17064323,-0.00040587783
126,0,5,0,first,0.56008375,0.5257716,-0.03431213
126,0,5,1,middle,0.56008375,0.5388758,-0.021207929
126,0,5,2,middle,0.56008375,0.5479783,-0.012105465
126,0,5,3,middle,0.56008375,0.4909103,-0.069173455
126,0,5,4,last,0.56008375,0.56463796,0.004554212
37431,0,5,0,first,0.25926507,0.21186504,-0.047400028
37431,0,5,1,middle,0.25926507,0.29821724,0.03895217
37431,0,5,2,middle,0.25926507,0.26907864,0.009813577
37431,0,5,3,middle,0.25926507,0.2107473,-0.048517764
37431,0,5,4,last,0.25926507,0.30083224,0.041567177
1415,1,5,0,first,0.8656298,0.8092994,-0.056330383
1415,1,5,1,middle,0.8656298,0.8684628,0.0028330088
1415,1,5,2,middle,0.8656298,0.8176597,-0.047970116
1415,1,5,3,middle,0.8656298,0.86316884,-0.0024609566
1415,1,5,4,last,0.8656298,0.8619517,-0.0036780834
936,0,5,0,first,0.6221945,0.55547357,-0.06672096
936,0,5,1,middle,0.6221945,0.5331726,-0.08902192
936,0,5,2,middle,0.6221945,0.6619262,0.03973168
936,0,5,3,middle,0.6221945,0.5774881,-0.044706404
936,0,5,4,last,0.6221945,0.7361012,0.11390668
2074,0,5,0,first,0.36926693,0.3132139,-0.056053013
2074,0,5,1,middle,0.36926693,0.29130128,-0.07796565
2074,0,5,2,middle,0.36926693,0.41897887,0.049711943
2074,0,5,3,middle,0.36926693,0.37710643,0.007839501
2074,0,5,4,last,0.36926693,0.37078127,0.0015143454
47770,0,5,0,first,0.120899096,0.13506979,0.014170691
47770,0,5,1,middle,0.120899096,0.13123915,0.01034005
47770,0,5,2,middle,0.120899096,0.11707447,-0.003824629
47770,0,5,3,middle,0.120899096,0.13020083,0.009301737
47770,0,5,4,last,0.120899096,0.12919772,0.008298621
3740,0,3,0,first,0.13639724,0.16526704,0.028869793
3740,0,3,1,middle,0.13639724,0.14893705,0.012539804
3740,0,3,2,last,0.13639724,0.13622774,-0.00016950071
1439,1,5,0,first,0.82813597,0.7227347,-0.10540128
1439,1,5,1,middle,0.82813597,0.8248939,-0.0032420754
1439,1,5,2,middle,0.82813597,0.8336988,0.005562842
1439,1,5,3,middle,0.82813597,0.79361403,-0.034521937
1439,1,5,4,last,0.82813597,0.83944607,0.011310101
16362,0,3,0,first,0.17539605,0.16562435,-0.009771705
16362,0,3,1,middle,0.17539605,0.20918232,0.033786267
16362,0,3,2,last,0.17539605,0.19158866,0.0161926
509,0,5,0,first,0.36528638,0.3194198,-0.04586658
509,0,5,1,middle,0.36528638,0.41254285,0.04725647
509,0,5,2,middle,0.36528638,0.32709315,-0.038193226
509,0,5,3,middle,0.36528638,0.24197903,-0.12330735
509,0,5,4,last,0.36528638,0.51265097,0.14736459
51204,0,5,0,first,0.7703867,0.7112653,-0.05912137
51204,0,5,1,middle,0.7703867,0.76995605,-0.00043064356
51204,0,5,2,middle,0.7703867,0.80969465,0.039307952
51204,0,5,3,middle,0.7703867,0.7113808,-0.059005916
51204,0,5,4,last,0.7703867,0.7606905,-0.009696186
965,0,5,0,first,0.32261828,0.23370391,-0.088914365
965,0,5,1,middle,0.32261828,0.2571662,-0.06545207
965,0,5,2,middle,0.32261828,0.44893837,0.1263201
965,0,5,3,middle,0.32261828,0.33784568,0.015227407
965,0,5,4,last,0.32261828,0.35801217,0.035393894
34,1,5,0,first,0.8956149,0.89815366,0.0025387406
34,1,5,1,middle,0.8956149,0.8942262,-0.0013887286
34,1,5,2,middle,0.8956149,0.8810767,-0.0145382285
34,1,5,3,middle,0.8956149,0.89798254,0.0023676157
34,1,5,4,last,0.8956149,0.8435847,-0.052030206
52618,1,4,0,first,0.48162645,0.60549635,0.123869896
52618,1,4,1,middle,0.48162645,0.27150884,-0.21011761
52618,1,4,2,middle,0.48162645,0.5348008,0.053174376
52618,1,4,3,last,0.48162645,0.55037284,0.06874639
1500,1,5,0,first,0.8812947,0.8863633,0.0050686
1500,1,5,1,middle,0.8812947,0.90008426,0.01878953
1500,1,5,2,middle,0.8812947,0.87092566,-0.010369062
1500,1,5,3,middle,0.8812947,0.89359194,0.012297213
1500,1,5,4,last,0.8812947,0.7821388,-0.0991559
834,0,5,0,first,0.46268964,0.39780843,-0.064881206
834,0,5,1,middle,0.46268964,0.43206683,-0.03062281
834,0,5,2,middle,0.46268964,0.46422735,0.0015377104
834,0,5,3,middle,0.46268964,0.52230793,0.059618294
834,0,5,4,last,0.46268964,0.48265326,0.019963622
2132,0,5,0,first,0.25477085,0.21391985,-0.040850997
2132,0,5,1,middle,0.25477085,0.27493504,0.020164192
2132,0,5,2,middle,0.25477085,0.29022643,0.035455585
2132,0,5,3,middle,0.25477085,0.23442778,-0.020343065
2132,0,5,4,last,0.25477085,0.26608658,0.011315733
25486,1,4,0,first,0.88281286,0.87423015,-0.008582711
25486,1,4,1,middle,0.88281286,0.81643593,-0.066376925
25486,1,4,2,middle,0.88281286,0.8999237,0.017110825
25486,1,4,3,last,0.88281286,0.86073995,-0.022072911
2348,1,3,0,first,0.71270263,0.78020406,0.067501426
2348,1,3,1,middle,0.71270263,0.32495672,-0.38774592
2348,1,3,2,last,0.71270263,0.73491096,0.022208333
650,1,5,0,first,0.7769625,0.7867851,0.009822607
650,1,5,1,middle,0.7769625,0.74704856,-0.029913962
650,1,5,2,middle,0.7769625,0.75360596,-0.023356557
650,1,5,3,middle,0.7769625,0.74723965,-0.02972287
650,1,5,4,last,0.7769625,0.7142252,-0.062737346
888,1,5,0,first,0.9295319,0.9308905,0.0013586283
888,1,5,1,middle,0.9295319,0.9247859,-0.0047459602
888,1,5,2,middle,0.9295319,0.9306636,0.0011317134
888,1,5,3,middle,0.9295319,0.92946494,-6.6936016e-05
888,1,5,4,last,0.9295319,0.92462933,-0.0049025416
54649,1,5,0,first,0.92595553,0.9232006,-0.0027549267
54649,1,5,1,middle,0.92595553,0.9117448,-0.014210761
54649,1,5,2,middle,0.92595553,0.92561376,-0.00034177303
54649,1,5,3,middle,0.92595553,0.92591125,-4.428625e-05
54649,1,5,4,last,0.92595553,0.9116263,-0.014329255
890,0,5,0,first,0.33270472,0.3707835,0.038078785
890,0,5,1,middle,0.33270472,0.2991972,-0.033507526
890,0,5,2,middle,0.33270472,0.44912928,0.11642456
890,0,5,3,middle,0.33270472,0.31801307,-0.014691651
890,0,5,4,last,0.33270472,0.29530987,-0.03739485
1336,0,5,0,first,0.6080137,0.6230158,0.015002131
1336,0,5,1,middle,0.6080137,0.5104894,-0.097524285
1336,0,5,2,middle,0.6080137,0.554889,-0.053124666
1336,0,5,3,middle,0.6080137,0.4828727,-0.125141
1336,0,5,4,last,0.6080137,0.5969579,-0.011055768
9550,1,5,0,first,0.92040884,0.9137403,-0.0066685677
9550,1,5,1,middle,0.92040884,0.91344064,-0.0069682
9550,1,5,2,middle,0.92040884,0.91533035,-0.0050784945
9550,1,5,3,middle,0.92040884,0.92213947,0.0017306209
9550,1,5,4,last,0.92040884,0.9110842,-0.00932467
16410,1,5,0,first,0.86789,0.8885751,0.020685077
16410,1,5,1,middle,0.86789,0.866698,-0.0011919737
16410,1,5,2,middle,0.86789,0.8635198,-0.0043702126
16410,1,5,3,middle,0.86789,0.86500245,-0.002887547
16410,1,5,4,last,0.86789,0.73817813,-0.12971187
844,1,5,0,first,0.8054738,0.69894785,-0.10652596
844,1,5,1,middle,0.8054738,0.79059887,-0.014874935
844,1,5,2,middle,0.8054738,0.6658689,-0.13960493
844,1,5,3,middle,0.8054738,0.83144957,0.025975764
844,1,5,4,last,0.8054738,0.8125926,0.007118821
12639,1,5,0,first,0.8252027,0.7811638,-0.04403889
12639,1,5,1,middle,0.8252027,0.82656974,0.0013670325
12639,1,5,2,middle,0.8252027,0.81361055,-0.01159215
12639,1,5,3,middle,0.8252027,0.8454912,0.020288467
12639,1,5,4,last,0.8252027,0.7245386,-0.10066408
15,1,5,0,first,0.82611287,0.8136099,-0.012502968
15,1,5,1,middle,0.82611287,0.8432927,0.017179847
15,1,5,2,middle,0.82611287,0.822804,-0.0033088923
15,1,5,3,middle,0.82611287,0.81846344,-0.0076494217
15,1,5,4,last,0.82611287,0.69245386,-0.133659
339,1,5,0,first,0.8693348,0.8436034,-0.025731444
339,1,5,1,middle,0.8693348,0.8570943,-0.012240529
339,1,5,2,middle,0.8693348,0.87506795,0.0057331324
339,1,5,3,middle,0.8693348,0.8440645,-0.025270343
339,1,5,4,last,0.8693348,0.8376743,-0.031660497
1778,0,5,0,first,0.67380816,0.688114,0.01430583
1778,0,5,1,middle,0.67380816,0.66873527,-0.0050728917
1778,0,5,2,middle,0.67380816,0.6680338,-0.005774379
1778,0,5,3,middle,0.67380816,0.64250255,-0.03130561
1778,0,5,4,last,0.67380816,0.646545,-0.027263165
5552,0,4,0,first,0.1947666,0.23229566,0.037529066
5552,0,4,1,middle,0.1947666,0.15886788,-0.035898715
5552,0,4,2,middle,0.1947666,0.16313735,-0.03162925
5552,0,4,3,last,0.1947666,0.28957507,0.094808474
44037,1,5,0,first,0.91910297,0.9132942,-0.0058087707
44037,1,5,1,middle,0.91910297,0.90946066,-0.009642303
44037,1,5,2,middle,0.91910297,0.91607493,-0.0030280352
44037,1,5,3,middle,0.91910297,0.92848855,0.009385586
44037,1,5,4,last,0.91910297,0.9089422,-0.010160744
19,1,5,0,first,0.68590826,0.60220736,-0.083700895
19,1,5,1,middle,0.68590826,0.6348165,-0.05109173
19,1,5,2,middle,0.68590826,0.66784906,-0.018059194
19,1,5,3,middle,0.68590826,0.6855486,-0.00035965443
19,1,5,4,last,0.68590826,0.7312798,0.045371532
1846,0,5,0,first,0.14554901,0.1402209,-0.005328119
1846,0,5,1,middle,0.14554901,0.1866038,0.041054785
1846,0,5,2,middle,0.14554901,0.16130638,0.015757367
1846,0,5,3,middle,0.14554901,0.16398121,0.0184322
1846,0,5,4,last,0.14554901,0.13068642,-0.014862597
1138,0,5,0,first,0.2487766,0.21213196,-0.036644638
1138,0,5,1,middle,0.2487766,0.24948636,0.0007097572
1138,0,5,2,middle,0.2487766,0.27278775,0.02401115
1138,0,5,3,middle,0.2487766,0.2841062,0.035329595
1138,0,5,4,last,0.2487766,0.2673364,0.018559799
698,1,5,0,first,0.89550644,0.8778756,-0.017630816
698,1,5,1,middle,0.89550644,0.8478563,-0.04765016
698,1,5,2,middle,0.89550644,0.89819473,0.0026882887
698,1,5,3,middle,0.89550644,0.88492775,-0.010578692
698,1,5,4,last,0.89550644,0.8999595,0.004453063
410,1,5,0,first,0.7990327,0.7748779,-0.024154782
410,1,5,1,middle,0.7990327,0.83186054,0.032827854
410,1,5,2,middle,0.7990327,0.6983284,-0.10070431
410,1,5,3,middle,0.7990327,0.8127781,0.013745427
410,1,5,4,last,0.7990327,0.75824845,-0.04078424
20506,0,5,0,first,0.13045508,0.13207372,0.0016186386
20506,0,5,1,middle,0.13045508,0.14917958,0.018724501
20506,0,5,2,middle,0.13045508,0.13508342,0.0046283454
20506,0,5,3,middle,0.13045508,0.13195649,0.0015014112
20506,0,5,4,last,0.13045508,0.13072622,0.00027114153
1621,1,5,0,first,0.77916723,0.70594317,-0.07322407
1621,1,5,1,middle,0.77916723,0.78667116,0.0075039268
1621,1,5,2,middle,0.77916723,0.7882107,0.009043455
1621,1,5,3,middle,0.77916723,0.80731565,0.028148413
1621,1,5,4,last,0.77916723,0.7090449,-0.07012236
2988,0,5,0,first,0.18493593,0.1943736,0.009437665
2988,0,5,1,middle,0.18493593,0.18554376,0.00060783327
2988,0,5,2,middle,0.18493593,0.21554326,0.030607328
2988,0,5,3,middle,0.18493593,0.18109292,-0.0038430095
2988,0,5,4,last,0.18493593,0.19960837,0.014672443
39818,0,5,0,first,0.15081632,0.15694971,0.0061333925
39818,0,5,1,middle,0.15081632,0.14965522,-0.0011610985
39818,0,5,2,middle,0.15081632,0.1626873,0.01187098
39818,0,5,3,middle,0.15081632,0.1496989,-0.0011174232
39818,0,5,4,last,0.15081632,0.16628216,0.015465841
305,0,5,0,first,0.17734157,0.17929053,0.0019489676
305,0,5,1,middle,0.17734157,0.17660765,-0.000733912
305,0,5,2,middle,0.17734157,0.19273496,0.015393391
305,0,5,3,middle,0.17734157,0.1533945,-0.02394706
305,0,5,4,last,0.17734157,0.20183711,0.024495542
1449,1,5,0,first,0.23090626,0.25157288,0.020666614
1449,1,5,1,middle,0.23090626,0.26393473,0.03302847
1449,1,5,2,middle,0.23090626,0.25400257,0.023096308
1449,1,5,3,middle,0.23090626,0.25364175,0.022735491
1449,1,5,4,last,0.23090626,0.22517459,-0.005731672
30623,1,5,0,first,0.7646944,0.7714287,0.0067343116
30623,1,5,1,middle,0.7646944,0.7314527,-0.03324169
30623,1,5,2,middle,0.7646944,0.752463,-0.01223141
30623,1,5,3,middle,0.7646944,0.74196374,-0.022730649
30623,1,5,4,last,0.7646944,0.73632765,-0.028366745
491,0,4,0,first,0.45536566,0.39771524,-0.057650417
491,0,4,1,middle,0.45536566,0.38583052,-0.069535136
491,0,4,2,middle,0.45536566,0.5309485,0.07558286
491,0,4,3,last,0.45536566,0.46857288,0.013207227
49430,0,5,0,first,0.37679097,0.65449166,0.2777007
49430,0,5,1,middle,0.37679097,0.31714085,-0.059650123
49430,0,5,2,middle,0.37679097,0.23338577,-0.1434052
49430,0,5,3,middle,0.37679097,0.39193293,0.015141964
49430,0,5,4,last,0.37679097,0.43489602,0.05810505
1069,0,5,0,first,0.6970301,0.590981,-0.10604912
1069,0,5,1,middle,0.6970301,0.7460459,0.04901576
1069,0,5,2,middle,0.6970301,0.4354212,-0.26160893
1069,0,5,3,middle,0.6970301,0.7038675,0.006837368
1069,0,5,4,last,0.6970301,0.74151003,0.044479907
1420,1,5,0,first,0.87506515,0.46546417,-0.40960097
1420,1,5,1,middle,0.87506515,0.86755794,-0.007507205
1420,1,5,2,middle,0.87506515,0.8777729,0.0027077794
1420,1,5,3,middle,0.87506515,0.8773672,0.0023020506
1420,1,5,4,last,0.87506515,0.8718247,-0.0032404661
156,1,5,0,first,0.8975483,0.81486076,-0.08268756
156,1,5,1,middle,0.8975483,0.88681316,-0.010735154
156,1,5,2,middle,0.8975483,0.87903017,-0.01851815
156,1,5,3,middle,0.8975483,0.8926257,-0.0049226284
156,1,5,4,last,0.8975483,0.89959514,0.0020468235
46701,0,5,0,first,0.12613745,0.12270352,-0.003433928
46701,0,5,1,middle,0.12613745,0.12316045,-0.0029769987
46701,0,5,2,middle,0.12613745,0.13005684,0.003919393
46701,0,5,3,middle,0.12613745,0.12962845,0.0034909993
46701,0,5,4,last,0.12613745,0.13513163,0.008994177
2364,1,3,0,first,0.74549675,0.6732652,-0.07223153
2364,1,3,1,middle,0.74549675,0.71446866,-0.031028092
2364,1,3,2,last,0.74549675,0.5504512,-0.19504553
740,1,5,0,first,0.87764883,0.866729,-0.010919809
740,1,5,1,middle,0.87764883,0.8615428,-0.01610601
740,1,5,2,middle,0.87764883,0.78571594,-0.09193289
740,1,5,3,middle,0.87764883,0.872051,-0.00559783
740,1,5,4,last,0.87764883,0.8929578,0.015308976
53258,1,5,0,first,0.8668762,0.79782027,-0.069055915
53258,1,5,1,middle,0.8668762,0.85620844,-0.010667741
53258,1,5,2,middle,0.8668762,0.8673565,0.00048029423
53258,1,5,3,middle,0.8668762,0.89002967,0.023153484
53258,1,5,4,last,0.8668762,0.8478478,-0.019028366
316,0,4,0,first,0.10849311,0.11117895,0.0026858374
316,0,4,1,middle,0.10849311,0.116101876,0.007608764
316,0,4,2,middle,0.10849311,0.13092525,0.022432141
316,0,4,3,last,0.10849311,0.11126153,0.0027684197
160,0,5,0,first,0.79473144,0.8367715,0.04204005
160,0,5,1,middle,0.79473144,0.8322438,0.037512362
160,0,5,2,middle,0.79473144,0.8045176,0.009786189
160,0,5,3,middle,0.79473144,0.6477047,-0.14702672
160,0,5,4,last,0.79473144,0.75671554,-0.038015902
363,1,5,0,first,0.9195587,0.9080528,-0.011505902
363,1,5,1,middle,0.9195587,0.9196961,0.0001373887
363,1,5,2,middle,0.9195587,0.9276928,0.008134067
363,1,5,3,middle,0.9195587,0.9195347,-2.4020672e-05
363,1,5,4,last,0.9195587,0.8778668,-0.0416919
31136,0,5,0,first,0.18390112,0.22053012,0.036629006
31136,0,5,1,middle,0.18390112,0.19206798,0.0081668645
31136,0,5,2,middle,0.18390112,0.20437197,0.020470858
31136,0,5,3,middle,0.18390112,0.17697975,-0.006921366
31136,0,5,4,last,0.18390112,0.16546303,-0.018438086
388,0,5,0,first,0.78572285,0.7338045,-0.051918328
388,0,5,1,middle,0.78572285,0.7426787,-0.04304415
388,0,5,2,middle,0.78572285,0.74030155,-0.045421302
388,0,5,3,middle,0.78572285,0.7732402,-0.012482643
388,0,5,4,last,0.78572285,0.5380055,-0.24771738
1354,0,5,0,first,0.4031019,0.32209334,-0.08100855
1354,0,5,1,middle,0.4031019,0.42307237,0.019970477
1354,0,5,2,middle,0.4031019,0.4521413,0.049039423
1354,0,5,3,middle,0.4031019,0.33130732,-0.07179457
1354,0,5,4,last,0.4031019,0.47651196,0.073410064
1742,0,5,0,first,0.44012147,0.46058092,0.020459443
1742,0,5,1,middle,0.44012147,0.3560105,-0.084110975
1742,0,5,2,middle,0.44012147,0.38949272,-0.05062875
1742,0,5,3,middle,0.44012147,0.52178144,0.08165997
1742,0,5,4,last,0.44012147,0.41899553,-0.021125942
1900,0,5,0,first,0.33994624,0.4721779,0.13223165
1900,0,5,1,middle,0.33994624,0.31785688,-0.022089362
1900,0,5,2,middle,0.33994624,0.32795715,-0.011989087
1900,0,5,3,middle,0.33994624,0.45141566,0.11146942
1900,0,5,4,last,0.33994624,0.25743508,-0.08251116
1456,0,5,0,first,0.16526362,0.15987709,-0.0053865314
1456,0,5,1,middle,0.16526362,0.16674331,0.0014796853
1456,0,5,2,middle,0.16526362,0.1605768,-0.0046868175
1456,0,5,3,middle,0.16526362,0.16606472,0.0008011013
1456,0,5,4,last,0.16526362,0.20510714,0.039843515
22566,0,5,0,first,0.25934902,0.30231175,0.04296273
22566,0,5,1,middle,0.25934902,0.237543,-0.021806017
22566,0,5,2,middle,0.25934902,0.25241846,-0.00693056
22566,0,5,3,middle,0.25934902,0.22545832,-0.033890694
22566,0,5,4,last,0.25934902,0.2673346,0.007985592
1799,1,5,0,first,0.9213502,0.90266216,-0.018688023
1799,1,5,1,middle,0.9213502,0.9257971,0.0044469237
1799,1,5,2,middle,0.9213502,0.9231716,0.0018213987
1799,1,5,3,middle,0.9213502,0.9163421,-0.0050081015
1799,1,5,4,last,0.9213502,0.91926193,-0.0020882487
37224,1,4,0,first,0.76035327,0.79718685,0.036833584
37224,1,4,1,middle,0.76035327,0.7544717,-0.005881548
37224,1,4,2,middle,0.76035327,0.7537999,-0.006553352
37224,1,4,3,last,0.76035327,0.380626,-0.37972727
812,0,5,0,first,0.8013658,0.8076136,0.0062478185
812,0,5,1,middle,0.8013658,0.7967196,-0.004646182
812,0,5,2,middle,0.8013658,0.80267155,0.001305759
812,0,5,3,middle,0.8013658,0.60577023,-0.19559556
812,0,5,4,last,0.8013658,0.7956696,-0.0056961775
675,0,5,0,first,0.14501132,0.12421781,-0.020793512
675,0,5,1,middle,0.14501132,0.15172926,0.006717935
675,0,5,2,middle,0.14501132,0.15364785,0.008636534
675,0,5,3,middle,0.14501132,0.15878268,0.013771355
675,0,5,4,last,0.14501132,0.15185004,0.006838724
52592,1,5,0,first,0.8817575,0.898646,0.0168885
52592,1,5,1,middle,0.8817575,0.7686387,-0.11311883
52592,1,5,2,middle,0.8817575,0.86862886,-0.013128638
52592,1,5,3,middle,0.8817575,0.86952764,-0.01222986
52592,1,5,4,last,0.8817575,0.8789952,-0.0027623177
234,1,5,0,first,0.6578735,0.64999825,-0.007875264
234,1,5,1,middle,0.6578735,0.67830336,0.02042985
234,1,5,2,middle,0.6578735,0.50745517,-0.15041834
234,1,5,3,middle,0.6578735,0.74520236,0.08732885
234,1,5,4,last,0.6578735,0.6377634,-0.02011013
1149,0,5,0,first,0.34935924,0.27497384,-0.074385405
1149,0,5,1,middle,0.34935924,0.38525826,0.035899013
1149,0,5,2,middle,0.34935924,0.2047557,-0.14460355
1149,0,5,3,middle,0.34935924,0.3666512,0.017291963
1149,0,5,4,last,0.34935924,0.3986642,0.049304962
55729,1,5,0,first,0.8275312,0.7949582,-0.032573044
55729,1,5,1,middle,0.8275312,0.83313245,0.0056012273
55729,1,5,2,middle,0.8275312,0.8003922,-0.027139008
55729,1,5,3,middle,0.8275312,0.84055585,0.013024628
55729,1,5,4,last,0.8275312,0.81777304,-0.009758174
343,1,5,0,first,0.60844725,0.66667575,0.058228493
343,1,5,1,middle,0.60844725,0.40785527,-0.20059198
343,1,5,2,middle,0.60844725,0.5048666,-0.10358065
343,1,5,3,middle,0.60844725,0.56102544,-0.047421813
343,1,5,4,last,0.60844725,0.5467211,-0.061726153
1649,0,5,0,first,0.4853329,0.2763491,-0.20898381
1649,0,5,1,middle,0.4853329,0.48970956,0.00437665
1649,0,5,2,middle,0.4853329,0.4548605,-0.030472398
1649,0,5,3,middle,0.4853329,0.5760958,0.09076291
1649,0,5,4,last,0.4853329,0.4809813,-0.004351616
17486,1,5,0,first,0.31421167,0.40389198,0.089680314
17486,1,5,1,middle,0.31421167,0.32502028,0.010808617
17486,1,5,2,middle,0.31421167,0.24693565,-0.067276016
17486,1,5,3,middle,0.31421167,0.41101432,0.09680265
17486,1,5,4,last,0.31421167,0.1783884,-0.13582326
1584,1,4,0,first,0.4972727,0.5489651,0.051692396
1584,1,4,1,middle,0.4972727,0.35559744,-0.14167526
1584,1,4,2,middle,0.4972727,0.50247043,0.0051977336
1584,1,4,3,last,0.4972727,0.60236067,0.105087966
47842,1,5,0,first,0.6779473,0.55187696,-0.12607032
47842,1,5,1,middle,0.6779473,0.71864474,0.040697455
47842,1,5,2,middle,0.6779473,0.6713674,-0.006579876
47842,1,5,3,middle,0.6779473,0.62824357,-0.049703717
47842,1,5,4,last,0.6779473,0.4123569,-0.26559037
24,1,5,0,first,0.7689142,0.64770436,-0.12120986
24,1,5,1,middle,0.7689142,0.78463405,0.015719831
24,1,5,2,middle,0.7689142,0.61898285,-0.14993137
24,1,5,3,middle,0.7689142,0.7557182,-0.013196051
24,1,5,4,last,0.7689142,0.67987525,-0.08903897
46051,0,5,0,first,0.80694145,0.7416881,-0.06525338
46051,0,5,1,middle,0.80694145,0.8211365,0.014195025
46051,0,5,2,middle,0.80694145,0.7948182,-0.012123227
46051,0,5,3,middle,0.80694145,0.6886625,-0.11827892
46051,0,5,4,last,0.80694145,0.7862684,-0.020673037
34692,0,5,0,first,0.685905,0.6661026,-0.019802392
34692,0,5,1,middle,0.685905,0.605984,-0.07992101
34692,0,5,2,middle,0.685905,0.74887896,0.062973976
34692,0,5,3,middle,0.685905,0.7364616,0.0505566
34692,0,5,4,last,0.685905,0.3924354,-0.29346958
498,0,2,0,first,0.5662564,0.42375937,-0.14249703
498,0,2,1,last,0.5662564,0.5314565,-0.034799933
42957,1,5,0,first,0.86475664,0.87375784,0.009001195
42957,1,5,1,middle,0.86475664,0.8147209,-0.050035715
42957,1,5,2,middle,0.86475664,0.82558703,-0.03916961
42957,1,5,3,middle,0.86475664,0.85737234,-0.0073843
42957,1,5,4,last,0.86475664,0.8733215,0.00856483
281,0,5,0,first,0.5145507,0.6216073,0.10705662
281,0,5,1,middle,0.5145507,0.4340011,-0.0805496
281,0,5,2,middle,0.5145507,0.3942195,-0.1203312
281,0,5,3,middle,0.5145507,0.44075528,-0.07379541
281,0,5,4,last,0.5145507,0.545876,0.03132534
221,0,5,0,first,0.5238352,0.41865966,-0.105175525
221,0,5,1,middle,0.5238352,0.29580593,-0.22802925
221,0,5,2,middle,0.5238352,0.673776,0.14994079
221,0,5,3,middle,0.5238352,0.56093067,0.037095487
221,0,5,4,last,0.5238352,0.48484612,-0.038989067
945,0,4,0,first,0.27863204,0.37519222,0.09656018
945,0,4,1,middle,0.27863204,0.29680187,0.01816982
945,0,4,2,middle,0.27863204,0.16136089,-0.117271155
945,0,4,3,last,0.27863204,0.2920376,0.013405561
10082,0,5,0,first,0.40289408,0.44298813,0.040094048
10082,0,5,1,middle,0.40289408,0.35995308,-0.042941004
10082,0,5,2,middle,0.40289408,0.35429406,-0.048600018
10082,0,5,3,middle,0.40289408,0.39321446,-0.0096796155
10082,0,5,4,last,0.40289408,0.39410976,-0.008784324
1375,1,5,0,first,0.92453325,0.91851646,-0.006016791
1375,1,5,1,middle,0.92453325,0.92466396,0.00013071299
1375,1,5,2,middle,0.92453325,0.9225328,-0.002000451
1375,1,5,3,middle,0.92453325,0.92126805,-0.003265202
1375,1,5,4,last,0.92453325,0.9153434,-0.009189844
15147,0,5,0,first,0.28654423,0.29304078,0.0064965487
15147,0,5,1,middle,0.28654423,0.25761926,-0.028924972
15147,0,5,2,middle,0.28654423,0.27051976,-0.01602447
15147,0,5,3,middle,0.28654423,0.3808374,0.09429318
15147,0,5,4,last,0.28654423,0.2760525,-0.010491729
820,1,5,0,first,0.86910605,0.8570002,-0.012105882
820,1,5,1,middle,0.86910605,0.8837449,0.014638841
820,1,5,2,middle,0.86910605,0.7053226,-0.16378343
820,1,5,3,middle,0.86910605,0.8068545,-0.062251568
820,1,5,4,last,0.86910605,0.8471248,-0.02198124
46814,1,5,0,first,0.7231131,0.74025226,0.017139137
46814,1,5,1,middle,0.7231131,0.7415018,0.018388689
46814,1,5,2,middle,0.7231131,0.71383065,-0.00928247
46814,1,5,3,middle,0.7231131,0.7048129,-0.018300235
46814,1,5,4,last,0.7231131,0.3342951,-0.38881803
38525,1,5,0,first,0.76251614,0.6371409,-0.12537521
38525,1,5,1,middle,0.76251614,0.71883535,-0.043680787
38525,1,5,2,middle,0.76251614,0.7871208,0.024604678
38525,1,5,3,middle,0.76251614,0.74653846,-0.01597768
38525,1,5,4,last,0.76251614,0.7277346,-0.034781516
1098,1,5,0,first,0.80004483,0.7997572,-0.00028765202
1098,1,5,1,middle,0.80004483,0.79574066,-0.0043041706
1098,1,5,2,middle,0.80004483,0.79782337,-0.002221465
1098,1,5,3,middle,0.80004483,0.61235327,-0.18769157
1098,1,5,4,last,0.80004483,0.8624723,0.06242746
1446,1,4,0,first,0.85231346,0.86804014,0.015726686
1446,1,4,1,middle,0.85231346,0.85619295,0.0038794875
1446,1,4,2,middle,0.85231346,0.8427899,-0.009523571
1446,1,4,3,last,0.85231346,0.65915096,-0.1931625
182,0,5,0,first,0.50302595,0.58399916,0.08097321
182,0,5,1,middle,0.50302595,0.5193604,0.016334474
182,0,5,2,middle,0.50302595,0.47856268,-0.024463266
182,0,5,3,middle,0.50302595,0.50201416,-0.0010117888
182,0,5,4,last,0.50302595,0.44324175,-0.059784204
312,0,5,0,first,0.3050952,0.33183146,0.02673626
312,0,5,1,middle,0.3050952,0.32809323,0.022998035
312,0,5,2,middle,0.3050952,0.3166557,0.0115605
312,0,5,3,middle,0.3050952,0.27950802,-0.025587171
312,0,5,4,last,0.3050952,0.29313025,-0.011964947
43960,1,5,0,first,0.6638281,0.58459336,-0.07923472
43960,1,5,1,middle,0.6638281,0.6225921,-0.041235983
43960,1,5,2,middle,0.6638281,0.6883438,0.024515748
43960,1,5,3,middle,0.6638281,0.6489484,-0.0148797035
43960,1,5,4,last,0.6638281,0.63813055,-0.02569753
40559,0,4,0,first,0.20376503,0.22925556,0.025490522
40559,0,4,1,middle,0.20376503,0.22543411,0.021669075
40559,0,4,2,middle,0.20376503,0.21358421,0.00981918
40559,0,4,3,last,0.20376503,0.16681315,-0.036951885
33964,1,5,0,first,0.8838704,0.8408123,-0.043058097
33964,1,5,1,middle,0.8838704,0.8544821,-0.029388309
33964,1,5,2,middle,0.8838704,0.89042467,0.006554246
33964,1,5,3,middle,0.8838704,0.8822854,-0.0015850067
33964,1,5,4,last,0.8838704,0.872902,-0.010968447
1686,1,5,0,first,0.88577724,0.78642476,-0.09935248
1686,1,5,1,middle,0.88577724,0.8678022,-0.017975032
1686,1,5,2,middle,0.88577724,0.8904153,0.004638076
1686,1,5,3,middle,0.88577724,0.8230972,-0.062680006
1686,1,5,4,last,0.88577724,0.89545184,0.009674609
38828,0,5,0,first,0.4635195,0.19956936,-0.26395017
38828,0,5,1,middle,0.4635195,0.44249162,-0.021027893
38828,0,5,2,middle,0.4635195,0.51180255,0.04828304
38828,0,5,3,middle,0.4635195,0.4313519,-0.032167614
38828,0,5,4,last,0.4635195,0.5602431,0.096723616
40861,0,5,0,first,0.14105095,0.14913508,0.008084133
40861,0,5,1,middle,0.14105095,0.1676114,0.026560456
40861,0,5,2,middle,0.14105095,0.14390439,0.0028534383
40861,0,5,3,middle,0.14105095,0.13185348,-0.0091974735
40861,0,5,4,last,0.14105095,0.15078312,0.009732172
528,0,5,0,first,0.3310879,0.3308543,-0.0002335906
528,0,5,1,middle,0.3310879,0.24932063,-0.08176726
528,0,5,2,middle,0.3310879,0.28942916,-0.04165873
528,0,5,3,middle,0.3310879,0.3331513,0.0020634234
528,0,5,4,last,0.3310879,0.37997755,0.048889667
1003,0,5,0,first,0.3802522,0.18212478,-0.19812743
1003,0,5,1,middle,0.3802522,0.43046427,0.050212055
1003,0,5,2,middle,0.3802522,0.44841945,0.06816724
1003,0,5,3,middle,0.3802522,0.39959425,0.019342035
1003,0,5,4,last,0.3802522,0.4141306,0.033878386
10503,1,5,0,first,0.9060694,0.90106714,-0.00500226
10503,1,5,1,middle,0.9060694,0.89877224,-0.0072971582
10503,1,5,2,middle,0.9060694,0.8959341,-0.010135293
10503,1,5,3,middle,0.9060694,0.9122277,0.0061582923
10503,1,5,4,last,0.9060694,0.8983958,-0.007673621
200,1,5,0,first,0.8580861,0.8344158,-0.023670316
200,1,5,1,middle,0.8580861,0.73066044,-0.12742567
200,1,5,2,middle,0.8580861,0.86382055,0.0057344437
200,1,5,3,middle,0.8580861,0.84805775,-0.010028362
200,1,5,4,last,0.8580861,0.86718875,0.009102643
605,1,4,0,first,0.4910087,0.5231602,0.03215152
605,1,4,1,middle,0.4910087,0.40002215,-0.09098655
605,1,4,2,middle,0.4910087,0.53461426,0.043605566
605,1,4,3,last,0.4910087,0.37432426,-0.11668444
1988,0,5,0,first,0.37739056,0.2440968,-0.13329376
1988,0,5,1,middle,0.37739056,0.38743812,0.010047555
1988,0,5,2,middle,0.37739056,0.42017743,0.042786866
1988,0,5,3,middle,0.37739056,0.3092725,-0.068118066
1988,0,5,4,last,0.37739056,0.46708506,0.0896945
20556,0,5,0,first,0.32642442,0.3634024,0.036977977
20556,0,5,1,middle,0.32642442,0.25606003,-0.070364386
20556,0,5,2,middle,0.32642442,0.40459552,0.078171104
20556,0,5,3,middle,0.32642442,0.21508953,-0.11133489
20556,0,5,4,last,0.32642442,0.2896057,-0.036818713
29907,1,5,0,first,0.88347876,0.8673529,-0.016125858
29907,1,5,1,middle,0.88347876,0.8670087,-0.016470075
29907,1,5,2,middle,0.88347876,0.8841387,0.0006599426
29907,1,5,3,middle,0.88347876,0.8928018,0.0093230605
29907,1,5,4,last,0.88347876,0.8702046,-0.013274133
1280,1,5,0,first,0.72999924,0.73899406,0.008994818
1280,1,5,1,middle,0.72999924,0.6272615,-0.102737725
1280,1,5,2,middle,0.72999924,0.8068313,0.076832056
1280,1,5,3,middle,0.72999924,0.5779827,-0.15201652
1280,1,5,4,last,0.72999924,0.7333888,0.0033895373
8160,0,5,0,first,0.75834334,0.7988759,0.04053259
8160,0,5,1,middle,0.75834334,0.7397565,-0.018586814
8160,0,5,2,middle,0.75834334,0.7862178,0.02787447
8160,0,5,3,middle,0.75834334,0.7158917,-0.04245162
8160,0,5,4,last,0.75834334,0.6630483,-0.09529501
38612,0,4,0,first,0.12670402,0.12905428,0.0023502558
38612,0,4,1,middle,0.12670402,0.159252,0.03254798
38612,0,4,2,middle,0.12670402,0.12928484,0.0025808215
38612,0,4,3,last,0.12670402,0.120041214,-0.0066628084
1232,0,5,0,first,0.3753945,0.444241,0.068846494
1232,0,5,1,middle,0.3753945,0.38743365,0.012039155
1232,0,5,2,middle,0.3753945,0.31955132,-0.055843174
1232,0,5,3,middle,0.3753945,0.26583338,-0.109561116
1232,0,5,4,last,0.3753945,0.16173789,-0.2136566
7886,0,5,0,first,0.13475949,0.12002385,-0.014735639
7886,0,5,1,middle,0.13475949,0.14147776,0.006718278
7886,0,5,2,middle,0.13475949,0.14259002,0.00783053
7886,0,5,3,middle,0.13475949,0.13973066,0.0049711764
7886,0,5,4,last,0.13475949,0.15522407,0.020464584
29550,0,4,0,first,0.130392,0.13093331,0.0005413145
29550,0,4,1,middle,0.130392,0.13041379,2.1785498e-05
29550,0,4,2,middle,0.130392,0.14776364,0.01737164
29550,0,4,3,last,0.130392,0.13746348,0.00707148
1245,1,2,0,first,0.8071377,0.124377474,-0.68276024
1245,1,2,1,last,0.8071377,0.86309826,0.055960536
37288,0,5,0,first,0.1831616,0.16874225,-0.014419347
37288,0,5,1,middle,0.1831616,0.18579473,0.0026331246
37288,0,5,2,middle,0.1831616,0.2010814,0.017919794
37288,0,5,3,middle,0.1831616,0.1912731,0.008111492
37288,0,5,4,last,0.1831616,0.18778011,0.0046185106
44,1,5,0,first,0.79311645,0.72151226,-0.07160419
44,1,5,1,middle,0.79311645,0.78125066,-0.011865795
44,1,5,2,middle,0.79311645,0.7921063,-0.0010101795
44,1,5,3,middle,0.79311645,0.81643105,0.023314595
44,1,5,4,last,0.79311645,0.6728262,-0.12029028
1521,0,5,0,first,0.57487535,0.5787614,0.003886044
1521,0,5,1,middle,0.57487535,0.6082979,0.03342253
1521,0,5,2,middle,0.57487535,0.5623645,-0.012510836
1521,0,5,3,middle,0.57487535,0.401937,-0.17293835
1521,0,5,4,last,0.57487535,0.58800906,0.013133705
214,1,5,0,first,0.8963575,0.89444596,-0.001911521
214,1,5,1,middle,0.8963575,0.8971638,0.00080633163
214,1,5,2,middle,0.8963575,0.8865135,-0.009844005
214,1,5,3,middle,0.8963575,0.88226396,-0.014093518
214,1,5,4,last,0.8963575,0.79798454,-0.098372936
840,1,5,0,first,0.7839628,0.796507,0.012544215
840,1,5,1,middle,0.7839628,0.7779395,-0.006023288
840,1,5,2,middle,0.7839628,0.6203551,-0.16360766
840,1,5,3,middle,0.7839628,0.77573735,-0.008225441
840,1,5,4,last,0.7839628,0.7922217,0.008258939
46170,1,5,0,first,0.7153,0.7783487,0.06304866
46170,1,5,1,middle,0.7153,0.7865898,0.07128978
46170,1,5,2,middle,0.7153,0.49903914,-0.21626088
46170,1,5,3,middle,0.7153,0.7024809,-0.012819111
46170,1,5,4,last,0.7153,0.7784366,0.06313658
792,1,5,0,first,0.7404184,0.801727,0.061308622
792,1,5,1,middle,0.7404184,0.44099012,-0.29942825
792,1,5,2,middle,0.7404184,0.692549,-0.047869384
792,1,5,3,middle,0.7404184,0.7627835,0.022365153
792,1,5,4,last,0.7404184,0.7036941,-0.03672427
1805,1,5,0,first,0.8712331,0.88280636,0.011573255
1805,1,5,1,middle,0.8712331,0.80703783,-0.064195275
1805,1,5,2,middle,0.8712331,0.8772129,0.0059797764
1805,1,5,3,middle,0.8712331,0.74957657,-0.12165654
1805,1,5,4,last,0.8712331,0.89081925,0.019586146
15216,0,5,0,first,0.7304654,0.7912584,0.060792983
15216,0,5,1,middle,0.7304654,0.6366506,-0.09381479
15216,0,5,2,middle,0.7304654,0.72076744,-0.009697974
15216,0,5,3,middle,0.7304654,0.712568,-0.017897427
15216,0,5,4,last,0.7304654,0.6467223,-0.083743095
40460,0,2,0,first,0.6488338,0.38188842,-0.2669454
40460,0,2,1,last,0.6488338,0.6414986,-0.007335186
1541,0,5,0,first,0.3984845,0.3941851,-0.0042994022
1541,0,5,1,middle,0.3984845,0.3907908,-0.007693708
1541,0,5,2,middle,0.3984845,0.41218126,0.01369676
1541,0,5,3,middle,0.3984845,0.3982439,-0.00024059415
1541,0,5,4,last,0.3984845,0.23170568,-0.16677882
31840,0,5,0,first,0.21018061,0.26796535,0.057784736
31840,0,5,1,middle,0.21018061,0.2103077,0.000127092
31840,0,5,2,middle,0.21018061,0.23298456,0.022803947
31840,0,5,3,middle,0.21018061,0.22860166,0.018421054
31840,0,5,4,last,0.21018061,0.20382601,-0.0063546
1939,0,5,0,first,0.63333535,0.64461994,0.01128459
1939,0,5,1,middle,0.63333535,0.6056183,-0.027717054
1939,0,5,2,middle,0.63333535,0.625886,-0.007449329
1939,0,5,3,middle,0.63333535,0.6055418,-0.027793527
1939,0,5,4,last,0.63333535,0.64157444,0.00823909
44474,1,5,0,first,0.75523615,0.66696936,-0.08826679
44474,1,5,1,middle,0.75523615,0.6957827,-0.059453428
44474,1,5,2,middle,0.75523615,0.7877608,0.032524645
44474,1,5,3,middle,0.75523615,0.6435293,-0.11170685
44474,1,5,4,last,0.75523615,0.8214345,0.06619835
17318,0,5,0,first,0.5813947,0.452824,-0.12857068
17318,0,5,1,middle,0.5813947,0.5948272,0.013432503
17318,0,5,2,middle,0.5813947,0.54645336,-0.034941316
17318,0,5,3,middle,0.5813947,0.60684806,0.025453389
17318,0,5,4,last,0.5813947,0.5824231,0.0010284185
39424,1,5,0,first,0.78589195,0.795355,0.009463072
39424,1,5,1,middle,0.78589195,0.796535,0.010643065
39424,1,5,2,middle,0.78589195,0.34407103,-0.44182092
39424,1,5,3,middle,0.78589195,0.74050546,-0.045386493
39424,1,5,4,last,0.78589195,0.8032197,0.017327726
1264,1,5,0,first,0.9279996,0.9277279,-0.00027173758
1264,1,5,1,middle,0.9279996,0.92409515,-0.0039044619
1264,1,5,2,middle,0.9279996,0.92378986,-0.004209757
1264,1,5,3,middle,0.9279996,0.9259492,-0.0020503998
1264,1,5,4,last,0.9279996,0.9264456,-0.0015540123
31345,1,5,0,first,0.9185814,0.9188194,0.00023800135
31345,1,5,1,middle,0.9185814,0.9096694,-0.008912027
31345,1,5,2,middle,0.9185814,0.9152834,-0.0032980442
31345,1,5,3,middle,0.9185814,0.91393894,-0.0046424866
31345,1,5,4,last,0.9185814,0.9089724,-0.009609044
317,0,5,0,first,0.8269448,0.7452573,-0.08168751
317,0,5,1,middle,0.8269448,0.88065743,0.053712606
317,0,5,2,middle,0.8269448,0.85069007,0.023745239
317,0,5,3,middle,0.8269448,0.6225731,-0.20437175
317,0,5,4,last,0.8269448,0.8410882,0.014143348
25424,0,5,0,first,0.3360646,0.19498065,-0.14108396
25424,0,5,1,middle,0.3360646,0.27522144,-0.06084317
25424,0,5,2,middle,0.3360646,0.32114926,-0.014915347
25424,0,5,3,middle,0.3360646,0.42697766,0.09091306
25424,0,5,4,last,0.3360646,0.37535223,0.039287627
573,1,5,0,first,0.6691649,0.61597306,-0.05319184
573,1,5,1,middle,0.6691649,0.6822463,0.013081431
573,1,5,2,middle,0.6691649,0.6840087,0.0148438215
573,1,5,3,middle,0.6691649,0.6568362,-0.012328684
573,1,5,4,last,0.6691649,0.5820909,-0.08707398
43574,1,5,0,first,0.7199849,0.7489759,0.028990984
43574,1,5,1,middle,0.7199849,0.74748427,0.027499378
43574,1,5,2,middle,0.7199849,0.5125674,-0.20741749
43574,1,5,3,middle,0.7199849,0.7253882,0.00540334
43574,1,5,4,last,0.7199849,0.7817996,0.061814725
1002,0,5,0,first,0.7727858,0.6594068,-0.113379
1002,0,5,1,middle,0.7727858,0.7961262,0.023340404
1002,0,5,2,middle,0.7727858,0.8111266,0.038340807
1002,0,5,3,middle,0.7727858,0.8019863,0.029200494
1002,0,5,4,last,0.7727858,0.5462516,-0.22653419
32770,1,5,0,first,0.91351765,0.9216573,0.00813967
32770,1,5,1,middle,0.91351765,0.8875991,-0.025918543
32770,1,5,2,middle,0.91351765,0.91411585,0.0005981922
32770,1,5,3,middle,0.91351765,0.90675557,-0.0067620873
32770,1,5,4,last,0.91351765,0.9133161,-0.00020158291
770,1,5,0,first,0.7139635,0.58922786,-0.12473565
770,1,5,1,middle,0.7139635,0.70771646,-0.0062470436
770,1,5,2,middle,0.7139635,0.61234605,-0.101617455
770,1,5,3,middle,0.7139635,0.5944721,-0.1194914
770,1,5,4,last,0.7139635,0.7561442,0.042180717
1727,0,5,0,first,0.42549717,0.5084735,0.08297634
1727,0,5,1,middle,0.42549717,0.39141577,-0.0340814
1727,0,5,2,middle,0.42549717,0.47238913,0.046891958
1727,0,5,3,middle,0.42549717,0.31568396,-0.10981321
1727,0,5,4,last,0.42549717,0.39530843,-0.03018874
2,1,5,0,first,0.8242053,0.70417386,-0.12003142
2,1,5,1,middle,0.8242053,0.8202562,-0.0039491057
2,1,5,2,middle,0.8242053,0.82112557,-0.0030797124
2,1,5,3,middle,0.8242053,0.8460362,0.021830916
2,1,5,4,last,0.8242053,0.7691724,-0.05503291
6362,0,5,0,first,0.7460034,0.72545326,-0.020550132
6362,0,5,1,middle,0.7460034,0.76755494,0.02155155
6362,0,5,2,middle,0.7460034,0.7353505,-0.0106529
6362,0,5,3,middle,0.7460034,0.6613939,-0.08460951
6362,0,5,4,last,0.7460034,0.685945,-0.060058415
2343,0,5,0,first,0.3976185,0.3942888,-0.0033296943
2343,0,5,1,middle,0.3976185,0.34542477,-0.05219373
2343,0,5,2,middle,0.3976185,0.39061323,-0.0070052743
2343,0,5,3,middle,0.3976185,0.41923714,0.021618634
2343,0,5,4,last,0.3976185,0.2982271,-0.0993914
10,1,5,0,first,0.88457495,0.8888719,0.0042969584
10,1,5,1,middle,0.88457495,0.8760072,-0.00856775
10,1,5,2,middle,0.88457495,0.8349559,-0.04961908
10,1,5,3,middle,0.88457495,0.8719579,-0.012617052
10,1,5,4,last,0.88457495,0.8616343,-0.022940636
14092,0,5,0,first,0.58856535,0.3635424,-0.22502294
14092,0,5,1,middle,0.58856535,0.44439074,-0.1441746
14092,0,5,2,middle,0.58856535,0.66676384,0.07819849
14092,0,5,3,middle,0.58856535,0.5757384,-0.012826979
14092,0,5,4,last,0.58856535,0.6117576,0.023192227
26210,1,5,0,first,0.62299085,0.66519797,0.04220712
26210,1,5,1,middle,0.62299085,0.6162059,-0.0067849755
26210,1,5,2,middle,0.62299085,0.5618131,-0.06117773
26210,1,5,3,middle,0.62299085,0.6077566,-0.015234232
26210,1,5,4,last,0.62299085,0.21913552,-0.40385532
36370,0,5,0,first,0.70511484,0.7125579,0.0074430704
36370,0,5,1,middle,0.70511484,0.65096444,-0.054150403
36370,0,5,2,middle,0.70511484,0.7636949,0.05858004
36370,0,5,3,middle,0.70511484,0.62915784,-0.075957
36370,0,5,4,last,0.70511484,0.62465143,-0.08046341
1088,1,4,0,first,0.5127781,0.5175321,0.004754007
1088,1,4,1,middle,0.5127781,0.5380304,0.025252283
1088,1,4,2,middle,0.5127781,0.42655003,-0.08622807
1088,1,4,3,last,0.5127781,0.49715456,-0.01562354
48702,1,5,0,first,0.90133417,0.77410597,-0.1272282
48702,1,5,1,middle,0.90133417,0.8875793,-0.013754845
48702,1,5,2,middle,0.90133417,0.8975742,-0.0037599802
48702,1,5,3,middle,0.90133417,0.90358895,0.002254784
48702,1,5,4,last,0.90133417,0.9064139,0.0050797462
1104,1,5,0,first,0.8506914,0.8846807,0.03398931
1104,1,5,1,middle,0.8506914,0.8224298,-0.028261602
1104,1,5,2,middle,0.8506914,0.76065683,-0.090034544
1104,1,5,3,middle,0.8506914,0.867931,0.01723963
1104,1,5,4,last,0.8506914,0.8574551,0.0067636967
823,1,5,0,first,0.75110835,0.77587456,0.024766207
823,1,5,1,middle,0.75110835,0.7236978,-0.027410567
823,1,5,2,middle,0.75110835,0.6713551,-0.07975322
823,1,5,3,middle,0.75110835,0.50360197,-0.24750638
823,1,5,4,last,0.75110835,0.7386452,-0.012463152
373,1,5,0,first,0.8933485,0.8668759,-0.026472628
373,1,5,1,middle,0.8933485,0.8962031,0.0028545856
373,1,5,2,middle,0.8933485,0.89349097,0.0001424551
373,1,5,3,middle,0.8933485,0.88621646,-0.0071320534
373,1,5,4,last,0.8933485,0.88548523,-0.007863283
7046,0,5,0,first,0.1584402,0.15910417,0.00066396594
7046,0,5,1,middle,0.1584402,0.15418512,-0.004255086
7046,0,5,2,middle,0.1584402,0.16155511,0.003114909
7046,0,5,3,middle,0.1584402,0.17677431,0.018334106
7046,0,5,4,last,0.1584402,0.16690257,0.008462369
994,0,5,0,first,0.692693,0.68970084,-0.0029921532
994,0,5,1,middle,0.692693,0.71815234,0.02545935
994,0,5,2,middle,0.692693,0.5545899,-0.13810307
994,0,5,3,middle,0.692693,0.62109053,-0.07160246
994,0,5,4,last,0.692693,0.577695,-0.11499798
52469,0,4,0,first,0.17605557,0.25928435,0.08322878
52469,0,4,1,middle,0.17605557,0.16653475,-0.009520814
52469,0,4,2,middle,0.17605557,0.18225482,0.0061992556
52469,0,4,3,last,0.17605557,0.17069833,-0.0053572357
1625,1,5,0,first,0.9206639,0.89682686,-0.02383703
1625,1,5,1,middle,0.9206639,0.9235959,0.002932012
1625,1,5,2,middle,0.9206639,0.9238051,0.0031412244
1625,1,5,3,middle,0.9206639,0.9154461,-0.0052177906
1625,1,5,4,last,0.9206639,0.91994655,-0.0007173419
50021,0,5,0,first,0.22172253,0.22774445,0.006021917
50021,0,5,1,middle,0.22172253,0.24887498,0.027152449
50021,0,5,2,middle,0.22172253,0.19551386,-0.026208669
50021,0,5,3,middle,0.22172253,0.21611458,-0.0056079477
50021,0,5,4,last,0.22172253,0.23576406,0.014041528
11398,0,5,0,first,0.32333872,0.37045443,0.047115713
11398,0,5,1,middle,0.32333872,0.2994538,-0.023884922
11398,0,5,2,middle,0.32333872,0.30990872,-0.013429999
11398,0,5,3,middle,0.32333872,0.2909247,-0.03241402
11398,0,5,4,last,0.32333872,0.36119014,0.037851423
16479,1,5,0,first,0.78541833,0.7843213,-0.0010970235
16479,1,5,1,middle,0.78541833,0.7277938,-0.05762452
16479,1,5,2,middle,0.78541833,0.7922257,0.006807387
16479,1,5,3,middle,0.78541833,0.7686226,-0.016795754
16479,1,5,4,last,0.78541833,0.76185375,-0.023564577
1631,1,5,0,first,0.18987194,0.28704146,0.09716952
1631,1,5,1,middle,0.18987194,0.17072983,-0.019142106
1631,1,5,2,middle,0.18987194,0.17757867,-0.012293264
1631,1,5,3,middle,0.18987194,0.23692542,0.047053486
1631,1,5,4,last,0.18987194,0.2143319,0.024459958
13738,0,5,0,first,0.6148502,0.6359166,0.021066368
13738,0,5,1,middle,0.6148502,0.56393105,-0.050919175
13738,0,5,2,middle,0.6148502,0.5537931,-0.06105715
13738,0,5,3,middle,0.6148502,0.53237706,-0.08247316
13738,0,5,4,last,0.6148502,0.52637374,-0.08847648
1260,1,4,0,first,0.61849535,0.20832585,-0.41016948
1260,1,4,1,middle,0.61849535,0.66698533,0.048489988
1260,1,4,2,middle,0.61849535,0.6562757,0.037780344
1260,1,4,3,last,0.61849535,0.6851118,0.066616476
709,1,5,0,first,0.40671608,0.3821461,-0.024569988
709,1,5,1,middle,0.40671608,0.3210108,-0.08570528
709,1,5,2,middle,0.40671608,0.40209678,-0.0046193004
709,1,5,3,middle,0.40671608,0.33246723,-0.07424885
709,1,5,4,last,0.40671608,0.4586295,0.05191341
708,1,5,0,first,0.76411366,0.7182873,-0.045826375
708,1,5,1,middle,0.76411366,0.7968722,0.032758534
708,1,5,2,middle,0.76411366,0.7401978,-0.023915887
708,1,5,3,middle,0.76411366,0.7237847,-0.04032898
708,1,5,4,last,0.76411366,0.63476896,-0.1293447
236,1,4,0,first,0.8085616,0.7758713,-0.032690346
236,1,4,1,middle,0.8085616,0.80182177,-0.006739855
236,1,4,2,middle,0.8085616,0.80864847,8.684397e-05
236,1,4,3,last,0.8085616,0.7875509,-0.021010697
1116,0,3,0,first,0.3372965,0.24102545,-0.09627104
1116,0,3,1,middle,0.3372965,0.5447838,0.20748729
1116,0,3,2,last,0.3372965,0.18984003,-0.14745645
1596,1,5,0,first,0.79255855,0.5208693,-0.27168924
1596,1,5,1,middle,0.79255855,0.7628351,-0.029723465
1596,1,5,2,middle,0.79255855,0.84373206,0.05117351
1596,1,5,3,middle,0.79255855,0.8034737,0.01091516
1596,1,5,4,last,0.79255855,0.77660173,-0.015956819
50886,0,5,0,first,0.86467016,0.86804545,0.0033752918
50886,0,5,1,middle,0.86467016,0.86867565,0.0040054917
50886,0,5,2,middle,0.86467016,0.81118387,-0.053486288
50886,0,5,3,middle,0.86467016,0.8525696,-0.012100577
50886,0,5,4,last,0.86467016,0.84928346,-0.015386701
37177,1,5,0,first,0.51516616,0.527926,0.012759864
37177,1,5,1,middle,0.51516616,0.4339427,-0.08122346
37177,1,5,2,middle,0.51516616,0.47733644,-0.037829727
37177,1,5,3,middle,0.51516616,0.50410813,-0.0110580325
37177,1,5,4,last,0.51516616,0.44095963,-0.07420653
1061,1,5,0,first,0.88318783,0.89806163,0.014873803
1061,1,5,1,middle,0.88318783,0.8448149,-0.038372934
1061,1,5,2,middle,0.88318783,0.86637104,-0.016816795
1061,1,5,3,middle,0.88318783,0.85719955,-0.02598828
1061,1,5,4,last,0.88318783,0.85338145,-0.029806376
49791,1,5,0,first,0.9160817,0.9124903,-0.0035914183
49791,1,5,1,middle,0.9160817,0.909104,-0.006977737
49791,1,5,2,middle,0.9160817,0.9052001,-0.010881603
49791,1,5,3,middle,0.9160817,0.8938964,-0.022185326
49791,1,5,4,last,0.9160817,0.9215064,0.0054246783
475,1,5,0,first,0.377979,0.3524537,-0.025525302
475,1,5,1,middle,0.377979,0.3226498,-0.055329204
475,1,5,2,middle,0.377979,0.43406296,0.056083947
475,1,5,3,middle,0.377979,0.38387254,0.0058935285
475,1,5,4,last,0.377979,0.19334562,-0.18463339
1796,1,5,0,first,0.91166973,0.90626276,-0.0054069757
1796,1,5,1,middle,0.91166973,0.9112818,-0.00038790703
1796,1,5,2,middle,0.91166973,0.9044251,-0.0072446465
1796,1,5,3,middle,0.91166973,0.899021,-0.012648702
1796,1,5,4,last,0.91166973,0.9068357,-0.004834056
48013,1,5,0,first,0.8210792,0.7886645,-0.032414675
48013,1,5,1,middle,0.8210792,0.81662333,-0.0044558644
48013,1,5,2,middle,0.8210792,0.8392346,0.018155396
48013,1,5,3,middle,0.8210792,0.7762746,-0.044804573
48013,1,5,4,last,0.8210792,0.8070154,-0.014063776
54707,1,5,0,first,0.8873079,0.89384097,0.0065330863
54707,1,5,1,middle,0.8873079,0.85541886,-0.03188902
54707,1,5,2,middle,0.8873079,0.8658556,-0.021452308
54707,1,5,3,middle,0.8873079,0.8700976,-0.017210305
54707,1,5,4,last,0.8873079,0.8654873,-0.021820605
28063,0,5,0,first,0.19094437,0.22544917,0.0345048
28063,0,5,1,middle,0.19094437,0.15078628,-0.040158093
28063,0,5,2,middle,0.19094437,0.20188616,0.010941789
28063,0,5,3,middle,0.19094437,0.21141045,0.020466074
28063,0,5,4,last,0.19094437,0.21657471,0.02563034
20141,1,5,0,first,0.8877247,0.8744337,-0.013291001
20141,1,5,1,middle,0.8877247,0.85838175,-0.02934295
20141,1,5,2,middle,0.8877247,0.88831556,0.00059086084
20141,1,5,3,middle,0.8877247,0.86809397,-0.01963073
20141,1,5,4,last,0.8877247,0.8678079,-0.019916773
1427,0,3,0,first,0.3278824,0.43580413,0.10792172
1427,0,3,1,middle,0.3278824,0.27441695,-0.053465456
1427,0,3,2,last,0.3278824,0.28530392,-0.04257849
816,0,5,0,first,0.62821805,0.66945815,0.041240096
816,0,5,1,middle,0.62821805,0.59364796,-0.034570098
816,0,5,2,middle,0.62821805,0.609002,-0.01921606
816,0,5,3,middle,0.62821805,0.62039524,-0.007822812
816,0,5,4,last,0.62821805,0.50221044,-0.12600762
886,1,5,0,first,0.7442612,0.55161595,-0.19264525
886,1,5,1,middle,0.7442612,0.7980628,0.053801596
886,1,5,2,middle,0.7442612,0.71610665,-0.028154552
886,1,5,3,middle,0.7442612,0.757832,0.0135707855
886,1,5,4,last,0.7442612,0.7194654,-0.02479583
1356,0,4,0,first,0.76760817,0.78679746,0.019189298
1356,0,4,1,middle,0.76760817,0.8049381,0.037329912
1356,0,4,2,middle,0.76760817,0.54546016,-0.222148
1356,0,4,3,last,0.76760817,0.6377764,-0.12983179
1000,1,5,0,first,0.86447877,0.85597515,-0.008503616
1000,1,5,1,middle,0.86447877,0.8428612,-0.021617591
1000,1,5,2,middle,0.86447877,0.8242917,-0.04018706
1000,1,5,3,middle,0.86447877,0.832309,-0.03216976
1000,1,5,4,last,0.86447877,0.90068364,0.036204875
1238,0,5,0,first,0.15881033,0.14683829,-0.01197204
1238,0,5,1,middle,0.15881033,0.17856146,0.019751132
1238,0,5,2,middle,0.15881033,0.17466971,0.01585938
1238,0,5,3,middle,0.15881033,0.17565519,0.016844854
1238,0,5,4,last,0.15881033,0.15420751,-0.0046028197
872,1,5,0,first,0.55415356,0.58145624,0.027302682
872,1,5,1,middle,0.55415356,0.5180292,-0.03612435
872,1,5,2,middle,0.55415356,0.41209373,-0.14205983
872,1,5,3,middle,0.55415356,0.50920975,-0.04494381
872,1,5,4,last,0.55415356,0.547494,-0.0066595674
31149,1,5,0,first,0.707686,0.6696868,-0.037999213
31149,1,5,1,middle,0.707686,0.5859651,-0.12172091
31149,1,5,2,middle,0.707686,0.70586115,-0.0018248558
31149,1,5,3,middle,0.707686,0.71311384,0.0054278374
31149,1,5,4,last,0.707686,0.6666948,-0.040991187
1038,1,5,0,first,0.7118508,0.7495209,0.037670076
1038,1,5,1,middle,0.7118508,0.65974784,-0.052102983
1038,1,5,2,middle,0.7118508,0.70223063,-0.00962019
1038,1,5,3,middle,0.7118508,0.63776004,-0.07409078
1038,1,5,4,last,0.7118508,0.71052736,-0.0013234615
1636,1,5,0,first,0.82004255,0.8157103,-0.0043322444
1636,1,5,1,middle,0.82004255,0.8210381,0.0009955764
1636,1,5,2,middle,0.82004255,0.81911904,-0.00092351437
1636,1,5,3,middle,0.82004255,0.729754,-0.09028858
1636,1,5,4,last,0.82004255,0.83667564,0.016633093
2247,0,5,0,first,0.8078514,0.8542678,0.046416402
2247,0,5,1,middle,0.8078514,0.760416,-0.047435403
2247,0,5,2,middle,0.8078514,0.8393524,0.031501055
2247,0,5,3,middle,0.8078514,0.71587026,-0.09198111
2247,0,5,4,last,0.8078514,0.76183534,-0.046016037
14833,0,5,0,first,0.53208256,0.7208424,0.18875986
14833,0,5,1,middle,0.53208256,0.39462256,-0.13746
14833,0,5,2,middle,0.53208256,0.6338831,0.10180056
14833,0,5,3,middle,0.53208256,0.42090547,-0.11117709
14833,0,5,4,last,0.53208256,0.55014545,0.01806289
788,1,5,0,first,0.8876503,0.89091766,0.0032673478
788,1,5,1,middle,0.8876503,0.8438279,-0.043822408
788,1,5,2,middle,0.8876503,0.8631924,-0.024457932
788,1,5,3,middle,0.8876503,0.90092653,0.013276219
788,1,5,4,last,0.8876503,0.8487211,-0.038929224
9638,1,5,0,first,0.73863703,0.63314056,-0.105496466
9638,1,5,1,middle,0.73863703,0.7223569,-0.016280115
9638,1,5,2,middle,0.73863703,0.75098425,0.012347221
9638,1,5,3,middle,0.73863703,0.54994553,-0.1886915
9638,1,5,4,last,0.73863703,0.70227647,-0.03636056
1996,1,5,0,first,0.87619776,0.8324456,-0.043752134
1996,1,5,1,middle,0.87619776,0.87577623,-0.00042152405
1996,1,5,2,middle,0.87619776,0.8832403,0.007042527
1996,1,5,3,middle,0.87619776,0.82923543,-0.04696232
1996,1,5,4,last,0.87619776,0.84177494,-0.034422815
562,0,4,0,first,0.5432651,0.52843744,-0.014827669
562,0,4,1,middle,0.5432651,0.5487774,0.005512297
562,0,4,2,middle,0.5432651,0.52810216,-0.015162945
562,0,4,3,last,0.5432651,0.3873984,-0.15586671
13512,1,5,0,first,0.8325917,0.7770416,-0.0555501
13512,1,5,1,middle,0.8325917,0.7193612,-0.11323053
13512,1,5,2,middle,0.8325917,0.7561652,-0.076426506
13512,1,5,3,middle,0.8325917,0.8150638,-0.017527938
13512,1,5,4,last,0.8325917,0.8509776,0.018385887
31648,0,5,0,first,0.87085074,0.85240287,-0.018447876
31648,0,5,1,middle,0.87085074,0.8690476,-0.0018031597
31648,0,5,2,middle,0.87085074,0.84900963,-0.021841109
31648,0,5,3,middle,0.87085074,0.83046234,-0.040388405
31648,0,5,4,last,0.87085074,0.86224127,-0.008609474
201,0,5,0,first,0.88635135,0.88502896,-0.0013223886
201,0,5,1,middle,0.88635135,0.8721954,-0.014155924
201,0,5,2,middle,0.88635135,0.84558594,-0.040765405
201,0,5,3,middle,0.88635135,0.8614513,-0.02490002
201,0,5,4,last,0.88635135,0.8865321,0.00018078089
25825,1,5,0,first,0.9155325,0.90035456,-0.015177965
25825,1,5,1,middle,0.9155325,0.91296875,-0.0025637746
25825,1,5,2,middle,0.9155325,0.8907152,-0.024817348
25825,1,5,3,middle,0.9155325,0.9147661,-0.0007664561
25825,1,5,4,last,0.9155325,0.9155296,-2.9206276e-06
832,0,5,0,first,0.45496386,0.52700114,0.07203728
832,0,5,1,middle,0.45496386,0.45655176,0.0015878975
832,0,5,2,middle,0.45496386,0.4296672,-0.025296658
832,0,5,3,middle,0.45496386,0.27456057,-0.18040329
832,0,5,4,last,0.45496386,0.4495543,-0.0054095685
14630,0,5,0,first,0.21958427,0.21990721,0.00032293797
14630,0,5,1,middle,0.21958427,0.24725933,0.027675062
14630,0,5,2,middle,0.21958427,0.22982007,0.010235801
14630,0,5,3,middle,0.21958427,0.23309168,0.013507411
14630,0,5,4,last,0.21958427,0.22009121,0.0005069375
45717,0,4,0,first,0.39616728,0.3980092,0.0018419325
45717,0,4,1,middle,0.39616728,0.32768455,-0.06848273
45717,0,4,2,middle,0.39616728,0.44047564,0.044308364
45717,0,4,3,last,0.39616728,0.50380915,0.107641876
733,0,4,0,first,0.7685271,0.50809985,-0.26042724
733,0,4,1,middle,0.7685271,0.337855,-0.43067208
733,0,4,2,middle,0.7685271,0.82735944,0.058832347
733,0,4,3,last,0.7685271,0.7796092,0.011082113
1160,0,5,0,first,0.8263707,0.75187045,-0.07450026
1160,0,5,1,middle,0.8263707,0.7709019,-0.055468798
1160,0,5,2,middle,0.8263707,0.802512,-0.023858726
1160,0,5,3,middle,0.8263707,0.80510247,-0.021268249
1160,0,5,4,last,0.8263707,0.81528926,-0.011081457
54546,0,5,0,first,0.18023928,0.17724587,-0.0029934049
54546,0,5,1,middle,0.18023928,0.16421302,-0.016026258
54546,0,5,2,middle,0.18023928,0.19781484,0.017575562
54546,0,5,3,middle,0.18023928,0.18963102,0.00939174
54546,0,5,4,last,0.18023928,0.13100736,-0.049231917
50991,0,5,0,first,0.33886546,0.3294132,-0.009452254
50991,0,5,1,middle,0.33886546,0.4114545,0.07258904
50991,0,5,2,middle,0.33886546,0.2982151,-0.040650368
50991,0,5,3,middle,0.33886546,0.47534892,0.13648346
50991,0,5,4,last,0.33886546,0.33232617,-0.006539285
1515,1,5,0,first,0.67241335,0.7252564,0.052843034
1515,1,5,1,middle,0.67241335,0.61477125,-0.057642102
1515,1,5,2,middle,0.67241335,0.5873357,-0.08507764
1515,1,5,3,middle,0.67241335,0.63491976,-0.037493587
1515,1,5,4,last,0.67241335,0.75917584,0.08676249
53352,0,5,0,first,0.7805297,0.650301,-0.1302287
53352,0,5,1,middle,0.7805297,0.766915,-0.013614655
53352,0,5,2,middle,0.7805297,0.8291343,0.048604608
53352,0,5,3,middle,0.7805297,0.7675796,-0.012950063
53352,0,5,4,last,0.7805297,0.7607423,-0.019787371
39231,1,5,0,first,0.71198046,0.80910313,0.09712267
39231,1,5,1,middle,0.71198046,0.36495993,-0.34702054
39231,1,5,2,middle,0.71198046,0.7302669,0.018286467
39231,1,5,3,middle,0.71198046,0.6834578,-0.02852267
39231,1,5,4,last,0.71198046,0.75342375,0.04144329
44843,1,5,0,first,0.9025625,0.9003931,-0.0021693707
44843,1,5,1,middle,0.9025625,0.8746426,-0.027919888
44843,1,5,2,middle,0.9025625,0.88871795,-0.01384455
44843,1,5,3,middle,0.9025625,0.89719343,-0.005369067
44843,1,5,4,last,0.9025625,0.9064061,0.0038436055
1453,1,5,0,first,0.86139005,0.6867024,-0.17468768
1453,1,5,1,middle,0.86139005,0.8560747,-0.0053153634
1453,1,5,2,middle,0.86139005,0.855251,-0.00613904
1453,1,5,3,middle,0.86139005,0.8700871,0.008697033
1453,1,5,4,last,0.86139005,0.8631326,0.0017425418
185,1,5,0,first,0.8685311,0.67337626,-0.19515485
185,1,5,1,middle,0.8685311,0.83816737,-0.030363739
185,1,5,2,middle,0.8685311,0.8749884,0.006457269
185,1,5,3,middle,0.8685311,0.8816223,0.013091207
185,1,5,4,last,0.8685311,0.8744002,0.0058690906
33288,1,5,0,first,0.50724566,0.55711585,0.049870193
33288,1,5,1,middle,0.50724566,0.60635257,0.09910691
33288,1,5,2,middle,0.50724566,0.51041436,0.0031687021
33288,1,5,3,middle,0.50724566,0.506872,-0.00037366152
33288,1,5,4,last,0.50724566,0.251295,-0.25595066
742,1,5,0,first,0.7276641,0.75468946,0.027025342
742,1,5,1,middle,0.7276641,0.6300619,-0.09760219
742,1,5,2,middle,0.7276641,0.60914934,-0.118514776
742,1,5,3,middle,0.7276641,0.7855069,0.05784279
742,1,5,4,last,0.7276641,0.77327234,0.045608222
49656,1,5,0,first,0.80544406,0.81276596,0.007321894
49656,1,5,1,middle,0.80544406,0.74532664,-0.060117424
49656,1,5,2,middle,0.80544406,0.7833381,-0.022105932
49656,1,5,3,middle,0.80544406,0.7965831,-0.008860946
49656,1,5,4,last,0.80544406,0.8005443,-0.00489974
1620,0,5,0,first,0.4456833,0.39611778,-0.049565524
1620,0,5,1,middle,0.4456833,0.49092957,0.045246273
1620,0,5,2,middle,0.4456833,0.4659576,0.020274311
1620,0,5,3,middle,0.4456833,0.3212227,-0.12446061
1620,0,5,4,last,0.4456833,0.38848847,-0.05719483
20039,0,5,0,first,0.35772833,0.39667127,0.038942933
20039,0,5,1,middle,0.35772833,0.34911174,-0.008616596
20039,0,5,2,middle,0.35772833,0.43834543,0.0806171
20039,0,5,3,middle,0.35772833,0.3668196,0.009091258
20039,0,5,4,last,0.35772833,0.25092867,-0.10679966
27186,1,5,0,first,0.31062102,0.28067347,-0.02994755
27186,1,5,1,middle,0.31062102,0.32051316,0.009892136
27186,1,5,2,middle,0.31062102,0.29620236,-0.014418662
27186,1,5,3,middle,0.31062102,0.29048306,-0.020137966
27186,1,5,4,last,0.31062102,0.34978184,0.039160818
507,0,4,0,first,0.46006268,0.33767727,-0.12238541
507,0,4,1,middle,0.46006268,0.65286535,0.19280267
507,0,4,2,middle,0.46006268,0.3167512,-0.14331147
507,0,4,3,last,0.46006268,0.49828646,0.038223773
25139,1,5,0,first,0.5975175,0.56196564,-0.035551846
25139,1,5,1,middle,0.5975175,0.41214466,-0.18537283
25139,1,5,2,middle,0.5975175,0.6080207,0.0105032325
25139,1,5,3,middle,0.5975175,0.4743506,-0.12316689
25139,1,5,4,last,0.5975175,0.6374856,0.039968133
6333,1,5,0,first,0.2813535,0.2978416,0.016488105
6333,1,5,1,middle,0.2813535,0.27000207,-0.011351436
6333,1,5,2,middle,0.2813535,0.18178968,-0.09956382
6333,1,5,3,middle,0.2813535,0.36296204,0.081608534
6333,1,5,4,last,0.2813535,0.313084,0.031730503
2160,1,5,0,first,0.7353787,0.7348602,-0.0005185008
2160,1,5,1,middle,0.7353787,0.6269911,-0.10838759
2160,1,5,2,middle,0.7353787,0.64176697,-0.09361172
2160,1,5,3,middle,0.7353787,0.76673067,0.031351984
2160,1,5,4,last,0.7353787,0.7600419,0.02466321
41942,1,5,0,first,0.8869375,0.8644138,-0.022523701
41942,1,5,1,middle,0.8869375,0.8802343,-0.006703198
41942,1,5,2,middle,0.8869375,0.87010187,-0.01683563
41942,1,5,3,middle,0.8869375,0.87917817,-0.0077593327
41942,1,5,4,last,0.8869375,0.8854229,-0.0015146136
526,1,4,0,first,0.88172686,0.87450695,-0.0072199106
526,1,4,1,middle,0.88172686,0.90145427,0.019727409
526,1,4,2,middle,0.88172686,0.87708855,-0.0046383142
526,1,4,3,last,0.88172686,0.8367755,-0.04495138
53273,1,4,0,first,0.8306778,0.8228734,-0.007804394
53273,1,4,1,middle,0.8306778,0.86555845,0.034880638
53273,1,4,2,middle,0.8306778,0.80358624,-0.027091563
53273,1,4,3,last,0.8306778,0.58214736,-0.24853045
2253,0,5,0,first,0.31369886,0.32673,0.013031155
2253,0,5,1,middle,0.31369886,0.3733253,0.05962643
2253,0,5,2,middle,0.31369886,0.39538997,0.081691116
2253,0,5,3,middle,0.31369886,0.23272283,-0.080976024
2253,0,5,4,last,0.31369886,0.25746545,-0.056233406
9177,0,5,0,first,0.16528273,0.17469893,0.009416208
9177,0,5,1,middle,0.16528273,0.20441455,0.03913182
9177,0,5,2,middle,0.16528273,0.14642407,-0.018858656
9177,0,5,3,middle,0.16528273,0.17969026,0.01440753
9177,0,5,4,last,0.16528273,0.20867494,0.04339221
54458,1,5,0,first,0.88108635,0.88760024,0.0065138936
54458,1,5,1,middle,0.88108635,0.87629056,-0.0047957897
54458,1,5,2,middle,0.88108635,0.8892216,0.008135259
54458,1,5,3,middle,0.88108635,0.8272988,-0.05378753
54458,1,5,4,last,0.88108635,0.85374534,-0.027341008
28,0,5,0,first,0.7039808,0.69334185,-0.010638952
28,0,5,1,middle,0.7039808,0.6894586,-0.014522195
28,0,5,2,middle,0.7039808,0.67613924,-0.027841568
28,0,5,3,middle,0.7039808,0.52435434,-0.17962646
28,0,5,4,last,0.7039808,0.7703999,0.066419125
412,0,5,0,first,0.42144713,0.478729,0.05728188
412,0,5,1,middle,0.42144713,0.3199316,-0.10151553
412,0,5,2,middle,0.42144713,0.47070187,0.049254745
412,0,5,3,middle,0.42144713,0.31485695,-0.10659018
412,0,5,4,last,0.42144713,0.4609884,0.039541274
2311,0,7,0,first,0.3468211,0.30633652,-0.040484577
2311,0,7,1,middle,0.3468211,0.26901615,-0.07780495
2311,0,7,2,middle,0.3468211,0.31534058,-0.03148052
2311,0,7,3,middle,0.3468211,0.30189526,-0.04492584
2311,0,7,4,middle,0.3468211,0.43949902,0.09267792
2311,0,7,5,middle,0.3468211,0.32992515,-0.01689595
2311,0,7,6,last,0.3468211,0.34988722,0.0030661225
295,0,5,0,first,0.8246006,0.8308976,0.006297052
295,0,5,1,middle,0.8246006,0.83146346,0.006862879
295,0,5,2,middle,0.8246006,0.80679435,-0.017806232
295,0,5,3,middle,0.8246006,0.8428599,0.018259346
295,0,5,4,last,0.8246006,0.48728585,-0.33731472
42658,0,5,0,first,0.44865972,0.26529863,-0.18336108
42658,0,5,1,middle,0.44865972,0.41804954,-0.030610174
42658,0,5,2,middle,0.44865972,0.42746037,-0.021199346
42658,0,5,3,middle,0.44865972,0.49124357,0.042583853
42658,0,5,4,last,0.44865972,0.4517536,0.0030938685
62,1,5,0,first,0.90454865,0.9133076,0.008758962
62,1,5,1,middle,0.90454865,0.9058923,0.0013436675
62,1,5,2,middle,0.90454865,0.9046523,0.00010365248
62,1,5,3,middle,0.90454865,0.87137383,-0.033174813
62,1,5,4,last,0.90454865,0.90254414,-0.0020045042
3566,1,5,0,first,0.6833165,0.5685537,-0.11476284
3566,1,5,1,middle,0.6833165,0.74529546,0.061978936
3566,1,5,2,middle,0.6833165,0.7661131,0.08279657
3566,1,5,3,middle,0.6833165,0.66906416,-0.014252365
3566,1,5,4,last,0.6833165,0.29184625,-0.39147028
26403,0,5,0,first,0.2560745,0.1847079,-0.07136659
26403,0,5,1,middle,0.2560745,0.2963437,0.040269226
26403,0,5,2,middle,0.2560745,0.24929029,-0.0067842007
26403,0,5,3,middle,0.2560745,0.25442898,-0.0016455054
26403,0,5,4,last,0.2560745,0.23747852,-0.018595964
9217,0,5,0,first,0.14879991,0.12373398,-0.025065929
9217,0,5,1,middle,0.14879991,0.14687039,-0.0019295216
9217,0,5,2,middle,0.14879991,0.14778925,-0.0010106564
9217,0,5,3,middle,0.14879991,0.13990349,-0.008896425
9217,0,5,4,last,0.14879991,0.22346437,0.07466446
20934,0,2,0,first,0.46482012,0.5697015,0.104881376
20934,0,2,1,last,0.46482012,0.20478937,-0.26003075
166,0,4,0,first,0.5507531,0.5411712,-0.0095819235
166,0,4,1,middle,0.5507531,0.5741424,0.02338928
166,0,4,2,middle,0.5507531,0.43823156,-0.11252156
166,0,4,3,last,0.5507531,0.42749745,-0.12325567
155,0,5,0,first,0.24716172,0.289754,0.042592287
155,0,5,1,middle,0.24716172,0.25977793,0.012616217
155,0,5,2,middle,0.24716172,0.20898825,-0.038173467
155,0,5,3,middle,0.24716172,0.2227235,-0.024438217
155,0,5,4,last,0.24716172,0.3579395,0.110777795
1674,0,5,0,first,0.34356597,0.38975808,0.04619211
1674,0,5,1,middle,0.34356597,0.28774065,-0.055825323
1674,0,5,2,middle,0.34356597,0.3025659,-0.04100007
1674,0,5,3,middle,0.34356597,0.38856682,0.04500085
1674,0,5,4,last,0.34356597,0.25753903,-0.08602694
1659,0,5,0,first,0.13683593,0.15868099,0.021845058
1659,0,5,1,middle,0.13683593,0.1606868,0.023850873
1659,0,5,2,middle,0.13683593,0.15155299,0.014717057
1659,0,5,3,middle,0.13683593,0.13703255,0.00019662082
1659,0,5,4,last,0.13683593,0.13595617,-0.00087976456
1431,0,5,0,first,0.65805894,0.72967577,0.07161683
1431,0,5,1,middle,0.65805894,0.56713367,-0.09092528
1431,0,5,2,middle,0.65805894,0.6158358,-0.042223155
1431,0,5,3,middle,0.65805894,0.5900573,-0.06800163
1431,0,5,4,last,0.65805894,0.5775858,-0.080473125
22370,0,5,0,first,0.26566446,0.19879861,-0.06686585
22370,0,5,1,middle,0.26566446,0.2706307,0.004966229
22370,0,5,2,middle,0.26566446,0.27901542,0.013350964
22370,0,5,3,middle,0.26566446,0.31071565,0.045051187
22370,0,5,4,last,0.26566446,0.24599719,-0.019667268
1858,1,5,0,first,0.81546766,0.6362179,-0.17924976
1858,1,5,1,middle,0.81546766,0.82413757,0.008669913
1858,1,5,2,middle,0.81546766,0.8084766,-0.006991029
1858,1,5,3,middle,0.81546766,0.856415,0.040947318
1858,1,5,4,last,0.81546766,0.7554737,-0.059993982
48421,1,5,0,first,0.8916856,0.89909214,0.0074065328
48421,1,5,1,middle,0.8916856,0.8870912,-0.0045943856
48421,1,5,2,middle,0.8916856,0.88952106,-0.0021645427
48421,1,5,3,middle,0.8916856,0.8279945,-0.06369108
48421,1,5,4,last,0.8916856,0.8719971,-0.019688487
149,0,5,0,first,0.3808939,0.4919716,0.111077726
149,0,5,1,middle,0.3808939,0.285296,-0.09559789
149,0,5,2,middle,0.3808939,0.31271622,-0.06817767
149,0,5,3,middle,0.3808939,0.44034514,0.059451252
149,0,5,4,last,0.3808939,0.405391,0.024497122
24769,1,5,0,first,0.89267224,0.8522983,-0.04037392
24769,1,5,1,middle,0.89267224,0.88423955,-0.008432686
24769,1,5,2,middle,0.89267224,0.8972566,0.004584372
24769,1,5,3,middle,0.89267224,0.85806024,-0.034612
24769,1,5,4,last,0.89267224,0.85770035,-0.034971893
419,1,5,0,first,0.6748759,0.45630512,-0.2185708
419,1,5,1,middle,0.6748759,0.75072527,0.075849354
419,1,5,2,middle,0.6748759,0.7563809,0.081505
419,1,5,3,middle,0.6748759,0.506975,-0.16790092
419,1,5,4,last,0.6748759,0.6725895,-0.0022864342
1445,1,5,0,first,0.84854794,0.883105,0.034557045
1445,1,5,1,middle,0.84854794,0.79754436,-0.051003575
1445,1,5,2,middle,0.84854794,0.7621737,-0.08637422
1445,1,5,3,middle,0.84854794,0.82175463,-0.026793301
1445,1,5,4,last,0.84854794,0.8609222,0.012374282
36811,1,5,0,first,0.74503577,0.7705689,0.02553314
36811,1,5,1,middle,0.74503577,0.71856326,-0.026472509
36811,1,5,2,middle,0.74503577,0.66162986,-0.08340591
36811,1,5,3,middle,0.74503577,0.77373433,0.028698564
36811,1,5,4,last,0.74503577,0.66287684,-0.08215892
42662,0,5,0,first,0.6979051,0.76473033,0.06682521
42662,0,5,1,middle,0.6979051,0.53693306,-0.16097206
42662,0,5,2,middle,0.6979051,0.71323705,0.015331924
42662,0,5,3,middle,0.6979051,0.73898476,0.04107964
42662,0,5,4,last,0.6979051,0.40839818,-0.28950694
19879,0,5,0,first,0.7920508,0.7970471,0.0049962997
19879,0,5,1,middle,0.7920508,0.5161781,-0.2758727
19879,0,5,2,middle,0.7920508,0.78323954,-0.008811235
19879,0,5,3,middle,0.7920508,0.79945934,0.0074085593
19879,0,5,4,last,0.7920508,0.8140211,0.021970332
9259,1,5,0,first,0.9259829,0.92265576,-0.0033271313
9259,1,5,1,middle,0.9259829,0.92532647,-0.00065642595
9259,1,5,2,middle,0.9259829,0.91153055,-0.014452338
9259,1,5,3,middle,0.9259829,0.92691845,0.0009355545
9259,1,5,4,last,0.9259829,0.92382145,-0.0021614432
6218,0,5,0,first,0.4247275,0.37248418,-0.052243322
6218,0,5,1,middle,0.4247275,0.45274252,0.028015018
6218,0,5,2,middle,0.4247275,0.4253067,0.00057920814
6218,0,5,3,middle,0.4247275,0.39439133,-0.030336171
6218,0,5,4,last,0.4247275,0.387523,-0.037204504
50834,0,4,0,first,0.289354,0.2650122,-0.024341792
50834,0,4,1,middle,0.289354,0.26902366,-0.02033034
50834,0,4,2,middle,0.289354,0.33857206,0.04921806
50834,0,4,3,last,0.289354,0.32227537,0.032921374
1509,0,5,0,first,0.3517449,0.37079266,0.019047767
1509,0,5,1,middle,0.3517449,0.22255841,-0.12918648
1509,0,5,2,middle,0.3517449,0.27297994,-0.078764945
1509,0,5,3,middle,0.3517449,0.39414594,0.042401046
1509,0,5,4,last,0.3517449,0.37264106,0.020896167
775,0,5,0,first,0.41102993,0.377999,-0.033030927
775,0,5,1,middle,0.41102993,0.41618738,0.005157441
775,0,5,2,middle,0.41102993,0.38982654,-0.021203399
775,0,5,3,middle,0.41102993,0.40948322,-0.0015467107
775,0,5,4,last,0.41102993,0.40119195,-0.009837985
28212,0,5,0,first,0.8021362,0.7564942,-0.04564196
28212,0,5,1,middle,0.8021362,0.7317602,-0.07037598
28212,0,5,2,middle,0.8021362,0.82431144,0.022175252
28212,0,5,3,middle,0.8021362,0.790919,-0.011217177
28212,0,5,4,last,0.8021362,0.7913754,-0.010760784
904,1,5,0,first,0.6292631,0.6541153,0.024852216
904,1,5,1,middle,0.6292631,0.650722,0.021458924
904,1,5,2,middle,0.6292631,0.54896545,-0.08029765
904,1,5,3,middle,0.6292631,0.56531966,-0.063943446
904,1,5,4,last,0.6292631,0.75698525,0.12772214
18821,1,5,0,first,0.90375364,0.892276,-0.011477649
18821,1,5,1,middle,0.90375364,0.90485066,0.0010970235
18821,1,5,2,middle,0.90375364,0.89635605,-0.007397592
18821,1,5,3,middle,0.90375364,0.89491296,-0.00884068
18821,1,5,4,last,0.90375364,0.9005446,-0.0032090545
32700,1,5,0,first,0.53794354,0.48166087,-0.05628267
32700,1,5,1,middle,0.53794354,0.53207386,-0.0058696866
32700,1,5,2,middle,0.53794354,0.5459873,0.008043766
32700,1,5,3,middle,0.53794354,0.47346815,-0.06447539
32700,1,5,4,last,0.53794354,0.55567056,0.017727017
41,1,5,0,first,0.93009627,0.9252202,-0.004876077
41,1,5,1,middle,0.93009627,0.9287272,-0.0013690591
41,1,5,2,middle,0.93009627,0.9286715,-0.0014247894
41,1,5,3,middle,0.93009627,0.92729425,-0.0028020144
41,1,5,4,last,0.93009627,0.928821,-0.0012752414
23541,1,5,0,first,0.81698793,0.79512286,-0.02186507
23541,1,5,1,middle,0.81698793,0.791325,-0.025662959
23541,1,5,2,middle,0.81698793,0.80596507,-0.011022866
23541,1,5,3,middle,0.81698793,0.782947,-0.034040928
23541,1,5,4,last,0.81698793,0.72291183,-0.0940761
1178,1,5,0,first,0.87230426,0.82600266,-0.046301603
1178,1,5,1,middle,0.87230426,0.8933735,0.021069229
1178,1,5,2,middle,0.87230426,0.85296094,-0.019343317
1178,1,5,3,middle,0.87230426,0.8743814,0.0020771623
1178,1,5,4,last,0.87230426,0.8526188,-0.019685447
1542,1,5,0,first,0.865177,0.8603808,-0.0047961473
1542,1,5,1,middle,0.865177,0.8495204,-0.01565659
1542,1,5,2,middle,0.865177,0.8599985,-0.0051784515
1542,1,5,3,middle,0.865177,0.87248063,0.007303655
1542,1,5,4,last,0.865177,0.8320006,-0.033176363
46151,1,5,0,first,0.91750765,0.9146849,-0.0028227568
46151,1,5,1,middle,0.91750765,0.91328377,-0.004223883
46151,1,5,2,middle,0.91750765,0.91472286,-0.0027847886
46151,1,5,3,middle,0.91750765,0.8972781,-0.020229578
46151,1,5,4,last,0.91750765,0.90667003,-0.010837615
1646,1,5,0,first,0.61478275,0.64451313,0.02973038
1646,1,5,1,middle,0.61478275,0.6148559,7.31349e-05
1646,1,5,2,middle,0.61478275,0.5210169,-0.093765855
1646,1,5,3,middle,0.61478275,0.2938893,-0.32089344
1646,1,5,4,last,0.61478275,0.75003606,0.13525331
49100,0,4,0,first,0.15657282,0.1425323,-0.014040515
49100,0,4,1,middle,0.15657282,0.20588383,0.049311012
49100,0,4,2,middle,0.15657282,0.14512712,-0.011445701
49100,0,4,3,last,0.15657282,0.18428321,0.027710393
14650,1,5,0,first,0.47959858,0.5413505,0.061751902
14650,1,5,1,middle,0.47959858,0.39270532,-0.08689326
14650,1,5,2,middle,0.47959858,0.48785573,0.008257151
14650,1,5,3,middle,0.47959858,0.51135147,0.031752884
14650,1,5,4,last,0.47959858,0.3221774,-0.15742117
324,0,5,0,first,0.75528497,0.7457842,-0.009500742
324,0,5,1,middle,0.75528497,0.7439879,-0.011297047
324,0,5,2,middle,0.75528497,0.7333306,-0.021954358
324,0,5,3,middle,0.75528497,0.4999263,-0.25535867
324,0,5,4,last,0.75528497,0.7846463,0.029361308
568,1,5,0,first,0.8675099,0.6093224,-0.25818747
568,1,5,1,middle,0.8675099,0.8494932,-0.018016696
568,1,5,2,middle,0.8675099,0.86066055,-0.0068493485
568,1,5,3,middle,0.8675099,0.872226,0.0047160983
568,1,5,4,last,0.8675099,0.8881812,0.020671308
16792,1,5,0,first,0.8752967,0.81194043,-0.06335628
16792,1,5,1,middle,0.8752967,0.8823345,0.007037759
16792,1,5,2,middle,0.8752967,0.87588674,0.0005900264
16792,1,5,3,middle,0.8752967,0.84254164,-0.032755077
16792,1,5,4,last,0.8752967,0.86380905,-0.011487663
10307,1,5,0,first,0.8946187,0.9052731,0.01065439
10307,1,5,1,middle,0.8946187,0.8646636,-0.02995509
10307,1,5,2,middle,0.8946187,0.86292005,-0.031698644
10307,1,5,3,middle,0.8946187,0.8957736,0.0011548996
10307,1,5,4,last,0.8946187,0.89126456,-0.0033541322
24110,1,5,0,first,0.7567553,0.7208712,-0.035884082
24110,1,5,1,middle,0.7567553,0.78864413,0.031888843
24110,1,5,2,middle,0.7567553,0.626947,-0.1298083
24110,1,5,3,middle,0.7567553,0.66883695,-0.08791834
24110,1,5,4,last,0.7567553,0.747494,-0.00926131
969,0,5,0,first,0.73372954,0.49628353,-0.23744601
969,0,5,1,middle,0.73372954,0.6796788,-0.054050744
969,0,5,2,middle,0.73372954,0.7538289,0.020099342
969,0,5,3,middle,0.73372954,0.5394984,-0.19423115
969,0,5,4,last,0.73372954,0.8327198,0.09899026
1499,0,5,0,first,0.8433174,0.7804737,-0.06284368
1499,0,5,1,middle,0.8433174,0.8335845,-0.009732902
1499,0,5,2,middle,0.8433174,0.86035657,0.01703918
1499,0,5,3,middle,0.8433174,0.80144197,-0.041875422
1499,0,5,4,last,0.8433174,0.84083194,-0.002485454
1368,1,5,0,first,0.6927405,0.58552265,-0.10721785
1368,1,5,1,middle,0.6927405,0.5614033,-0.13133723
1368,1,5,2,middle,0.6927405,0.5189688,-0.17377168
1368,1,5,3,middle,0.6927405,0.57546407,-0.11727643
1368,1,5,4,last,0.6927405,0.7730444,0.08030391
846,0,5,0,first,0.411445,0.37950912,-0.03193587
846,0,5,1,middle,0.411445,0.36147088,-0.049974114
846,0,5,2,middle,0.411445,0.350875,-0.06057
846,0,5,3,middle,0.411445,0.44614267,0.03469768
846,0,5,4,last,0.411445,0.529421,0.11797598
361,0,5,0,first,0.15715896,0.1256262,-0.03153275
361,0,5,1,middle,0.15715896,0.18233038,0.025171429
361,0,5,2,middle,0.15715896,0.1788493,0.021690339
361,0,5,3,middle,0.15715896,0.16339777,0.006238818
361,0,5,4,last,0.15715896,0.17489566,0.017736703
33380,1,5,0,first,0.7293761,0.771341,0.04196495
33380,1,5,1,middle,0.7293761,0.7236821,-0.005693972
33380,1,5,2,middle,0.7293761,0.7335055,0.00412941
33380,1,5,3,middle,0.7293761,0.53268987,-0.19668621
33380,1,5,4,last,0.7293761,0.78544766,0.05607158
472,0,5,0,first,0.19625694,0.2710002,0.07474327
472,0,5,1,middle,0.19625694,0.20207942,0.0058224797
472,0,5,2,middle,0.19625694,0.19325203,-0.0030049086
472,0,5,3,middle,0.19625694,0.18276052,-0.013496414
472,0,5,4,last,0.19625694,0.20633313,0.010076195
15650,0,5,0,first,0.46183878,0.45076847,-0.011070311
15650,0,5,1,middle,0.46183878,0.5330837,0.071244895
15650,0,5,2,middle,0.46183878,0.5182688,0.05643004
15650,0,5,3,middle,0.46183878,0.49506187,0.033223093
15650,0,5,4,last,0.46183878,0.29005334,-0.17178544
1388,0,6,0,first,0.39414656,0.24307379,-0.15107277
1388,0,6,1,middle,0.39414656,0.41845617,0.024309605
1388,0,6,2,middle,0.39414656,0.38230732,-0.011839241
1388,0,6,3,middle,0.39414656,0.45286748,0.058720917
1388,0,6,4,middle,0.39414656,0.36956996,-0.024576604
1388,0,6,5,last,0.39414656,0.38753793,-0.006608635
2224,0,5,0,first,0.29885972,0.30581757,0.006957859
2224,0,5,1,middle,0.29885972,0.28236797,-0.016491741
2224,0,5,2,middle,0.29885972,0.26907632,-0.029783398
2224,0,5,3,middle,0.29885972,0.30204326,0.0031835437
2224,0,5,4,last,0.29885972,0.36780697,0.068947256
2397,0,5,0,first,0.8353297,0.8488331,0.013503373
2397,0,5,1,middle,0.8353297,0.75992084,-0.075408876
2397,0,5,2,middle,0.8353297,0.7678999,-0.06742984
2397,0,5,3,middle,0.8353297,0.8121365,-0.02319324
2397,0,5,4,last,0.8353297,0.8009343,-0.034395397
756,0,5,0,first,0.35488236,0.3411395,-0.013742864
756,0,5,1,middle,0.35488236,0.3232586,-0.03162375
756,0,5,2,middle,0.35488236,0.42829406,0.0734117
756,0,5,3,middle,0.35488236,0.20034523,-0.15453713
756,0,5,4,last,0.35488236,0.51820153,0.16331917
44969,0,4,0,first,0.81169474,0.81715226,0.0054575205
44969,0,4,1,middle,0.81169474,0.54600364,-0.2656911
44969,0,4,2,middle,0.81169474,0.8335577,0.021862984
44969,0,4,3,last,0.81169474,0.8073573,-0.00433743
5899,0,5,0,first,0.8253037,0.8336755,0.00837183
5899,0,5,1,middle,0.8253037,0.8444461,0.019142449
5899,0,5,2,middle,0.8253037,0.8252242,-7.945299e-05
5899,0,5,3,middle,0.8253037,0.80628496,-0.01901871
5899,0,5,4,last,0.8253037,0.5474037,-0.27789998
27948,0,5,0,first,0.6135707,0.49325302,-0.12031767
27948,0,5,1,middle,0.6135707,0.56384903,-0.04972166
27948,0,5,2,middle,0.6135707,0.41173637,-0.20183432
27948,0,5,3,middle,0.6135707,0.60945463,-0.0041160583
27948,0,5,4,last,0.6135707,0.69523454,0.08166385
17912,0,5,0,first,0.2602109,0.22046779,-0.03974311
17912,0,5,1,middle,0.2602109,0.25396606,-0.0062448382
17912,0,5,2,middle,0.2602109,0.24405532,-0.016155586
17912,0,5,3,middle,0.2602109,0.26432955,0.004118651
17912,0,5,4,last,0.2602109,0.34971774,0.089506835
4055,0,5,0,first,0.61298966,0.53732806,-0.0756616
4055,0,5,1,middle,0.61298966,0.6818462,0.06885654
4055,0,5,2,middle,0.61298966,0.69939977,0.086410105
4055,0,5,3,middle,0.61298966,0.5295139,-0.08347577
4055,0,5,4,last,0.61298966,0.42873466,-0.184255
1856,0,5,0,first,0.53469926,0.5989364,0.06423712
1856,0,5,1,middle,0.53469926,0.39807674,-0.13662252
1856,0,5,2,middle,0.53469926,0.50126994,-0.033429325
1856,0,5,3,middle,0.53469926,0.5481815,0.013482213
1856,0,5,4,last,0.53469926,0.56531346,0.030614197
308,1,5,0,first,0.7787843,0.73759705,-0.041187227
308,1,5,1,middle,0.7787843,0.6835718,-0.09521246
308,1,5,2,middle,0.7787843,0.81289434,0.03411007
308,1,5,3,middle,0.7787843,0.7834763,0.004692018
308,1,5,4,last,0.7787843,0.7810434,0.0022591352
15195,1,5,0,first,0.9190362,0.9173216,-0.0017145872
15195,1,5,1,middle,0.9190362,0.9162202,-0.0028160214
15195,1,5,2,middle,0.9190362,0.9146322,-0.0044040084
15195,1,5,3,middle,0.9190362,0.9126683,-0.006367922
15195,1,5,4,last,0.9190362,0.9105059,-0.008530319
1154,1,5,0,first,0.89254963,0.89609474,0.0035451055
1154,1,5,1,middle,0.89254963,0.8800057,-0.012543917
1154,1,5,2,middle,0.89254963,0.8779412,-0.014608443
1154,1,5,3,middle,0.89254963,0.8556207,-0.03692895
1154,1,5,4,last,0.89254963,0.9041701,0.011620462
16715,0,5,0,first,0.14253755,0.15431874,0.011781186
16715,0,5,1,middle,0.14253755,0.13760595,-0.004931599
16715,0,5,2,middle,0.14253755,0.15366575,0.011128202
16715,0,5,3,middle,0.14253755,0.14992146,0.007383913
16715,0,5,4,last,0.14253755,0.15678729,0.014249742
1725,1,5,0,first,0.889105,0.85730845,-0.031796575
1725,1,5,1,middle,0.889105,0.8949201,0.0058150887
1725,1,5,2,middle,0.889105,0.89108235,0.0019773245
1725,1,5,3,middle,0.889105,0.8895853,0.00048029423
1725,1,5,4,last,0.889105,0.77948177,-0.10962325
51793,0,5,0,first,0.4955439,0.4160927,-0.0794512
51793,0,5,1,middle,0.4955439,0.6213248,0.12578088
51793,0,5,2,middle,0.4955439,0.58448946,0.08894557
51793,0,5,3,middle,0.4955439,0.60443974,0.10889584
51793,0,5,4,last,0.4955439,0.40290934,-0.09263456
35634,1,5,0,first,0.8770261,0.80351365,-0.073512435
35634,1,5,1,middle,0.8770261,0.8474543,-0.029571772
35634,1,5,2,middle,0.8770261,0.8779773,0.0009512305
35634,1,5,3,middle,0.8770261,0.8814885,0.004462421
35634,1,5,4,last,0.8770261,0.87827057,0.0012444854
5707,1,5,0,first,0.6098746,0.58575267,-0.02412194
5707,1,5,1,middle,0.6098746,0.56290823,-0.046966374
5707,1,5,2,middle,0.6098746,0.6749717,0.06509709
5707,1,5,3,middle,0.6098746,0.43647975,-0.17339486
5707,1,5,4,last,0.6098746,0.6003556,-0.009518981
206,1,5,0,first,0.8303221,0.6058379,-0.2244842
206,1,5,1,middle,0.8303221,0.7748975,-0.05542457
206,1,5,2,middle,0.8303221,0.8044442,-0.025877893
206,1,5,3,middle,0.8303221,0.8642845,0.03396243
206,1,5,4,last,0.8303221,0.8576235,0.02730143
22589,1,5,0,first,0.86638516,0.84656847,-0.019816697
22589,1,5,1,middle,0.86638516,0.8713317,0.00494653
22589,1,5,2,middle,0.86638516,0.86094993,-0.0054352283
22589,1,5,3,middle,0.86638516,0.75033456,-0.1160506
22589,1,5,4,last,0.86638516,0.81840706,-0.047978103
32029,0,5,0,first,0.5821208,0.5777957,-0.004325092
32029,0,5,1,middle,0.5821208,0.63389564,0.05177486
32029,0,5,2,middle,0.5821208,0.5613894,-0.02073139
32029,0,5,3,middle,0.5821208,0.6365172,0.05439645
32029,0,5,4,last,0.5821208,0.4729782,-0.10914257
569,0,5,0,first,0.5465289,0.32529938,-0.2212295
569,0,5,1,middle,0.5465289,0.43047503,-0.11605385
569,0,5,2,middle,0.5465289,0.5559892,0.00946033
569,0,5,3,middle,0.5465289,0.5928722,0.046343327
569,0,5,4,last,0.5465289,0.62945944,0.082930565
739,0,5,0,first,0.7931458,0.7966506,0.0035048127
739,0,5,1,middle,0.7931458,0.64966947,-0.1434763
739,0,5,2,middle,0.7931458,0.7706669,-0.022478878
739,0,5,3,middle,0.7931458,0.72567874,-0.067467034
739,0,5,4,last,0.7931458,0.84365827,0.050512493
1230,1,5,0,first,0.810017,0.80536115,-0.004655838
1230,1,5,1,middle,0.810017,0.74624646,-0.06377053
1230,1,5,2,middle,0.810017,0.78823024,-0.02178675
1230,1,5,3,middle,0.810017,0.79696876,-0.013048232
1230,1,5,4,last,0.810017,0.8147167,0.004699707
34369,0,5,0,first,0.24852228,0.24100329,-0.007518992
34369,0,5,1,middle,0.24852228,0.24755289,-0.00096939504
34369,0,5,2,middle,0.24852228,0.23500867,-0.01351361
34369,0,5,3,middle,0.24852228,0.36468613,0.11616385
34369,0,5,4,last,0.24852228,0.21611428,-0.032408
13106,0,5,0,first,0.83545834,0.83521366,-0.00024467707
13106,0,5,1,middle,0.83545834,0.73036456,-0.10509378
13106,0,5,2,middle,0.83545834,0.73168874,-0.1037696
13106,0,5,3,middle,0.83545834,0.8453845,0.00992614
13106,0,5,4,last,0.83545834,0.858069,0.022610664
55512,0,5,0,first,0.42055732,0.45727,0.036712676
55512,0,5,1,middle,0.42055732,0.33740586,-0.08315146
55512,0,5,2,middle,0.42055732,0.44742206,0.026864737
55512,0,5,3,middle,0.42055732,0.4064792,-0.01407811
55512,0,5,4,last,0.42055732,0.3970094,-0.023547918
38632,0,5,0,first,0.5712382,0.5713383,0.0001000762
38632,0,5,1,middle,0.5712382,0.5963259,0.025087655
38632,0,5,2,middle,0.5712382,0.39885998,-0.17237824
38632,0,5,3,middle,0.5712382,0.6492506,0.07801241
38632,0,5,4,last,0.5712382,0.6360983,0.064860106
205,1,5,0,first,0.70282763,0.7187955,0.015967846
205,1,5,1,middle,0.70282763,0.46052468,-0.24230295
205,1,5,2,middle,0.70282763,0.7345565,0.031728864
205,1,5,3,middle,0.70282763,0.7476417,0.04481405
205,1,5,4,last,0.70282763,0.6870888,-0.015738845
40254,0,5,0,first,0.12828311,0.14021048,0.011927366
40254,0,5,1,middle,0.12828311,0.13449645,0.006213337
40254,0,5,2,middle,0.12828311,0.13963786,0.011354744
40254,0,5,3,middle,0.12828311,0.13778456,0.009501442
40254,0,5,4,last,0.12828311,0.13122234,0.0029392242
21679,0,5,0,first,0.47926748,0.43786338,-0.0414041
21679,0,5,1,middle,0.47926748,0.6550866,0.1758191
21679,0,5,2,middle,0.47926748,0.55921555,0.07994807
21679,0,5,3,middle,0.47926748,0.35583463,-0.123432845
21679,0,5,4,last,0.47926748,0.25987834,-0.21938914
11048,1,5,0,first,0.8173502,0.7393863,-0.07796389
11048,1,5,1,middle,0.8173502,0.7803526,-0.036997616
11048,1,5,2,middle,0.8173502,0.51430875,-0.30304146
11048,1,5,3,middle,0.8173502,0.85502356,0.037673354
11048,1,5,4,last,0.8173502,0.8426286,0.02527839
1605,1,5,0,first,0.4681783,0.69021326,0.22203496
1605,1,5,1,middle,0.4681783,0.2550617,-0.21311662
1605,1,5,2,middle,0.4681783,0.5041315,0.035953194
1605,1,5,3,middle,0.4681783,0.57435167,0.10617337
1605,1,5,4,last,0.4681783,0.31712797,-0.15105033
253,0,5,0,first,0.5907687,0.5987613,0.007992625
253,0,5,1,middle,0.5907687,0.6580663,0.06729758
253,0,5,2,middle,0.5907687,0.58904105,-0.0017276406
253,0,5,3,middle,0.5907687,0.45585242,-0.13491628
253,0,5,4,last,0.5907687,0.53394073,-0.056827962
683,1,5,0,first,0.7733888,0.53313327,-0.24025553
683,1,5,1,middle,0.7733888,0.8085825,0.03519368
683,1,5,2,middle,0.7733888,0.81230396,0.038915157
683,1,5,3,middle,0.7733888,0.7530538,-0.020335019
683,1,5,4,last,0.7733888,0.773058,-0.00033080578
27,0,4,0,first,0.16785698,0.22150747,0.0536505
27,0,4,1,middle,0.16785698,0.1653763,-0.0024806708
27,0,4,2,middle,0.16785698,0.17760885,0.009751871
27,0,4,3,last,0.16785698,0.17432657,0.0064695925
459,1,4,0,first,0.9108428,0.485944,-0.42489877
459,1,4,1,middle,0.9108428,0.9067993,-0.00404346
459,1,4,2,middle,0.9108428,0.9148006,0.003957808
459,1,4,3,last,0.9108428,0.91218644,0.0013436675
15960,1,4,0,first,0.8925882,0.89678496,0.004196763
15960,1,4,1,middle,0.8925882,0.88910764,-0.0034805536
15960,1,4,2,middle,0.8925882,0.8797573,-0.012830913
15960,1,4,3,last,0.8925882,0.8731115,-0.019476712
657,1,5,0,first,0.9119776,0.9067819,-0.0051956773
657,1,5,1,middle,0.9119776,0.90896344,-0.0030141473
657,1,5,2,middle,0.9119776,0.91065276,-0.0013248324
657,1,5,3,middle,0.9119776,0.9023225,-0.009655118
657,1,5,4,last,0.9119776,0.8909026,-0.02107501
1248,0,5,0,first,0.18676698,0.1170556,-0.06971138
1248,0,5,1,middle,0.18676698,0.20918292,0.022415936
1248,0,5,2,middle,0.18676698,0.23215456,0.04538758
1248,0,5,3,middle,0.18676698,0.17149344,-0.015273541
1248,0,5,4,last,0.18676698,0.27614677,0.08937979
2119,1,4,0,first,0.3559998,0.3183057,-0.037694097
2119,1,4,1,middle,0.3559998,0.44594824,0.089948446
2119,1,4,2,middle,0.3559998,0.30569875,-0.050301045
2119,1,4,3,last,0.3559998,0.46218517,0.10618538
25575,1,5,0,first,0.9221237,0.89421654,-0.027907133
25575,1,5,1,middle,0.9221237,0.91740537,-0.0047183037
25575,1,5,2,middle,0.9221237,0.91702896,-0.005094707
25575,1,5,3,middle,0.9221237,0.92280716,0.00068348646
25575,1,5,4,last,0.9221237,0.92226356,0.0001398921
12892,0,5,0,first,0.8470795,0.8569875,0.009907961
12892,0,5,1,middle,0.8470795,0.8311548,-0.015924692
12892,0,5,2,middle,0.8470795,0.84924406,0.0021645427
12892,0,5,3,middle,0.8470795,0.5262744,-0.32080513
12892,0,5,4,last,0.8470795,0.8547773,0.007697761
1391,0,5,0,first,0.7265172,0.86666346,0.14014626
1391,0,5,1,middle,0.7265172,0.6955191,-0.03099811
1391,0,5,2,middle,0.7265172,0.38352942,-0.34298778
1391,0,5,3,middle,0.7265172,0.7057144,-0.020802796
1391,0,5,4,last,0.7265172,0.5343855,-0.1921317
944,1,5,0,first,0.8863001,0.8933089,0.007008791
944,1,5,1,middle,0.8863001,0.86844635,-0.017853737
944,1,5,2,middle,0.8863001,0.8463772,-0.039922893
944,1,5,3,middle,0.8863001,0.88463134,-0.0016687512
944,1,5,4,last,0.8863001,0.87861913,-0.0076809525
1767,0,5,0,first,0.30770466,0.3794498,0.07174516
1767,0,5,1,middle,0.30770466,0.30031204,-0.007392615
1767,0,5,2,middle,0.30770466,0.18292977,-0.12477489
1767,0,5,3,middle,0.30770466,0.27715752,-0.030547142
1767,0,5,4,last,0.30770466,0.41079664,0.103091985
351,1,5,0,first,0.81232035,0.78767234,-0.02464801
351,1,5,1,middle,0.81232035,0.80628395,-0.006036401
351,1,5,2,middle,0.81232035,0.77163815,-0.040682197
351,1,5,3,middle,0.81232035,0.7267669,-0.08555347
351,1,5,4,last,0.81232035,0.8246425,0.012322128
16996,1,5,0,first,0.7198742,0.23968193,-0.48019227
16996,1,5,1,middle,0.7198742,0.7547948,0.034920573
16996,1,5,2,middle,0.7198742,0.7023711,-0.017503083
16996,1,5,3,middle,0.7198742,0.76810944,0.048235238
16996,1,5,4,last,0.7198742,0.71262634,-0.007247865
1397,1,5,0,first,0.79702103,0.8416514,0.04463035
1397,1,5,1,middle,0.79702103,0.80196816,0.004947126
1397,1,5,2,middle,0.79702103,0.773482,-0.023539007
1397,1,5,3,middle,0.79702103,0.6460706,-0.15095043
1397,1,5,4,last,0.79702103,0.732614,-0.06440705
992,0,5,0,first,0.22662632,0.20568289,-0.020943433
992,0,5,1,middle,0.22662632,0.20986086,-0.01676546
992,0,5,2,middle,0.22662632,0.23056,0.003933683
992,0,5,3,middle,0.22662632,0.22943416,0.0028078407
992,0,5,4,last,0.22662632,0.23763041,0.01100409
37955,0,5,0,first,0.40510684,0.43525296,0.030146122
37955,0,5,1,middle,0.40510684,0.4619533,0.05684647
37955,0,5,2,middle,0.40510684,0.31578654,-0.0893203
37955,0,5,3,middle,0.40510684,0.41427454,0.009167701
37955,0,5,4,last,0.40510684,0.3694958,-0.035611033
2118,1,5,0,first,0.39881116,0.38188568,-0.016925484
2118,1,5,1,middle,0.39881116,0.45879254,0.059981376
2118,1,5,2,middle,0.39881116,0.33726847,-0.06154269
2118,1,5,3,middle,0.39881116,0.35686523,-0.041945934
2118,1,5,4,last,0.39881116,0.2331372,-0.16567396
531,1,5,0,first,0.87443197,0.86816746,-0.006264508
531,1,5,1,middle,0.87443197,0.872425,-0.002006948
531,1,5,2,middle,0.87443197,0.86350834,-0.010923624
531,1,5,3,middle,0.87443197,0.86556494,-0.008867025
531,1,5,4,last,0.87443197,0.8026591,-0.07177287
22731,1,5,0,first,0.8638684,0.879712,0.01584357
22731,1,5,1,middle,0.8638684,0.86112183,-0.002746582
22731,1,5,2,middle,0.8638684,0.8460071,-0.017861307
22731,1,5,3,middle,0.8638684,0.8059175,-0.057950914
22731,1,5,4,last,0.8638684,0.8368433,-0.027025104
504,1,5,0,first,0.8441862,0.7746311,-0.069555104
504,1,5,1,middle,0.8441862,0.6578805,-0.1863057
504,1,5,2,middle,0.8441862,0.845148,0.00096184015
504,1,5,3,middle,0.8441862,0.8458961,0.001709938
504,1,5,4,last,0.8441862,0.8828825,0.03869629
1007,0,5,0,first,0.85001105,0.8617256,0.011714578
1007,0,5,1,middle,0.85001105,0.72877675,-0.1212343
1007,0,5,2,middle,0.85001105,0.7602007,-0.08981037
1007,0,5,3,middle,0.85001105,0.8745164,0.024505377
1007,0,5,4,last,0.85001105,0.85541546,0.0054044127
533,0,5,0,first,0.4637481,0.48076156,0.01701346
533,0,5,1,middle,0.4637481,0.40665373,-0.057094365
533,0,5,2,middle,0.4637481,0.45771906,-0.0060290396
533,0,5,3,middle,0.4637481,0.35945505,-0.10429305
533,0,5,4,last,0.4637481,0.65124625,0.18749815
567,1,5,0,first,0.90153265,0.898044,-0.0034886599
567,1,5,1,middle,0.90153265,0.90344316,0.0019105077
567,1,5,2,middle,0.90153265,0.8944804,-0.0070522428
567,1,5,3,middle,0.90153265,0.9088167,0.007284045
567,1,5,4,last,0.90153265,0.87686455,-0.024668097
36153,0,5,0,first,0.44732916,0.40339494,-0.043934226
36153,0,5,1,middle,0.44732916,0.4253475,-0.021981657
36153,0,5,2,middle,0.44732916,0.4739233,0.026594132
36153,0,5,3,middle,0.44732916,0.4982221,0.05089295
36153,0,5,4,last,0.44732916,0.38199332,-0.06533584
37242,1,5,0,first,0.6066692,0.48501047,-0.12165871
37242,1,5,1,middle,0.6066692,0.6088007,0.0021315217
37242,1,5,2,middle,0.6066692,0.59169364,-0.014975548
37242,1,5,3,middle,0.6066692,0.66710854,0.06043935
37242,1,5,4,last,0.6066692,0.4847439,-0.121925294
45633,1,5,0,first,0.8989482,0.88840425,-0.010543942
45633,1,5,1,middle,0.8989482,0.8870613,-0.011886895
45633,1,5,2,middle,0.8989482,0.8710715,-0.027876675
45633,1,5,3,middle,0.8989482,0.90100604,0.0020578504
45633,1,5,4,last,0.8989482,0.8948534,-0.0040947795
527,1,2,0,first,0.8798787,0.26817384,-0.6117048
527,1,2,1,last,0.8798787,0.88881826,0.008939564
1072,1,5,0,first,0.7132881,0.72934294,0.01605481
1072,1,5,1,middle,0.7132881,0.6190579,-0.094230235
1072,1,5,2,middle,0.7132881,0.5149303,-0.19835782
1072,1,5,3,middle,0.7132881,0.6852908,-0.027997315
1072,1,5,4,last,0.7132881,0.7684732,0.05518508
39,0,4,0,first,0.33640316,0.31699654,-0.019406617
39,0,4,1,middle,0.33640316,0.41800448,0.08160132
39,0,4,2,middle,0.33640316,0.2933906,-0.04301256
39,0,4,3,last,0.33640316,0.27053067,-0.06587249
976,0,5,0,first,0.5354368,0.45869642,-0.076740384
976,0,5,1,middle,0.5354368,0.51078,-0.024656832
976,0,5,2,middle,0.5354368,0.49728462,-0.038152188
976,0,5,3,middle,0.5354368,0.43056542,-0.10487139
976,0,5,4,last,0.5354368,0.73825115,0.20281434
1550,0,4,0,first,0.3585694,0.5647443,0.20617488
1550,0,4,1,middle,0.3585694,0.31868774,-0.039881676
1550,0,4,2,middle,0.3585694,0.17089993,-0.18766949
1550,0,4,3,last,0.3585694,0.50752705,0.14895764
870,1,6,0,first,0.7779134,0.72544336,-0.05247003
870,1,6,1,middle,0.7779134,0.7949019,0.016988516
870,1,6,2,middle,0.7779134,0.76974976,-0.008163631
870,1,6,3,middle,0.7779134,0.76542246,-0.012490928
870,1,6,4,middle,0.7779134,0.738762,-0.03915137
870,1,6,5,last,0.7779134,0.76968604,-0.008227348
11468,1,4,0,first,0.7197678,0.39766735,-0.32210046
11468,1,4,1,middle,0.7197678,0.75686616,0.03709835
11468,1,4,2,middle,0.7197678,0.67152053,-0.048247278
11468,1,4,3,last,0.7197678,0.76336706,0.043599248
290,0,5,0,first,0.115372516,0.12369663,0.0083241165
290,0,5,1,middle,0.115372516,0.13522603,0.01985351
290,0,5,2,middle,0.115372516,0.11383089,-0.0015416294
290,0,5,3,middle,0.115372516,0.109321855,-0.006050661
290,0,5,4,last,0.115372516,0.12191859,0.0065460727
10655,1,5,0,first,0.92475665,0.92937064,0.0046139956
10655,1,5,1,middle,0.92475665,0.92473817,-1.847744e-05
10655,1,5,2,middle,0.92475665,0.8838798,-0.040876865
10655,1,5,3,middle,0.92475665,0.9254591,0.00070244074
10655,1,5,4,last,0.92475665,0.9259228,0.0011661649
8275,1,5,0,first,0.627695,0.602978,-0.024717033
8275,1,5,1,middle,0.627695,0.6437378,0.016042769
8275,1,5,2,middle,0.627695,0.5948103,-0.032884717
8275,1,5,3,middle,0.627695,0.5387318,-0.08896321
8275,1,5,4,last,0.627695,0.6904324,0.062737405
33854,1,5,0,first,0.812788,0.81882584,0.0060378313
33854,1,5,1,middle,0.812788,0.78729165,-0.025496364
33854,1,5,2,middle,0.812788,0.75259024,-0.06019777
33854,1,5,3,middle,0.812788,0.78007174,-0.032716274
33854,1,5,4,last,0.812788,0.80581355,-0.0069744587
950,0,4,0,first,0.738665,0.80298597,0.06432098
950,0,4,1,middle,0.738665,0.785953,0.047288
950,0,4,2,middle,0.738665,0.7319204,-0.0067445636
950,0,4,3,last,0.738665,0.5132548,-0.22541016
1218,0,4,0,first,0.25388435,0.26815453,0.014270186
1218,0,4,1,middle,0.25388435,0.33627385,0.0823895
1218,0,4,2,middle,0.25388435,0.23864025,-0.0152440965
1218,0,4,3,last,0.25388435,0.2774994,0.023615062
10185,0,4,0,first,0.1491311,0.16816421,0.019033104
10185,0,4,1,middle,0.1491311,0.14685157,-0.002279535
10185,0,4,2,middle,0.1491311,0.13165812,-0.017472982
10185,0,4,3,last,0.1491311,0.179517,0.030385897
784,0,5,0,first,0.4795572,0.54543746,0.06588027
784,0,5,1,middle,0.4795572,0.34985307,-0.12970412
784,0,5,2,middle,0.4795572,0.4489987,-0.030558497
784,0,5,3,middle,0.4795572,0.5112658,0.031708628
784,0,5,4,last,0.4795572,0.6110413,0.13148412
39798,0,5,0,first,0.62119114,0.35183188,-0.26935926
39798,0,5,1,middle,0.62119114,0.5394933,-0.08169782
39798,0,5,2,middle,0.62119114,0.64602196,0.024830818
39798,0,5,3,middle,0.62119114,0.66016316,0.03897202
39798,0,5,4,last,0.62119114,0.6196997,-0.0014914274
541,1,5,0,first,0.6308205,0.6338605,0.0030400157
541,1,5,1,middle,0.6308205,0.634831,0.0040104985
541,1,5,2,middle,0.6308205,0.633283,0.0024625063
541,1,5,3,middle,0.6308205,0.6286939,-0.0021266341
541,1,5,4,last,0.6308205,0.41695175,-0.21386877
594,0,5,0,first,0.5751961,0.39765134,-0.17754474
594,0,5,1,middle,0.5751961,0.71154636,0.13635027
594,0,5,2,middle,0.5751961,0.45044696,-0.124749124
594,0,5,3,middle,0.5751961,0.54378784,-0.03140825
594,0,5,4,last,0.5751961,0.64333814,0.06814206
1890,0,5,0,first,0.4549259,0.3857025,-0.069223404
1890,0,5,1,middle,0.4549259,0.373017,-0.08190888
1890,0,5,2,middle,0.4549259,0.28252944,-0.17239645
1890,0,5,3,middle,0.4549259,0.53664523,0.08171934
1890,0,5,4,last,0.4549259,0.53940237,0.08447647
39925,1,5,0,first,0.70725733,0.67412865,-0.03312868
39925,1,5,1,middle,0.70725733,0.7705762,0.06331885
39925,1,5,2,middle,0.70725733,0.56560904,-0.14164829
39925,1,5,3,middle,0.70725733,0.7216324,0.014375091
39925,1,5,4,last,0.70725733,0.67904943,-0.028207898
24271,1,5,0,first,0.9187212,0.9133716,-0.0053495765
24271,1,5,1,middle,0.9187212,0.92450905,0.0057878494
24271,1,5,2,middle,0.9187212,0.9204672,0.0017459989
24271,1,5,3,middle,0.9187212,0.9156204,-0.0031008124
24271,1,5,4,last,0.9187212,0.9097038,-0.009017408
2212,1,4,0,first,0.33267358,0.1710988,-0.16157478
2212,1,4,1,middle,0.33267358,0.32610056,-0.0065730214
2212,1,4,2,middle,0.33267358,0.43848836,0.105814785
2212,1,4,3,last,0.33267358,0.32946715,-0.0032064319
27951,1,5,0,first,0.81590945,0.7879242,-0.027985275
27951,1,5,1,middle,0.81590945,0.8087641,-0.007145345
27951,1,5,2,middle,0.81590945,0.6140294,-0.20188004
27951,1,5,3,middle,0.81590945,0.812476,-0.003433466
27951,1,5,4,last,0.81590945,0.8273259,0.011416435
1164,0,3,0,first,0.16432232,0.2065839,0.042261586
1164,0,3,1,middle,0.16432232,0.14678021,-0.017542109
1164,0,3,2,last,0.16432232,0.1864792,0.02215688
1519,1,5,0,first,0.7365317,0.6883683,-0.048163354
1519,1,5,1,middle,0.7365317,0.78679717,0.05026549
1519,1,5,2,middle,0.7365317,0.6905866,-0.04594505
1519,1,5,3,middle,0.7365317,0.7046762,-0.031855464
1519,1,5,4,last,0.7365317,0.73285025,-0.0036814213
