id,label,n_sentences,sentence_idx,position,prob_stress_full,prob_stress_without,delta_prob_stress
896,0,5,0,first,0.06962161,0.08114404,0.011522435
896,0,5,1,middle,0.06962161,0.083264366,0.013642758
896,0,5,2,middle,0.06962161,0.07616123,0.0065396205
896,0,5,3,middle,0.06962161,0.061125487,-0.008496121
896,0,5,4,last,0.06962161,0.08316603,0.013544425
19059,0,5,0,first,0.099071756,0.10838676,0.009315006
19059,0,5,1,middle,0.099071756,0.09297049,-0.0061012655
19059,0,5,2,middle,0.099071756,0.099383965,0.00031220913
19059,0,5,3,middle,0.099071756,0.11918534,0.020113587
19059,0,5,4,last,0.099071756,0.14852403,0.049452275
7977,1,4,0,first,0.668769,0.80767673,0.13890773
7977,1,4,1,middle,0.668769,0.85353625,0.18476725
7977,1,4,2,middle,0.668769,0.89515746,0.22638845
7977,1,4,3,last,0.668769,0.07169911,-0.59706986
1214,1,5,0,first,0.49002624,0.36876735,-0.121258885
1214,1,5,1,middle,0.49002624,0.42416978,-0.06585646
1214,1,5,2,middle,0.49002624,0.18801102,-0.30201522
1214,1,5,3,middle,0.49002624,0.23180631,-0.25821993
1214,1,5,4,last,0.49002624,0.6609899,0.17096364
1965,0,5,0,first,0.30974305,0.2096997,-0.10004334
1965,0,5,1,middle,0.30974305,0.417841,0.10809794
1965,0,5,2,middle,0.30974305,0.51359737,0.20385432
1965,0,5,3,middle,0.30974305,0.2074782,-0.10226485
1965,0,5,4,last,0.30974305,0.10636748,-0.20337558
850,0,4,0,first,0.115871586,0.14124903,0.025377445
850,0,4,1,middle,0.115871586,0.12642263,0.010551043
850,0,4,2,middle,0.115871586,0.07014085,-0.045730732
850,0,4,3,last,0.115871586,0.112341516,-0.0035300702
1643,0,5,0,first,0.069077656,0.072024,0.002946347
1643,0,5,1,middle,0.069077656,0.07553817,0.0064605176
1643,0,5,2,middle,0.069077656,0.06869826,-0.00037939847
1643,0,5,3,middle,0.069077656,0.06880668,-0.00027097762
1643,0,5,4,last,0.069077656,0.067721106,-0.0013565496
39090,1,5,0,first,0.61876553,0.5811156,-0.03764993
39090,1,5,1,middle,0.61876553,0.544864,-0.073901534
39090,1,5,2,middle,0.61876553,0.65585035,0.037084818
39090,1,5,3,middle,0.61876553,0.92785466,0.30908912
39090,1,5,4,last,0.61876553,0.49090925,-0.12785628
19468,1,5,0,first,0.9522127,0.95673454,0.004521847
19468,1,5,1,middle,0.9522127,0.9282922,-0.023920476
19468,1,5,2,middle,0.9522127,0.9512482,-0.00096446276
19468,1,5,3,middle,0.9522127,0.95307255,0.0008598566
19468,1,5,4,last,0.9522127,0.9426238,-0.009588897
48595,0,5,0,first,0.0547383,0.05321332,-0.0015249811
48595,0,5,1,middle,0.0547383,0.058070038,0.0033317357
48595,0,5,2,middle,0.0547383,0.052068554,-0.002669748
48595,0,5,3,middle,0.0547383,0.054711077,-2.7224422e-05
48595,0,5,4,last,0.0547383,0.05563187,0.00089356676
1039,1,5,0,first,0.7850769,0.6541996,-0.13087732
1039,1,5,1,middle,0.7850769,0.86510044,0.08002353
1039,1,5,2,middle,0.7850769,0.77323943,-0.011837482
1039,1,5,3,middle,0.7850769,0.3997733,-0.38530362
1039,1,5,4,last,0.7850769,0.9114038,0.12632686
588,1,5,0,first,0.8365234,0.7993322,-0.037191212
588,1,5,1,middle,0.8365234,0.73981655,-0.09670687
588,1,5,2,middle,0.8365234,0.7871899,-0.049333513
588,1,5,3,middle,0.8365234,0.26293015,-0.57359326
588,1,5,4,last,0.8365234,0.90077436,0.064250946
53256,1,5,0,first,0.65945935,0.5023903,-0.15706903
53256,1,5,1,middle,0.65945935,0.65350384,-0.0059555173
53256,1,5,2,middle,0.65945935,0.6302618,-0.029197574
53256,1,5,3,middle,0.65945935,0.6090259,-0.050433457
53256,1,5,4,last,0.65945935,0.6138513,-0.045608044
39650,1,5,0,first,0.9417132,0.9305424,-0.0111708045
39650,1,5,1,middle,0.9417132,0.9526097,0.010896504
39650,1,5,2,middle,0.9417132,0.9396126,-0.002100587
39650,1,5,3,middle,0.9417132,0.9416002,-0.00011301041
39650,1,5,4,last,0.9417132,0.51997197,-0.42174125
414,1,5,0,first,0.48300403,0.50990975,0.026905715
414,1,5,1,middle,0.48300403,0.37961695,-0.10338709
414,1,5,2,middle,0.48300403,0.5201525,0.037148476
414,1,5,3,middle,0.48300403,0.30664936,-0.17635468
414,1,5,4,last,0.48300403,0.30001304,-0.182991
1824,0,5,0,first,0.08444037,0.10303747,0.018597096
1824,0,5,1,middle,0.08444037,0.080710985,-0.0037293881
1824,0,5,2,middle,0.08444037,0.10017853,0.01573816
1824,0,5,3,middle,0.08444037,0.07919659,-0.0052437857
1824,0,5,4,last,0.08444037,0.07531566,-0.009124711
813,1,5,0,first,0.94320005,0.93972653,-0.0034735203
813,1,5,1,middle,0.94320005,0.9347882,-0.008411825
813,1,5,2,middle,0.94320005,0.9220484,-0.021151662
813,1,5,3,middle,0.94320005,0.90006804,-0.043132007
813,1,5,4,last,0.94320005,0.9515701,0.008370042
745,1,5,0,first,0.19795202,0.2547317,0.056779698
745,1,5,1,middle,0.19795202,0.7976959,0.59974384
745,1,5,2,middle,0.19795202,0.11185697,-0.08609505
745,1,5,3,middle,0.19795202,0.106831215,-0.0911208
745,1,5,4,last,0.19795202,0.24569352,0.047741503
895,0,5,0,first,0.36374778,0.75830936,0.3945616
895,0,5,1,middle,0.36374778,0.09984231,-0.26390547
895,0,5,2,middle,0.36374778,0.649601,0.2858532
895,0,5,3,middle,0.36374778,0.36887345,0.0051256716
895,0,5,4,last,0.36374778,0.11310128,-0.2506465
1361,0,5,0,first,0.29636,0.37693414,0.080574155
1361,0,5,1,middle,0.29636,0.44088307,0.14452308
1361,0,5,2,middle,0.29636,0.11333196,-0.18302803
1361,0,5,3,middle,0.29636,0.54549235,0.24913236
1361,0,5,4,last,0.29636,0.84855235,0.55219233
46063,0,5,0,first,0.10152144,0.16251074,0.060989298
46063,0,5,1,middle,0.10152144,0.13519026,0.033668824
46063,0,5,2,middle,0.10152144,0.081096895,-0.020424545
46063,0,5,3,middle,0.10152144,0.12638736,0.024865918
46063,0,5,4,last,0.10152144,0.07775651,-0.02376493
6587,0,5,0,first,0.059012383,0.065480925,0.006468542
6587,0,5,1,middle,0.059012383,0.057441004,-0.0015713796
6587,0,5,2,middle,0.059012383,0.061331596,0.002319213
6587,0,5,3,middle,0.059012383,0.060047235,0.0010348521
6587,0,5,4,last,0.059012383,0.05763752,-0.0013748631
108,0,4,0,first,0.06150037,0.0643686,0.0028682277
108,0,4,1,middle,0.06150037,0.05728878,-0.0042115897
108,0,4,2,middle,0.06150037,0.06485473,0.0033543631
108,0,4,3,last,0.06150037,0.068132065,0.0066316947
337,1,5,0,first,0.8749209,0.4583092,-0.4166117
337,1,5,1,middle,0.8749209,0.8319265,-0.04299438
337,1,5,2,middle,0.8749209,0.90659124,0.031670332
337,1,5,3,middle,0.8749209,0.8980483,0.023127377
337,1,5,4,last,0.8749209,0.89426386,0.019342959
54251,1,5,0,first,0.9091444,0.6229245,-0.2862199
54251,1,5,1,middle,0.9091444,0.9251478,0.01600337
54251,1,5,2,middle,0.9091444,0.8860288,-0.023115575
54251,1,5,3,middle,0.9091444,0.9126559,0.0035114884
54251,1,5,4,last,0.9091444,0.87631035,-0.032834053
723,0,5,0,first,0.055067275,0.051428977,-0.0036382973
723,0,5,1,middle,0.055067275,0.057976186,0.0029089116
723,0,5,2,middle,0.055067275,0.05105442,-0.004012853
723,0,5,3,middle,0.055067275,0.055234622,0.00016734749
723,0,5,4,last,0.055067275,0.062272284,0.0072050095
1466,0,5,0,first,0.12275164,0.10078274,-0.021968901
1466,0,5,1,middle,0.12275164,0.13105902,0.008307382
1466,0,5,2,middle,0.12275164,0.08009136,-0.04266028
1466,0,5,3,middle,0.12275164,0.10693093,-0.015820712
1466,0,5,4,last,0.12275164,0.19245665,0.06970501
16030,0,5,0,first,0.06498429,0.050973568,-0.014010724
16030,0,5,1,middle,0.06498429,0.10755657,0.042572275
16030,0,5,2,middle,0.06498429,0.069727086,0.0047427937
16030,0,5,3,middle,0.06498429,0.07655045,0.011566155
16030,0,5,4,last,0.06498429,0.061928153,-0.0030561388
38903,0,5,0,first,0.062419903,0.0679581,0.005538199
38903,0,5,1,middle,0.062419903,0.07281276,0.010392856
38903,0,5,2,middle,0.062419903,0.05973001,-0.0026898943
38903,0,5,3,middle,0.062419903,0.081378594,0.018958692
38903,0,5,4,last,0.062419903,0.061808772,-0.00061113015
801,0,5,0,first,0.07243143,0.06326402,-0.00916741
801,0,5,1,middle,0.07243143,0.06782357,-0.0046078637
801,0,5,2,middle,0.07243143,0.07545272,0.0030212924
801,0,5,3,middle,0.07243143,0.083095394,0.010663964
801,0,5,4,last,0.07243143,0.08923792,0.01680649
24942,1,5,0,first,0.9465691,0.8720136,-0.07455546
24942,1,5,1,middle,0.9465691,0.91411656,-0.032452524
24942,1,5,2,middle,0.9465691,0.9455324,-0.0010367036
24942,1,5,3,middle,0.9465691,0.95235527,0.0057861805
24942,1,5,4,last,0.9465691,0.9507689,0.004199803
32340,0,5,0,first,0.06475475,0.071640424,0.0068856776
32340,0,5,1,middle,0.06475475,0.064448595,-0.0003061518
32340,0,5,2,middle,0.06475475,0.06277824,-0.001976505
32340,0,5,3,middle,0.06475475,0.06224506,-0.002509687
32340,0,5,4,last,0.06475475,0.071234524,0.0064797774
48561,1,5,0,first,0.9466407,0.9211325,-0.025508165
48561,1,5,1,middle,0.9466407,0.9333028,-0.013337851
48561,1,5,2,middle,0.9466407,0.9585448,0.01190412
48561,1,5,3,middle,0.9466407,0.8956081,-0.051032543
48561,1,5,4,last,0.9466407,0.94566035,-0.0009803176
61,1,5,0,first,0.58045924,0.34641492,-0.23404431
61,1,5,1,middle,0.58045924,0.61281615,0.032356918
61,1,5,2,middle,0.58045924,0.34463143,-0.2358278
61,1,5,3,middle,0.58045924,0.56165713,-0.018802106
61,1,5,4,last,0.58045924,0.7616763,0.18121707
24225,0,5,0,first,0.05022835,0.047438774,-0.0027895756
24225,0,5,1,middle,0.05022835,0.051399305,0.0011709556
24225,0,5,2,middle,0.05022835,0.09344005,0.0432117
24225,0,5,3,middle,0.05022835,0.052986626,0.0027582757
24225,0,5,4,last,0.05022835,0.046909004,-0.0033193454
1462,0,5,0,first,0.07868036,0.079561844,0.00088148564
1462,0,5,1,middle,0.07868036,0.0700516,-0.008628756
1462,0,5,2,middle,0.07868036,0.10249681,0.023816451
1462,0,5,3,middle,0.07868036,0.08744509,0.008764729
1462,0,5,4,last,0.07868036,0.086602636,0.007922277
1234,0,5,0,first,0.20016114,0.25648016,0.056319013
1234,0,5,1,middle,0.20016114,0.1525046,-0.04765655
1234,0,5,2,middle,0.20016114,0.2106475,0.010486349
1234,0,5,3,middle,0.20016114,0.06690302,-0.13325813
1234,0,5,4,last,0.20016114,0.35704014,0.156879
1661,1,5,0,first,0.9489104,0.9257995,-0.023110926
1661,1,5,1,middle,0.9489104,0.9429245,-0.0059859157
1661,1,5,2,middle,0.9489104,0.9470393,-0.001871109
1661,1,5,3,middle,0.9489104,0.9317297,-0.01718074
1661,1,5,4,last,0.9489104,0.9488856,-2.4795532e-05
1224,1,5,0,first,0.3600315,0.3143646,-0.045666873
1224,1,5,1,middle,0.3600315,0.3316971,-0.02833438
1224,1,5,2,middle,0.3600315,0.34334254,-0.016688943
1224,1,5,3,middle,0.3600315,0.28913945,-0.070892036
1224,1,5,4,last,0.3600315,0.34375513,-0.01627636
45743,0,4,0,first,0.040486187,0.04584032,0.0053541325
45743,0,4,1,middle,0.040486187,0.03901256,-0.001473628
45743,0,4,2,middle,0.040486187,0.058343917,0.01785773
45743,0,4,3,last,0.040486187,0.043494362,0.0030081756
1223,0,5,0,first,0.86871606,0.8971791,0.028463066
1223,0,5,1,middle,0.86871606,0.88666433,0.01794827
1223,0,5,2,middle,0.86871606,0.8840507,0.015334666
1223,0,5,3,middle,0.86871606,0.69185686,-0.1768592
1223,0,5,4,last,0.86871606,0.6819345,-0.18678159
5248,1,5,0,first,0.9615051,0.95740026,-0.0041048527
5248,1,5,1,middle,0.9615051,0.95985293,-0.0016521811
5248,1,5,2,middle,0.9615051,0.95835435,-0.0031507611
5248,1,5,3,middle,0.9615051,0.96114516,-0.00035995245
5248,1,5,4,last,0.9615051,0.9577044,-0.0038006902
751,1,5,0,first,0.96044344,0.9611086,0.00066518784
751,1,5,1,middle,0.96044344,0.93538517,-0.02505827
751,1,5,2,middle,0.96044344,0.94597304,-0.014470398
751,1,5,3,middle,0.96044344,0.9593334,-0.0011100173
751,1,5,4,last,0.96044344,0.96347094,0.0030274987
25778,1,5,0,first,0.96021706,0.936564,-0.02365303
25778,1,5,1,middle,0.96021706,0.9593929,-0.0008241534
25778,1,5,2,middle,0.96021706,0.9450188,-0.015198231
25778,1,5,3,middle,0.96021706,0.9639514,0.0037343502
25778,1,5,4,last,0.96021706,0.96241957,0.0022025108
29555,1,5,0,first,0.9358198,0.9347428,-0.0010769963
29555,1,5,1,middle,0.9358198,0.72085065,-0.21496916
29555,1,5,2,middle,0.9358198,0.8846473,-0.051172495
29555,1,5,3,middle,0.9358198,0.89776504,-0.038054764
29555,1,5,4,last,0.9358198,0.9509568,0.015137017
12230,0,5,0,first,0.10391495,0.071999654,-0.031915292
12230,0,5,1,middle,0.10391495,0.09617697,-0.0077379793
12230,0,5,2,middle,0.10391495,0.10930638,0.005391434
12230,0,5,3,middle,0.10391495,0.122629225,0.018714279
12230,0,5,4,last,0.10391495,0.10003437,-0.0038805753
30603,1,5,0,first,0.9046542,0.9222781,0.017623901
30603,1,5,1,middle,0.9046542,0.7633883,-0.14126593
30603,1,5,2,middle,0.9046542,0.90474653,9.2327595e-05
30603,1,5,3,middle,0.9046542,0.9186885,0.014034271
30603,1,5,4,last,0.9046542,0.8630194,-0.041634798
42340,0,4,0,first,0.8998947,0.9157703,0.015875578
42340,0,4,1,middle,0.8998947,0.56812996,-0.33176476
42340,0,4,2,middle,0.8998947,0.70927125,-0.19062346
42340,0,4,3,last,0.8998947,0.91042393,0.01052922
247,0,5,0,first,0.23109274,0.080608055,-0.15048468
247,0,5,1,middle,0.23109274,0.22732367,-0.00376907
247,0,5,2,middle,0.23109274,0.33257756,0.10148482
247,0,5,3,middle,0.23109274,0.14943723,-0.0816555
247,0,5,4,last,0.23109274,0.6363031,0.40521038
1121,1,5,0,first,0.8843517,0.88429254,-5.9127808e-05
1121,1,5,1,middle,0.8843517,0.8632143,-0.021137357
1121,1,5,2,middle,0.8843517,0.8674001,-0.016951561
1121,1,5,3,middle,0.8843517,0.81840396,-0.06594771
1121,1,5,4,last,0.8843517,0.9055307,0.02117902
49500,0,5,0,first,0.93832296,0.9412089,0.0028859377
49500,0,5,1,middle,0.93832296,0.9304946,-0.007828355
49500,0,5,2,middle,0.93832296,0.8515977,-0.086725235
49500,0,5,3,middle,0.93832296,0.9275595,-0.010763466
49500,0,5,4,last,0.93832296,0.93597597,-0.0023469925
44234,1,4,0,first,0.9557329,0.9248219,-0.030910969
44234,1,4,1,middle,0.9557329,0.9505035,-0.005229354
44234,1,4,2,middle,0.9557329,0.9549756,-0.000757277
44234,1,4,3,last,0.9557329,0.954838,-0.00089490414
365,0,4,0,first,0.60216314,0.7757624,0.17359924
365,0,4,1,middle,0.60216314,0.36248615,-0.23967698
365,0,4,2,middle,0.60216314,0.54078054,-0.06138259
365,0,4,3,last,0.60216314,0.31136864,-0.2907945
53,1,5,0,first,0.12718007,0.222922,0.09574193
53,1,5,1,middle,0.12718007,0.09369696,-0.03348311
53,1,5,2,middle,0.12718007,0.18828852,0.061108455
53,1,5,3,middle,0.12718007,0.17155465,0.044374585
53,1,5,4,last,0.12718007,0.15159725,0.024417177
55783,1,5,0,first,0.63606656,0.5371593,-0.09890723
55783,1,5,1,middle,0.63606656,0.68469304,0.048626482
55783,1,5,2,middle,0.63606656,0.62875074,-0.0073158145
55783,1,5,3,middle,0.63606656,0.4091762,-0.22689036
55783,1,5,4,last,0.63606656,0.59720075,-0.038865805
1125,1,4,0,first,0.95594186,0.9562974,0.0003555417
1125,1,4,1,middle,0.95594186,0.9554344,-0.00050747395
1125,1,4,2,middle,0.95594186,0.9587797,0.0028378367
1125,1,4,3,last,0.95594186,0.3492114,-0.60673046
1667,0,5,0,first,0.82491624,0.8268947,0.001978457
1667,0,5,1,middle,0.82491624,0.8106055,-0.014310718
1667,0,5,2,middle,0.82491624,0.2728885,-0.5520277
1667,0,5,3,middle,0.82491624,0.8499907,0.025074482
1667,0,5,4,last,0.82491624,0.8140549,-0.010861337
40807,0,4,0,first,0.053015877,0.056995846,0.00397997
40807,0,4,1,middle,0.053015877,0.057425726,0.0044098496
40807,0,4,2,middle,0.053015877,0.052590106,-0.00042577088
40807,0,4,3,last,0.053015877,0.06025107,0.0072351918
51868,1,5,0,first,0.9393499,0.89300805,-0.046341836
51868,1,5,1,middle,0.9393499,0.9371677,-0.0021821856
51868,1,5,2,middle,0.9393499,0.9074794,-0.031870484
51868,1,5,3,middle,0.9393499,0.8272023,-0.11214757
51868,1,5,4,last,0.9393499,0.9528279,0.013477981
864,0,3,0,first,0.08541589,0.098633245,0.013217352
864,0,3,1,middle,0.08541589,0.0876687,0.0022528097
864,0,3,2,last,0.08541589,0.078266226,-0.0071496665
652,0,5,0,first,0.8233002,0.5436766,-0.27962357
652,0,5,1,middle,0.8233002,0.75112545,-0.07217473
652,0,5,2,middle,0.8233002,0.7092386,-0.114061594
652,0,5,3,middle,0.8233002,0.82190263,-0.0013975501
652,0,5,4,last,0.8233002,0.903202,0.079901814
12081,0,5,0,first,0.80529314,0.9114428,0.10614967
12081,0,5,1,middle,0.80529314,0.83057183,0.025278687
12081,0,5,2,middle,0.80529314,0.8788649,0.07357174
12081,0,5,3,middle,0.80529314,0.88757277,0.08227962
12081,0,5,4,last,0.80529314,0.12885709,-0.67643607
1771,1,4,0,first,0.8947055,0.8821808,-0.012524664
1771,1,4,1,middle,0.8947055,0.65011513,-0.24459034
1771,1,4,2,middle,0.8947055,0.90862197,0.013916492
1771,1,4,3,last,0.8947055,0.34926635,-0.5454391
2603,0,5,0,first,0.17850748,0.06217636,-0.116331115
2603,0,5,1,middle,0.17850748,0.14071772,-0.037789762
2603,0,5,2,middle,0.17850748,0.16711664,-0.011390835
2603,0,5,3,middle,0.17850748,0.44621998,0.2677125
2603,0,5,4,last,0.17850748,0.52598655,0.34747908
471,1,5,0,first,0.9507056,0.9579661,0.0072605014
471,1,5,1,middle,0.9507056,0.9426171,-0.0080884695
471,1,5,2,middle,0.9507056,0.93957824,-0.011127353
471,1,5,3,middle,0.9507056,0.94570535,-0.0050002337
471,1,5,4,last,0.9507056,0.91866297,-0.032042623
25293,0,5,0,first,0.057014458,0.055931788,-0.00108267
25293,0,5,1,middle,0.057014458,0.05825678,0.001242321
25293,0,5,2,middle,0.057014458,0.05516052,-0.0018539391
25293,0,5,3,middle,0.057014458,0.060554724,0.0035402663
25293,0,5,4,last,0.057014458,0.056706745,-0.0003077127
246,1,5,0,first,0.1505329,0.16170856,0.011175662
246,1,5,1,middle,0.1505329,0.110715516,-0.039817385
246,1,5,2,middle,0.1505329,0.0689089,-0.081624
246,1,5,3,middle,0.1505329,0.12488736,-0.02564554
246,1,5,4,last,0.1505329,0.32471147,0.17417857
51097,0,5,0,first,0.046846066,0.048085608,0.0012395419
51097,0,5,1,middle,0.046846066,0.047556587,0.0007105209
51097,0,5,2,middle,0.046846066,0.050237633,0.0033915676
51097,0,5,3,middle,0.046846066,0.051195443,0.004349377
51097,0,5,4,last,0.046846066,0.044650637,-0.002195429
28340,0,4,0,first,0.04760095,0.052824646,0.005223695
28340,0,4,1,middle,0.04760095,0.048199777,0.0005988255
28340,0,4,2,middle,0.04760095,0.049857,0.0022560507
28340,0,4,3,last,0.04760095,0.048421405,0.0008204542
1278,1,5,0,first,0.91468257,0.912395,-0.0022875667
1278,1,5,1,middle,0.91468257,0.87830514,-0.03637743
1278,1,5,2,middle,0.91468257,0.90970343,-0.0049791336
1278,1,5,3,middle,0.91468257,0.892914,-0.02176857
1278,1,5,4,last,0.91468257,0.8679498,-0.046732783
5012,1,5,0,first,0.88306725,0.91391426,0.030847013
5012,1,5,1,middle,0.88306725,0.7174898,-0.16557747
5012,1,5,2,middle,0.88306725,0.8966766,0.01360935
5012,1,5,3,middle,0.88306725,0.71370846,-0.16935879
5012,1,5,4,last,0.88306725,0.08573128,-0.797336
839,1,5,0,first,0.7380742,0.40319297,-0.33488122
839,1,5,1,middle,0.7380742,0.6830706,-0.055003583
839,1,5,2,middle,0.7380742,0.81403375,0.07595956
839,1,5,3,middle,0.7380742,0.6832369,-0.054837286
839,1,5,4,last,0.7380742,0.58036435,-0.15770984
987,1,5,0,first,0.47706705,0.3534176,-0.12364945
987,1,5,1,middle,0.47706705,0.32997647,-0.14709058
987,1,5,2,middle,0.47706705,0.3541339,-0.12293315
987,1,5,3,middle,0.47706705,0.06556511,-0.41150194
987,1,5,4,last,0.47706705,0.94271106,0.465644
3879,1,5,0,first,0.95844877,0.9615772,0.0031284094
3879,1,5,1,middle,0.95844877,0.9530568,-0.0053919554
3879,1,5,2,middle,0.95844877,0.95204085,-0.0064079165
3879,1,5,3,middle,0.95844877,0.9605003,0.0020515323
3879,1,5,4,last,0.95844877,0.9436622,-0.014786541
1684,0,5,0,first,0.15958239,0.100411706,-0.059170686
1684,0,5,1,middle,0.15958239,0.3303509,0.17076851
1684,0,5,2,middle,0.15958239,0.22502168,0.065439284
1684,0,5,3,middle,0.15958239,0.24939011,0.08980772
1684,0,5,4,last,0.15958239,0.077832215,-0.08175018
4426,0,5,0,first,0.07066527,0.09974394,0.02907867
4426,0,5,1,middle,0.07066527,0.055625606,-0.015039664
4426,0,5,2,middle,0.07066527,0.22106878,0.15040351
4426,0,5,3,middle,0.07066527,0.05667024,-0.013995029
4426,0,5,4,last,0.07066527,0.07990561,0.009240337
1675,0,5,0,first,0.07981521,0.1044242,0.024608992
1675,0,5,1,middle,0.07981521,0.097040206,0.017224997
1675,0,5,2,middle,0.07981521,0.07599692,-0.0038182884
1675,0,5,3,middle,0.07981521,0.07840958,-0.0014056265
1675,0,5,4,last,0.07981521,0.066973165,-0.012842044
15807,0,5,0,first,0.09430297,0.080654554,-0.013648413
15807,0,5,1,middle,0.09430297,0.105198465,0.010895498
15807,0,5,2,middle,0.09430297,0.07663692,-0.01766605
15807,0,5,3,middle,0.09430297,0.07391731,-0.02038566
15807,0,5,4,last,0.09430297,0.19409744,0.09979448
41401,1,5,0,first,0.94259834,0.909927,-0.032671332
41401,1,5,1,middle,0.94259834,0.9512761,0.008677781
41401,1,5,2,middle,0.94259834,0.88179135,-0.06080699
41401,1,5,3,middle,0.94259834,0.9221114,-0.02048695
41401,1,5,4,last,0.94259834,0.9511422,0.008543849
1800,0,4,0,first,0.06928614,0.11771501,0.04842887
1800,0,4,1,middle,0.06928614,0.053711444,-0.015574694
1800,0,4,2,middle,0.06928614,0.07846325,0.009177111
1800,0,4,3,last,0.06928614,0.06451383,-0.0047723055
4114,1,5,0,first,0.9273457,0.9308338,0.0034881234
4114,1,5,1,middle,0.9273457,0.93426245,0.0069167614
4114,1,5,2,middle,0.9273457,0.91967857,-0.0076671243
4114,1,5,3,middle,0.9273457,0.8907715,-0.036574185
4114,1,5,4,last,0.9273457,0.93628377,0.008938074
1551,0,5,0,first,0.12121078,0.118484385,-0.0027263984
1551,0,5,1,middle,0.12121078,0.11964719,-0.0015635937
1551,0,5,2,middle,0.12121078,0.14103656,0.019825771
1551,0,5,3,middle,0.12121078,0.12701976,0.0058089793
1551,0,5,4,last,0.12121078,0.13737677,0.016165987
10126,1,5,0,first,0.96729314,0.9652786,-0.0020145178
10126,1,5,1,middle,0.96729314,0.9653229,-0.0019702315
10126,1,5,2,middle,0.96729314,0.96349794,-0.0037952065
10126,1,5,3,middle,0.96729314,0.964355,-0.0029381514
10126,1,5,4,last,0.96729314,0.96805567,0.0007625222
1184,0,5,0,first,0.92117864,0.9117602,-0.009418428
1184,0,5,1,middle,0.92117864,0.90156907,-0.01960957
1184,0,5,2,middle,0.92117864,0.90551955,-0.015659094
1184,0,5,3,middle,0.92117864,0.2015672,-0.7196114
1184,0,5,4,last,0.92117864,0.9528271,0.031648457
21808,1,5,0,first,0.7991678,0.30440935,-0.49475846
21808,1,5,1,middle,0.7991678,0.7762566,-0.022911191
21808,1,5,2,middle,0.7991678,0.85355264,0.054384828
21808,1,5,3,middle,0.7991678,0.89054114,0.091373324
21808,1,5,4,last,0.7991678,0.7992232,5.5372715e-05
29364,0,5,0,first,0.8311354,0.9025151,0.07137972
29364,0,5,1,middle,0.8311354,0.87736577,0.046230376
29364,0,5,2,middle,0.8311354,0.9012073,0.070071936
29364,0,5,3,middle,0.8311354,0.8460249,0.014889479
29364,0,5,4,last,0.8311354,0.05675465,-0.77438074
5725,0,5,0,first,0.114949144,0.10069666,-0.014252484
5725,0,5,1,middle,0.114949144,0.22042666,0.10547752
5725,0,5,2,middle,0.114949144,0.07883144,-0.036117703
5725,0,5,3,middle,0.114949144,0.07282539,-0.042123757
5725,0,5,4,last,0.114949144,0.15473014,0.039780997
1344,1,5,0,first,0.88395387,0.87825537,-0.005698502
1344,1,5,1,middle,0.88395387,0.89748853,0.013534665
1344,1,5,2,middle,0.88395387,0.89848876,0.014534891
1344,1,5,3,middle,0.88395387,0.9295856,0.045631707
1344,1,5,4,last,0.88395387,0.700634,-0.18331987
41244,1,5,0,first,0.6672257,0.18863203,-0.4785937
41244,1,5,1,middle,0.6672257,0.7943162,0.12709045
41244,1,5,2,middle,0.6672257,0.64025265,-0.026973069
41244,1,5,3,middle,0.6672257,0.8401421,0.17291635
41244,1,5,4,last,0.6672257,0.7039272,0.0367015
45645,0,5,0,first,0.1725328,0.23627768,0.06374489
45645,0,5,1,middle,0.1725328,0.059996083,-0.11253671
45645,0,5,2,middle,0.1725328,0.2308816,0.058348805
45645,0,5,3,middle,0.1725328,0.2576564,0.0851236
45645,0,5,4,last,0.1725328,0.13091278,-0.041620016
33410,1,5,0,first,0.66602653,0.73022217,0.06419563
33410,1,5,1,middle,0.66602653,0.72525555,0.059229016
33410,1,5,2,middle,0.66602653,0.6418711,-0.024155438
33410,1,5,3,middle,0.66602653,0.6293352,-0.036691308
33410,1,5,4,last,0.66602653,0.12399789,-0.54202867
280,0,5,0,first,0.68918663,0.3308544,-0.35833225
280,0,5,1,middle,0.68918663,0.61287934,-0.0763073
280,0,5,2,middle,0.68918663,0.65053606,-0.038650572
280,0,5,3,middle,0.68918663,0.45288724,-0.2362994
280,0,5,4,last,0.68918663,0.79640085,0.10721421
1682,1,5,0,first,0.7961772,0.934673,0.1384958
1682,1,5,1,middle,0.7961772,0.7804043,-0.01577288
1682,1,5,2,middle,0.7961772,0.6972761,-0.09890109
1682,1,5,3,middle,0.7961772,0.69452065,-0.101656556
1682,1,5,4,last,0.7961772,0.4079327,-0.3882445
171,1,4,0,first,0.91387546,0.84974986,-0.0641256
171,1,4,1,middle,0.91387546,0.54628587,-0.3675896
171,1,4,2,middle,0.91387546,0.88086236,-0.033013105
171,1,4,3,last,0.91387546,0.9341239,0.020248413
48667,1,5,0,first,0.41396087,0.27799004,-0.13597083
48667,1,5,1,middle,0.41396087,0.2966984,-0.11726248
48667,1,5,2,middle,0.41396087,0.53220314,0.118242264
48667,1,5,3,middle,0.41396087,0.37992403,-0.034036845
48667,1,5,4,last,0.41396087,0.40923786,-0.0047230124
25444,0,5,0,first,0.09092147,0.1035431,0.012621634
25444,0,5,1,middle,0.09092147,0.09537155,0.004450083
25444,0,5,2,middle,0.09092147,0.13259009,0.041668616
25444,0,5,3,middle,0.09092147,0.07167604,-0.01924543
25444,0,5,4,last,0.09092147,0.08847414,-0.0024473295
618,0,5,0,first,0.20502119,0.28481278,0.07979159
618,0,5,1,middle,0.20502119,0.14132692,-0.06369427
618,0,5,2,middle,0.20502119,0.28347144,0.07845025
618,0,5,3,middle,0.20502119,0.16819264,-0.036828548
618,0,5,4,last,0.20502119,0.18695976,-0.01806143
257,1,5,0,first,0.7374056,0.6484971,-0.08890849
257,1,5,1,middle,0.7374056,0.33211,-0.4052956
257,1,5,2,middle,0.7374056,0.7914509,0.05404532
257,1,5,3,middle,0.7374056,0.525013,-0.21239257
257,1,5,4,last,0.7374056,0.8574279,0.1200223
7774,1,5,0,first,0.96073556,0.9576887,-0.0030468702
7774,1,5,1,middle,0.96073556,0.95971096,-0.0010246038
7774,1,5,2,middle,0.96073556,0.9544163,-0.0063192844
7774,1,5,3,middle,0.96073556,0.9390433,-0.021692276
7774,1,5,4,last,0.96073556,0.94801337,-0.012722194
1798,0,5,0,first,0.11858496,0.21607736,0.0974924
1798,0,5,1,middle,0.11858496,0.07554192,-0.04304304
1798,0,5,2,middle,0.11858496,0.08583389,-0.03275107
1798,0,5,3,middle,0.11858496,0.15742743,0.03884247
1798,0,5,4,last,0.11858496,0.17489325,0.056308284
576,1,5,0,first,0.6210854,0.5511713,-0.0699141
576,1,5,1,middle,0.6210854,0.5783524,-0.042733014
576,1,5,2,middle,0.6210854,0.5849664,-0.036118984
576,1,5,3,middle,0.6210854,0.50009376,-0.12099165
576,1,5,4,last,0.6210854,0.5850701,-0.03601533
11173,0,5,0,first,0.7094292,0.086957864,-0.62247133
11173,0,5,1,middle,0.7094292,0.6268242,-0.082605004
11173,0,5,2,middle,0.7094292,0.7400366,0.030607402
11173,0,5,3,middle,0.7094292,0.5718905,-0.13753873
11173,0,5,4,last,0.7094292,0.8663878,0.15695858
52355,1,4,0,first,0.91113347,0.89255697,-0.018576503
52355,1,4,1,middle,0.91113347,0.9118774,0.0007439256
52355,1,4,2,middle,0.91113347,0.8844265,-0.026706994
52355,1,4,3,last,0.91113347,0.9022334,-0.008900046
1460,0,4,0,first,0.2681637,0.18860984,-0.07955387
1460,0,4,1,middle,0.2681637,0.29084188,0.022678167
1460,0,4,2,middle,0.2681637,0.15543118,-0.11273253
1460,0,4,3,last,0.2681637,0.4765796,0.2084159
2018,0,5,0,first,0.07835002,0.0786931,0.00034307688
2018,0,5,1,middle,0.07835002,0.06885435,-0.009495676
2018,0,5,2,middle,0.07835002,0.08642323,0.008073211
2018,0,5,3,middle,0.07835002,0.060312595,-0.018037427
2018,0,5,4,last,0.07835002,0.14742057,0.06907055
1783,1,5,0,first,0.0986254,0.10304437,0.004418969
1783,1,5,1,middle,0.0986254,0.098360695,-0.00026470423
1783,1,5,2,middle,0.0986254,0.111043155,0.012417756
1783,1,5,3,middle,0.0986254,0.09074807,-0.0078773275
1783,1,5,4,last,0.0986254,0.07230832,-0.026317082
275,1,5,0,first,0.68391585,0.67972547,-0.0041903853
275,1,5,1,middle,0.68391585,0.2810061,-0.40290976
275,1,5,2,middle,0.68391585,0.7245835,0.040667653
275,1,5,3,middle,0.68391585,0.6661957,-0.017720163
275,1,5,4,last,0.68391585,0.5974363,-0.086479545
40519,1,5,0,first,0.3634281,0.4500588,0.0866307
40519,1,5,1,middle,0.3634281,0.15553546,-0.20789263
40519,1,5,2,middle,0.3634281,0.3933728,0.029944718
40519,1,5,3,middle,0.3634281,0.2533349,-0.11009318
40519,1,5,4,last,0.3634281,0.38965562,0.026227534
28894,1,5,0,first,0.70611334,0.727417,0.021303654
28894,1,5,1,middle,0.70611334,0.7876534,0.08154005
28894,1,5,2,middle,0.70611334,0.7830964,0.076983035
28894,1,5,3,middle,0.70611334,0.14671762,-0.55939573
28894,1,5,4,last,0.70611334,0.71880895,0.0126956105
51808,0,5,0,first,0.04599272,0.04298045,-0.0030122697
51808,0,5,1,middle,0.04599272,0.050592445,0.004599724
51808,0,5,2,middle,0.04599272,0.046387404,0.00039468333
51808,0,5,3,middle,0.04599272,0.044837274,-0.0011554472
51808,0,5,4,last,0.04599272,0.046729423,0.00073670223
1678,1,5,0,first,0.919714,0.86764276,-0.052071214
1678,1,5,1,middle,0.919714,0.91424066,-0.0054733157
1678,1,5,2,middle,0.919714,0.9226994,0.0029854178
1678,1,5,3,middle,0.919714,0.93236953,0.012655556
1678,1,5,4,last,0.919714,0.9115995,-0.008114457
861,0,5,0,first,0.075471155,0.07597392,0.0005027652
861,0,5,1,middle,0.075471155,0.082615994,0.0071448386
861,0,5,2,middle,0.075471155,0.06909146,-0.0063796937
861,0,5,3,middle,0.075471155,0.06434353,-0.011127628
861,0,5,4,last,0.075471155,0.084821105,0.00934995
621,0,5,0,first,0.29955047,0.25501138,-0.044539094
621,0,5,1,middle,0.29955047,0.2137071,-0.08584337
621,0,5,2,middle,0.29955047,0.24687624,-0.052674234
621,0,5,3,middle,0.29955047,0.28356028,-0.015990198
621,0,5,4,last,0.29955047,0.45422983,0.15467936
1423,1,5,0,first,0.92457783,0.52981603,-0.3947618
1423,1,5,1,middle,0.92457783,0.9096966,-0.014881253
1423,1,5,2,middle,0.92457783,0.92442596,-0.00015187263
1423,1,5,3,middle,0.92457783,0.9272075,0.0026296973
1423,1,5,4,last,0.92457783,0.9304754,0.0058975816
53054,1,5,0,first,0.96472245,0.9548653,-0.009857178
53054,1,5,1,middle,0.96472245,0.9623295,-0.0023929477
53054,1,5,2,middle,0.96472245,0.96480745,8.499622e-05
53054,1,5,3,middle,0.96472245,0.9641666,-0.0005558729
53054,1,5,4,last,0.96472245,0.9625137,-0.0022087693
794,0,5,0,first,0.08495188,0.06629,-0.018661879
794,0,5,1,middle,0.08495188,0.07475807,-0.01019381
794,0,5,2,middle,0.08495188,0.10887589,0.023924015
794,0,5,3,middle,0.08495188,0.08033853,-0.0046133474
794,0,5,4,last,0.08495188,0.10620041,0.021248534
177,0,5,0,first,0.06689493,0.07132411,0.0044291764
177,0,5,1,middle,0.06689493,0.06859807,0.0017031357
177,0,5,2,middle,0.06689493,0.06350814,-0.0033867955
177,0,5,3,middle,0.06689493,0.06258711,-0.0043078214
177,0,5,4,last,0.06689493,0.07623869,0.009343758
1589,0,4,0,first,0.04890879,0.05289735,0.0039885603
1589,0,4,1,middle,0.04890879,0.05082225,0.0019134618
1589,0,4,2,middle,0.04890879,0.060923163,0.012014374
1589,0,4,3,last,0.04890879,0.048673347,-0.00023544207
35555,1,5,0,first,0.37556747,0.7287391,0.35317162
35555,1,5,1,middle,0.37556747,0.2263783,-0.14918916
35555,1,5,2,middle,0.37556747,0.2580941,-0.117473364
35555,1,5,3,middle,0.37556747,0.10897972,-0.26658773
35555,1,5,4,last,0.37556747,0.71264976,0.3370823
28697,1,5,0,first,0.9110797,0.91679394,0.0057142377
28697,1,5,1,middle,0.9110797,0.8972661,-0.013813615
28697,1,5,2,middle,0.9110797,0.86857706,-0.04250264
28697,1,5,3,middle,0.9110797,0.90863633,-0.0024433732
28697,1,5,4,last,0.9110797,0.57737935,-0.33370036
1169,0,4,0,first,0.291336,0.6869932,0.39565718
1169,0,4,1,middle,0.291336,0.22595513,-0.06538087
1169,0,4,2,middle,0.291336,0.04745973,-0.24387628
1169,0,4,3,last,0.291336,0.9263675,0.6350315
1050,1,5,0,first,0.923386,0.91979194,-0.0035940409
1050,1,5,1,middle,0.923386,0.917492,-0.0058940053
1050,1,5,2,middle,0.923386,0.9084127,-0.014973283
1050,1,5,3,middle,0.923386,0.9251552,0.0017692447
1050,1,5,4,last,0.923386,0.924802,0.0014160275
935,1,5,0,first,0.8929198,0.6548482,-0.23807156
935,1,5,1,middle,0.8929198,0.9279031,0.034983337
935,1,5,2,middle,0.8929198,0.7509716,-0.14194816
935,1,5,3,middle,0.8929198,0.8834906,-0.009429157
935,1,5,4,last,0.8929198,0.90260077,0.009680986
47718,0,5,0,first,0.07750024,0.08404153,0.0065412894
47718,0,5,1,middle,0.07750024,0.07257119,-0.004929051
47718,0,5,2,middle,0.07750024,0.083410785,0.0059105456
47718,0,5,3,middle,0.07750024,0.071719564,-0.0057806745
47718,0,5,4,last,0.07750024,0.08508122,0.0075809807
1613,0,4,0,first,0.40657717,0.42770153,0.021124363
1613,0,4,1,middle,0.40657717,0.39324898,-0.013328195
1613,0,4,2,middle,0.40657717,0.44336656,0.036789387
1613,0,4,3,last,0.40657717,0.4040915,-0.0024856627
40475,0,5,0,first,0.05872145,0.058953192,0.00023174286
40475,0,5,1,middle,0.05872145,0.06171451,0.0029930621
40475,0,5,2,middle,0.05872145,0.063852906,0.005131457
40475,0,5,3,middle,0.05872145,0.060595382,0.0018739328
40475,0,5,4,last,0.05872145,0.0582774,-0.00044405088
79,1,5,0,first,0.7159657,0.81556153,0.099595845
79,1,5,1,middle,0.7159657,0.4011542,-0.3148115
79,1,5,2,middle,0.7159657,0.6650697,-0.05089599
79,1,5,3,middle,0.7159657,0.34036905,-0.37559664
79,1,5,4,last,0.7159657,0.6192219,-0.09674376
677,0,5,0,first,0.7307715,0.621858,-0.10891348
677,0,5,1,middle,0.7307715,0.54885554,-0.18191594
677,0,5,2,middle,0.7307715,0.744192,0.013420522
677,0,5,3,middle,0.7307715,0.71890557,-0.011865914
677,0,5,4,last,0.7307715,0.65706056,-0.07371092
23399,1,5,0,first,0.7482421,0.811797,0.06355494
23399,1,5,1,middle,0.7482421,0.67999434,-0.068247736
23399,1,5,2,middle,0.7482421,0.6964332,-0.051808894
23399,1,5,3,middle,0.7482421,0.15088207,-0.59736
23399,1,5,4,last,0.7482421,0.5702234,-0.17801869
1256,0,5,0,first,0.118911855,0.10277674,-0.016135111
1256,0,5,1,middle,0.118911855,0.09888916,-0.020022698
1256,0,5,2,middle,0.118911855,0.31696805,0.19805619
1256,0,5,3,middle,0.118911855,0.10418137,-0.014730483
1256,0,5,4,last,0.118911855,0.10131071,-0.017601147
1741,1,5,0,first,0.92562765,0.8090075,-0.11662012
1741,1,5,1,middle,0.92562765,0.9376441,0.012016475
1741,1,5,2,middle,0.92562765,0.8831106,-0.042517066
1741,1,5,3,middle,0.92562765,0.8599908,-0.06563687
1741,1,5,4,last,0.92562765,0.91910654,-0.0065211058
1881,1,5,0,first,0.20202842,0.40232775,0.20029932
1881,1,5,1,middle,0.20202842,0.18615642,-0.015872002
1881,1,5,2,middle,0.20202842,0.09925044,-0.10277798
1881,1,5,3,middle,0.20202842,0.23328891,0.03126049
1881,1,5,4,last,0.20202842,0.17466177,-0.027366653
43101,1,5,0,first,0.8163017,0.8459015,0.029599786
43101,1,5,1,middle,0.8163017,0.32256085,-0.49374086
43101,1,5,2,middle,0.8163017,0.7893273,-0.02697438
43101,1,5,3,middle,0.8163017,0.78961897,-0.026682734
43101,1,5,4,last,0.8163017,0.89081603,0.07451433
10230,1,5,0,first,0.77635604,0.21294051,-0.5634155
10230,1,5,1,middle,0.77635604,0.526619,-0.24973702
10230,1,5,2,middle,0.77635604,0.68484867,-0.091507375
10230,1,5,3,middle,0.77635604,0.9168888,0.14053273
10230,1,5,4,last,0.77635604,0.81825656,0.041900516
22547,1,5,0,first,0.9683565,0.9678004,-0.00055611134
22547,1,5,1,middle,0.9683565,0.96608883,-0.0022676587
22547,1,5,2,middle,0.9683565,0.96655434,-0.0018021464
22547,1,5,3,middle,0.9683565,0.9686405,0.00028401613
22547,1,5,4,last,0.9683565,0.96705025,-0.0013062358
7174,1,5,0,first,0.96913725,0.9690467,-9.0539455e-05
7174,1,5,1,middle,0.96913725,0.96830934,-0.0008279085
7174,1,5,2,middle,0.96913725,0.9642946,-0.004842639
7174,1,5,3,middle,0.96913725,0.9692951,0.0001578331
7174,1,5,4,last,0.96913725,0.9684785,-0.00065875053
460,1,5,0,first,0.9396476,0.9485229,0.00887531
460,1,5,1,middle,0.9396476,0.9484374,0.008789778
460,1,5,2,middle,0.9396476,0.20342751,-0.7362201
460,1,5,3,middle,0.9396476,0.950705,0.011057377
460,1,5,4,last,0.9396476,0.93885446,-0.000793159
52124,1,5,0,first,0.96715397,0.967539,0.000385046
52124,1,5,1,middle,0.96715397,0.9674439,0.000289917
52124,1,5,2,middle,0.96715397,0.9685103,0.0013563633
52124,1,5,3,middle,0.96715397,0.95714015,-0.010013819
52124,1,5,4,last,0.96715397,0.95685923,-0.010294735
54772,0,5,0,first,0.065678775,0.09080865,0.025129877
54772,0,5,1,middle,0.065678775,0.05742128,-0.008257497
54772,0,5,2,middle,0.065678775,0.068866745,0.0031879693
54772,0,5,3,middle,0.065678775,0.057100065,-0.00857871
54772,0,5,4,last,0.065678775,0.10855159,0.042872816
477,1,5,0,first,0.1509825,0.13284832,-0.018134177
477,1,5,1,middle,0.1509825,0.18541677,0.034434274
477,1,5,2,middle,0.1509825,0.20332336,0.052340865
477,1,5,3,middle,0.1509825,0.11510923,-0.03587327
477,1,5,4,last,0.1509825,0.11805924,-0.03292326
25463,1,5,0,first,0.7649493,0.7810429,0.016093552
25463,1,5,1,middle,0.7649493,0.3078597,-0.45708963
25463,1,5,2,middle,0.7649493,0.57703686,-0.18791246
25463,1,5,3,middle,0.7649493,0.8425685,0.077619195
25463,1,5,4,last,0.7649493,0.8478171,0.0828678
1597,1,5,0,first,0.8376978,0.84038866,0.0026908517
1597,1,5,1,middle,0.8376978,0.80371517,-0.033982635
1597,1,5,2,middle,0.8376978,0.8093237,-0.028374076
1597,1,5,3,middle,0.8376978,0.8345895,-0.0031083226
1597,1,5,4,last,0.8376978,0.7990192,-0.038678586
33365,1,5,0,first,0.9548053,0.94060224,-0.014203072
33365,1,5,1,middle,0.9548053,0.953037,-0.001768291
33365,1,5,2,middle,0.9548053,0.958727,0.0039216876
33365,1,5,3,middle,0.9548053,0.6616614,-0.29314393
33365,1,5,4,last,0.9548053,0.95346975,-0.0013355613
37984,0,4,0,first,0.06658768,0.07088494,0.004297264
37984,0,4,1,middle,0.06658768,0.06948792,0.0029002428
37984,0,4,2,middle,0.06658768,0.0661359,-0.00045178086
37984,0,4,3,last,0.06658768,0.07853788,0.011950202
29592,0,2,0,first,0.043406285,0.041512236,-0.0018940493
29592,0,2,1,last,0.043406285,0.12024304,0.07683676
40261,0,5,0,first,0.2905277,0.27774498,-0.012782723
40261,0,5,1,middle,0.2905277,0.2554986,-0.035029113
40261,0,5,2,middle,0.2905277,0.21824138,-0.07228632
40261,0,5,3,middle,0.2905277,0.11630199,-0.17422572
40261,0,5,4,last,0.2905277,0.31228957,0.021761864
22828,1,5,0,first,0.9372172,0.9574353,0.020218134
22828,1,5,1,middle,0.9372172,0.68988895,-0.24732822
22828,1,5,2,middle,0.9372172,0.94497985,0.0077626705
22828,1,5,3,middle,0.9372172,0.93605274,-0.0011644363
22828,1,5,4,last,0.9372172,0.905906,-0.031311154
1459,0,5,0,first,0.18817389,0.26034385,0.07216996
1459,0,5,1,middle,0.18817389,0.1883781,0.00020420551
1459,0,5,2,middle,0.18817389,0.33426446,0.14609057
1459,0,5,3,middle,0.18817389,0.112657145,-0.075516745
1459,0,5,4,last,0.18817389,0.20929123,0.021117344
644,1,5,0,first,0.6393714,0.7346404,0.095269024
644,1,5,1,middle,0.6393714,0.5840842,-0.055287182
644,1,5,2,middle,0.6393714,0.6152157,-0.024155676
644,1,5,3,middle,0.6393714,0.42256275,-0.21680865
644,1,5,4,last,0.6393714,0.26489338,-0.374478
1366,0,5,0,first,0.1561282,0.30964208,0.15351388
1366,0,5,1,middle,0.1561282,0.1624357,0.0063074976
1366,0,5,2,middle,0.1561282,0.11909074,-0.037037455
1366,0,5,3,middle,0.1561282,0.18527743,0.029149234
1366,0,5,4,last,0.1561282,0.13297613,-0.023152068
1854,1,5,0,first,0.089837715,0.09428983,0.004452117
1854,1,5,1,middle,0.089837715,0.09018574,0.00034802407
1854,1,5,2,middle,0.089837715,0.09719252,0.0073548034
1854,1,5,3,middle,0.089837715,0.08762667,-0.0022110417
1854,1,5,4,last,0.089837715,0.12693913,0.037101418
42114,1,5,0,first,0.89976346,0.46534973,-0.43441373
42114,1,5,1,middle,0.89976346,0.8675586,-0.032204866
42114,1,5,2,middle,0.89976346,0.7762853,-0.123478174
42114,1,5,3,middle,0.89976346,0.92911994,0.02935648
42114,1,5,4,last,0.89976346,0.9010308,0.001267314
1382,0,5,0,first,0.10884985,0.11716845,0.008318596
1382,0,5,1,middle,0.10884985,0.089766584,-0.019083269
1382,0,5,2,middle,0.10884985,0.097671896,-0.011177957
1382,0,5,3,middle,0.10884985,0.14411645,0.035266593
1382,0,5,4,last,0.10884985,0.109994106,0.0011442527
36299,1,5,0,first,0.9673228,0.96803,0.0007071495
36299,1,5,1,middle,0.9673228,0.9648184,-0.0025044084
36299,1,5,2,middle,0.9673228,0.96799135,0.0006685257
36299,1,5,3,middle,0.9673228,0.9633973,-0.0039255023
36299,1,5,4,last,0.9673228,0.9647565,-0.0025663376
53136,1,5,0,first,0.92259437,0.9058247,-0.016769648
53136,1,5,1,middle,0.92259437,0.9113027,-0.011291683
53136,1,5,2,middle,0.92259437,0.89544207,-0.0271523
53136,1,5,3,middle,0.92259437,0.93256927,0.009974897
53136,1,5,4,last,0.92259437,0.9235214,0.00092703104
15337,1,5,0,first,0.9160148,0.9140232,-0.00199157
15337,1,5,1,middle,0.9160148,0.9497765,0.03376168
15337,1,5,2,middle,0.9160148,0.72662675,-0.18938804
15337,1,5,3,middle,0.9160148,0.90876234,-0.0072524548
15337,1,5,4,last,0.9160148,0.91956234,0.0035475492
2966,0,3,0,first,0.04654043,0.08658699,0.040046558
2966,0,3,1,middle,0.04654043,0.05010593,0.0035654977
2966,0,3,2,last,0.04654043,0.04666826,0.00012782961
38809,0,5,0,first,0.072417066,0.08849428,0.016077213
38809,0,5,1,middle,0.072417066,0.07487647,0.0024594069
38809,0,5,2,middle,0.072417066,0.12406517,0.051648103
38809,0,5,3,middle,0.072417066,0.055550564,-0.016866501
38809,0,5,4,last,0.072417066,0.054081336,-0.01833573
1132,1,5,0,first,0.34257504,0.27936363,-0.06321141
1132,1,5,1,middle,0.34257504,0.356571,0.013995945
1132,1,5,2,middle,0.34257504,0.27664313,-0.065931916
1132,1,5,3,middle,0.34257504,0.38105172,0.038476676
1132,1,5,4,last,0.34257504,0.14950359,-0.19307145
2317,1,5,0,first,0.7641982,0.5658237,-0.19837451
2317,1,5,1,middle,0.7641982,0.83353454,0.069336355
2317,1,5,2,middle,0.7641982,0.8269574,0.06275922
2317,1,5,3,middle,0.7641982,0.8056673,0.041469097
2317,1,5,4,last,0.7641982,0.10162412,-0.66257405
983,1,5,0,first,0.9349794,0.9024605,-0.032518864
983,1,5,1,middle,0.9349794,0.92057467,-0.014404714
983,1,5,2,middle,0.9349794,0.9012452,-0.033734202
983,1,5,3,middle,0.9349794,0.93707687,0.0020974874
983,1,5,4,last,0.9349794,0.93839455,0.0034151673
915,0,5,0,first,0.068889566,0.06891873,2.9161572e-05
915,0,5,1,middle,0.068889566,0.061592817,-0.0072967485
915,0,5,2,middle,0.068889566,0.07510784,0.006218277
915,0,5,3,middle,0.068889566,0.07218464,0.0032950714
915,0,5,4,last,0.068889566,0.0765398,0.007650234
19811,1,5,0,first,0.54741853,0.15444934,-0.3929692
19811,1,5,1,middle,0.54741853,0.17715962,-0.37025893
19811,1,5,2,middle,0.54741853,0.6754406,0.12802207
19811,1,5,3,middle,0.54741853,0.4069003,-0.14051825
19811,1,5,4,last,0.54741853,0.8604928,0.3130743
529,1,5,0,first,0.80298126,0.77737147,-0.025609791
529,1,5,1,middle,0.80298126,0.7790022,-0.023979068
529,1,5,2,middle,0.80298126,0.66298586,-0.1399954
529,1,5,3,middle,0.80298126,0.7225842,-0.08039707
529,1,5,4,last,0.80298126,0.81310755,0.010126293
1300,0,5,0,first,0.42906073,0.6909181,0.26185736
1300,0,5,1,middle,0.42906073,0.12757069,-0.30149004
1300,0,5,2,middle,0.42906073,0.65015423,0.2210935
1300,0,5,3,middle,0.42906073,0.4674819,0.038421184
1300,0,5,4,last,0.42906073,0.6144513,0.18539056
30201,0,4,0,first,0.8710058,0.7662599,-0.104745865
30201,0,4,1,middle,0.8710058,0.90652347,0.035517693
30201,0,4,2,middle,0.8710058,0.68286216,-0.18814361
30201,0,4,3,last,0.8710058,0.5779146,-0.29309118
43373,0,4,0,first,0.1189622,0.08531473,-0.03364747
43373,0,4,1,middle,0.1189622,0.061817355,-0.057144843
43373,0,4,2,middle,0.1189622,0.14790054,0.028938338
43373,0,4,3,last,0.1189622,0.1489724,0.030010208
121,1,5,0,first,0.07575412,0.07103167,-0.0047224537
121,1,5,1,middle,0.07575412,0.07785264,0.0020985156
121,1,5,2,middle,0.07575412,0.06530272,-0.010451399
121,1,5,3,middle,0.07575412,0.08774501,0.01199089
121,1,5,4,last,0.07575412,0.093678325,0.017924204
1644,0,5,0,first,0.054712217,0.044712152,-0.010000065
1644,0,5,1,middle,0.054712217,0.06564308,0.010930862
1644,0,5,2,middle,0.054712217,0.068881944,0.0141697265
1644,0,5,3,middle,0.054712217,0.05005751,-0.0046547055
1644,0,5,4,last,0.054712217,0.05910071,0.0043884926
119,0,5,0,first,0.60332614,0.1389752,-0.46435094
119,0,5,1,middle,0.60332614,0.7935539,0.19022775
119,0,5,2,middle,0.60332614,0.35976374,-0.2435624
119,0,5,3,middle,0.60332614,0.63050216,0.027176023
119,0,5,4,last,0.60332614,0.77661574,0.1732896
467,0,5,0,first,0.22219174,0.26732427,0.045132533
467,0,5,1,middle,0.22219174,0.09148002,-0.13071172
467,0,5,2,middle,0.22219174,0.15253466,-0.06965707
467,0,5,3,middle,0.22219174,0.3236521,0.10146035
467,0,5,4,last,0.22219174,0.25442293,0.032231197
21072,0,5,0,first,0.5264667,0.50165814,-0.024808586
21072,0,5,1,middle,0.5264667,0.61605346,0.089586735
21072,0,5,2,middle,0.5264667,0.2652089,-0.26125783
21072,0,5,3,middle,0.5264667,0.20262334,-0.3238434
21072,0,5,4,last,0.5264667,0.6111521,0.084685385
18787,1,5,0,first,0.045903675,0.051640373,0.0057366975
18787,1,5,1,middle,0.045903675,0.043165777,-0.0027378984
18787,1,5,2,middle,0.045903675,0.047223665,0.0013199896
18787,1,5,3,middle,0.045903675,0.0535861,0.007682424
18787,1,5,4,last,0.045903675,0.051806264,0.0059025884
1569,1,5,0,first,0.050023384,0.04756346,-0.0024599247
1569,1,5,1,middle,0.050023384,0.05185021,0.0018268265
1569,1,5,2,middle,0.050023384,0.051111773,0.0010883883
1569,1,5,3,middle,0.050023384,0.05318213,0.0031587444
1569,1,5,4,last,0.050023384,0.052403677,0.0023802929
2270,1,5,0,first,0.05913028,0.06059724,0.0014669597
2270,1,5,1,middle,0.05913028,0.05759105,-0.0015392303
2270,1,5,2,middle,0.05913028,0.06673325,0.0076029673
2270,1,5,3,middle,0.05913028,0.058896694,-0.00023358688
2270,1,5,4,last,0.05913028,0.05514887,-0.0039814115
40735,0,5,0,first,0.06376978,0.06966303,0.005893253
40735,0,5,1,middle,0.06376978,0.070725486,0.0069557056
40735,0,5,2,middle,0.06376978,0.070597194,0.006827414
40735,0,5,3,middle,0.06376978,0.061458796,-0.0023109838
40735,0,5,4,last,0.06376978,0.08287681,0.019107029
12428,1,5,0,first,0.95112824,0.9431007,-0.008027554
12428,1,5,1,middle,0.95112824,0.9454483,-0.005679965
12428,1,5,2,middle,0.95112824,0.9168454,-0.034282863
12428,1,5,3,middle,0.95112824,0.8683906,-0.082737625
12428,1,5,4,last,0.95112824,0.96045715,0.009328902
233,0,5,0,first,0.20751335,0.27254587,0.06503253
233,0,5,1,middle,0.20751335,0.16165616,-0.04585719
233,0,5,2,middle,0.20751335,0.17876431,-0.028749034
233,0,5,3,middle,0.20751335,0.31959233,0.11207898
233,0,5,4,last,0.20751335,0.17684036,-0.030672982
875,1,4,0,first,0.9362491,0.9281673,-0.008081794
875,1,4,1,middle,0.9362491,0.65362525,-0.28262383
875,1,4,2,middle,0.9362491,0.9365452,0.00029611588
875,1,4,3,last,0.9362491,0.9197185,-0.016530573
1654,1,5,0,first,0.54857975,0.1060008,-0.44257894
1654,1,5,1,middle,0.54857975,0.5906878,0.04210806
1654,1,5,2,middle,0.54857975,0.7326738,0.18409407
1654,1,5,3,middle,0.54857975,0.15483399,-0.39374578
1654,1,5,4,last,0.54857975,0.45659345,-0.0919863
661,1,5,0,first,0.06641194,0.070841655,0.004429713
661,1,5,1,middle,0.06641194,0.06607002,-0.00034192204
661,1,5,2,middle,0.06641194,0.064233676,-0.0021782666
661,1,5,3,middle,0.06641194,0.060192518,-0.0062194243
661,1,5,4,last,0.06641194,0.06286439,-0.0035475492
51034,1,5,0,first,0.96392316,0.9622158,-0.001707375
51034,1,5,1,middle,0.96392316,0.96169096,-0.002232194
51034,1,5,2,middle,0.96392316,0.9408824,-0.023040771
51034,1,5,3,middle,0.96392316,0.96551245,0.0015892982
51034,1,5,4,last,0.96392316,0.9629793,-0.00094383955
26193,1,5,0,first,0.2629318,0.24558568,-0.017346114
26193,1,5,1,middle,0.2629318,0.3412573,0.07832551
26193,1,5,2,middle,0.2629318,0.19570436,-0.06722744
26193,1,5,3,middle,0.2629318,0.10058757,-0.16234422
26193,1,5,4,last,0.2629318,0.4073721,0.1444403
12446,0,5,0,first,0.10393004,0.08833678,-0.0155932605
12446,0,5,1,middle,0.10393004,0.09453326,-0.009396784
12446,0,5,2,middle,0.10393004,0.21566355,0.11173351
12446,0,5,3,middle,0.10393004,0.11929024,0.015360199
12446,0,5,4,last,0.10393004,0.099002905,-0.004927136
12083,0,4,0,first,0.098404765,0.1060008,0.0075960383
12083,0,4,1,middle,0.098404765,0.12232178,0.023917012
12083,0,4,2,middle,0.098404765,0.10410841,0.005703643
12083,0,4,3,last,0.098404765,0.09559341,-0.0028113574
413,1,5,0,first,0.84071434,0.8549949,0.014280558
413,1,5,1,middle,0.84071434,0.87887305,0.038158715
413,1,5,2,middle,0.84071434,0.77517563,-0.065538704
413,1,5,3,middle,0.84071434,0.28970397,-0.5510104
413,1,5,4,last,0.84071434,0.91002244,0.0693081
241,0,5,0,first,0.5782632,0.39870757,-0.17955565
241,0,5,1,middle,0.5782632,0.7696096,0.19134635
241,0,5,2,middle,0.5782632,0.6503534,0.07209015
241,0,5,3,middle,0.5782632,0.053439233,-0.52482396
241,0,5,4,last,0.5782632,0.5339913,-0.044271946
1329,1,5,0,first,0.94424,0.9344835,-0.009756446
1329,1,5,1,middle,0.94424,0.9148656,-0.029374361
1329,1,5,2,middle,0.94424,0.9435703,-0.0006696582
1329,1,5,3,middle,0.94424,0.93194497,-0.012295008
1329,1,5,4,last,0.94424,0.9287664,-0.015473545
1029,0,5,0,first,0.8087201,0.8496584,0.040938318
1029,0,5,1,middle,0.8087201,0.5796413,-0.22907883
1029,0,5,2,middle,0.8087201,0.7294821,-0.079238
1029,0,5,3,middle,0.8087201,0.05748734,-0.75123274
1029,0,5,4,last,0.8087201,0.9105765,0.10185641
1263,1,5,0,first,0.9428289,0.8931716,-0.049657285
1263,1,5,1,middle,0.9428289,0.93873423,-0.0040946603
1263,1,5,2,middle,0.9428289,0.9439446,0.0011156797
1263,1,5,3,middle,0.9428289,0.93193585,-0.010893047
1263,1,5,4,last,0.9428289,0.94042,-0.0024089217
10612,1,5,0,first,0.11118017,0.076983005,-0.034197167
10612,1,5,1,middle,0.11118017,0.09412905,-0.017051123
10612,1,5,2,middle,0.11118017,0.11437829,0.003198117
10612,1,5,3,middle,0.11118017,0.102383845,-0.008796327
10612,1,5,4,last,0.11118017,0.1139224,0.002742231
1115,1,5,0,first,0.94827765,0.9120235,-0.036254168
1115,1,5,1,middle,0.94827765,0.9458508,-0.0024268627
1115,1,5,2,middle,0.94827765,0.9400629,-0.008214772
1115,1,5,3,middle,0.94827765,0.92476743,-0.023510218
1115,1,5,4,last,0.94827765,0.94285876,-0.0054188967
1094,1,5,0,first,0.8228439,0.8852957,0.06245178
1094,1,5,1,middle,0.8228439,0.9018311,0.07898718
1094,1,5,2,middle,0.8228439,0.62677056,-0.19607335
1094,1,5,3,middle,0.8228439,0.8820735,0.059229612
1094,1,5,4,last,0.8228439,0.6234948,-0.1993491
701,0,3,0,first,0.13573174,0.12815408,-0.0075776577
701,0,3,1,middle,0.13573174,0.1410546,0.0053228587
701,0,3,2,last,0.13573174,0.20586784,0.0701361
1318,1,5,0,first,0.1842403,0.18280472,-0.0014355779
1318,1,5,1,middle,0.1842403,0.15340075,-0.030839548
1318,1,5,2,middle,0.1842403,0.21211524,0.027874947
1318,1,5,3,middle,0.1842403,0.08150637,-0.102733925
1318,1,5,4,last,0.1842403,0.27265972,0.08841942
684,1,5,0,first,0.9632447,0.8988282,-0.06441647
684,1,5,1,middle,0.9632447,0.96237147,-0.00087320805
684,1,5,2,middle,0.9632447,0.96458477,0.0013400912
684,1,5,3,middle,0.9632447,0.9625573,-0.00068736076
684,1,5,4,last,0.9632447,0.95752484,-0.0057198405
25271,0,5,0,first,0.65768623,0.6177018,-0.039984405
25271,0,5,1,middle,0.65768623,0.7068972,0.049210966
25271,0,5,2,middle,0.65768623,0.7207184,0.06303215
25271,0,5,3,middle,0.65768623,0.40321606,-0.25447017
25271,0,5,4,last,0.65768623,0.65149647,-0.0061897635
45580,0,5,0,first,0.18635894,0.3587784,0.17241944
45580,0,5,1,middle,0.18635894,0.13780834,-0.048550606
45580,0,5,2,middle,0.18635894,0.19087164,0.0045126975
45580,0,5,3,middle,0.18635894,0.14885768,-0.03750126
45580,0,5,4,last,0.18635894,0.121751234,-0.06460771
755,0,5,0,first,0.36562145,0.14620608,-0.21941537
755,0,5,1,middle,0.36562145,0.48886487,0.12324342
755,0,5,2,middle,0.36562145,0.16770577,-0.19791567
755,0,5,3,middle,0.36562145,0.49868026,0.13305882
755,0,5,4,last,0.36562145,0.19131775,-0.1743037
357,1,5,0,first,0.62846327,0.41671348,-0.21174979
357,1,5,1,middle,0.62846327,0.6330807,0.0046174526
357,1,5,2,middle,0.62846327,0.70506126,0.07659799
357,1,5,3,middle,0.62846327,0.5307219,-0.097741365
357,1,5,4,last,0.62846327,0.7108187,0.08235544
323,1,5,0,first,0.9597374,0.7395856,-0.22015184
323,1,5,1,middle,0.9597374,0.9549914,-0.00474602
323,1,5,2,middle,0.9597374,0.95051557,-0.009221852
323,1,5,3,middle,0.9597374,0.9621201,0.0023826957
323,1,5,4,last,0.9597374,0.96060103,0.0008636117
1012,1,5,0,first,0.95993114,0.96060103,0.0006698966
1012,1,5,1,middle,0.95993114,0.8440773,-0.115853846
1012,1,5,2,middle,0.95993114,0.9562998,-0.0036313534
1012,1,5,3,middle,0.95993114,0.95463634,-0.0052948
1012,1,5,4,last,0.95993114,0.96314913,0.0032179952
16162,0,5,0,first,0.058995754,0.06869614,0.009700388
16162,0,5,1,middle,0.058995754,0.06202784,0.0030320883
16162,0,5,2,middle,0.058995754,0.058250066,-0.00074568763
16162,0,5,3,middle,0.058995754,0.0592861,0.0002903454
16162,0,5,4,last,0.058995754,0.068589665,0.0095939115
1404,0,5,0,first,0.106812835,0.117643006,0.010830171
1404,0,5,1,middle,0.106812835,0.2267382,0.119925365
1404,0,5,2,middle,0.106812835,0.1052528,-0.0015600324
1404,0,5,3,middle,0.106812835,0.1011893,-0.0056235343
1404,0,5,4,last,0.106812835,0.12186832,0.015055485
5671,1,5,0,first,0.48048747,0.74651736,0.2660299
5671,1,5,1,middle,0.48048747,0.3184799,-0.16200757
5671,1,5,2,middle,0.48048747,0.3982228,-0.08226466
5671,1,5,3,middle,0.48048747,0.54930687,0.0688194
5671,1,5,4,last,0.48048747,0.38577572,-0.09471175
402,1,5,0,first,0.17215285,0.19760276,0.025449917
402,1,5,1,middle,0.17215285,0.21254826,0.04039541
402,1,5,2,middle,0.17215285,0.23555715,0.06340431
402,1,5,3,middle,0.17215285,0.11447081,-0.057682037
402,1,5,4,last,0.17215285,0.18515734,0.013004497
51229,0,5,0,first,0.074672855,0.06583926,-0.008833595
51229,0,5,1,middle,0.074672855,0.090910345,0.01623749
51229,0,5,2,middle,0.074672855,0.07446201,-0.00021084398
51229,0,5,3,middle,0.074672855,0.08402315,0.009350292
51229,0,5,4,last,0.074672855,0.06464335,-0.010029502
6017,1,5,0,first,0.61737293,0.7651742,0.14780128
6017,1,5,1,middle,0.61737293,0.54600555,-0.07136738
6017,1,5,2,middle,0.61737293,0.72513664,0.10776371
6017,1,5,3,middle,0.61737293,0.6360072,0.01863426
6017,1,5,4,last,0.61737293,0.7092483,0.091875374
99,1,5,0,first,0.93537074,0.5033941,-0.43197662
99,1,5,1,middle,0.93537074,0.92995334,-0.0054174066
99,1,5,2,middle,0.93537074,0.9024032,-0.032967567
99,1,5,3,middle,0.93537074,0.93859076,0.0032200217
99,1,5,4,last,0.93537074,0.9276258,-0.007744968
38391,1,5,0,first,0.5177656,0.5759681,0.058202505
38391,1,5,1,middle,0.5177656,0.4088832,-0.10888237
38391,1,5,2,middle,0.5177656,0.53290135,0.015135765
38391,1,5,3,middle,0.5177656,0.42085987,-0.09690571
38391,1,5,4,last,0.5177656,0.44414327,-0.073622316
27334,0,5,0,first,0.061766528,0.05973237,-0.0020341575
27334,0,5,1,middle,0.061766528,0.048947237,-0.01281929
27334,0,5,2,middle,0.061766528,0.09577451,0.03400798
27334,0,5,3,middle,0.061766528,0.063992396,0.0022258684
27334,0,5,4,last,0.061766528,0.06803442,0.0062678903
42869,1,5,0,first,0.6866933,0.64827603,-0.03841728
42869,1,5,1,middle,0.6866933,0.7792879,0.092594564
42869,1,5,2,middle,0.6866933,0.6245458,-0.062147498
42869,1,5,3,middle,0.6866933,0.15110849,-0.5355848
42869,1,5,4,last,0.6866933,0.6775821,-0.009111226
37419,1,5,0,first,0.91740227,0.8924896,-0.024912655
37419,1,5,1,middle,0.91740227,0.92218214,0.0047798753
37419,1,5,2,middle,0.91740227,0.8542857,-0.06311655
37419,1,5,3,middle,0.91740227,0.87667817,-0.0407241
37419,1,5,4,last,0.91740227,0.63497823,-0.28242403
36261,1,5,0,first,0.96960956,0.96966726,5.7697296e-05
36261,1,5,1,middle,0.96960956,0.9693739,-0.00023567677
36261,1,5,2,middle,0.96960956,0.96730965,-0.0022999048
36261,1,5,3,middle,0.96960956,0.9694717,-0.00013786554
36261,1,5,4,last,0.96960956,0.96925193,-0.00035762787
439,0,5,0,first,0.9514601,0.9628149,0.011354804
439,0,5,1,middle,0.9514601,0.89734113,-0.05411899
439,0,5,2,middle,0.9514601,0.95125437,-0.00020575523
439,0,5,3,middle,0.9514601,0.9394941,-0.01196605
439,0,5,4,last,0.9514601,0.90152526,-0.049934864
1795,0,5,0,first,0.35268977,0.14172956,-0.21096021
1795,0,5,1,middle,0.35268977,0.2806357,-0.07205406
1795,0,5,2,middle,0.35268977,0.16953158,-0.18315819
1795,0,5,3,middle,0.35268977,0.38992435,0.037234575
1795,0,5,4,last,0.35268977,0.7637801,0.41109034
620,1,5,0,first,0.84777105,0.7751449,-0.07262617
620,1,5,1,middle,0.84777105,0.824197,-0.023574054
620,1,5,2,middle,0.84777105,0.769514,-0.078257024
620,1,5,3,middle,0.84777105,0.8975398,0.049768746
620,1,5,4,last,0.84777105,0.2935417,-0.5542294
678,0,5,0,first,0.06734215,0.06968767,0.0023455247
678,0,5,1,middle,0.06734215,0.05486664,-0.0124755055
678,0,5,2,middle,0.06734215,0.07750801,0.010165863
678,0,5,3,middle,0.06734215,0.08294238,0.015600234
678,0,5,4,last,0.06734215,0.0820642,0.014722049
446,1,5,0,first,0.9375405,0.918021,-0.019519448
446,1,5,1,middle,0.9375405,0.9128537,-0.024686754
446,1,5,2,middle,0.9375405,0.945276,0.0077355504
446,1,5,3,middle,0.9375405,0.9436738,0.006133318
446,1,5,4,last,0.9375405,0.8335286,-0.10401189
1147,1,5,0,first,0.96393734,0.9634301,-0.0005072355
1147,1,5,1,middle,0.96393734,0.9653669,0.0014295578
1147,1,5,2,middle,0.96393734,0.9634968,-0.00044053793
1147,1,5,3,middle,0.96393734,0.8517929,-0.11214447
1147,1,5,4,last,0.96393734,0.9642972,0.00035983324
1426,1,5,0,first,0.82473046,0.7014472,-0.12328327
1426,1,5,1,middle,0.82473046,0.8620611,0.037330627
1426,1,5,2,middle,0.82473046,0.821482,-0.0032484531
1426,1,5,3,middle,0.82473046,0.8249167,0.00018626451
1426,1,5,4,last,0.82473046,0.6054531,-0.21927738
46932,1,5,0,first,0.95058095,0.9513945,0.0008135438
46932,1,5,1,middle,0.95058095,0.8455648,-0.10501617
46932,1,5,2,middle,0.95058095,0.96210444,0.011523485
46932,1,5,3,middle,0.95058095,0.91777146,-0.032809496
46932,1,5,4,last,0.95058095,0.94067115,-0.009909809
11736,0,5,0,first,0.078979455,0.046821393,-0.03215806
11736,0,5,1,middle,0.078979455,0.23006816,0.15108871
11736,0,5,2,middle,0.078979455,0.08584932,0.0068698674
11736,0,5,3,middle,0.078979455,0.08400816,0.0050287023
11736,0,5,4,last,0.078979455,0.1198286,0.04084914
1304,1,5,0,first,0.4665275,0.6953344,0.22880688
1304,1,5,1,middle,0.4665275,0.14827013,-0.31825736
1304,1,5,2,middle,0.4665275,0.41850942,-0.048018068
1304,1,5,3,middle,0.4665275,0.6433301,0.1768026
1304,1,5,4,last,0.4665275,0.41306725,-0.05346024
95,0,4,0,first,0.8086566,0.9016206,0.09296405
95,0,4,1,middle,0.8086566,0.6596999,-0.14895666
95,0,4,2,middle,0.8086566,0.9126387,0.10398215
95,0,4,3,last,0.8086566,0.31104875,-0.49760783
193,0,4,0,first,0.07147978,0.07010713,-0.0013726503
193,0,4,1,middle,0.07147978,0.057453863,-0.014025919
193,0,4,2,middle,0.07147978,0.10152574,0.030045956
193,0,4,3,last,0.07147978,0.08761732,0.01613754
957,1,5,0,first,0.9582565,0.8984493,-0.05980718
957,1,5,1,middle,0.9582565,0.95609266,-0.0021638274
957,1,5,2,middle,0.9582565,0.9564507,-0.0018057823
957,1,5,3,middle,0.9582565,0.8714059,-0.08685058
957,1,5,4,last,0.9582565,0.9648578,0.0066013336
1006,1,5,0,first,0.91719574,0.9401399,0.022944152
1006,1,5,1,middle,0.91719574,0.9360033,0.01880759
1006,1,5,2,middle,0.91719574,0.9061435,-0.011052251
1006,1,5,3,middle,0.91719574,0.9384006,0.021204889
1006,1,5,4,last,0.91719574,0.16688022,-0.75031555
52228,0,4,0,first,0.052377053,0.044152927,-0.008224126
52228,0,4,1,middle,0.052377053,0.05121349,-0.0011635609
52228,0,4,2,middle,0.052377053,0.07423388,0.02185683
52228,0,4,3,last,0.052377053,0.054800443,0.0024233907
10510,1,4,0,first,0.9648985,0.95526934,-0.00962919
10510,1,4,1,middle,0.9648985,0.8868367,-0.07806182
10510,1,4,2,middle,0.9648985,0.9647057,-0.00019282103
10510,1,4,3,last,0.9648985,0.96490973,1.1205673e-05
28924,0,5,0,first,0.04659076,0.045964032,-0.00062672794
28924,0,5,1,middle,0.04659076,0.051913884,0.005323123
28924,0,5,2,middle,0.04659076,0.04820934,0.001618579
28924,0,5,3,middle,0.04659076,0.047948003,0.0013572425
28924,0,5,4,last,0.04659076,0.07003422,0.02344346
29061,0,5,0,first,0.04037536,0.044334013,0.0039586537
29061,0,5,1,middle,0.04037536,0.041058917,0.00068355724
29061,0,5,2,middle,0.04037536,0.041519113,0.0011437535
29061,0,5,3,middle,0.04037536,0.04149046,0.0011151023
29061,0,5,4,last,0.04037536,0.046494566,0.0061192065
41376,1,5,0,first,0.85534614,0.8895005,0.034154356
41376,1,5,1,middle,0.85534614,0.6578545,-0.19749165
41376,1,5,2,middle,0.85534614,0.90864944,0.0533033
41376,1,5,3,middle,0.85534614,0.87484366,0.019497514
41376,1,5,4,last,0.85534614,0.8144968,-0.040849328
45791,1,5,0,first,0.87422687,0.53705806,-0.3371688
45791,1,5,1,middle,0.87422687,0.8707367,-0.00349015
45791,1,5,2,middle,0.87422687,0.8647547,-0.009472191
45791,1,5,3,middle,0.87422687,0.8737898,-0.00043708086
45791,1,5,4,last,0.87422687,0.8599908,-0.014236093
13727,1,4,0,first,0.5662514,0.7136398,0.1473884
13727,1,4,1,middle,0.5662514,0.6834527,0.11720133
13727,1,4,2,middle,0.5662514,0.3322301,-0.2340213
13727,1,4,3,last,0.5662514,0.32058993,-0.24566147
49767,0,5,0,first,0.080818355,0.10610937,0.025291018
49767,0,5,1,middle,0.080818355,0.062229034,-0.018589322
49767,0,5,2,middle,0.080818355,0.071032144,-0.009786211
49767,0,5,3,middle,0.080818355,0.096508764,0.015690409
49767,0,5,4,last,0.080818355,0.09050611,0.0096877515
81,1,5,0,first,0.56689334,0.43455598,-0.13233736
81,1,5,1,middle,0.56689334,0.19840002,-0.36849332
81,1,5,2,middle,0.56689334,0.3501977,-0.21669564
81,1,5,3,middle,0.56689334,0.54841846,-0.018474877
81,1,5,4,last,0.56689334,0.49829116,-0.068602175
272,1,5,0,first,0.08571776,0.12971462,0.043996863
272,1,5,1,middle,0.08571776,0.08589749,0.00017973036
272,1,5,2,middle,0.08571776,0.08870536,0.0029876009
272,1,5,3,middle,0.08571776,0.08280965,-0.0029081106
272,1,5,4,last,0.08571776,0.08909781,0.0033800527
53409,0,5,0,first,0.046685234,0.0480428,0.0013575666
53409,0,5,1,middle,0.046685234,0.04866795,0.001982715
53409,0,5,2,middle,0.046685234,0.048140664,0.0014554299
53409,0,5,3,middle,0.046685234,0.047261607,0.0005763732
53409,0,5,4,last,0.046685234,0.056261357,0.009576123
51387,0,5,0,first,0.867015,0.0666251,-0.8003899
51387,0,5,1,middle,0.867015,0.89722204,0.030207038
51387,0,5,2,middle,0.867015,0.91873306,0.051718056
51387,0,5,3,middle,0.867015,0.8833749,0.016359925
51387,0,5,4,last,0.867015,0.9001738,0.03315878
1976,0,5,0,first,0.83320117,0.7993988,-0.03380239
1976,0,5,1,middle,0.83320117,0.694794,-0.13840717
1976,0,5,2,middle,0.83320117,0.9198979,0.086696744
1976,0,5,3,middle,0.83320117,0.48947477,-0.3437264
1976,0,5,4,last,0.83320117,0.91611195,0.082910776
39216,0,4,0,first,0.046972435,0.047390424,0.00041798875
39216,0,4,1,middle,0.046972435,0.043566808,-0.0034056269
39216,0,4,2,middle,0.046972435,0.06601262,0.019040186
39216,0,4,3,last,0.046972435,0.045383807,-0.0015886277
1814,0,3,0,first,0.046104,0.049577955,0.0034739561
1814,0,3,1,middle,0.046104,0.045857083,-0.00024691597
1814,0,3,2,last,0.046104,0.045137864,-0.0009661354
1436,1,5,0,first,0.968187,0.96858,0.00039303303
1436,1,5,1,middle,0.968187,0.9611776,-0.007009387
1436,1,5,2,middle,0.968187,0.9664697,-0.0017172694
1436,1,5,3,middle,0.968187,0.96737635,-0.00081062317
1436,1,5,4,last,0.968187,0.9673603,-0.0008266568
1866,0,5,0,first,0.846032,0.24846995,-0.5975621
1866,0,5,1,middle,0.846032,0.7744183,-0.07161373
1866,0,5,2,middle,0.846032,0.85437316,0.008341134
1866,0,5,3,middle,0.846032,0.80843776,-0.03759426
1866,0,5,4,last,0.846032,0.93100125,0.08496922
249,0,5,0,first,0.17555512,0.11450784,-0.061047286
249,0,5,1,middle,0.17555512,0.21987095,0.04431583
249,0,5,2,middle,0.17555512,0.25431895,0.07876383
249,0,5,3,middle,0.17555512,0.14101522,-0.03453991
249,0,5,4,last,0.17555512,0.19608988,0.020534754
264,0,5,0,first,0.08305605,0.160129,0.07707295
264,0,5,1,middle,0.08305605,0.09019282,0.0071367696
264,0,5,2,middle,0.08305605,0.06860407,-0.014451981
264,0,5,3,middle,0.08305605,0.0949767,0.011920653
264,0,5,4,last,0.08305605,0.07677842,-0.0062776282
14186,1,5,0,first,0.5572661,0.6167506,0.05948448
14186,1,5,1,middle,0.5572661,0.46924534,-0.08802077
14186,1,5,2,middle,0.5572661,0.55992436,0.002658248
14186,1,5,3,middle,0.5572661,0.659589,0.10232288
14186,1,5,4,last,0.5572661,0.19253713,-0.364729
390,0,5,0,first,0.50818354,0.6615756,0.15339208
390,0,5,1,middle,0.50818354,0.7528497,0.24466616
390,0,5,2,middle,0.50818354,0.6840095,0.17582595
390,0,5,3,middle,0.50818354,0.30078685,-0.20739669
390,0,5,4,last,0.50818354,0.24331936,-0.26486418
1095,0,5,0,first,0.06466152,0.065616995,0.00095547736
1095,0,5,1,middle,0.06466152,0.0925292,0.027867682
1095,0,5,2,middle,0.06466152,0.07254397,0.0078824535
1095,0,5,3,middle,0.06466152,0.07285962,0.008198105
1095,0,5,4,last,0.06466152,0.06422673,-0.00043478608
40,1,6,0,first,0.5883477,0.85043645,0.26208878
40,1,6,1,middle,0.5883477,0.6289762,0.040628552
40,1,6,2,middle,0.5883477,0.4889349,-0.09941277
40,1,6,3,middle,0.5883477,0.56992644,-0.018421233
40,1,6,4,middle,0.5883477,0.52594256,-0.06240511
40,1,6,5,last,0.5883477,0.0646455,-0.52370214
664,1,5,0,first,0.5582923,0.63943315,0.081140816
664,1,5,1,middle,0.5582923,0.548833,-0.009459317
664,1,5,2,middle,0.5582923,0.60223204,0.04393971
664,1,5,3,middle,0.5582923,0.579375,0.0210827
664,1,5,4,last,0.5582923,0.18528001,-0.3730123
51985,0,5,0,first,0.65611905,0.28703564,-0.3690834
51985,0,5,1,middle,0.65611905,0.81810594,0.16198689
51985,0,5,2,middle,0.65611905,0.8784608,0.22234178
51985,0,5,3,middle,0.65611905,0.7621925,0.10607344
51985,0,5,4,last,0.65611905,0.18311931,-0.47299975
996,0,5,0,first,0.063822754,0.065270886,0.0014481321
996,0,5,1,middle,0.063822754,0.07632511,0.012502357
996,0,5,2,middle,0.063822754,0.07171058,0.007887825
996,0,5,3,middle,0.063822754,0.060315397,-0.003507357
996,0,5,4,last,0.063822754,0.06704931,0.003226556
998,0,5,0,first,0.44023696,0.07522277,-0.3650142
998,0,5,1,middle,0.44023696,0.5388363,0.098599344
998,0,5,2,middle,0.44023696,0.48512363,0.04488668
998,0,5,3,middle,0.44023696,0.57383764,0.13360068
998,0,5,4,last,0.44023696,0.5060502,0.06581327
93,1,5,0,first,0.113042645,0.10002626,-0.013016388
93,1,5,1,middle,0.113042645,0.10489198,-0.008150667
93,1,5,2,middle,0.113042645,0.14418769,0.031145044
93,1,5,3,middle,0.113042645,0.09212472,-0.020917922
93,1,5,4,last,0.113042645,0.18815911,0.07511646
1638,1,5,0,first,0.13425526,0.22949095,0.09523569
1638,1,5,1,middle,0.13425526,0.124291226,-0.009964034
1638,1,5,2,middle,0.13425526,0.13835147,0.00409621
1638,1,5,3,middle,0.13425526,0.11249956,-0.021755703
1638,1,5,4,last,0.13425526,0.14366512,0.00940986
649,0,5,0,first,0.07263281,0.0670072,-0.005625613
649,0,5,1,middle,0.07263281,0.07235949,-0.00027332455
649,0,5,2,middle,0.07263281,0.06870603,-0.003926784
649,0,5,3,middle,0.07263281,0.075486295,0.002853483
649,0,5,4,last,0.07263281,0.070126966,-0.0025058463
1518,0,5,0,first,0.12471845,0.12583716,0.0011187121
1518,0,5,1,middle,0.12471845,0.139233,0.014514543
1518,0,5,2,middle,0.12471845,0.09107947,-0.033638977
1518,0,5,3,middle,0.12471845,0.21212678,0.08740833
1518,0,5,4,last,0.12471845,0.2150066,0.090288155
1566,0,5,0,first,0.5258602,0.7432747,0.2174145
1566,0,5,1,middle,0.5258602,0.3959903,-0.12986988
1566,0,5,2,middle,0.5258602,0.52478874,-0.0010714531
1566,0,5,3,middle,0.5258602,0.34975982,-0.17610037
1566,0,5,4,last,0.5258602,0.36446303,-0.16139716
25717,1,4,0,first,0.16359867,0.312665,0.14906631
25717,1,4,1,middle,0.16359867,0.17716199,0.01356332
25717,1,4,2,middle,0.16359867,0.0980919,-0.06550677
25717,1,4,3,last,0.16359867,0.1730558,0.009457126
6186,1,5,0,first,0.96330243,0.963285,-1.7404556e-05
6186,1,5,1,middle,0.96330243,0.9470747,-0.016227722
6186,1,5,2,middle,0.96330243,0.9658342,0.002531767
6186,1,5,3,middle,0.96330243,0.96086586,-0.0024365783
6186,1,5,4,last,0.96330243,0.9615389,-0.0017635226
1343,0,5,0,first,0.09376603,0.119484924,0.02571889
1343,0,5,1,middle,0.09376603,0.08002044,-0.013745591
1343,0,5,2,middle,0.09376603,0.0939451,0.00017906725
1343,0,5,3,middle,0.09376603,0.076703385,-0.01706265
1343,0,5,4,last,0.09376603,0.080199674,-0.01356636
1073,1,5,0,first,0.96429926,0.96489114,0.0005918741
1073,1,5,1,middle,0.96429926,0.95628333,-0.008015931
1073,1,5,2,middle,0.96429926,0.93501526,-0.029284
1073,1,5,3,middle,0.96429926,0.96186924,-0.0024300218
1073,1,5,4,last,0.96429926,0.9650351,0.00073581934
286,0,5,0,first,0.09208729,0.0913325,-0.0007547885
286,0,5,1,middle,0.09208729,0.06680861,-0.02527868
286,0,5,2,middle,0.09208729,0.17330042,0.081213124
286,0,5,3,middle,0.09208729,0.089418866,-0.0026684254
286,0,5,4,last,0.09208729,0.15131792,0.059230633
50510,1,5,0,first,0.1943845,0.18226986,-0.012114644
50510,1,5,1,middle,0.1943845,0.21776712,0.023382619
50510,1,5,2,middle,0.1943845,0.20263694,0.008252442
50510,1,5,3,middle,0.1943845,0.1830931,-0.0112914
50510,1,5,4,last,0.1943845,0.08420097,-0.11018353
52684,1,5,0,first,0.9652514,0.9638041,-0.0014472604
52684,1,5,1,middle,0.9652514,0.9637037,-0.0015476942
52684,1,5,2,middle,0.9652514,0.9647293,-0.0005220771
52684,1,5,3,middle,0.9652514,0.9564519,-0.008799493
52684,1,5,4,last,0.9652514,0.96311694,-0.0021344423
333,0,5,0,first,0.8747262,0.898636,0.023909807
333,0,5,1,middle,0.8747262,0.8730394,-0.0016867518
333,0,5,2,middle,0.8747262,0.89392585,0.01919967
333,0,5,3,middle,0.8747262,0.8497073,-0.02501887
333,0,5,4,last,0.8747262,0.6848199,-0.1899063
484,1,5,0,first,0.7871866,0.7821152,-0.0050714016
484,1,5,1,middle,0.7871866,0.80032194,0.013135314
484,1,5,2,middle,0.7871866,0.5679383,-0.2192483
484,1,5,3,middle,0.7871866,0.645366,-0.14182061
484,1,5,4,last,0.7871866,0.87324816,0.08606154
1216,1,3,0,first,0.8823979,0.30413404,-0.5782639
1216,1,3,1,middle,0.8823979,0.75190556,-0.13049233
1216,1,3,2,last,0.8823979,0.9517866,0.06938869
50132,1,5,0,first,0.95848674,0.95867056,0.00018382072
50132,1,5,1,middle,0.95848674,0.86868423,-0.0898025
50132,1,5,2,middle,0.95848674,0.95834136,-0.00014537573
50132,1,5,3,middle,0.95848674,0.9609095,0.00242275
50132,1,5,4,last,0.95848674,0.95208776,-0.006398976
21556,1,5,0,first,0.07569067,0.062077213,-0.013613459
21556,1,5,1,middle,0.07569067,0.07228648,-0.0034041926
21556,1,5,2,middle,0.07569067,0.09081527,0.015124597
21556,1,5,3,middle,0.07569067,0.07582997,0.00013929605
21556,1,5,4,last,0.07569067,0.087821096,0.012130424
731,0,5,0,first,0.05864144,0.054179426,-0.004462015
731,0,5,1,middle,0.05864144,0.07562498,0.016983539
731,0,5,2,middle,0.05864144,0.09727828,0.03863684
731,0,5,3,middle,0.05864144,0.05904252,0.00040107965
731,0,5,4,last,0.05864144,0.05562911,-0.0030123293
25087,0,5,0,first,0.056393765,0.050253082,-0.006140683
25087,0,5,1,middle,0.056393765,0.086499795,0.03010603
25087,0,5,2,middle,0.056393765,0.06420552,0.007811755
25087,0,5,3,middle,0.056393765,0.056035567,-0.00035819784
25087,0,5,4,last,0.056393765,0.06936458,0.012970813
18383,0,5,0,first,0.107458144,0.11001145,0.0025533065
18383,0,5,1,middle,0.107458144,0.08348505,-0.023973092
18383,0,5,2,middle,0.107458144,0.10034438,-0.007113762
18383,0,5,3,middle,0.107458144,0.15020303,0.04274489
18383,0,5,4,last,0.107458144,0.12659407,0.019135922
2203,0,5,0,first,0.13523048,0.20973018,0.0744997
2203,0,5,1,middle,0.13523048,0.09889971,-0.036330774
2203,0,5,2,middle,0.13523048,0.08698699,-0.048243493
2203,0,5,3,middle,0.13523048,0.16241324,0.027182758
2203,0,5,4,last,0.13523048,0.088001385,-0.047229096
40939,0,2,0,first,0.05371533,0.058597405,0.004882075
40939,0,2,1,last,0.05371533,0.07728128,0.023565952
31238,0,3,0,first,0.046830278,0.053045176,0.006214898
31238,0,3,1,middle,0.046830278,0.049566373,0.0027360953
31238,0,3,2,last,0.046830278,0.04738675,0.0005564727
13566,1,5,0,first,0.7856922,0.7340626,-0.051629603
13566,1,5,1,middle,0.7856922,0.8516956,0.06600338
13566,1,5,2,middle,0.7856922,0.29927254,-0.48641968
13566,1,5,3,middle,0.7856922,0.8629282,0.077236
13566,1,5,4,last,0.7856922,0.7679655,-0.01772672
189,1,3,0,first,0.9530914,0.8127816,-0.14030981
189,1,3,1,middle,0.9530914,0.9529937,-9.769201e-05
189,1,3,2,last,0.9530914,0.94647574,-0.0066156387
336,1,4,0,first,0.6963625,0.32719105,-0.36917144
336,1,4,1,middle,0.6963625,0.58310926,-0.113253236
336,1,4,2,middle,0.6963625,0.828838,0.1324755
336,1,4,3,last,0.6963625,0.77004075,0.073678255
1281,0,5,0,first,0.1314368,0.23855521,0.10711841
1281,0,5,1,middle,0.1314368,0.12274195,-0.008694842
1281,0,5,2,middle,0.1314368,0.2690009,0.1375641
1281,0,5,3,middle,0.1314368,0.12875786,-0.0026789308
1281,0,5,4,last,0.1314368,0.058773316,-0.07266348
700,1,5,0,first,0.94631153,0.9408294,-0.005482137
700,1,5,1,middle,0.94631153,0.95243573,0.0061241984
700,1,5,2,middle,0.94631153,0.952161,0.0058494806
700,1,5,3,middle,0.94631153,0.8982397,-0.04807186
700,1,5,4,last,0.94631153,0.9365577,-0.009753823
1504,1,5,0,first,0.40778568,0.20643798,-0.20134771
1504,1,5,1,middle,0.40778568,0.3260713,-0.08171439
1504,1,5,2,middle,0.40778568,0.49508625,0.08730057
1504,1,5,3,middle,0.40778568,0.40219304,-0.005592644
1504,1,5,4,last,0.40778568,0.2020594,-0.20572628
1365,0,5,0,first,0.06879413,0.057228588,-0.011565544
1365,0,5,1,middle,0.06879413,0.07721082,0.00841669
1365,0,5,2,middle,0.06879413,0.069831,0.0010368675
1365,0,5,3,middle,0.06879413,0.08384198,0.015047848
1365,0,5,4,last,0.06879413,0.07572791,0.0069337785
31170,0,4,0,first,0.31501716,0.24663629,-0.06838088
31170,0,4,1,middle,0.31501716,0.2749111,-0.040106058
31170,0,4,2,middle,0.31501716,0.13059118,-0.18442598
31170,0,4,3,last,0.31501716,0.321299,0.006281823
1710,0,5,0,first,0.10985638,0.0868881,-0.022968285
1710,0,5,1,middle,0.10985638,0.07780857,-0.032047816
1710,0,5,2,middle,0.10985638,0.086714886,-0.023141496
1710,0,5,3,middle,0.10985638,0.13121112,0.021354735
1710,0,5,4,last,0.10985638,0.11645603,0.00659965
495,0,5,0,first,0.05017958,0.049510784,-0.0006687939
495,0,5,1,middle,0.05017958,0.049710542,-0.0004690364
495,0,5,2,middle,0.05017958,0.059634533,0.009454954
495,0,5,3,middle,0.05017958,0.05277706,0.002597481
495,0,5,4,last,0.05017958,0.055541374,0.0053617954
43546,0,4,0,first,0.10079166,0.09809993,-0.0026917309
43546,0,4,1,middle,0.10079166,0.097766325,-0.003025338
43546,0,4,2,middle,0.10079166,0.05994768,-0.040843982
43546,0,4,3,last,0.10079166,0.32872874,0.22793707
1399,1,5,0,first,0.08750964,0.09055021,0.003040567
1399,1,5,1,middle,0.08750964,0.09270114,0.0051914975
1399,1,5,2,middle,0.08750964,0.08791169,0.00040204823
1399,1,5,3,middle,0.08750964,0.09130578,0.0037961379
1399,1,5,4,last,0.08750964,0.08008258,-0.007427059
2072,0,5,0,first,0.64385706,0.68649065,0.042633593
2072,0,5,1,middle,0.64385706,0.64003545,-0.0038216114
2072,0,5,2,middle,0.64385706,0.111376084,-0.53248096
2072,0,5,3,middle,0.64385706,0.85322213,0.20936507
2072,0,5,4,last,0.64385706,0.5451002,-0.09875685
38295,0,5,0,first,0.9021494,0.8970667,-0.005082667
38295,0,5,1,middle,0.9021494,0.6015506,-0.3005988
38295,0,5,2,middle,0.9021494,0.17341,-0.7287394
38295,0,5,3,middle,0.9021494,0.94496137,0.04281199
38295,0,5,4,last,0.9021494,0.9070628,0.0049134493
55527,1,5,0,first,0.8028277,0.83763665,0.034808934
55527,1,5,1,middle,0.8028277,0.592635,-0.21019274
55527,1,5,2,middle,0.8028277,0.70757836,-0.095249355
55527,1,5,3,middle,0.8028277,0.20563827,-0.5971894
55527,1,5,4,last,0.8028277,0.9149698,0.112142086
1166,1,5,0,first,0.95386195,0.7818209,-0.17204106
1166,1,5,1,middle,0.95386195,0.95997244,0.0061104894
1166,1,5,2,middle,0.95386195,0.9418912,-0.011970758
1166,1,5,3,middle,0.95386195,0.9510087,-0.0028532743
1166,1,5,4,last,0.95386195,0.9547066,0.0008446574
1364,0,5,0,first,0.077399254,0.076530196,-0.0008690581
1364,0,5,1,middle,0.077399254,0.07957229,0.0021730363
1364,0,5,2,middle,0.077399254,0.06013258,-0.017266672
1364,0,5,3,middle,0.077399254,0.08532139,0.007922135
1364,0,5,4,last,0.077399254,0.1086366,0.031237349
25494,1,5,0,first,0.95443135,0.9575069,0.00307554
25494,1,5,1,middle,0.95443135,0.9540292,-0.00040215254
25494,1,5,2,middle,0.95443135,0.95179594,-0.0026354194
25494,1,5,3,middle,0.95443135,0.95355886,-0.0008724928
25494,1,5,4,last,0.95443135,0.947155,-0.007276356
1308,0,5,0,first,0.06715198,0.078127265,0.010975286
1308,0,5,1,middle,0.06715198,0.06682505,-0.00032693148
1308,0,5,2,middle,0.06715198,0.07797765,0.010825671
1308,0,5,3,middle,0.06715198,0.07320355,0.00605157
1308,0,5,4,last,0.06715198,0.06584388,-0.0013080984
1015,1,5,0,first,0.95186883,0.94616234,-0.005706489
1015,1,5,1,middle,0.95186883,0.9516031,-0.0002657175
1015,1,5,2,middle,0.95186883,0.9388625,-0.01300633
1015,1,5,3,middle,0.95186883,0.9096491,-0.042219758
1015,1,5,4,last,0.95186883,0.9404761,-0.011392713
44863,0,5,0,first,0.09595615,0.09270795,-0.0032481998
44863,0,5,1,middle,0.09595615,0.11624404,0.020287894
44863,0,5,2,middle,0.09595615,0.099810384,0.0038542375
44863,0,5,3,middle,0.09595615,0.09398232,-0.0019738302
44863,0,5,4,last,0.09595615,0.0883063,-0.0076498464
11091,0,4,0,first,0.057297543,0.06142364,0.004126098
11091,0,4,1,middle,0.057297543,0.0600203,0.0027227588
11091,0,4,2,middle,0.057297543,0.051424555,-0.005872987
11091,0,4,3,last,0.057297543,0.06480013,0.0075025856
2185,0,5,0,first,0.05226578,0.06018339,0.007917613
2185,0,5,1,middle,0.05226578,0.05803744,0.005771663
2185,0,5,2,middle,0.05226578,0.050310828,-0.0019549504
2185,0,5,3,middle,0.05226578,0.052818067,0.0005522892
2185,0,5,4,last,0.05226578,0.053088304,0.0008225255
52299,0,2,0,first,0.05737307,0.08246617,0.025093101
52299,0,2,1,last,0.05737307,0.054184176,-0.0031888932
7823,0,4,0,first,0.05646173,0.06312333,0.0066616014
7823,0,4,1,middle,0.05646173,0.061347444,0.0048857145
7823,0,4,2,middle,0.05646173,0.05040444,-0.0060572885
7823,0,4,3,last,0.05646173,0.05820504,0.0017433092
1610,0,4,0,first,0.056024708,0.055600442,-0.00042426586
1610,0,4,1,middle,0.056024708,0.05871427,0.0026895627
1610,0,4,2,middle,0.056024708,0.06317893,0.007154219
1610,0,4,3,last,0.056024708,0.055235304,-0.0007894039
137,1,5,0,first,0.51503235,0.6180947,0.10306233
137,1,5,1,middle,0.51503235,0.5366002,0.021567822
137,1,5,2,middle,0.51503235,0.62931097,0.114278615
137,1,5,3,middle,0.51503235,0.64444774,0.1294154
137,1,5,4,last,0.51503235,0.25198606,-0.2630463
25818,1,5,0,first,0.7620872,0.77623314,0.014145911
25818,1,5,1,middle,0.7620872,0.77374977,0.011662543
25818,1,5,2,middle,0.7620872,0.7409843,-0.021102905
25818,1,5,3,middle,0.7620872,0.4492302,-0.31285703
25818,1,5,4,last,0.7620872,0.72996587,-0.03212136
11303,1,5,0,first,0.50779563,0.5121313,0.004335642
11303,1,5,1,middle,0.50779563,0.42929476,-0.07850087
11303,1,5,2,middle,0.50779563,0.43885934,-0.06893629
11303,1,5,3,middle,0.50779563,0.3409658,-0.16682982
11303,1,5,4,last,0.50779563,0.74117386,0.23337823
196,1,5,0,first,0.4504742,0.4823132,0.031838983
196,1,5,1,middle,0.4504742,0.24058658,-0.20988762
196,1,5,2,middle,0.4504742,0.41838193,-0.032092273
196,1,5,3,middle,0.4504742,0.60447377,0.15399957
196,1,5,4,last,0.4504742,0.4428885,-0.0075857043
1193,1,5,0,first,0.87152296,0.86750126,-0.004021704
1193,1,5,1,middle,0.87152296,0.89465517,0.023132205
1193,1,5,2,middle,0.87152296,0.76535636,-0.1061666
1193,1,5,3,middle,0.87152296,0.7814193,-0.090103686
1193,1,5,4,last,0.87152296,0.9091367,0.03761375
656,0,5,0,first,0.14564958,0.21026734,0.06461775
656,0,5,1,middle,0.14564958,0.19203551,0.04638593
656,0,5,2,middle,0.14564958,0.08761051,-0.05803907
656,0,5,3,middle,0.14564958,0.07066622,-0.074983366
656,0,5,4,last,0.14564958,0.326279,0.18062943
726,1,5,0,first,0.8602431,0.7030537,-0.15718937
726,1,5,1,middle,0.8602431,0.62610626,-0.23413682
726,1,5,2,middle,0.8602431,0.8459011,-0.01434201
726,1,5,3,middle,0.8602431,0.88514614,0.024903059
726,1,5,4,last,0.8602431,0.83771724,-0.022525847
154,1,5,0,first,0.7564121,0.71929586,-0.03711623
154,1,5,1,middle,0.7564121,0.47335485,-0.28305724
154,1,5,2,middle,0.7564121,0.53346777,-0.22294432
154,1,5,3,middle,0.7564121,0.86019325,0.10378116
154,1,5,4,last,0.7564121,0.8388729,0.08246082
46867,0,5,0,first,0.7946771,0.35388923,-0.44078785
46867,0,5,1,middle,0.7946771,0.8738288,0.07915175
46867,0,5,2,middle,0.7946771,0.91910625,0.12442917
46867,0,5,3,middle,0.7946771,0.42326292,-0.37141415
46867,0,5,4,last,0.7946771,0.74923396,-0.045443118
1067,1,5,0,first,0.7297723,0.72126967,-0.008502662
1067,1,5,1,middle,0.7297723,0.7426457,0.012873352
1067,1,5,2,middle,0.7297723,0.8341887,0.10441637
1067,1,5,3,middle,0.7297723,0.71716523,-0.012607098
1067,1,5,4,last,0.7297723,0.21500626,-0.5147661
39140,1,5,0,first,0.96575046,0.96446,-0.0012904406
39140,1,5,1,middle,0.96575046,0.96154755,-0.0042029023
39140,1,5,2,middle,0.96575046,0.96047103,-0.005279422
39140,1,5,3,middle,0.96575046,0.96409667,-0.0016537905
39140,1,5,4,last,0.96575046,0.9667732,0.0010227561
28337,0,5,0,first,0.736935,0.77068156,0.03374654
28337,0,5,1,middle,0.736935,0.735258,-0.0016770363
28337,0,5,2,middle,0.736935,0.66897434,-0.06796068
28337,0,5,3,middle,0.736935,0.6556543,-0.08128071
28337,0,5,4,last,0.736935,0.5861128,-0.15082222
522,0,5,0,first,0.39541355,0.3206876,-0.074725956
522,0,5,1,middle,0.39541355,0.290986,-0.104427546
522,0,5,2,middle,0.39541355,0.18925887,-0.20615467
522,0,5,3,middle,0.39541355,0.5021962,0.106782645
522,0,5,4,last,0.39541355,0.4264352,0.031021655
1041,1,5,0,first,0.8961112,0.8800208,-0.016090393
1041,1,5,1,middle,0.8961112,0.6767741,-0.2193371
1041,1,5,2,middle,0.8961112,0.88789207,-0.008219123
1041,1,5,3,middle,0.8961112,0.5446934,-0.35141778
1041,1,5,4,last,0.8961112,0.947921,0.051809788
811,1,5,0,first,0.6897451,0.59123605,-0.09850907
811,1,5,1,middle,0.6897451,0.744331,0.054585874
811,1,5,2,middle,0.6897451,0.67116666,-0.01857847
811,1,5,3,middle,0.6897451,0.3670038,-0.32274133
811,1,5,4,last,0.6897451,0.7400968,0.05035168
1036,1,5,0,first,0.6954568,0.39437658,-0.30108023
1036,1,5,1,middle,0.6954568,0.5712838,-0.124172986
1036,1,5,2,middle,0.6954568,0.14750192,-0.5479549
1036,1,5,3,middle,0.6954568,0.71032494,0.01486814
1036,1,5,4,last,0.6954568,0.77448535,0.07902855
18528,1,5,0,first,0.1400313,0.12105983,-0.018971466
18528,1,5,1,middle,0.1400313,0.203512,0.063480705
18528,1,5,2,middle,0.1400313,0.11758571,-0.022445582
18528,1,5,3,middle,0.1400313,0.12289321,-0.017138086
18528,1,5,4,last,0.1400313,0.14676002,0.0067287236
17531,1,5,0,first,0.84680384,0.87304014,0.026236296
17531,1,5,1,middle,0.84680384,0.9168511,0.07004726
17531,1,5,2,middle,0.84680384,0.89374715,0.046943307
17531,1,5,3,middle,0.84680384,0.83626586,-0.010537982
17531,1,5,4,last,0.84680384,0.53340083,-0.313403
1123,1,5,0,first,0.090193145,0.09535675,0.0051636025
1123,1,5,1,middle,0.090193145,0.09093983,0.0007466823
1123,1,5,2,middle,0.090193145,0.076304,-0.013889141
1123,1,5,3,middle,0.090193145,0.08976398,-0.00042916834
1123,1,5,4,last,0.090193145,0.10208172,0.0118885785
18949,1,4,0,first,0.9291247,0.91353947,-0.015585244
18949,1,4,1,middle,0.9291247,0.90183157,-0.027293146
18949,1,4,2,middle,0.9291247,0.9443396,0.01521486
18949,1,4,3,last,0.9291247,0.9082322,-0.0208925
49189,1,5,0,first,0.96283484,0.9627647,-7.015467e-05
49189,1,5,1,middle,0.96283484,0.9542139,-0.008620918
49189,1,5,2,middle,0.96283484,0.9589889,-0.00384593
49189,1,5,3,middle,0.96283484,0.96440536,0.0015705228
49189,1,5,4,last,0.96283484,0.95949197,-0.003342867
10928,1,5,0,first,0.9396049,0.914743,-0.024861872
10928,1,5,1,middle,0.9396049,0.92396045,-0.015644431
10928,1,5,2,middle,0.9396049,0.9215075,-0.0180974
10928,1,5,3,middle,0.9396049,0.9459552,0.0063503385
10928,1,5,4,last,0.9396049,0.9108265,-0.028778374
274,0,5,0,first,0.07146008,0.08291246,0.011452377
274,0,5,1,middle,0.07146008,0.085802756,0.014342673
274,0,5,2,middle,0.07146008,0.05580504,-0.015655044
274,0,5,3,middle,0.07146008,0.07654089,0.005080804
274,0,5,4,last,0.07146008,0.10225581,0.030795723
102,0,5,0,first,0.07333811,0.04493555,-0.028402563
102,0,5,1,middle,0.07333811,0.054704297,-0.018633816
102,0,5,2,middle,0.07333811,0.1216461,0.048307985
102,0,5,3,middle,0.07333811,0.067204185,-0.006133929
102,0,5,4,last,0.07333811,0.21461377,0.14127564
44733,0,5,0,first,0.11356637,0.12605406,0.012487695
44733,0,5,1,middle,0.11356637,0.21768758,0.10412121
44733,0,5,2,middle,0.11356637,0.09074345,-0.022822917
44733,0,5,3,middle,0.11356637,0.48858032,0.37501395
44733,0,5,4,last,0.11356637,0.07439574,-0.03917063
31818,1,5,0,first,0.9588699,0.955367,-0.0035028458
31818,1,5,1,middle,0.9588699,0.9533326,-0.0055372715
31818,1,5,2,middle,0.9588699,0.9577632,-0.0011066794
31818,1,5,3,middle,0.9588699,0.9590796,0.00020974874
31818,1,5,4,last,0.9588699,0.94344,-0.015429854
23598,1,4,0,first,0.15256268,0.05736855,-0.09519413
23598,1,4,1,middle,0.15256268,0.27632102,0.123758346
23598,1,4,2,middle,0.15256268,0.27713326,0.12457058
23598,1,4,3,last,0.15256268,0.059006825,-0.09355585
27225,0,5,0,first,0.07477908,0.08987496,0.015095882
27225,0,5,1,middle,0.07477908,0.059441555,-0.015337523
27225,0,5,2,middle,0.07477908,0.057943277,-0.016835801
27225,0,5,3,middle,0.07477908,0.093048446,0.018269368
27225,0,5,4,last,0.07477908,0.09684576,0.022066683
1307,1,5,0,first,0.9353739,0.89119685,-0.044177055
1307,1,5,1,middle,0.9353739,0.9055805,-0.029793382
1307,1,5,2,middle,0.9353739,0.90593517,-0.029438734
1307,1,5,3,middle,0.9353739,0.9308261,-0.004547775
1307,1,5,4,last,0.9353739,0.947536,0.012162089
36366,1,5,0,first,0.703753,0.68805647,-0.015696526
36366,1,5,1,middle,0.703753,0.7418207,0.0380677
36366,1,5,2,middle,0.703753,0.7369297,0.03317672
36366,1,5,3,middle,0.703753,0.49439448,-0.20935851
36366,1,5,4,last,0.703753,0.07593785,-0.6278151
28200,0,5,0,first,0.47386798,0.58720535,0.11333737
28200,0,5,1,middle,0.47386798,0.32082453,-0.15304345
28200,0,5,2,middle,0.47386798,0.09839373,-0.37547424
28200,0,5,3,middle,0.47386798,0.4618787,-0.0119892955
28200,0,5,4,last,0.47386798,0.76582706,0.29195908
21920,1,5,0,first,0.9606096,0.9633667,0.0027570724
21920,1,5,1,middle,0.9606096,0.9557418,-0.004867792
21920,1,5,2,middle,0.9606096,0.94824106,-0.01236856
21920,1,5,3,middle,0.9606096,0.9356195,-0.024990141
21920,1,5,4,last,0.9606096,0.9617858,0.0011761785
111,0,5,0,first,0.09156118,0.12819335,0.036632165
111,0,5,1,middle,0.09156118,0.091432124,-0.00012905896
111,0,5,2,middle,0.09156118,0.08457445,-0.00698673
111,0,5,3,middle,0.09156118,0.08883233,-0.0027288496
111,0,5,4,last,0.09156118,0.10260448,0.011043295
1207,1,5,0,first,0.96707445,0.94048774,-0.026586711
1207,1,5,1,middle,0.96707445,0.96514267,-0.0019317865
1207,1,5,2,middle,0.96707445,0.967423,0.00034856796
1207,1,5,3,middle,0.96707445,0.9587809,-0.008293569
1207,1,5,4,last,0.96707445,0.9674855,0.00041103363
468,1,5,0,first,0.43282628,0.52354854,0.09072226
468,1,5,1,middle,0.43282628,0.5867471,0.15392083
468,1,5,2,middle,0.43282628,0.17804284,-0.25478345
468,1,5,3,middle,0.43282628,0.22212587,-0.21070041
468,1,5,4,last,0.43282628,0.49501944,0.062193155
452,0,5,0,first,0.04879171,0.046348166,-0.0024435446
452,0,5,1,middle,0.04879171,0.051945213,0.003153503
452,0,5,2,middle,0.04879171,0.049425293,0.0006335825
452,0,5,3,middle,0.04879171,0.050786365,0.0019946545
452,0,5,4,last,0.04879171,0.06669864,0.01790693
514,0,5,0,first,0.06334191,0.15629323,0.09295132
514,0,5,1,middle,0.06334191,0.062027786,-0.0013141222
514,0,5,2,middle,0.06334191,0.059576243,-0.003765665
514,0,5,3,middle,0.06334191,0.08013447,0.016792558
514,0,5,4,last,0.06334191,0.051567424,-0.011774484
592,0,6,0,first,0.076515704,0.0767947,0.00027899444
592,0,6,1,middle,0.076515704,0.07245935,-0.004056357
592,0,6,2,middle,0.076515704,0.081782885,0.0052671805
592,0,6,3,middle,0.076515704,0.07952676,0.0030110553
592,0,6,4,middle,0.076515704,0.072904006,-0.0036116987
592,0,6,5,last,0.076515704,0.09512477,0.01860907
689,1,5,0,first,0.079800844,0.11712207,0.037321225
689,1,5,1,middle,0.079800844,0.071220845,-0.008579999
689,1,5,2,middle,0.079800844,0.0915488,0.011747956
689,1,5,3,middle,0.079800844,0.08009126,0.00029041618
689,1,5,4,last,0.079800844,0.07848904,-0.0013118014
1179,0,4,0,first,0.050162423,0.05672275,0.0065603256
1179,0,4,1,middle,0.050162423,0.05738514,0.0072227158
1179,0,4,2,middle,0.050162423,0.046723917,-0.0034385063
1179,0,4,3,last,0.050162423,0.06226231,0.012099888
126,0,5,0,first,0.30461177,0.31628585,0.011674076
126,0,5,1,middle,0.30461177,0.31946915,0.014857382
126,0,5,2,middle,0.30461177,0.32557535,0.02096358
126,0,5,3,middle,0.30461177,0.2439328,-0.060678974
126,0,5,4,last,0.30461177,0.25334647,-0.0512653
37431,0,5,0,first,0.05394355,0.05120378,-0.0027397685
37431,0,5,1,middle,0.05394355,0.062454164,0.008510616
37431,0,5,2,middle,0.05394355,0.055046607,0.0011030585
37431,0,5,3,middle,0.05394355,0.05274324,-0.0012003072
37431,0,5,4,last,0.05394355,0.056911178,0.0029676296
1415,1,5,0,first,0.7984888,0.6227966,-0.1756922
1415,1,5,1,middle,0.7984888,0.7929591,-0.0055297017
1415,1,5,2,middle,0.7984888,0.7075662,-0.090922594
1415,1,5,3,middle,0.7984888,0.853387,0.054898202
1415,1,5,4,last,0.7984888,0.80173117,0.0032423735
936,0,5,0,first,0.14830825,0.08584743,-0.062460817
936,0,5,1,middle,0.14830825,0.0998865,-0.048421748
936,0,5,2,middle,0.14830825,0.19814923,0.049840987
936,0,5,3,middle,0.14830825,0.18644708,0.038138837
936,0,5,4,last,0.14830825,0.39650744,0.2481992
2074,0,5,0,first,0.11840557,0.11384655,-0.004559025
2074,0,5,1,middle,0.11840557,0.086274676,-0.032130897
2074,0,5,2,middle,0.11840557,0.13085826,0.012452684
2074,0,5,3,middle,0.11840557,0.13575861,0.017353036
2074,0,5,4,last,0.11840557,0.11816247,-0.000243105
47770,0,5,0,first,0.04606261,0.045871753,-0.0001908578
47770,0,5,1,middle,0.04606261,0.048886836,0.0028242245
47770,0,5,2,middle,0.04606261,0.0440947,-0.0019679107
47770,0,5,3,middle,0.04606261,0.047361754,0.0012991428
47770,0,5,4,last,0.04606261,0.05290826,0.0068456493
3740,0,3,0,first,0.052129082,0.06511345,0.012984365
3740,0,3,1,middle,0.052129082,0.052432936,0.0003038533
3740,0,3,2,last,0.052129082,0.049700934,-0.002428148
1439,1,5,0,first,0.5475268,0.19349208,-0.3540347
1439,1,5,1,middle,0.5475268,0.609547,0.062020242
1439,1,5,2,middle,0.5475268,0.6042637,0.056736946
1439,1,5,3,middle,0.5475268,0.7098635,0.1623367
1439,1,5,4,last,0.5475268,0.529385,-0.018141806
16362,0,3,0,first,0.046259355,0.05590609,0.009646736
16362,0,3,1,middle,0.046259355,0.05600746,0.009748105
16362,0,3,2,last,0.046259355,0.047034726,0.00077537075
509,0,5,0,first,0.2027326,0.167031,-0.035701588
509,0,5,1,middle,0.2027326,0.24814396,0.045411363
509,0,5,2,middle,0.2027326,0.18178405,-0.020948544
509,0,5,3,middle,0.2027326,0.108357094,-0.0943755
509,0,5,4,last,0.2027326,0.2671742,0.06444162
51204,0,5,0,first,0.6867978,0.3996389,-0.2871589
51204,0,5,1,middle,0.6867978,0.70634335,0.019545555
51204,0,5,2,middle,0.6867978,0.81240076,0.12560296
51204,0,5,3,middle,0.6867978,0.69031817,0.0035203695
51204,0,5,4,last,0.6867978,0.5120882,-0.17470962
965,0,5,0,first,0.04639814,0.04287682,-0.0035213195
965,0,5,1,middle,0.04639814,0.04579921,-0.0005989298
965,0,5,2,middle,0.04639814,0.053757153,0.007359013
965,0,5,3,middle,0.04639814,0.05364156,0.007243421
965,0,5,4,last,0.04639814,0.048513025,0.0021148846
34,1,5,0,first,0.9248947,0.94776934,0.022874653
34,1,5,1,middle,0.9248947,0.9246164,-0.0002782941
34,1,5,2,middle,0.9248947,0.90148246,-0.023412228
34,1,5,3,middle,0.9248947,0.95237464,0.027479947
34,1,5,4,last,0.9248947,0.7567964,-0.16809827
52618,1,4,0,first,0.12231763,0.25737166,0.13505404
52618,1,4,1,middle,0.12231763,0.054329213,-0.06798841
52618,1,4,2,middle,0.12231763,0.15356036,0.031242728
52618,1,4,3,last,0.12231763,0.15789135,0.03557372
1500,1,5,0,first,0.8905352,0.9039945,0.013459325
1500,1,5,1,middle,0.8905352,0.9337245,0.043189347
1500,1,5,2,middle,0.8905352,0.90410304,0.013567865
1500,1,5,3,middle,0.8905352,0.9225982,0.032063007
1500,1,5,4,last,0.8905352,0.40010884,-0.49042633
834,0,5,0,first,0.07727152,0.06825193,-0.009019591
834,0,5,1,middle,0.07727152,0.08349093,0.0062194094
834,0,5,2,middle,0.07727152,0.07395518,-0.0033163428
834,0,5,3,middle,0.07727152,0.086929165,0.009657644
834,0,5,4,last,0.07727152,0.06479167,-0.012479849
2132,0,5,0,first,0.08385825,0.069254905,-0.014603347
2132,0,5,1,middle,0.08385825,0.09655906,0.012700811
2132,0,5,2,middle,0.08385825,0.11538754,0.031529285
2132,0,5,3,middle,0.08385825,0.08164193,-0.0022163242
2132,0,5,4,last,0.08385825,0.06923694,-0.01462131
25486,1,4,0,first,0.9529442,0.9475172,-0.005427003
25486,1,4,1,middle,0.9529442,0.88110983,-0.071834385
25486,1,4,2,middle,0.9529442,0.95551133,0.0025671124
25486,1,4,3,last,0.9529442,0.945438,-0.0075061917
2348,1,3,0,first,0.20410144,0.8211082,0.6170068
2348,1,3,1,middle,0.20410144,0.09701783,-0.10708361
2348,1,3,2,last,0.20410144,0.25750425,0.05340281
650,1,5,0,first,0.30823967,0.36942387,0.061184198
650,1,5,1,middle,0.30823967,0.26352185,-0.04471782
650,1,5,2,middle,0.30823967,0.3779086,0.06966892
650,1,5,3,middle,0.30823967,0.13987373,-0.16836594
650,1,5,4,last,0.30823967,0.30214047,-0.0060991943
888,1,5,0,first,0.96912026,0.96943897,0.00031870604
888,1,5,1,middle,0.96912026,0.9677164,-0.0014038682
888,1,5,2,middle,0.96912026,0.96992314,0.00080287457
888,1,5,3,middle,0.96912026,0.96791804,-0.0012022257
888,1,5,4,last,0.96912026,0.9678638,-0.0012564659
54649,1,5,0,first,0.96960896,0.969257,-0.00035196543
54649,1,5,1,middle,0.96960896,0.9655417,-0.004067242
54649,1,5,2,middle,0.96960896,0.968715,-0.00089395046
54649,1,5,3,middle,0.96960896,0.96944326,-0.00016570091
54649,1,5,4,last,0.96960896,0.9690493,-0.0005596876
890,0,5,0,first,0.13003772,0.15042435,0.020386621
890,0,5,1,middle,0.13003772,0.10463214,-0.025405586
890,0,5,2,middle,0.13003772,0.26742157,0.13738385
890,0,5,3,middle,0.13003772,0.1301045,6.67721e-05
890,0,5,4,last,0.13003772,0.0959241,-0.034113623
1336,0,5,0,first,0.19864579,0.34738135,0.14873557
1336,0,5,1,middle,0.19864579,0.10256896,-0.096076824
1336,0,5,2,middle,0.19864579,0.1719483,-0.026697487
1336,0,5,3,middle,0.19864579,0.15732683,-0.041318953
1336,0,5,4,last,0.19864579,0.30360538,0.10495959
9550,1,5,0,first,0.9633734,0.961007,-0.0023664236
9550,1,5,1,middle,0.9633734,0.9553649,-0.00800854
9550,1,5,2,middle,0.9633734,0.9532807,-0.010092735
9550,1,5,3,middle,0.9633734,0.9657069,0.0023334622
9550,1,5,4,last,0.9633734,0.9585168,-0.004856646
16410,1,5,0,first,0.9150944,0.9434179,0.028323531
16410,1,5,1,middle,0.9150944,0.8362898,-0.07880455
16410,1,5,2,middle,0.9150944,0.81348795,-0.10160643
16410,1,5,3,middle,0.9150944,0.8959341,-0.01916027
16410,1,5,4,last,0.9150944,0.6895356,-0.22555876
844,1,5,0,first,0.8291679,0.63505447,-0.19411343
844,1,5,1,middle,0.8291679,0.8278368,-0.0013310909
844,1,5,2,middle,0.8291679,0.61473006,-0.21443784
844,1,5,3,middle,0.8291679,0.9016533,0.07248539
844,1,5,4,last,0.8291679,0.8293167,0.0001487732
12639,1,5,0,first,0.9080693,0.89235765,-0.015711665
12639,1,5,1,middle,0.9080693,0.8805064,-0.027562916
12639,1,5,2,middle,0.9080693,0.8714363,-0.036633015
12639,1,5,3,middle,0.9080693,0.92153037,0.013461053
12639,1,5,4,last,0.9080693,0.7593041,-0.1487652
15,1,5,0,first,0.31864753,0.2116615,-0.10698603
15,1,5,1,middle,0.31864753,0.42624456,0.10759702
15,1,5,2,middle,0.31864753,0.31658825,-0.0020592809
15,1,5,3,middle,0.31864753,0.43199712,0.11334959
15,1,5,4,last,0.31864753,0.2837042,-0.034943342
339,1,5,0,first,0.9482025,0.9487238,0.0005213022
339,1,5,1,middle,0.9482025,0.9281055,-0.020097017
339,1,5,2,middle,0.9482025,0.9592872,0.011084735
339,1,5,3,middle,0.9482025,0.9254225,-0.022780001
339,1,5,4,last,0.9482025,0.8794402,-0.0687623
1778,0,5,0,first,0.414481,0.51763505,0.10315403
1778,0,5,1,middle,0.414481,0.50756204,0.09308103
1778,0,5,2,middle,0.414481,0.43003651,0.015555501
1778,0,5,3,middle,0.414481,0.40072936,-0.013751656
1778,0,5,4,last,0.414481,0.2221506,-0.19233042
5552,0,4,0,first,0.0513417,0.05566374,0.004322037
5552,0,4,1,middle,0.0513417,0.044245902,-0.007095799
5552,0,4,2,middle,0.0513417,0.047666688,-0.0036750138
5552,0,4,3,last,0.0513417,0.07930393,0.027962226
44037,1,5,0,first,0.9633311,0.96321535,-0.00011575222
44037,1,5,1,middle,0.9633311,0.9616698,-0.0016613007
44037,1,5,2,middle,0.9633311,0.96163034,-0.0017007589
44037,1,5,3,middle,0.9633311,0.9663538,0.0030226707
44037,1,5,4,last,0.9633311,0.9571131,-0.006218016
19,1,5,0,first,0.44962674,0.14561543,-0.30401132
19,1,5,1,middle,0.44962674,0.31883982,-0.13078693
19,1,5,2,middle,0.44962674,0.4466995,-0.0029272437
19,1,5,3,middle,0.44962674,0.5448393,0.09521258
19,1,5,4,last,0.44962674,0.6278705,0.17824376
1846,0,5,0,first,0.055127695,0.06330595,0.008178256
1846,0,5,1,middle,0.055127695,0.055419285,0.00029158965
1846,0,5,2,middle,0.055127695,0.056588545,0.0014608502
1846,0,5,3,middle,0.055127695,0.054949474,-0.00017822161
1846,0,5,4,last,0.055127695,0.056784242,0.0016565472
1138,0,5,0,first,0.07687989,0.07348535,-0.0033945367
1138,0,5,1,middle,0.07687989,0.08030913,0.0034292415
1138,0,5,2,middle,0.07687989,0.076172665,-0.000707224
1138,0,5,3,middle,0.07687989,0.07440118,-0.0024787113
1138,0,5,4,last,0.07687989,0.08229432,0.005414434
698,1,5,0,first,0.9582255,0.9478775,-0.010347962
698,1,5,1,middle,0.9582255,0.89261717,-0.06560832
698,1,5,2,middle,0.9582255,0.95937425,0.0011487603
698,1,5,3,middle,0.9582255,0.9536313,-0.004594207
698,1,5,4,last,0.9582255,0.9604782,0.002252698
410,1,5,0,first,0.8926831,0.7925401,-0.100143015
410,1,5,1,middle,0.8926831,0.9197166,0.027033508
410,1,5,2,middle,0.8926831,0.76897806,-0.12370503
410,1,5,3,middle,0.8926831,0.92001384,0.027330756
410,1,5,4,last,0.8926831,0.829774,-0.06290907
20506,0,5,0,first,0.041197795,0.04237855,0.0011807531
20506,0,5,1,middle,0.041197795,0.046901215,0.0057034194
20506,0,5,2,middle,0.041197795,0.044060245,0.0028624497
20506,0,5,3,middle,0.041197795,0.039967336,-0.0012304597
20506,0,5,4,last,0.041197795,0.039133623,-0.0020641722
1621,1,5,0,first,0.8403056,0.69553906,-0.14476657
1621,1,5,1,middle,0.8403056,0.88044226,0.040136635
1621,1,5,2,middle,0.8403056,0.86545646,0.025150836
1621,1,5,3,middle,0.8403056,0.81846124,-0.021844387
1621,1,5,4,last,0.8403056,0.8018319,-0.038473725
2988,0,5,0,first,0.06201722,0.06187241,-0.00014480948
2988,0,5,1,middle,0.06201722,0.06918275,0.0071655326
2988,0,5,2,middle,0.06201722,0.064262114,0.0022448935
2988,0,5,3,middle,0.06201722,0.060398582,-0.0016186386
2988,0,5,4,last,0.06201722,0.064785756,0.0027685352
39818,0,5,0,first,0.048988838,0.051370904,0.002382066
39818,0,5,1,middle,0.048988838,0.052206535,0.0032176971
39818,0,5,2,middle,0.048988838,0.0525418,0.003552962
39818,0,5,3,middle,0.048988838,0.04714475,-0.0018440895
39818,0,5,4,last,0.048988838,0.05367281,0.0046839714
305,0,5,0,first,0.055981327,0.056487545,0.0005062185
305,0,5,1,middle,0.055981327,0.05464111,-0.0013402179
305,0,5,2,middle,0.055981327,0.061388467,0.0054071397
305,0,5,3,middle,0.055981327,0.05599222,1.0892749e-05
305,0,5,4,last,0.055981327,0.0633966,0.007415276
1449,1,5,0,first,0.07061504,0.08074297,0.010127932
1449,1,5,1,middle,0.07061504,0.091940664,0.021325625
1449,1,5,2,middle,0.07061504,0.07553063,0.004915595
1449,1,5,3,middle,0.07061504,0.080477536,0.009862497
1449,1,5,4,last,0.07061504,0.07292158,0.0023065433
30623,1,5,0,first,0.8927975,0.89964765,0.0068501234
30623,1,5,1,middle,0.8927975,0.8381421,-0.054655433
30623,1,5,2,middle,0.8927975,0.89768624,0.0048887134
30623,1,5,3,middle,0.8927975,0.86576355,-0.027033985
30623,1,5,4,last,0.8927975,0.8630778,-0.02971971
491,0,4,0,first,0.28937486,0.09288107,-0.19649379
491,0,4,1,middle,0.28937486,0.22822355,-0.06115131
491,0,4,2,middle,0.28937486,0.49335212,0.20397726
491,0,4,3,last,0.28937486,0.4868294,0.19745454
49430,0,5,0,first,0.1414227,0.36650237,0.22507967
49430,0,5,1,middle,0.1414227,0.13248973,-0.008932978
49430,0,5,2,middle,0.1414227,0.060067184,-0.08135552
49430,0,5,3,middle,0.1414227,0.19173045,0.05030775
49430,0,5,4,last,0.1414227,0.25534025,0.113917544
1069,0,5,0,first,0.4521681,0.20740336,-0.24476475
1069,0,5,1,middle,0.4521681,0.68488747,0.23271936
1069,0,5,2,middle,0.4521681,0.27201712,-0.18015099
1069,0,5,3,middle,0.4521681,0.2981659,-0.15400222
1069,0,5,4,last,0.4521681,0.60936505,0.15719694
1420,1,5,0,first,0.932825,0.13330524,-0.7995198
1420,1,5,1,middle,0.932825,0.9122698,-0.020555258
1420,1,5,2,middle,0.932825,0.93922603,0.0064010024
1420,1,5,3,middle,0.932825,0.94524544,0.012420416
1420,1,5,4,last,0.932825,0.9407828,0.0079577565
156,1,5,0,first,0.9479844,0.92510337,-0.022881031
156,1,5,1,middle,0.9479844,0.9423245,-0.0056598783
156,1,5,2,middle,0.9479844,0.9271538,-0.020830572
156,1,5,3,middle,0.9479844,0.9468984,-0.0010859966
156,1,5,4,last,0.9479844,0.9495602,0.0015758276
46701,0,5,0,first,0.043869324,0.045153536,0.0012842119
46701,0,5,1,middle,0.043869324,0.042380985,-0.0014883392
46701,0,5,2,middle,0.043869324,0.04518897,0.0013196468
46701,0,5,3,middle,0.043869324,0.045220234,0.0013509095
46701,0,5,4,last,0.043869324,0.044788238,0.00091891363
2364,1,3,0,first,0.45612887,0.3683384,-0.08779046
2364,1,3,1,middle,0.45612887,0.6336155,0.17748663
2364,1,3,2,last,0.45612887,0.14264953,-0.31347933
740,1,5,0,first,0.93444663,0.8745061,-0.059940517
740,1,5,1,middle,0.93444663,0.93858045,0.0041338205
740,1,5,2,middle,0.93444663,0.36903673,-0.5654099
740,1,5,3,middle,0.93444663,0.9248955,-0.009551108
740,1,5,4,last,0.93444663,0.9574156,0.022968948
53258,1,5,0,first,0.87429553,0.79871726,-0.07557827
53258,1,5,1,middle,0.87429553,0.85474986,-0.019545674
53258,1,5,2,middle,0.87429553,0.89460385,0.020308316
53258,1,5,3,middle,0.87429553,0.93437785,0.060082316
53258,1,5,4,last,0.87429553,0.68305504,-0.19124049
316,0,4,0,first,0.041263442,0.044614848,0.0033514053
316,0,4,1,middle,0.041263442,0.047693416,0.006429974
316,0,4,2,middle,0.041263442,0.04554034,0.0042768978
316,0,4,3,last,0.041263442,0.04280817,0.0015447289
160,0,5,0,first,0.86865544,0.9209008,0.05224538
160,0,5,1,middle,0.86865544,0.9088241,0.040168643
160,0,5,2,middle,0.86865544,0.8777539,0.00909847
160,0,5,3,middle,0.86865544,0.39595857,-0.47269687
160,0,5,4,last,0.86865544,0.82486856,-0.043786883
363,1,5,0,first,0.966871,0.9645495,-0.0023215413
363,1,5,1,middle,0.966871,0.9668081,-6.2942505e-05
363,1,5,2,middle,0.966871,0.9686368,0.0017657876
363,1,5,3,middle,0.966871,0.965766,-0.0011050105
363,1,5,4,last,0.966871,0.9112516,-0.05561942
31136,0,5,0,first,0.066655554,0.07814815,0.011492595
31136,0,5,1,middle,0.066655554,0.06710178,0.00044622272
31136,0,5,2,middle,0.066655554,0.07457473,0.007919177
31136,0,5,3,middle,0.066655554,0.06569437,-0.0009611845
31136,0,5,4,last,0.066655554,0.059251804,-0.00740375
388,0,5,0,first,0.41467193,0.40583816,-0.008833766
388,0,5,1,middle,0.41467193,0.38776246,-0.02690947
388,0,5,2,middle,0.41467193,0.30726394,-0.10740799
388,0,5,3,middle,0.41467193,0.5639605,0.14928856
388,0,5,4,last,0.41467193,0.103724554,-0.31094736
1354,0,5,0,first,0.10038502,0.06813961,-0.032245405
1354,0,5,1,middle,0.10038502,0.14406441,0.043679394
1354,0,5,2,middle,0.10038502,0.12962954,0.02924452
1354,0,5,3,middle,0.10038502,0.082254,-0.018131018
1354,0,5,4,last,0.10038502,0.13395861,0.03357359
1742,0,5,0,first,0.11118102,0.19448584,0.08330482
1742,0,5,1,middle,0.11118102,0.08588678,-0.025294244
1742,0,5,2,middle,0.11118102,0.09809337,-0.013087653
1742,0,5,3,middle,0.11118102,0.27882954,0.16764852
1742,0,5,4,last,0.11118102,0.10002753,-0.011153489
1900,0,5,0,first,0.081439175,0.12815486,0.046715684
1900,0,5,1,middle,0.081439175,0.07976952,-0.0016696528
1900,0,5,2,middle,0.081439175,0.06769021,-0.013748966
1900,0,5,3,middle,0.081439175,0.11989814,0.038458966
1900,0,5,4,last,0.081439175,0.06513732,-0.016301855
1456,0,5,0,first,0.043882705,0.043392602,-0.0004901029
1456,0,5,1,middle,0.043882705,0.043833293,-4.941225e-05
1456,0,5,2,middle,0.043882705,0.043476123,-0.0004065819
1456,0,5,3,middle,0.043882705,0.044711784,0.00082907826
1456,0,5,4,last,0.043882705,0.049952798,0.0060700923
22566,0,5,0,first,0.07501212,0.09589043,0.020878315
22566,0,5,1,middle,0.07501212,0.0754381,0.0004259795
22566,0,5,2,middle,0.07501212,0.07355034,-0.0014617741
22566,0,5,3,middle,0.07501212,0.07250783,-0.0025042892
22566,0,5,4,last,0.07501212,0.079364076,0.0043519586
1799,1,5,0,first,0.96613365,0.965863,-0.0002706647
1799,1,5,1,middle,0.96613365,0.9655907,-0.0005429387
1799,1,5,2,middle,0.96613365,0.96700025,0.00086659193
1799,1,5,3,middle,0.96613365,0.96045995,-0.0056737065
1799,1,5,4,last,0.96613365,0.95961314,-0.0065205097
37224,1,4,0,first,0.48510343,0.87550414,0.3904007
37224,1,4,1,middle,0.48510343,0.56908697,0.08398354
37224,1,4,2,middle,0.48510343,0.672554,0.18745059
37224,1,4,3,last,0.48510343,0.061338626,-0.4237648
812,0,5,0,first,0.7949854,0.86583537,0.070849955
812,0,5,1,middle,0.7949854,0.83855623,0.043570817
812,0,5,2,middle,0.7949854,0.869363,0.0743776
812,0,5,3,middle,0.7949854,0.17291272,-0.6220727
812,0,5,4,last,0.7949854,0.8061452,0.011159778
675,0,5,0,first,0.04154773,0.042741243,0.0011935122
675,0,5,1,middle,0.04154773,0.041230835,-0.00031689554
675,0,5,2,middle,0.04154773,0.043258,0.0017102696
675,0,5,3,middle,0.04154773,0.04069574,-0.0008519888
675,0,5,4,last,0.04154773,0.04330559,0.0017578602
52592,1,5,0,first,0.9603371,0.96359676,0.0032596588
52592,1,5,1,middle,0.9603371,0.8378602,-0.122476876
52592,1,5,2,middle,0.9603371,0.956439,-0.0038980842
52592,1,5,3,middle,0.9603371,0.95935076,-0.0009863377
52592,1,5,4,last,0.9603371,0.9606667,0.0003296137
234,1,5,0,first,0.59249836,0.56475276,-0.027745605
234,1,5,1,middle,0.59249836,0.72631377,0.13381541
234,1,5,2,middle,0.59249836,0.25898287,-0.3335155
234,1,5,3,middle,0.59249836,0.8412987,0.24880034
234,1,5,4,last,0.59249836,0.48478693,-0.107711434
1149,0,5,0,first,0.10235711,0.08175665,-0.02060046
1149,0,5,1,middle,0.10235711,0.112787016,0.010429904
1149,0,5,2,middle,0.10235711,0.04352338,-0.058833733
1149,0,5,3,middle,0.10235711,0.14420533,0.04184822
1149,0,5,4,last,0.10235711,0.22964443,0.12728733
55729,1,5,0,first,0.92409456,0.88909143,-0.035003126
55729,1,5,1,middle,0.92409456,0.92318714,-0.0009074211
55729,1,5,2,middle,0.92409456,0.86108524,-0.06300932
55729,1,5,3,middle,0.92409456,0.940297,0.01620245
55729,1,5,4,last,0.92409456,0.91023296,-0.013861597
343,1,5,0,first,0.34020093,0.5290326,0.18883166
343,1,5,1,middle,0.34020093,0.13140406,-0.20879687
343,1,5,2,middle,0.34020093,0.14862315,-0.19157778
343,1,5,3,middle,0.34020093,0.49245572,0.15225479
343,1,5,4,last,0.34020093,0.20886426,-0.13133667
1649,0,5,0,first,0.10729206,0.08742791,-0.019864157
1649,0,5,1,middle,0.10729206,0.1401425,0.032850437
1649,0,5,2,middle,0.10729206,0.1260599,0.018767841
1649,0,5,3,middle,0.10729206,0.11776301,0.010470949
1649,0,5,4,last,0.10729206,0.12835893,0.021066867
17486,1,5,0,first,0.07257904,0.13661553,0.06403649
17486,1,5,1,middle,0.07257904,0.07370535,0.0011263117
17486,1,5,2,middle,0.07257904,0.058966354,-0.013612688
17486,1,5,3,middle,0.07257904,0.14358003,0.07100099
17486,1,5,4,last,0.07257904,0.04851783,-0.02406121
1584,1,4,0,first,0.32124585,0.24276522,-0.07848063
1584,1,4,1,middle,0.32124585,0.11859531,-0.20265055
1584,1,4,2,middle,0.32124585,0.4645181,0.14327225
1584,1,4,3,last,0.32124585,0.48457563,0.16332978
47842,1,5,0,first,0.2890725,0.18612313,-0.10294938
47842,1,5,1,middle,0.2890725,0.4023637,0.113291174
47842,1,5,2,middle,0.2890725,0.3838208,0.09474829
47842,1,5,3,middle,0.2890725,0.18066868,-0.10840383
47842,1,5,4,last,0.2890725,0.14691298,-0.14215954
24,1,5,0,first,0.7183796,0.5655846,-0.15279502
24,1,5,1,middle,0.7183796,0.79126406,0.07288444
24,1,5,2,middle,0.7183796,0.40301347,-0.31536615
24,1,5,3,middle,0.7183796,0.69781286,-0.020566761
24,1,5,4,last,0.7183796,0.5425714,-0.17580819
46051,0,5,0,first,0.31939706,0.20872702,-0.110670045
46051,0,5,1,middle,0.31939706,0.47975022,0.16035315
46051,0,5,2,middle,0.31939706,0.30668595,-0.012711108
46051,0,5,3,middle,0.31939706,0.21443705,-0.10496001
46051,0,5,4,last,0.31939706,0.3393485,0.019951433
34692,0,5,0,first,0.6089884,0.6585023,0.049513876
34692,0,5,1,middle,0.6089884,0.34170353,-0.26728487
34692,0,5,2,middle,0.6089884,0.77576673,0.16677833
34692,0,5,3,middle,0.6089884,0.7421147,0.13312632
34692,0,5,4,last,0.6089884,0.085227884,-0.5237605
498,0,2,0,first,0.26447457,0.25789812,-0.0065764487
498,0,2,1,last,0.26447457,0.25404978,-0.010424793
42957,1,5,0,first,0.81837785,0.8937981,0.07542026
42957,1,5,1,middle,0.81837785,0.51599884,-0.302379
42957,1,5,2,middle,0.81837785,0.5344212,-0.28395665
42957,1,5,3,middle,0.81837785,0.8424383,0.024060428
42957,1,5,4,last,0.81837785,0.8040062,-0.0143716335
281,0,5,0,first,0.18615101,0.60628766,0.42013663
281,0,5,1,middle,0.18615101,0.12626036,-0.059890658
281,0,5,2,middle,0.18615101,0.10204451,-0.084106505
281,0,5,3,middle,0.18615101,0.1365816,-0.049569413
281,0,5,4,last,0.18615101,0.23328169,0.047130674
221,0,5,0,first,0.18449588,0.1312561,-0.053239778
221,0,5,1,middle,0.18449588,0.07132665,-0.11316923
221,0,5,2,middle,0.18449588,0.5362129,0.35171705
221,0,5,3,middle,0.18449588,0.16135067,-0.023145214
221,0,5,4,last,0.18449588,0.174183,-0.010312885
945,0,4,0,first,0.06127624,0.0777386,0.01646236
945,0,4,1,middle,0.06127624,0.072675705,0.011399467
945,0,4,2,middle,0.06127624,0.051016048,-0.010260191
945,0,4,3,last,0.06127624,0.061223693,-5.254522e-05
10082,0,5,0,first,0.08845838,0.1360605,0.047602125
10082,0,5,1,middle,0.08845838,0.07327538,-0.015183002
10082,0,5,2,middle,0.08845838,0.07615329,-0.012305088
10082,0,5,3,middle,0.08845838,0.07099752,-0.01746086
10082,0,5,4,last,0.08845838,0.08834436,-0.000114023685
1375,1,5,0,first,0.9645779,0.9634209,-0.0011569858
1375,1,5,1,middle,0.9645779,0.9649764,0.00039845705
1375,1,5,2,middle,0.9645779,0.96310633,-0.0014715791
1375,1,5,3,middle,0.9645779,0.96574193,0.0011640191
1375,1,5,4,last,0.9645779,0.9612506,-0.00332731
15147,0,5,0,first,0.072590835,0.078847304,0.0062564686
15147,0,5,1,middle,0.072590835,0.10147831,0.028887473
15147,0,5,2,middle,0.072590835,0.06574074,-0.0068500936
15147,0,5,3,middle,0.072590835,0.11203213,0.039441295
15147,0,5,4,last,0.072590835,0.07175234,-0.0008384958
820,1,5,0,first,0.93235284,0.9297933,-0.0025595427
820,1,5,1,middle,0.93235284,0.93903846,0.0066856146
820,1,5,2,middle,0.93235284,0.35684872,-0.5755041
820,1,5,3,middle,0.93235284,0.8530102,-0.07934266
820,1,5,4,last,0.93235284,0.91717166,-0.015181184
46814,1,5,0,first,0.69752514,0.69662255,-0.00090259314
46814,1,5,1,middle,0.69752514,0.76390356,0.066378415
46814,1,5,2,middle,0.69752514,0.7051515,0.0076263547
46814,1,5,3,middle,0.69752514,0.62120867,-0.076316476
46814,1,5,4,last,0.69752514,0.12789881,-0.56962633
38525,1,5,0,first,0.7119364,0.5708262,-0.14111024
38525,1,5,1,middle,0.7119364,0.45732948,-0.25460693
38525,1,5,2,middle,0.7119364,0.72760355,0.01566714
38525,1,5,3,middle,0.7119364,0.74775666,0.035820246
38525,1,5,4,last,0.7119364,0.69312716,-0.018809259
1098,1,5,0,first,0.660034,0.7099892,0.04995519
1098,1,5,1,middle,0.660034,0.6495113,-0.010522723
1098,1,5,2,middle,0.660034,0.6929328,0.032898784
1098,1,5,3,middle,0.660034,0.20219386,-0.45784014
1098,1,5,4,last,0.660034,0.91777474,0.25774074
1446,1,4,0,first,0.8510238,0.8287409,-0.022282898
1446,1,4,1,middle,0.8510238,0.89350414,0.04248035
1446,1,4,2,middle,0.8510238,0.8956448,0.04462099
1446,1,4,3,last,0.8510238,0.22722076,-0.623803
182,0,5,0,first,0.108385764,0.21018924,0.101803474
182,0,5,1,middle,0.108385764,0.15826677,0.049881004
182,0,5,2,middle,0.108385764,0.10004022,-0.008345544
182,0,5,3,middle,0.108385764,0.11606385,0.007678084
182,0,5,4,last,0.108385764,0.07895365,-0.02943211
312,0,5,0,first,0.13448189,0.14849527,0.01401338
312,0,5,1,middle,0.13448189,0.15836965,0.023887753
312,0,5,2,middle,0.13448189,0.1529297,0.018447801
312,0,5,3,middle,0.13448189,0.12239396,-0.012087934
312,0,5,4,last,0.13448189,0.124234125,-0.010247767
43960,1,5,0,first,0.6600244,0.5987794,-0.061245024
43960,1,5,1,middle,0.6600244,0.5781048,-0.08191961
43960,1,5,2,middle,0.6600244,0.60469276,-0.055331647
43960,1,5,3,middle,0.6600244,0.66500103,0.00497663
43960,1,5,4,last,0.6600244,0.56959844,-0.09042597
40559,0,4,0,first,0.052727383,0.052981343,0.0002539605
40559,0,4,1,middle,0.052727383,0.058570083,0.0058427006
40559,0,4,2,middle,0.052727383,0.05197711,-0.00075027347
40559,0,4,3,last,0.052727383,0.057264276,0.004536893
33964,1,5,0,first,0.9330699,0.900345,-0.032724857
33964,1,5,1,middle,0.9330699,0.8901327,-0.04293716
33964,1,5,2,middle,0.9330699,0.9458235,0.012753606
33964,1,5,3,middle,0.9330699,0.9341064,0.0010365248
33964,1,5,4,last,0.9330699,0.91574013,-0.017329752
1686,1,5,0,first,0.95593417,0.8484106,-0.10752356
1686,1,5,1,middle,0.95593417,0.95247066,-0.0034635067
1686,1,5,2,middle,0.95593417,0.95720613,0.0012719631
1686,1,5,3,middle,0.95593417,0.89367497,-0.062259197
1686,1,5,4,last,0.95593417,0.96196985,0.0060356855
38828,0,5,0,first,0.06883764,0.04776977,-0.021067873
38828,0,5,1,middle,0.06883764,0.06389997,-0.004937671
38828,0,5,2,middle,0.06883764,0.09064483,0.021807186
38828,0,5,3,middle,0.06883764,0.067758374,-0.0010792688
38828,0,5,4,last,0.06883764,0.104120106,0.035282463
40861,0,5,0,first,0.049162164,0.05692797,0.007765807
40861,0,5,1,middle,0.049162164,0.050074548,0.0009123832
40861,0,5,2,middle,0.049162164,0.05064187,0.0014797039
40861,0,5,3,middle,0.049162164,0.05580424,0.006642077
40861,0,5,4,last,0.049162164,0.04754605,-0.0016161129
528,0,5,0,first,0.10386314,0.113257244,0.009394102
528,0,5,1,middle,0.10386314,0.09173187,-0.012131274
528,0,5,2,middle,0.10386314,0.0921387,-0.011724442
528,0,5,3,middle,0.10386314,0.12129287,0.017429724
528,0,5,4,last,0.10386314,0.10218106,-0.0016820803
1003,0,5,0,first,0.090642065,0.04819394,-0.042448126
1003,0,5,1,middle,0.090642065,0.16736007,0.076718
1003,0,5,2,middle,0.090642065,0.10479762,0.014155552
1003,0,5,3,middle,0.090642065,0.09364064,0.0029985756
1003,0,5,4,last,0.090642065,0.12249712,0.031855054
10503,1,5,0,first,0.956502,0.95596856,-0.00053346157
10503,1,5,1,middle,0.956502,0.9483577,-0.008144319
10503,1,5,2,middle,0.956502,0.9456169,-0.010885119
10503,1,5,3,middle,0.956502,0.96189904,0.005397022
10503,1,5,4,last,0.956502,0.9527298,-0.0037721992
200,1,5,0,first,0.7993253,0.66169316,-0.13763213
200,1,5,1,middle,0.7993253,0.38659978,-0.4127255
200,1,5,2,middle,0.7993253,0.91829276,0.11896747
200,1,5,3,middle,0.7993253,0.7032231,-0.09610218
200,1,5,4,last,0.7993253,0.824485,0.025159717
605,1,4,0,first,0.4168965,0.44478062,0.027884126
605,1,4,1,middle,0.4168965,0.26870298,-0.14819351
605,1,4,2,middle,0.4168965,0.46254218,0.045645684
605,1,4,3,last,0.4168965,0.23112479,-0.1857717
1988,0,5,0,first,0.13756298,0.0773855,-0.060177475
1988,0,5,1,middle,0.13756298,0.14173156,0.004168585
1988,0,5,2,middle,0.13756298,0.14386696,0.006303981
1988,0,5,3,middle,0.13756298,0.10241587,-0.03514711
1988,0,5,4,last,0.13756298,0.23958834,0.10202536
20556,0,5,0,first,0.06486964,0.07392439,0.00905475
20556,0,5,1,middle,0.06486964,0.055686902,-0.00918274
20556,0,5,2,middle,0.06486964,0.082409024,0.017539382
20556,0,5,3,middle,0.06486964,0.057815157,-0.0070544854
20556,0,5,4,last,0.06486964,0.06929405,0.004424408
29907,1,5,0,first,0.9285472,0.9179908,-0.0105564
29907,1,5,1,middle,0.9285472,0.91777843,-0.010768771
29907,1,5,2,middle,0.9285472,0.9255213,-0.0030258894
29907,1,5,3,middle,0.9285472,0.9368995,0.00835228
29907,1,5,4,last,0.9285472,0.9222716,-0.0062755942
1280,1,5,0,first,0.58358455,0.5474612,-0.036123335
1280,1,5,1,middle,0.58358455,0.36700848,-0.21657607
1280,1,5,2,middle,0.58358455,0.6849915,0.10140693
1280,1,5,3,middle,0.58358455,0.3391387,-0.24444586
1280,1,5,4,last,0.58358455,0.6554024,0.071817875
8160,0,5,0,first,0.47478968,0.5889928,0.114203095
8160,0,5,1,middle,0.47478968,0.37417227,-0.10061741
8160,0,5,2,middle,0.47478968,0.46857795,-0.006211728
8160,0,5,3,middle,0.47478968,0.43471742,-0.040072262
8160,0,5,4,last,0.47478968,0.19668399,-0.27810568
38612,0,4,0,first,0.046707217,0.049947336,0.0032401197
38612,0,4,1,middle,0.046707217,0.05224537,0.0055381544
38612,0,4,2,middle,0.046707217,0.048632316,0.0019250996
38612,0,4,3,last,0.046707217,0.0457898,-0.00091741607
1232,0,5,0,first,0.072108984,0.069201976,-0.002907008
1232,0,5,1,middle,0.072108984,0.06930633,-0.002802655
1232,0,5,2,middle,0.072108984,0.060081962,-0.0120270215
1232,0,5,3,middle,0.072108984,0.06214594,-0.009963043
1232,0,5,4,last,0.072108984,0.05010562,-0.022003364
7886,0,5,0,first,0.04627525,0.046113864,-0.00016138703
7886,0,5,1,middle,0.04627525,0.04688397,0.0006087199
7886,0,5,2,middle,0.04627525,0.049125355,0.0028501041
7886,0,5,3,middle,0.04627525,0.046882376,0.00060712546
7886,0,5,4,last,0.04627525,0.049188625,0.0029133745
29550,0,4,0,first,0.047889963,0.054921698,0.007031735
29550,0,4,1,middle,0.047889963,0.048516482,0.0006265193
29550,0,4,2,middle,0.047889963,0.051954538,0.004064575
29550,0,4,3,last,0.047889963,0.049784273,0.0018943101
1245,1,2,0,first,0.51059324,0.044414897,-0.46617833
1245,1,2,1,last,0.51059324,0.83612,0.32552677
37288,0,5,0,first,0.065498136,0.06270036,-0.002797775
37288,0,5,1,middle,0.065498136,0.068071485,0.0025733486
37288,0,5,2,middle,0.065498136,0.07065236,0.0051542222
37288,0,5,3,middle,0.065498136,0.06381636,-0.0016817749
37288,0,5,4,last,0.065498136,0.068872094,0.0033739582
44,1,5,0,first,0.4041588,0.24184135,-0.16231745
44,1,5,1,middle,0.4041588,0.4624989,0.058340102
44,1,5,2,middle,0.4041588,0.50559026,0.10143146
44,1,5,3,middle,0.4041588,0.7013791,0.29722032
44,1,5,4,last,0.4041588,0.21117404,-0.19298476
1521,0,5,0,first,0.12501009,0.13604882,0.0110387355
1521,0,5,1,middle,0.12501009,0.12833582,0.0033257306
1521,0,5,2,middle,0.12501009,0.10289981,-0.022110276
1521,0,5,3,middle,0.12501009,0.06987244,-0.05513765
1521,0,5,4,last,0.12501009,0.17170995,0.046699867
214,1,5,0,first,0.9551525,0.95828855,0.0031360388
214,1,5,1,middle,0.9551525,0.95263,-0.0025225282
214,1,5,2,middle,0.9551525,0.9534509,-0.0017015934
214,1,5,3,middle,0.9551525,0.93249756,-0.02265495
214,1,5,4,last,0.9551525,0.86505574,-0.09009677
840,1,5,0,first,0.6208942,0.6336133,0.012719095
840,1,5,1,middle,0.6208942,0.53038543,-0.09050876
840,1,5,2,middle,0.6208942,0.3866283,-0.2342659
840,1,5,3,middle,0.6208942,0.6647677,0.04387349
840,1,5,4,last,0.6208942,0.6273122,0.0064179897
46170,1,5,0,first,0.82287616,0.8762464,0.053370237
46170,1,5,1,middle,0.82287616,0.88022816,0.057352006
46170,1,5,2,middle,0.82287616,0.33346847,-0.4894077
46170,1,5,3,middle,0.82287616,0.81798756,-0.004888594
46170,1,5,4,last,0.82287616,0.8598712,0.036995053
792,1,5,0,first,0.72975475,0.82719666,0.09744191
792,1,5,1,middle,0.72975475,0.14601393,-0.58374083
792,1,5,2,middle,0.72975475,0.67347366,-0.05628109
792,1,5,3,middle,0.72975475,0.66084737,-0.06890738
792,1,5,4,last,0.72975475,0.7136999,-0.016054869
1805,1,5,0,first,0.92861784,0.94883937,0.020221531
1805,1,5,1,middle,0.92861784,0.88566023,-0.042957604
1805,1,5,2,middle,0.92861784,0.95064485,0.022027016
1805,1,5,3,middle,0.92861784,0.7043906,-0.22422725
1805,1,5,4,last,0.92861784,0.9424044,0.013786554
15216,0,5,0,first,0.8101387,0.9015819,0.09144318
15216,0,5,1,middle,0.8101387,0.6817797,-0.12835902
15216,0,5,2,middle,0.8101387,0.8522242,0.04208547
15216,0,5,3,middle,0.8101387,0.7537389,-0.056399822
15216,0,5,4,last,0.8101387,0.62148905,-0.18864965
40460,0,2,0,first,0.36023703,0.090449944,-0.26978707
40460,0,2,1,last,0.36023703,0.46173447,0.10149744
1541,0,5,0,first,0.17006786,0.17167696,0.0016091019
1541,0,5,1,middle,0.17006786,0.17423722,0.00416936
1541,0,5,2,middle,0.17006786,0.14189495,-0.02817291
1541,0,5,3,middle,0.17006786,0.184949,0.014881134
1541,0,5,4,last,0.17006786,0.11021721,-0.059850648
31840,0,5,0,first,0.06294564,0.079734534,0.016788892
31840,0,5,1,middle,0.06294564,0.066248454,0.0033028126
31840,0,5,2,middle,0.06294564,0.07204632,0.009100676
31840,0,5,3,middle,0.06294564,0.062208597,-0.00073704496
31840,0,5,4,last,0.06294564,0.0626025,-0.00034314394
1939,0,5,0,first,0.21467847,0.19664288,-0.01803559
1939,0,5,1,middle,0.21467847,0.27842554,0.06374708
1939,0,5,2,middle,0.21467847,0.21199769,-0.0026807785
1939,0,5,3,middle,0.21467847,0.22100362,0.0063251555
1939,0,5,4,last,0.21467847,0.23405308,0.019374609
44474,1,5,0,first,0.16352917,0.113533944,-0.04999523
44474,1,5,1,middle,0.16352917,0.14165704,-0.021872133
44474,1,5,2,middle,0.16352917,0.5814187,0.41788954
44474,1,5,3,middle,0.16352917,0.13057029,-0.03295888
44474,1,5,4,last,0.16352917,0.3048084,0.14127924
17318,0,5,0,first,0.15776339,0.12879194,-0.028971449
17318,0,5,1,middle,0.15776339,0.1558618,-0.0019015968
17318,0,5,2,middle,0.15776339,0.14599757,-0.011765823
17318,0,5,3,middle,0.15776339,0.18313272,0.025369331
17318,0,5,4,last,0.15776339,0.18967377,0.031910375
39424,1,5,0,first,0.12834144,0.2487917,0.12045026
39424,1,5,1,middle,0.12834144,0.20030333,0.071961895
39424,1,5,2,middle,0.12834144,0.058696438,-0.069645
39424,1,5,3,middle,0.12834144,0.08943027,-0.038911164
39424,1,5,4,last,0.12834144,0.1310409,0.0026994646
1264,1,5,0,first,0.96708316,0.96698654,-9.661913e-05
1264,1,5,1,middle,0.96708316,0.9662297,-0.0008534789
1264,1,5,2,middle,0.96708316,0.9670069,-7.623434e-05
1264,1,5,3,middle,0.96708316,0.9638821,-0.0032010674
1264,1,5,4,last,0.96708316,0.9660414,-0.00104177
31345,1,5,0,first,0.9671162,0.96833885,0.0012226701
31345,1,5,1,middle,0.9671162,0.96485704,-0.0022591352
31345,1,5,2,middle,0.9671162,0.96668017,-0.00043600798
31345,1,5,3,middle,0.9671162,0.96558285,-0.0015333295
31345,1,5,4,last,0.9671162,0.9630652,-0.00405097
317,0,5,0,first,0.8187414,0.6777566,-0.14098477
317,0,5,1,middle,0.8187414,0.92416245,0.10542107
317,0,5,2,middle,0.8187414,0.83178973,0.013048351
317,0,5,3,middle,0.8187414,0.29471457,-0.5240268
317,0,5,4,last,0.8187414,0.88247436,0.06373298
25424,0,5,0,first,0.047802743,0.043256264,-0.0045464784
25424,0,5,1,middle,0.047802743,0.049648862,0.0018461198
25424,0,5,2,middle,0.047802743,0.048134595,0.00033185259
25424,0,5,3,middle,0.047802743,0.06199683,0.014194086
25424,0,5,4,last,0.047802743,0.056087535,0.008284792
573,1,5,0,first,0.5524747,0.50755584,-0.044918835
573,1,5,1,middle,0.5524747,0.6286811,0.076206446
573,1,5,2,middle,0.5524747,0.62291765,0.070442975
573,1,5,3,middle,0.5524747,0.5374785,-0.014996171
573,1,5,4,last,0.5524747,0.17820966,-0.37426502
43574,1,5,0,first,0.68530446,0.7591601,0.07385564
43574,1,5,1,middle,0.68530446,0.76175237,0.076447904
43574,1,5,2,middle,0.68530446,0.2569246,-0.42837986
43574,1,5,3,middle,0.68530446,0.7163252,0.03102076
43574,1,5,4,last,0.68530446,0.8174002,0.13209575
1002,0,5,0,first,0.37465113,0.22729088,-0.14736025
1002,0,5,1,middle,0.37465113,0.45495078,0.080299646
1002,0,5,2,middle,0.37465113,0.5440681,0.16941696
1002,0,5,3,middle,0.37465113,0.51847583,0.1438247
1002,0,5,4,last,0.37465113,0.121437,-0.25321412
32770,1,5,0,first,0.96779174,0.96996665,0.0021749139
32770,1,5,1,middle,0.96779174,0.960185,-0.0076067448
32770,1,5,2,middle,0.96779174,0.96836364,0.00057190657
32770,1,5,3,middle,0.96779174,0.9669506,-0.00084114075
32770,1,5,4,last,0.96779174,0.96745825,-0.000333488
770,1,5,0,first,0.7122699,0.36049145,-0.35177845
770,1,5,1,middle,0.7122699,0.6738155,-0.038454413
770,1,5,2,middle,0.7122699,0.5042079,-0.208062
770,1,5,3,middle,0.7122699,0.3874424,-0.3248275
770,1,5,4,last,0.7122699,0.8013634,0.08909351
1727,0,5,0,first,0.40405515,0.5046687,0.100613564
1727,0,5,1,middle,0.40405515,0.42447445,0.0204193
1727,0,5,2,middle,0.40405515,0.5285768,0.12452164
1727,0,5,3,middle,0.40405515,0.105734184,-0.29832095
1727,0,5,4,last,0.40405515,0.29338187,-0.11067328
2,1,5,0,first,0.90040666,0.65045756,-0.2499491
2,1,5,1,middle,0.90040666,0.92746836,0.0270617
2,1,5,2,middle,0.90040666,0.92507666,0.024670005
2,1,5,3,middle,0.90040666,0.92509663,0.024689972
2,1,5,4,last,0.90040666,0.6734132,-0.22699344
6362,0,5,0,first,0.83587,0.80815864,-0.027711391
6362,0,5,1,middle,0.83587,0.8378964,0.002026379
6362,0,5,2,middle,0.83587,0.82314056,-0.012729466
6362,0,5,3,middle,0.83587,0.719875,-0.11599505
6362,0,5,4,last,0.83587,0.74849486,-0.087375164
2343,0,5,0,first,0.07282596,0.0677766,-0.005049363
2343,0,5,1,middle,0.07282596,0.0753538,0.0025278404
2343,0,5,2,middle,0.07282596,0.07425271,0.0014267489
2343,0,5,3,middle,0.07282596,0.07679309,0.0039671287
2343,0,5,4,last,0.07282596,0.07554671,0.0027207509
10,1,5,0,first,0.8973424,0.9044323,0.007089913
10,1,5,1,middle,0.8973424,0.87921697,-0.018125415
10,1,5,2,middle,0.8973424,0.79979634,-0.09754604
10,1,5,3,middle,0.8973424,0.8804756,-0.016866803
10,1,5,4,last,0.8973424,0.79879135,-0.098551035
14092,0,5,0,first,0.14438052,0.09582694,-0.048553586
14092,0,5,1,middle,0.14438052,0.10523157,-0.039148957
14092,0,5,2,middle,0.14438052,0.2215874,0.07720688
14092,0,5,3,middle,0.14438052,0.15914904,0.014768511
14092,0,5,4,last,0.14438052,0.13266283,-0.011717692
26210,1,5,0,first,0.14068566,0.262459,0.12177335
26210,1,5,1,middle,0.14068566,0.12508759,-0.015598074
26210,1,5,2,middle,0.14068566,0.15153994,0.010854274
26210,1,5,3,middle,0.14068566,0.15337783,0.012692168
26210,1,5,4,last,0.14068566,0.054388747,-0.086296916
36370,0,5,0,first,0.17783871,0.16249892,-0.015339792
36370,0,5,1,middle,0.17783871,0.23671111,0.0588724
36370,0,5,2,middle,0.17783871,0.2989585,0.1211198
36370,0,5,3,middle,0.17783871,0.17889836,0.0010596514
36370,0,5,4,last,0.17783871,0.10251054,-0.07532817
1088,1,4,0,first,0.19567972,0.16472834,-0.03095138
1088,1,4,1,middle,0.19567972,0.19047134,-0.005208388
1088,1,4,2,middle,0.19567972,0.16606507,-0.029614657
1088,1,4,3,last,0.19567972,0.3099863,0.11430657
48702,1,5,0,first,0.9635855,0.6866357,-0.27694982
48702,1,5,1,middle,0.9635855,0.9591832,-0.00440228
48702,1,5,2,middle,0.9635855,0.9630578,-0.0005276799
48702,1,5,3,middle,0.9635855,0.96378195,0.00019645691
48702,1,5,4,last,0.9635855,0.96374,0.00015449524
1104,1,5,0,first,0.81788737,0.88949794,0.07161057
1104,1,5,1,middle,0.81788737,0.4931717,-0.32471567
1104,1,5,2,middle,0.81788737,0.51496977,-0.3029176
1104,1,5,3,middle,0.81788737,0.9228472,0.104959846
1104,1,5,4,last,0.81788737,0.82096595,0.00307858
823,1,5,0,first,0.37585258,0.33842725,-0.03742534
823,1,5,1,middle,0.37585258,0.3063184,-0.06953418
823,1,5,2,middle,0.37585258,0.29483005,-0.08102253
823,1,5,3,middle,0.37585258,0.08237854,-0.29347405
823,1,5,4,last,0.37585258,0.80949396,0.43364137
373,1,5,0,first,0.95067996,0.9279577,-0.022722244
373,1,5,1,middle,0.95067996,0.9526729,0.001992941
373,1,5,2,middle,0.95067996,0.9531229,0.002442956
373,1,5,3,middle,0.95067996,0.94689465,-0.0037853122
373,1,5,4,last,0.95067996,0.9489817,-0.0016982555
7046,0,5,0,first,0.058929607,0.060749087,0.0018194802
7046,0,5,1,middle,0.058929607,0.05910026,0.00017065182
7046,0,5,2,middle,0.058929607,0.06145693,0.0025273226
7046,0,5,3,middle,0.058929607,0.055144403,-0.0037852041
7046,0,5,4,last,0.058929607,0.05907795,0.00014834106
994,0,5,0,first,0.1335806,0.18216217,0.04858157
994,0,5,1,middle,0.1335806,0.19655383,0.06297323
994,0,5,2,middle,0.1335806,0.072144344,-0.06143625
994,0,5,3,middle,0.1335806,0.134798,0.00121741
994,0,5,4,last,0.1335806,0.11849697,-0.015083626
52469,0,4,0,first,0.04370378,0.04710605,0.0034022704
52469,0,4,1,middle,0.04370378,0.048113417,0.0044096373
52469,0,4,2,middle,0.04370378,0.046338573,0.0026347935
52469,0,4,3,last,0.04370378,0.04363511,-6.8668276e-05
1625,1,5,0,first,0.9621093,0.9339114,-0.028197944
1625,1,5,1,middle,0.9621093,0.9634243,0.0013149977
1625,1,5,2,middle,0.9621093,0.96070886,-0.0014004707
1625,1,5,3,middle,0.9621093,0.9599964,-0.002112925
1625,1,5,4,last,0.9621093,0.9631719,0.001062572
50021,0,5,0,first,0.06546075,0.06753126,0.002070509
50021,0,5,1,middle,0.06546075,0.07168047,0.0062197223
50021,0,5,2,middle,0.06546075,0.061473653,-0.0039870963
50021,0,5,3,middle,0.06546075,0.06155475,-0.0039060004
50021,0,5,4,last,0.06546075,0.07002908,0.004568331
11398,0,5,0,first,0.07505638,0.11166181,0.036605425
11398,0,5,1,middle,0.07505638,0.07153243,-0.0035239533
11398,0,5,2,middle,0.07505638,0.07343629,-0.0016200915
11398,0,5,3,middle,0.07505638,0.0728595,-0.0021968782
11398,0,5,4,last,0.07505638,0.08525785,0.010201469
16479,1,5,0,first,0.8584054,0.8764078,0.01800239
16479,1,5,1,middle,0.8584054,0.6099059,-0.24849951
16479,1,5,2,middle,0.8584054,0.867909,0.009503603
16479,1,5,3,middle,0.8584054,0.8861992,0.027793765
16479,1,5,4,last,0.8584054,0.79084736,-0.06755805
1631,1,5,0,first,0.052700214,0.06619475,0.013494536
1631,1,5,1,middle,0.052700214,0.048313163,-0.004387051
1631,1,5,2,middle,0.052700214,0.060515534,0.00781532
1631,1,5,3,middle,0.052700214,0.08202784,0.029327624
1631,1,5,4,last,0.052700214,0.053018317,0.00031810254
13738,0,5,0,first,0.48944226,0.49299514,0.0035528839
13738,0,5,1,middle,0.48944226,0.28420356,-0.2052387
13738,0,5,2,middle,0.48944226,0.4588855,-0.030556768
13738,0,5,3,middle,0.48944226,0.37788942,-0.111552835
13738,0,5,4,last,0.48944226,0.5034083,0.013966054
1260,1,4,0,first,0.5513176,0.064023785,-0.48729378
1260,1,4,1,middle,0.5513176,0.66570324,0.114385664
1260,1,4,2,middle,0.5513176,0.57065886,0.01934129
1260,1,4,3,last,0.5513176,0.69557905,0.14426148
709,1,5,0,first,0.091002434,0.100097224,0.00909479
709,1,5,1,middle,0.091002434,0.07507079,-0.015931644
709,1,5,2,middle,0.091002434,0.09554879,0.004546359
709,1,5,3,middle,0.091002434,0.07773526,-0.013267174
709,1,5,4,last,0.091002434,0.10413161,0.013129175
708,1,5,0,first,0.5030748,0.36413792,-0.1389369
708,1,5,1,middle,0.5030748,0.539439,0.036364198
708,1,5,2,middle,0.5030748,0.44642216,-0.056652665
708,1,5,3,middle,0.5030748,0.27124766,-0.23182717
708,1,5,4,last,0.5030748,0.3022933,-0.20078152
236,1,4,0,first,0.78792953,0.79365486,0.005725324
236,1,4,1,middle,0.78792953,0.5994702,-0.18845934
236,1,4,2,middle,0.78792953,0.74945354,-0.03847599
236,1,4,3,last,0.78792953,0.7605545,-0.027375042
1116,0,3,0,first,0.054929588,0.061107635,0.0061780475
1116,0,3,1,middle,0.054929588,0.09713908,0.042209495
1116,0,3,2,last,0.054929588,0.0450225,-0.009907089
1596,1,5,0,first,0.40893692,0.119400375,-0.28953654
1596,1,5,1,middle,0.40893692,0.46473107,0.05579415
1596,1,5,2,middle,0.40893692,0.6813457,0.27240878
1596,1,5,3,middle,0.40893692,0.6063132,0.19737631
1596,1,5,4,last,0.40893692,0.3943733,-0.01456362
50886,0,5,0,first,0.9325771,0.93097013,-0.0016069412
50886,0,5,1,middle,0.9325771,0.9284396,-0.0041374564
50886,0,5,2,middle,0.9325771,0.8861636,-0.04641348
50886,0,5,3,middle,0.9325771,0.93379396,0.0012168884
50886,0,5,4,last,0.9325771,0.931137,-0.0014400482
37177,1,5,0,first,0.18464127,0.2341403,0.049499035
37177,1,5,1,middle,0.18464127,0.14353237,-0.041108906
37177,1,5,2,middle,0.18464127,0.13681743,-0.047823846
37177,1,5,3,middle,0.18464127,0.20433435,0.019693077
37177,1,5,4,last,0.18464127,0.12681836,-0.057822913
1061,1,5,0,first,0.950317,0.9556915,0.005374491
1061,1,5,1,middle,0.950317,0.922888,-0.027429044
1061,1,5,2,middle,0.950317,0.9493435,-0.00097352266
1061,1,5,3,middle,0.950317,0.9477997,-0.0025173426
1061,1,5,4,last,0.950317,0.9239521,-0.026364923
49791,1,5,0,first,0.9622523,0.95793086,-0.004321456
49791,1,5,1,middle,0.9622523,0.95857483,-0.0036774874
49791,1,5,2,middle,0.9622523,0.9533937,-0.008858621
49791,1,5,3,middle,0.9622523,0.93991035,-0.022341967
49791,1,5,4,last,0.9622523,0.965895,0.0036426783
475,1,5,0,first,0.08186252,0.08865659,0.0067940727
475,1,5,1,middle,0.08186252,0.075209394,-0.0066531226
475,1,5,2,middle,0.08186252,0.12019139,0.03832887
475,1,5,3,middle,0.08186252,0.077653885,-0.004208632
475,1,5,4,last,0.08186252,0.061352566,-0.02050995
1796,1,5,0,first,0.96490455,0.9655347,0.0006301403
1796,1,5,1,middle,0.96490455,0.96417224,-0.00073230267
1796,1,5,2,middle,0.96490455,0.96365607,-0.0012484789
1796,1,5,3,middle,0.96490455,0.96044576,-0.004458785
1796,1,5,4,last,0.96490455,0.9627026,-0.0022019744
48013,1,5,0,first,0.90635926,0.81486183,-0.09149742
48013,1,5,1,middle,0.90635926,0.9074192,0.0010599494
48013,1,5,2,middle,0.90635926,0.9226919,0.016332626
48013,1,5,3,middle,0.90635926,0.8655931,-0.04076618
48013,1,5,4,last,0.90635926,0.90933985,0.0029805899
54707,1,5,0,first,0.9440645,0.9514123,0.007347822
54707,1,5,1,middle,0.9440645,0.9170047,-0.027059793
54707,1,5,2,middle,0.9440645,0.935964,-0.00810051
54707,1,5,3,middle,0.9440645,0.93422115,-0.009843349
54707,1,5,4,last,0.9440645,0.9242875,-0.019777
28063,0,5,0,first,0.048383,0.05221842,0.0038354173
28063,0,5,1,middle,0.048383,0.044150967,-0.004232034
28063,0,5,2,middle,0.048383,0.052929103,0.004546102
28063,0,5,3,middle,0.048383,0.0516938,0.0033107996
28063,0,5,4,last,0.048383,0.051053368,0.0026703663
20141,1,5,0,first,0.95010614,0.9432281,-0.0068780184
20141,1,5,1,middle,0.95010614,0.9026158,-0.04749036
20141,1,5,2,middle,0.95010614,0.955176,0.005069852
20141,1,5,3,middle,0.95010614,0.941035,-0.009071171
20141,1,5,4,last,0.95010614,0.9320291,-0.018077016
1427,0,3,0,first,0.06842412,0.08668168,0.018257558
1427,0,3,1,middle,0.06842412,0.06168457,-0.0067395493
1427,0,3,2,last,0.06842412,0.06145767,-0.0069664493
816,0,5,0,first,0.7314746,0.772233,0.04075843
816,0,5,1,middle,0.7314746,0.6545154,-0.07695919
816,0,5,2,middle,0.7314746,0.72191584,-0.009558737
816,0,5,3,middle,0.7314746,0.7367047,0.0052301288
816,0,5,4,last,0.7314746,0.49050984,-0.24096474
886,1,5,0,first,0.2661735,0.13473968,-0.13143383
886,1,5,1,middle,0.2661735,0.34217557,0.07600206
886,1,5,2,middle,0.2661735,0.29004884,0.023875326
886,1,5,3,middle,0.2661735,0.3146201,0.048446596
886,1,5,4,last,0.2661735,0.23689842,-0.02927509
1356,0,4,0,first,0.73256886,0.85539395,0.122825086
1356,0,4,1,middle,0.73256886,0.87854916,0.1459803
1356,0,4,2,middle,0.73256886,0.15131263,-0.5812562
1356,0,4,3,last,0.73256886,0.47066015,-0.2619087
1000,1,5,0,first,0.9415946,0.94166386,6.92606e-05
1000,1,5,1,middle,0.9415946,0.9050715,-0.036523104
1000,1,5,2,middle,0.9415946,0.8784246,-0.063170016
1000,1,5,3,middle,0.9415946,0.91693115,-0.024663448
1000,1,5,4,last,0.9415946,0.9580899,0.016495287
1238,0,5,0,first,0.05913406,0.06326488,0.004130818
1238,0,5,1,middle,0.05913406,0.06201164,0.0028775819
1238,0,5,2,middle,0.05913406,0.06044901,0.001314953
1238,0,5,3,middle,0.05913406,0.05767407,-0.0014599897
1238,0,5,4,last,0.05913406,0.058377706,-0.00075635314
872,1,5,0,first,0.12097138,0.09829127,-0.022680111
872,1,5,1,middle,0.12097138,0.11147143,-0.009499952
872,1,5,2,middle,0.12097138,0.07406795,-0.04690343
872,1,5,3,middle,0.12097138,0.10846385,-0.012507528
872,1,5,4,last,0.12097138,0.1020403,-0.018931083
31149,1,5,0,first,0.20624422,0.14453891,-0.061705306
31149,1,5,1,middle,0.20624422,0.10421996,-0.10202426
31149,1,5,2,middle,0.20624422,0.1678909,-0.03835331
31149,1,5,3,middle,0.20624422,0.17612608,-0.030118138
31149,1,5,4,last,0.20624422,0.28271368,0.076469466
1038,1,5,0,first,0.77038264,0.80544,0.035057366
1038,1,5,1,middle,0.77038264,0.7308246,-0.039558053
1038,1,5,2,middle,0.77038264,0.79792875,0.027546108
1038,1,5,3,middle,0.77038264,0.5965592,-0.17382342
1038,1,5,4,last,0.77038264,0.5769227,-0.19345993
1636,1,5,0,first,0.67034256,0.64594096,-0.024401605
1636,1,5,1,middle,0.67034256,0.6843328,0.013990223
1636,1,5,2,middle,0.67034256,0.7646698,0.09432721
1636,1,5,3,middle,0.67034256,0.5758362,-0.09450638
1636,1,5,4,last,0.67034256,0.6141403,-0.056202292
2247,0,5,0,first,0.4015027,0.6508271,0.24932441
2247,0,5,1,middle,0.4015027,0.24874087,-0.15276183
2247,0,5,2,middle,0.4015027,0.4771461,0.07564339
2247,0,5,3,middle,0.4015027,0.22206333,-0.17943937
2247,0,5,4,last,0.4015027,0.3783717,-0.023131013
14833,0,5,0,first,0.117099494,0.1556609,0.038561404
14833,0,5,1,middle,0.117099494,0.092859626,-0.024239868
14833,0,5,2,middle,0.117099494,0.30443817,0.18733868
14833,0,5,3,middle,0.117099494,0.085158184,-0.03194131
14833,0,5,4,last,0.117099494,0.13159123,0.014491737
788,1,5,0,first,0.9601165,0.9605101,0.00039356947
788,1,5,1,middle,0.9601165,0.89362216,-0.066494346
788,1,5,2,middle,0.9601165,0.930326,-0.02979052
788,1,5,3,middle,0.9601165,0.96212906,0.0020125508
788,1,5,4,last,0.9601165,0.94640046,-0.013716042
9638,1,5,0,first,0.37266836,0.2500894,-0.12257895
9638,1,5,1,middle,0.37266836,0.32713392,-0.045534432
9638,1,5,2,middle,0.37266836,0.3925465,0.019878149
9638,1,5,3,middle,0.37266836,0.1311754,-0.24149296
9638,1,5,4,last,0.37266836,0.31445068,-0.058217674
1996,1,5,0,first,0.8926433,0.82664984,-0.06599343
1996,1,5,1,middle,0.8926433,0.91346633,0.020823061
1996,1,5,2,middle,0.8926433,0.928505,0.03586173
1996,1,5,3,middle,0.8926433,0.80449855,-0.08814472
1996,1,5,4,last,0.8926433,0.8630351,-0.02960819
562,0,4,0,first,0.18377794,0.17781375,-0.00596419
562,0,4,1,middle,0.18377794,0.15094402,-0.03283392
562,0,4,2,middle,0.18377794,0.19272597,0.008948028
562,0,4,3,last,0.18377794,0.12999721,-0.053780735
13512,1,5,0,first,0.88301075,0.7676517,-0.11535907
13512,1,5,1,middle,0.88301075,0.5137959,-0.36921483
13512,1,5,2,middle,0.88301075,0.7429428,-0.14006793
13512,1,5,3,middle,0.88301075,0.8980927,0.015081942
13512,1,5,4,last,0.88301075,0.8893615,0.0063507557
31648,0,5,0,first,0.8769322,0.74685967,-0.13007253
31648,0,5,1,middle,0.8769322,0.9227504,0.04581821
31648,0,5,2,middle,0.8769322,0.8662582,-0.010674
31648,0,5,3,middle,0.8769322,0.6390518,-0.23788041
31648,0,5,4,last,0.8769322,0.84547037,-0.031461835
201,0,5,0,first,0.9349548,0.9452962,0.010341406
201,0,5,1,middle,0.9349548,0.9337485,-0.0012063384
201,0,5,2,middle,0.9349548,0.8768835,-0.058071315
201,0,5,3,middle,0.9349548,0.70418555,-0.23076928
201,0,5,4,last,0.9349548,0.93515015,0.00019532442
25825,1,5,0,first,0.96315,0.95100695,-0.0121430755
25825,1,5,1,middle,0.96315,0.96000344,-0.0031465888
25825,1,5,2,middle,0.96315,0.9604751,-0.0026749372
25825,1,5,3,middle,0.96315,0.96233416,-0.0008158684
25825,1,5,4,last,0.96315,0.96397614,0.0008261204
832,0,5,0,first,0.12099324,0.13795964,0.016966403
832,0,5,1,middle,0.12099324,0.12324127,0.0022480264
832,0,5,2,middle,0.12099324,0.12091187,-8.137524e-05
832,0,5,3,middle,0.12099324,0.06996418,-0.051029064
832,0,5,4,last,0.12099324,0.11508492,-0.0059083253
14630,0,5,0,first,0.05689396,0.06650806,0.009614103
14630,0,5,1,middle,0.05689396,0.060454756,0.0035607964
14630,0,5,2,middle,0.05689396,0.05823238,0.0013384186
14630,0,5,3,middle,0.05689396,0.058481302,0.0015873425
14630,0,5,4,last,0.05689396,0.06499908,0.008105122
45717,0,4,0,first,0.08762489,0.08969041,0.002065517
45717,0,4,1,middle,0.08762489,0.076596946,-0.011027947
45717,0,4,2,middle,0.08762489,0.0966036,0.00897871
45717,0,4,3,last,0.08762489,0.18334733,0.09572244
733,0,4,0,first,0.68244517,0.17093354,-0.5115116
733,0,4,1,middle,0.68244517,0.07098526,-0.6114599
733,0,4,2,middle,0.68244517,0.8506304,0.16818523
733,0,4,3,last,0.68244517,0.7912238,0.108778656
1160,0,5,0,first,0.76318955,0.57671434,-0.18647522
1160,0,5,1,middle,0.76318955,0.26647958,-0.49670997
1160,0,5,2,middle,0.76318955,0.66956484,-0.09362471
1160,0,5,3,middle,0.76318955,0.820524,0.057334423
1160,0,5,4,last,0.76318955,0.7450466,-0.018142939
54546,0,5,0,first,0.041964862,0.04341342,0.0014485568
54546,0,5,1,middle,0.041964862,0.040672,-0.001292862
54546,0,5,2,middle,0.041964862,0.045080535,0.0031156726
54546,0,5,3,middle,0.041964862,0.043818187,0.0018533245
54546,0,5,4,last,0.041964862,0.040191654,-0.0017732084
50991,0,5,0,first,0.15582961,0.13546968,-0.020359933
50991,0,5,1,middle,0.15582961,0.2893042,0.13347459
50991,0,5,2,middle,0.15582961,0.1199061,-0.03592351
50991,0,5,3,middle,0.15582961,0.31182313,0.15599352
50991,0,5,4,last,0.15582961,0.13235487,-0.023474738
1515,1,5,0,first,0.8238225,0.8600601,0.036237597
1515,1,5,1,middle,0.8238225,0.70492744,-0.118895054
1515,1,5,2,middle,0.8238225,0.66640663,-0.15741587
1515,1,5,3,middle,0.8238225,0.75108385,-0.07273865
1515,1,5,4,last,0.8238225,0.8730323,0.049209774
53352,0,5,0,first,0.12529172,0.10291449,-0.02237723
53352,0,5,1,middle,0.12529172,0.12404071,-0.0012510121
53352,0,5,2,middle,0.12529172,0.13003555,0.0047438294
53352,0,5,3,middle,0.12529172,0.12505667,-0.00023505092
53352,0,5,4,last,0.12529172,0.16348086,0.038189143
39231,1,5,0,first,0.31448027,0.6880271,0.3735468
39231,1,5,1,middle,0.31448027,0.12240198,-0.19207829
39231,1,5,2,middle,0.31448027,0.42738745,0.11290717
39231,1,5,3,middle,0.31448027,0.25417015,-0.060310125
39231,1,5,4,last,0.31448027,0.445947,0.13146672
44843,1,5,0,first,0.9536962,0.9522196,-0.0014765859
44843,1,5,1,middle,0.9536962,0.93907917,-0.014617026
44843,1,5,2,middle,0.9536962,0.93667734,-0.017018855
44843,1,5,3,middle,0.9536962,0.94904333,-0.004652858
44843,1,5,4,last,0.9536962,0.9546225,0.0009263158
1453,1,5,0,first,0.93811965,0.6519968,-0.28612286
1453,1,5,1,middle,0.93811965,0.9416588,0.003539145
1453,1,5,2,middle,0.93811965,0.921508,-0.016611636
1453,1,5,3,middle,0.93811965,0.9522228,0.014103174
1453,1,5,4,last,0.93811965,0.9363851,-0.0017345548
185,1,5,0,first,0.9300086,0.42286628,-0.5071423
185,1,5,1,middle,0.9300086,0.893688,-0.036320567
185,1,5,2,middle,0.9300086,0.93607366,0.0060650706
185,1,5,3,middle,0.9300086,0.9379559,0.007947326
185,1,5,4,last,0.9300086,0.9315029,0.0014942884
33288,1,5,0,first,0.1764911,0.22832336,0.05183226
33288,1,5,1,middle,0.1764911,0.25397497,0.07748388
33288,1,5,2,middle,0.1764911,0.11849753,-0.05799357
33288,1,5,3,middle,0.1764911,0.14269492,-0.033796176
33288,1,5,4,last,0.1764911,0.07576613,-0.100724965
742,1,5,0,first,0.7006523,0.76703405,0.06638175
742,1,5,1,middle,0.7006523,0.4231629,-0.2774894
742,1,5,2,middle,0.7006523,0.5525824,-0.14806992
742,1,5,3,middle,0.7006523,0.82486963,0.12421733
742,1,5,4,last,0.7006523,0.7986792,0.09802687
49656,1,5,0,first,0.877574,0.8687557,-0.008818328
49656,1,5,1,middle,0.877574,0.8546413,-0.022932708
49656,1,5,2,middle,0.877574,0.8072101,-0.07036394
49656,1,5,3,middle,0.877574,0.88175964,0.004185617
49656,1,5,4,last,0.877574,0.838019,-0.039555013
1620,0,5,0,first,0.11919817,0.12704898,0.007850811
1620,0,5,1,middle,0.11919817,0.14740011,0.028201938
1620,0,5,2,middle,0.11919817,0.13071848,0.011520311
1620,0,5,3,middle,0.11919817,0.08137998,-0.037818193
1620,0,5,4,last,0.11919817,0.09055343,-0.02864474
20039,0,5,0,first,0.10066033,0.11178114,0.011120811
20039,0,5,1,middle,0.10066033,0.11466829,0.014007956
20039,0,5,2,middle,0.10066033,0.18843736,0.087777026
20039,0,5,3,middle,0.10066033,0.11715425,0.016493917
20039,0,5,4,last,0.10066033,0.07337746,-0.027282871
27186,1,5,0,first,0.15087727,0.098111615,-0.052765653
27186,1,5,1,middle,0.15087727,0.16529362,0.014416352
27186,1,5,2,middle,0.15087727,0.1744275,0.023550227
27186,1,5,3,middle,0.15087727,0.15375754,0.0028802752
27186,1,5,4,last,0.15087727,0.1710514,0.02017413
507,0,4,0,first,0.16735262,0.12116464,-0.046187975
507,0,4,1,middle,0.16735262,0.4688732,0.3015206
507,0,4,2,middle,0.16735262,0.08025509,-0.087097526
507,0,4,3,last,0.16735262,0.36415198,0.19679937
25139,1,5,0,first,0.17353648,0.17617777,0.0026412904
25139,1,5,1,middle,0.17353648,0.07624843,-0.09728805
25139,1,5,2,middle,0.17353648,0.21365558,0.040119097
25139,1,5,3,middle,0.17353648,0.1038376,-0.06969888
25139,1,5,4,last,0.17353648,0.15579404,-0.01774244
6333,1,5,0,first,0.06854214,0.07300306,0.0044609234
6333,1,5,1,middle,0.06854214,0.06880281,0.00026067346
6333,1,5,2,middle,0.06854214,0.05087433,-0.017667808
6333,1,5,3,middle,0.06854214,0.08881122,0.020269081
6333,1,5,4,last,0.06854214,0.07784228,0.0093001425
2160,1,5,0,first,0.57755446,0.4738123,-0.10374215
2160,1,5,1,middle,0.57755446,0.23259246,-0.344962
2160,1,5,2,middle,0.57755446,0.26418853,-0.31336594
2160,1,5,3,middle,0.57755446,0.7408592,0.16330475
2160,1,5,4,last,0.57755446,0.6596438,0.082089365
41942,1,5,0,first,0.96255136,0.95478624,-0.0077651143
41942,1,5,1,middle,0.96255136,0.961234,-0.0013173819
41942,1,5,2,middle,0.96255136,0.9541872,-0.008364141
41942,1,5,3,middle,0.96255136,0.9613122,-0.0012391806
41942,1,5,4,last,0.96255136,0.96281064,0.0002592802
526,1,4,0,first,0.9171343,0.9013193,-0.01581496
526,1,4,1,middle,0.9171343,0.95569676,0.038562477
526,1,4,2,middle,0.9171343,0.880735,-0.036399305
526,1,4,3,last,0.9171343,0.7762944,-0.14083987
53273,1,4,0,first,0.92226046,0.9371363,0.014875829
53273,1,4,1,middle,0.92226046,0.95125735,0.028996885
53273,1,4,2,middle,0.92226046,0.91298425,-0.009276211
53273,1,4,3,last,0.92226046,0.1995691,-0.72269136
2253,0,5,0,first,0.08738304,0.09447935,0.007096313
2253,0,5,1,middle,0.08738304,0.10184173,0.014458694
2253,0,5,2,middle,0.08738304,0.18637925,0.098996215
2253,0,5,3,middle,0.08738304,0.06887516,-0.018507883
2253,0,5,4,last,0.08738304,0.065578684,-0.021804355
9177,0,5,0,first,0.046908475,0.056272343,0.009363867
9177,0,5,1,middle,0.046908475,0.047221556,0.00031308085
9177,0,5,2,middle,0.046908475,0.047511015,0.0006025396
9177,0,5,3,middle,0.046908475,0.045299225,-0.0016092509
9177,0,5,4,last,0.046908475,0.046221595,-0.0006868802
54458,1,5,0,first,0.9594835,0.955745,-0.0037385225
54458,1,5,1,middle,0.9594835,0.95768934,-0.0017941594
54458,1,5,2,middle,0.9594835,0.9592092,-0.00027430058
54458,1,5,3,middle,0.9594835,0.93465585,-0.02482766
54458,1,5,4,last,0.9594835,0.9378324,-0.02165109
28,0,5,0,first,0.317609,0.41509977,0.09749076
28,0,5,1,middle,0.317609,0.2783035,-0.039305508
28,0,5,2,middle,0.317609,0.31489268,-0.0027163327
28,0,5,3,middle,0.317609,0.14488234,-0.17272668
28,0,5,4,last,0.317609,0.61582726,0.29821825
412,0,5,0,first,0.15510325,0.17294596,0.01784271
412,0,5,1,middle,0.15510325,0.117170624,-0.037932627
412,0,5,2,middle,0.15510325,0.23766108,0.08255783
412,0,5,3,middle,0.15510325,0.099194154,-0.055909097
412,0,5,4,last,0.15510325,0.17911014,0.024006888
2311,0,7,0,first,0.08982715,0.111131996,0.021304846
2311,0,7,1,middle,0.08982715,0.06874032,-0.021086827
2311,0,7,2,middle,0.08982715,0.09866059,0.008833438
2311,0,7,3,middle,0.08982715,0.078385256,-0.011441894
2311,0,7,4,middle,0.08982715,0.120684214,0.030857064
2311,0,7,5,middle,0.08982715,0.095067374,0.0052402243
2311,0,7,6,last,0.08982715,0.08642476,-0.0034023896
295,0,5,0,first,0.38800505,0.693802,0.30579695
295,0,5,1,middle,0.38800505,0.4629882,0.07498315
295,0,5,2,middle,0.38800505,0.34895757,-0.03904748
295,0,5,3,middle,0.38800505,0.34617257,-0.041832477
295,0,5,4,last,0.38800505,0.09890718,-0.28909788
42658,0,5,0,first,0.19156975,0.083709285,-0.10786046
42658,0,5,1,middle,0.19156975,0.1579961,-0.033573642
42658,0,5,2,middle,0.19156975,0.16857198,-0.022997767
42658,0,5,3,middle,0.19156975,0.21190241,0.020332664
42658,0,5,4,last,0.19156975,0.19476365,0.0031939
62,1,5,0,first,0.96118605,0.9627501,0.0015640259
62,1,5,1,middle,0.96118605,0.960476,-0.00071007013
62,1,5,2,middle,0.96118605,0.9642926,0.0031065345
62,1,5,3,middle,0.96118605,0.9187677,-0.04241836
62,1,5,4,last,0.96118605,0.95940274,-0.0017833114
3566,1,5,0,first,0.30893448,0.15542804,-0.15350644
3566,1,5,1,middle,0.30893448,0.53659266,0.22765818
3566,1,5,2,middle,0.30893448,0.50982493,0.20089045
3566,1,5,3,middle,0.30893448,0.41095227,0.10201779
3566,1,5,4,last,0.30893448,0.09700688,-0.2119276
26403,0,5,0,first,0.05656381,0.054211233,-0.0023525767
26403,0,5,1,middle,0.05656381,0.07446584,0.017902032
26403,0,5,2,middle,0.05656381,0.05980255,0.0032387413
26403,0,5,3,middle,0.05656381,0.05515022,-0.0014135912
26403,0,5,4,last,0.05656381,0.054435946,-0.0021278635
9217,0,5,0,first,0.051912125,0.052580837,0.00066871196
9217,0,5,1,middle,0.051912125,0.05012692,-0.0017852038
9217,0,5,2,middle,0.051912125,0.04826414,-0.0036479868
9217,0,5,3,middle,0.051912125,0.04998886,-0.0019232668
9217,0,5,4,last,0.051912125,0.081068434,0.029156309
20934,0,2,0,first,0.18778825,0.2696042,0.08181596
20934,0,2,1,last,0.18778825,0.118596524,-0.069191724
166,0,4,0,first,0.078281954,0.0710681,-0.0072138533
166,0,4,1,middle,0.078281954,0.09233454,0.014052585
166,0,4,2,middle,0.078281954,0.06832624,-0.009955712
166,0,4,3,last,0.078281954,0.08110601,0.0028240532
155,0,5,0,first,0.114080764,0.13187183,0.01779107
155,0,5,1,middle,0.114080764,0.1193317,0.0052509382
155,0,5,2,middle,0.114080764,0.08060581,-0.033474952
155,0,5,3,middle,0.114080764,0.07986514,-0.03421562
155,0,5,4,last,0.114080764,0.2348913,0.12081053
1674,0,5,0,first,0.060307935,0.07450591,0.014197975
1674,0,5,1,middle,0.060307935,0.058689434,-0.0016185008
1674,0,5,2,middle,0.060307935,0.058437888,-0.0018700473
1674,0,5,3,middle,0.060307935,0.07197978,0.011671849
1674,0,5,4,last,0.060307935,0.060514636,0.00020670146
1659,0,5,0,first,0.06022395,0.07070571,0.010481764
1659,0,5,1,middle,0.06022395,0.08276407,0.022540119
1659,0,5,2,middle,0.06022395,0.061685026,0.0014610775
1659,0,5,3,middle,0.06022395,0.059772853,-0.0004510954
1659,0,5,4,last,0.06022395,0.05963335,-0.00059059635
1431,0,5,0,first,0.1288177,0.34742317,0.21860546
1431,0,5,1,middle,0.1288177,0.09421029,-0.034607418
1431,0,5,2,middle,0.1288177,0.15412888,0.025311172
1431,0,5,3,middle,0.1288177,0.1182112,-0.010606505
1431,0,5,4,last,0.1288177,0.10424093,-0.024576776
22370,0,5,0,first,0.05591778,0.05239603,-0.0035217516
22370,0,5,1,middle,0.05591778,0.05588658,-3.1199306e-05
22370,0,5,2,middle,0.05591778,0.058974475,0.0030566938
22370,0,5,3,middle,0.05591778,0.054611426,-0.001306355
22370,0,5,4,last,0.05591778,0.057733297,0.0018155165
1858,1,5,0,first,0.9065494,0.65130734,-0.25524205
1858,1,5,1,middle,0.9065494,0.8912499,-0.015299499
1858,1,5,2,middle,0.9065494,0.89437443,-0.012174964
1858,1,5,3,middle,0.9065494,0.93298066,0.026431262
1858,1,5,4,last,0.9065494,0.87160325,-0.034946144
48421,1,5,0,first,0.9058711,0.93729633,0.031425238
48421,1,5,1,middle,0.9058711,0.9339799,0.028108835
48421,1,5,2,middle,0.9058711,0.851743,-0.05412811
48421,1,5,3,middle,0.9058711,0.7195863,-0.18628478
48421,1,5,4,last,0.9058711,0.7606617,-0.14520937
149,0,5,0,first,0.074164025,0.08939966,0.015235633
149,0,5,1,middle,0.074164025,0.06934064,-0.0048233867
149,0,5,2,middle,0.074164025,0.07117863,-0.0029853955
149,0,5,3,middle,0.074164025,0.07180225,-0.0023617744
149,0,5,4,last,0.074164025,0.08730214,0.013138115
24769,1,5,0,first,0.95830774,0.94862497,-0.009682775
24769,1,5,1,middle,0.95830774,0.9578215,-0.0004862547
24769,1,5,2,middle,0.95830774,0.9560325,-0.0022752285
24769,1,5,3,middle,0.95830774,0.9202427,-0.038065016
24769,1,5,4,last,0.95830774,0.9226074,-0.03570032
419,1,5,0,first,0.4220118,0.26207992,-0.15993187
419,1,5,1,middle,0.4220118,0.6866435,0.2646317
419,1,5,2,middle,0.4220118,0.6846378,0.262626
419,1,5,3,middle,0.4220118,0.121476196,-0.3005356
419,1,5,4,last,0.4220118,0.45205155,0.030039757
1445,1,5,0,first,0.957349,0.9618267,0.0044776797
1445,1,5,1,middle,0.957349,0.9080854,-0.049263597
1445,1,5,2,middle,0.957349,0.9124341,-0.0449149
1445,1,5,3,middle,0.957349,0.9519491,-0.005399883
1445,1,5,4,last,0.957349,0.9593184,0.001969397
36811,1,5,0,first,0.8443387,0.8399046,-0.0044341087
36811,1,5,1,middle,0.8443387,0.819901,-0.024437726
36811,1,5,2,middle,0.8443387,0.72332835,-0.12101036
36811,1,5,3,middle,0.8443387,0.91409105,0.069752336
36811,1,5,4,last,0.8443387,0.67902565,-0.16531307
42662,0,5,0,first,0.17239067,0.29239535,0.120004684
42662,0,5,1,middle,0.17239067,0.08960429,-0.08278638
42662,0,5,2,middle,0.17239067,0.21768798,0.04529731
42662,0,5,3,middle,0.17239067,0.32518014,0.15278947
42662,0,5,4,last,0.17239067,0.060288265,-0.112102404
19879,0,5,0,first,0.7330399,0.7297384,-0.0033015013
19879,0,5,1,middle,0.7330399,0.14339313,-0.5896468
19879,0,5,2,middle,0.7330399,0.64494133,-0.088098586
19879,0,5,3,middle,0.7330399,0.78375673,0.050716817
19879,0,5,4,last,0.7330399,0.8243859,0.091345966
9259,1,5,0,first,0.96652704,0.96466833,-0.0018587112
9259,1,5,1,middle,0.96652704,0.96322566,-0.003301382
9259,1,5,2,middle,0.96652704,0.95766467,-0.008862376
9259,1,5,3,middle,0.96652704,0.96686345,0.00033640862
9259,1,5,4,last,0.96652704,0.96686715,0.0003401041
6218,0,5,0,first,0.08931465,0.07636896,-0.012945689
6218,0,5,1,middle,0.08931465,0.09800119,0.0086865425
6218,0,5,2,middle,0.08931465,0.10449609,0.015181445
6218,0,5,3,middle,0.08931465,0.0648622,-0.024452448
6218,0,5,4,last,0.08931465,0.092808954,0.0034943074
50834,0,4,0,first,0.08317912,0.07418564,-0.008993484
50834,0,4,1,middle,0.08317912,0.09727875,0.014099628
50834,0,4,2,middle,0.08317912,0.099950165,0.01677104
50834,0,4,3,last,0.08317912,0.08629868,0.003119558
1509,0,5,0,first,0.07100376,0.069652684,-0.0013510734
1509,0,5,1,middle,0.07100376,0.06120618,-0.009797577
1509,0,5,2,middle,0.07100376,0.06401205,-0.006991707
1509,0,5,3,middle,0.07100376,0.08358154,0.01257778
1509,0,5,4,last,0.07100376,0.07476917,0.0037654117
775,0,5,0,first,0.12973125,0.12805599,-0.001675263
775,0,5,1,middle,0.12973125,0.20578179,0.076050535
775,0,5,2,middle,0.12973125,0.12453609,-0.005195163
775,0,5,3,middle,0.12973125,0.12666816,-0.0030630976
775,0,5,4,last,0.12973125,0.1280778,-0.0016534477
28212,0,5,0,first,0.8218326,0.8309472,0.009114623
28212,0,5,1,middle,0.8218326,0.587781,-0.23405159
28212,0,5,2,middle,0.8218326,0.8879154,0.066082776
28212,0,5,3,middle,0.8218326,0.86367524,0.04184264
28212,0,5,4,last,0.8218326,0.70968884,-0.112143755
904,1,5,0,first,0.16505463,0.2342538,0.06919916
904,1,5,1,middle,0.16505463,0.31081802,0.14576338
904,1,5,2,middle,0.16505463,0.13135919,-0.033695444
904,1,5,3,middle,0.16505463,0.12951411,-0.03554052
904,1,5,4,last,0.16505463,0.4290482,0.26399356
18821,1,5,0,first,0.9557666,0.9436186,-0.012148023
18821,1,5,1,middle,0.9557666,0.9556063,-0.0001603365
18821,1,5,2,middle,0.9557666,0.94002295,-0.015743673
18821,1,5,3,middle,0.9557666,0.9572969,0.0015302896
18821,1,5,4,last,0.9557666,0.95433193,-0.0014346838
32700,1,5,0,first,0.22516452,0.12795153,-0.097212985
32700,1,5,1,middle,0.22516452,0.19901225,-0.026152268
32700,1,5,2,middle,0.22516452,0.25432816,0.029163644
32700,1,5,3,middle,0.22516452,0.23510431,0.00993979
32700,1,5,4,last,0.22516452,0.2747682,0.049603686
41,1,5,0,first,0.96802866,0.96553415,-0.002494514
41,1,5,1,middle,0.96802866,0.9670114,-0.0010172725
41,1,5,2,middle,0.96802866,0.96786994,-0.00015872717
41,1,5,3,middle,0.96802866,0.96683794,-0.001190722
41,1,5,4,last,0.96802866,0.96888566,0.0008569956
23541,1,5,0,first,0.8759044,0.8610036,-0.014900804
23541,1,5,1,middle,0.8759044,0.83392835,-0.041976035
23541,1,5,2,middle,0.8759044,0.89687365,0.020969272
23541,1,5,3,middle,0.8759044,0.803019,-0.072885394
23541,1,5,4,last,0.8759044,0.44652465,-0.42937973
1178,1,5,0,first,0.90335757,0.9016373,-0.0017202497
1178,1,5,1,middle,0.90335757,0.91939384,0.016036272
1178,1,5,2,middle,0.90335757,0.8908982,-0.012459338
1178,1,5,3,middle,0.90335757,0.9061308,0.0027732253
1178,1,5,4,last,0.90335757,0.8432493,-0.060108244
1542,1,5,0,first,0.9197869,0.9167034,-0.0030834675
1542,1,5,1,middle,0.9197869,0.7726385,-0.14714837
1542,1,5,2,middle,0.9197869,0.8807321,-0.03905475
1542,1,5,3,middle,0.9197869,0.9094514,-0.010335445
1542,1,5,4,last,0.9197869,0.8964634,-0.023323476
46151,1,5,0,first,0.9586298,0.9587145,8.46982e-05
46151,1,5,1,middle,0.9586298,0.95909935,0.0004695654
46151,1,5,2,middle,0.9586298,0.9581086,-0.000521183
46151,1,5,3,middle,0.9586298,0.9490072,-0.009622574
46151,1,5,4,last,0.9586298,0.9435392,-0.015090585
1646,1,5,0,first,0.46046865,0.7091016,0.24863297
1646,1,5,1,middle,0.46046865,0.551308,0.09083933
1646,1,5,2,middle,0.46046865,0.3178276,-0.14264104
1646,1,5,3,middle,0.46046865,0.087083824,-0.37338483
1646,1,5,4,last,0.46046865,0.8043234,0.34385473
49100,0,4,0,first,0.045496404,0.046354067,0.0008576624
49100,0,4,1,middle,0.045496404,0.05523165,0.009735245
49100,0,4,2,middle,0.045496404,0.0473569,0.0018604957
49100,0,4,3,last,0.045496404,0.049061667,0.003565263
14650,1,5,0,first,0.10265603,0.15008937,0.04743334
14650,1,5,1,middle,0.10265603,0.09226513,-0.0103909
14650,1,5,2,middle,0.10265603,0.102809675,0.00015364587
14650,1,5,3,middle,0.10265603,0.10090934,-0.0017466918
14650,1,5,4,last,0.10265603,0.056217395,-0.046438634
324,0,5,0,first,0.5350194,0.47144067,-0.063578725
324,0,5,1,middle,0.5350194,0.5264054,-0.008614004
324,0,5,2,middle,0.5350194,0.46343416,-0.07158524
324,0,5,3,middle,0.5350194,0.16045935,-0.37456006
324,0,5,4,last,0.5350194,0.5922349,0.05721551
568,1,5,0,first,0.9431767,0.1925235,-0.7506532
568,1,5,1,middle,0.9431767,0.93611366,-0.007063031
568,1,5,2,middle,0.9431767,0.93756783,-0.0056088567
568,1,5,3,middle,0.9431767,0.9470301,0.0038534403
568,1,5,4,last,0.9431767,0.95135015,0.008173466
16792,1,5,0,first,0.92344797,0.7620054,-0.16144258
16792,1,5,1,middle,0.92344797,0.93510866,0.011660695
16792,1,5,2,middle,0.92344797,0.92795086,0.0045028925
16792,1,5,3,middle,0.92344797,0.83585596,-0.087592006
16792,1,5,4,last,0.92344797,0.917354,-0.006093979
10307,1,5,0,first,0.9563436,0.96369207,0.007348478
10307,1,5,1,middle,0.9563436,0.9350309,-0.021312714
10307,1,5,2,middle,0.9563436,0.9327442,-0.023599386
10307,1,5,3,middle,0.9563436,0.9524622,-0.0038813949
10307,1,5,4,last,0.9563436,0.9594583,0.0031147003
24110,1,5,0,first,0.38674158,0.30934852,-0.077393055
24110,1,5,1,middle,0.38674158,0.4136225,0.02688092
24110,1,5,2,middle,0.38674158,0.2842676,-0.102473974
24110,1,5,3,middle,0.38674158,0.2638128,-0.12292877
24110,1,5,4,last,0.38674158,0.4036695,0.016927928
969,0,5,0,first,0.10999358,0.06557361,-0.044419967
969,0,5,1,middle,0.10999358,0.09473488,-0.0152587
969,0,5,2,middle,0.10999358,0.10859568,-0.0013979003
969,0,5,3,middle,0.10999358,0.08602896,-0.023964614
969,0,5,4,last,0.10999358,0.21055199,0.100558415
1499,0,5,0,first,0.53082895,0.52493966,-0.0058892965
1499,0,5,1,middle,0.53082895,0.24278994,-0.28803903
1499,0,5,2,middle,0.53082895,0.6201725,0.08934355
1499,0,5,3,middle,0.53082895,0.3801799,-0.15064904
1499,0,5,4,last,0.53082895,0.77966154,0.24883258
1368,1,5,0,first,0.67027843,0.54347897,-0.12679946
1368,1,5,1,middle,0.67027843,0.21011244,-0.46016598
1368,1,5,2,middle,0.67027843,0.39414722,-0.2761312
1368,1,5,3,middle,0.67027843,0.42222798,-0.24805045
1368,1,5,4,last,0.67027843,0.8167895,0.14651108
846,0,5,0,first,0.11259209,0.10453598,-0.008056112
846,0,5,1,middle,0.11259209,0.10982783,-0.0027642623
846,0,5,2,middle,0.11259209,0.10343011,-0.009161986
846,0,5,3,middle,0.11259209,0.124590814,0.0119987205
846,0,5,4,last,0.11259209,0.24080355,0.12821147
361,0,5,0,first,0.051784802,0.047582187,-0.0042026155
361,0,5,1,middle,0.051784802,0.06202715,0.010242347
361,0,5,2,middle,0.051784802,0.06551431,0.013729509
361,0,5,3,middle,0.051784802,0.060045876,0.008261073
361,0,5,4,last,0.051784802,0.056635734,0.0048509315
33380,1,5,0,first,0.27842626,0.43715405,0.1587278
33380,1,5,1,middle,0.27842626,0.2918225,0.013396233
33380,1,5,2,middle,0.27842626,0.3338118,0.05538553
33380,1,5,3,middle,0.27842626,0.1244863,-0.15393996
33380,1,5,4,last,0.27842626,0.65011954,0.37169328
472,0,5,0,first,0.065801576,0.08112675,0.015325174
472,0,5,1,middle,0.065801576,0.06301674,-0.0027848333
472,0,5,2,middle,0.065801576,0.072700046,0.00689847
472,0,5,3,middle,0.065801576,0.060274117,-0.005527459
472,0,5,4,last,0.065801576,0.08245128,0.0166497
15650,0,5,0,first,0.16012329,0.12034042,-0.039782867
15650,0,5,1,middle,0.16012329,0.19263153,0.03250824
15650,0,5,2,middle,0.16012329,0.14762504,-0.012498245
15650,0,5,3,middle,0.16012329,0.18637691,0.026253626
15650,0,5,4,last,0.16012329,0.09705478,-0.06306851
1388,0,6,0,first,0.07814217,0.054534078,-0.023608096
1388,0,6,1,middle,0.07814217,0.09008419,0.011942014
1388,0,6,2,middle,0.07814217,0.08033271,0.0021905378
1388,0,6,3,middle,0.07814217,0.088097475,0.009955302
1388,0,6,4,middle,0.07814217,0.07544674,-0.0026954338
1388,0,6,5,last,0.07814217,0.08197964,0.0038374662
2224,0,5,0,first,0.070751406,0.08099302,0.010241613
2224,0,5,1,middle,0.070751406,0.069423586,-0.0013278201
2224,0,5,2,middle,0.070751406,0.06993418,-0.0008172244
2224,0,5,3,middle,0.070751406,0.0726001,0.0018486902
2224,0,5,4,last,0.070751406,0.08977306,0.019021653
2397,0,5,0,first,0.6323441,0.6961574,0.06381327
2397,0,5,1,middle,0.6323441,0.22913046,-0.40321368
2397,0,5,2,middle,0.6323441,0.2747359,-0.35760823
2397,0,5,3,middle,0.6323441,0.60166335,-0.030680776
2397,0,5,4,last,0.6323441,0.6096674,-0.022676706
756,0,5,0,first,0.08220499,0.0891069,0.0069019124
756,0,5,1,middle,0.08220499,0.07956486,-0.0026401281
756,0,5,2,middle,0.08220499,0.117502645,0.035297655
756,0,5,3,middle,0.08220499,0.06603543,-0.016169563
756,0,5,4,last,0.08220499,0.14177386,0.059568875
44969,0,4,0,first,0.8355006,0.8515202,0.016019583
44969,0,4,1,middle,0.8355006,0.39708644,-0.43841416
44969,0,4,2,middle,0.8355006,0.8624416,0.026941001
44969,0,4,3,last,0.8355006,0.8424203,0.006919682
5899,0,5,0,first,0.8904497,0.9261125,0.03566277
5899,0,5,1,middle,0.8904497,0.8972999,0.006850183
5899,0,5,2,middle,0.8904497,0.91361,0.023160279
5899,0,5,3,middle,0.8904497,0.79371494,-0.09673476
5899,0,5,4,last,0.8904497,0.16730829,-0.72314143
27948,0,5,0,first,0.13269453,0.11100387,-0.02169066
27948,0,5,1,middle,0.13269453,0.09669807,-0.03599646
27948,0,5,2,middle,0.13269453,0.07313249,-0.059562035
27948,0,5,3,middle,0.13269453,0.09737376,-0.035320766
27948,0,5,4,last,0.13269453,0.26531187,0.13261734
17912,0,5,0,first,0.055087987,0.04930379,-0.0057841986
17912,0,5,1,middle,0.055087987,0.05384281,-0.0012451783
17912,0,5,2,middle,0.055087987,0.05443422,-0.0006537661
17912,0,5,3,middle,0.055087987,0.05899814,0.003910154
17912,0,5,4,last,0.055087987,0.07150567,0.016417686
4055,0,5,0,first,0.5982691,0.5028353,-0.09543383
4055,0,5,1,middle,0.5982691,0.76286787,0.16459876
4055,0,5,2,middle,0.5982691,0.81879175,0.22052264
4055,0,5,3,middle,0.5982691,0.5819278,-0.016341329
4055,0,5,4,last,0.5982691,0.12354112,-0.474728
1856,0,5,0,first,0.08492095,0.1628497,0.077928744
1856,0,5,1,middle,0.08492095,0.06434814,-0.020572811
1856,0,5,2,middle,0.08492095,0.08466766,-0.00025328994
1856,0,5,3,middle,0.08492095,0.091413565,0.0064926147
1856,0,5,4,last,0.08492095,0.08676498,0.0018440261
308,1,5,0,first,0.9141381,0.8792153,-0.03492278
308,1,5,1,middle,0.9141381,0.83568835,-0.078449726
308,1,5,2,middle,0.9141381,0.93459094,0.020452857
308,1,5,3,middle,0.9141381,0.92156106,0.0074229836
308,1,5,4,last,0.9141381,0.9076371,-0.0065009594
15195,1,5,0,first,0.96020794,0.96087754,0.0006695986
15195,1,5,1,middle,0.96020794,0.9561304,-0.0040775537
15195,1,5,2,middle,0.96020794,0.9550604,-0.0051475167
15195,1,5,3,middle,0.96020794,0.9531871,-0.007020831
15195,1,5,4,last,0.96020794,0.9577884,-0.0024195313
1154,1,5,0,first,0.8834359,0.9126823,0.02924639
1154,1,5,1,middle,0.8834359,0.8274229,-0.056012988
1154,1,5,2,middle,0.8834359,0.9023057,0.018869817
1154,1,5,3,middle,0.8834359,0.6114012,-0.2720347
1154,1,5,4,last,0.8834359,0.9369366,0.053500712
16715,0,5,0,first,0.04996331,0.050404094,0.0004407838
16715,0,5,1,middle,0.04996331,0.052678138,0.0027148277
16715,0,5,2,middle,0.04996331,0.052423015,0.0024597049
16715,0,5,3,middle,0.04996331,0.04912257,-0.00084074214
16715,0,5,4,last,0.04996331,0.051579837,0.0016165264
1725,1,5,0,first,0.954828,0.94068444,-0.014143586
1725,1,5,1,middle,0.954828,0.95755947,0.0027314425
1725,1,5,2,middle,0.954828,0.9561092,0.0012812018
1725,1,5,3,middle,0.954828,0.9596531,0.0048250556
1725,1,5,4,last,0.954828,0.9139027,-0.040925324
51793,0,5,0,first,0.13676956,0.09134376,-0.045425802
51793,0,5,1,middle,0.13676956,0.16741827,0.030648708
51793,0,5,2,middle,0.13676956,0.15082747,0.0140579045
51793,0,5,3,middle,0.13676956,0.15476777,0.017998204
51793,0,5,4,last,0.13676956,0.1405308,0.003761232
35634,1,5,0,first,0.89403385,0.45222172,-0.44181213
35634,1,5,1,middle,0.89403385,0.81509316,-0.07894069
35634,1,5,2,middle,0.89403385,0.90440124,0.0103673935
35634,1,5,3,middle,0.89403385,0.91828513,0.024251282
35634,1,5,4,last,0.89403385,0.92812425,0.0340904
5707,1,5,0,first,0.31656706,0.29412574,-0.022441328
5707,1,5,1,middle,0.31656706,0.20636441,-0.110202655
5707,1,5,2,middle,0.31656706,0.3155838,-0.000983268
5707,1,5,3,middle,0.31656706,0.14694993,-0.16961713
5707,1,5,4,last,0.31656706,0.2813881,-0.03517896
206,1,5,0,first,0.9318975,0.41015488,-0.52174264
206,1,5,1,middle,0.9318975,0.8145591,-0.11733842
206,1,5,2,middle,0.9318975,0.8573139,-0.07458365
206,1,5,3,middle,0.9318975,0.95421696,0.022319436
206,1,5,4,last,0.9318975,0.947104,0.015206456
22589,1,5,0,first,0.94245064,0.9429513,0.000500679
22589,1,5,1,middle,0.94245064,0.9534357,0.010985076
22589,1,5,2,middle,0.94245064,0.95044214,0.007991493
22589,1,5,3,middle,0.94245064,0.83491945,-0.10753119
22589,1,5,4,last,0.94245064,0.85546243,-0.08698821
32029,0,5,0,first,0.20201181,0.17648403,-0.025527775
32029,0,5,1,middle,0.20201181,0.3893029,0.1872911
32029,0,5,2,middle,0.20201181,0.27869925,0.07668744
32029,0,5,3,middle,0.20201181,0.23684597,0.03483416
32029,0,5,4,last,0.20201181,0.11768311,-0.084328696
569,0,5,0,first,0.13836743,0.074239954,-0.064127475
569,0,5,1,middle,0.13836743,0.09372197,-0.04464546
569,0,5,2,middle,0.13836743,0.15184501,0.013477579
569,0,5,3,middle,0.13836743,0.16143326,0.023065835
569,0,5,4,last,0.13836743,0.22282937,0.08446194
739,0,5,0,first,0.74723274,0.7812219,0.03398919
739,0,5,1,middle,0.74723274,0.29397362,-0.4532591
739,0,5,2,middle,0.74723274,0.73488307,-0.012349665
739,0,5,3,middle,0.74723274,0.59876764,-0.1484651
739,0,5,4,last,0.74723274,0.88522965,0.13799691
1230,1,5,0,first,0.8699272,0.90778166,0.037854433
1230,1,5,1,middle,0.8699272,0.7023931,-0.16753411
1230,1,5,2,middle,0.8699272,0.840449,-0.029478252
1230,1,5,3,middle,0.8699272,0.81742656,-0.052500665
1230,1,5,4,last,0.8699272,0.86486894,-0.0050582886
34369,0,5,0,first,0.056851555,0.059350096,0.002498541
34369,0,5,1,middle,0.056851555,0.062298603,0.0054470487
34369,0,5,2,middle,0.056851555,0.0588763,0.0020247437
34369,0,5,3,middle,0.056851555,0.097355075,0.04050352
34369,0,5,4,last,0.056851555,0.05187902,-0.004972536
13106,0,5,0,first,0.8563599,0.79344153,-0.062918365
13106,0,5,1,middle,0.8563599,0.34147915,-0.5148808
13106,0,5,2,middle,0.8563599,0.738998,-0.1173619
13106,0,5,3,middle,0.8563599,0.8943898,0.03802991
13106,0,5,4,last,0.8563599,0.90748924,0.05112934
55512,0,5,0,first,0.08901924,0.10470445,0.015685208
55512,0,5,1,middle,0.08901924,0.06790189,-0.021117352
55512,0,5,2,middle,0.08901924,0.093321234,0.004301995
55512,0,5,3,middle,0.08901924,0.112583846,0.023564607
55512,0,5,4,last,0.08901924,0.086641595,-0.0023776442
38632,0,5,0,first,0.31599832,0.42582107,0.10982275
38632,0,5,1,middle,0.31599832,0.35113162,0.035133302
38632,0,5,2,middle,0.31599832,0.12886074,-0.18713757
38632,0,5,3,middle,0.31599832,0.4556712,0.13967288
38632,0,5,4,last,0.31599832,0.5620713,0.24607301
205,1,5,0,first,0.80901223,0.84142834,0.032416105
205,1,5,1,middle,0.80901223,0.1808633,-0.6281489
205,1,5,2,middle,0.80901223,0.8829214,0.07390916
205,1,5,3,middle,0.80901223,0.89213425,0.083122015
205,1,5,4,last,0.80901223,0.70853645,-0.10047579
40254,0,5,0,first,0.05555966,0.059611216,0.004051555
40254,0,5,1,middle,0.05555966,0.054404583,-0.0011550784
40254,0,5,2,middle,0.05555966,0.05591404,0.00035437942
40254,0,5,3,middle,0.05555966,0.060190845,0.004631184
40254,0,5,4,last,0.05555966,0.055614732,5.5070966e-05
21679,0,5,0,first,0.13276798,0.09972593,-0.033042043
21679,0,5,1,middle,0.13276798,0.23415017,0.101382196
21679,0,5,2,middle,0.13276798,0.16161847,0.028850496
21679,0,5,3,middle,0.13276798,0.07459332,-0.058174655
21679,0,5,4,last,0.13276798,0.071636215,-0.06113176
11048,1,5,0,first,0.84093237,0.6298211,-0.21111125
11048,1,5,1,middle,0.84093237,0.8101469,-0.030785441
11048,1,5,2,middle,0.84093237,0.099647336,-0.741285
11048,1,5,3,middle,0.84093237,0.9400633,0.09913093
11048,1,5,4,last,0.84093237,0.8800528,0.039120436
1605,1,5,0,first,0.48182383,0.85118747,0.36936364
1605,1,5,1,middle,0.48182383,0.16490586,-0.31691796
1605,1,5,2,middle,0.48182383,0.50280493,0.020981103
1605,1,5,3,middle,0.48182383,0.6019537,0.12012985
1605,1,5,4,last,0.48182383,0.11343191,-0.36839193
253,0,5,0,first,0.594241,0.6272165,0.032975495
253,0,5,1,middle,0.594241,0.6724344,0.07819337
253,0,5,2,middle,0.594241,0.5955116,0.0012705922
253,0,5,3,middle,0.594241,0.2683791,-0.32586193
253,0,5,4,last,0.594241,0.56063193,-0.033609092
683,1,5,0,first,0.7770355,0.18050227,-0.5965332
683,1,5,1,middle,0.7770355,0.6715902,-0.105445266
683,1,5,2,middle,0.7770355,0.83135366,0.05431819
683,1,5,3,middle,0.7770355,0.76792765,-0.009107828
683,1,5,4,last,0.7770355,0.7534888,-0.023546696
27,0,4,0,first,0.05329477,0.06246207,0.009167299
27,0,4,1,middle,0.05329477,0.056236874,0.002942104
27,0,4,2,middle,0.05329477,0.05543711,0.00214234
27,0,4,3,last,0.05329477,0.052827545,-0.0004672259
459,1,4,0,first,0.9579491,0.062548235,-0.8954009
459,1,4,1,middle,0.9579491,0.95901686,0.0010677576
459,1,4,2,middle,0.9579491,0.9602973,0.0023481846
459,1,4,3,last,0.9579491,0.9593633,0.0014141798
15960,1,4,0,first,0.9602694,0.9595366,-0.0007327795
15960,1,4,1,middle,0.9602694,0.9629634,0.0026940107
15960,1,4,2,middle,0.9602694,0.95609957,-0.0041698217
15960,1,4,3,last,0.9602694,0.94412583,-0.01614356
657,1,5,0,first,0.95713735,0.95798796,0.0008506179
657,1,5,1,middle,0.95713735,0.95544505,-0.0016922951
657,1,5,2,middle,0.95713735,0.9612539,0.004116535
657,1,5,3,middle,0.95713735,0.9415231,-0.015614271
657,1,5,4,last,0.95713735,0.89091086,-0.06622648
1248,0,5,0,first,0.061070807,0.0523367,-0.008734107
1248,0,5,1,middle,0.061070807,0.06580678,0.004735969
1248,0,5,2,middle,0.061070807,0.0683753,0.0073044896
1248,0,5,3,middle,0.061070807,0.06436012,0.0032893121
1248,0,5,4,last,0.061070807,0.07574979,0.014678985
2119,1,4,0,first,0.15884724,0.14132307,-0.017524168
2119,1,4,1,middle,0.15884724,0.20513888,0.046291634
2119,1,4,2,middle,0.15884724,0.14048433,-0.01836291
2119,1,4,3,last,0.15884724,0.36969593,0.21084869
25575,1,5,0,first,0.9677222,0.95574605,-0.011976123
25575,1,5,1,middle,0.9677222,0.96525294,-0.0024692416
25575,1,5,2,middle,0.9677222,0.9662624,-0.0014597774
25575,1,5,3,middle,0.9677222,0.9680043,0.00028210878
25575,1,5,4,last,0.9677222,0.9679785,0.00025629997
12892,0,5,0,first,0.80208695,0.8531606,0.05107367
12892,0,5,1,middle,0.80208695,0.718691,-0.08339596
12892,0,5,2,middle,0.80208695,0.74518543,-0.056901515
12892,0,5,3,middle,0.80208695,0.17129847,-0.63078845
12892,0,5,4,last,0.80208695,0.82379717,0.021710217
1391,0,5,0,first,0.25642407,0.88160515,0.6251811
1391,0,5,1,middle,0.25642407,0.22649933,-0.029924735
1391,0,5,2,middle,0.25642407,0.08580962,-0.17061445
1391,0,5,3,middle,0.25642407,0.22988473,-0.02653934
1391,0,5,4,last,0.25642407,0.12290479,-0.13351928
944,1,5,0,first,0.95238024,0.9569477,0.0045674443
944,1,5,1,middle,0.95238024,0.94885546,-0.0035247803
944,1,5,2,middle,0.95238024,0.9436387,-0.008741558
944,1,5,3,middle,0.95238024,0.95475674,0.0023764968
944,1,5,4,last,0.95238024,0.93575704,-0.016623199
1767,0,5,0,first,0.05830312,0.06949221,0.011189092
1767,0,5,1,middle,0.05830312,0.059872538,0.0015694164
1767,0,5,2,middle,0.05830312,0.05341497,-0.004888151
1767,0,5,3,middle,0.05830312,0.060038686,0.0017355643
1767,0,5,4,last,0.05830312,0.063194916,0.004891794
351,1,5,0,first,0.82084465,0.84702903,0.02618438
351,1,5,1,middle,0.82084465,0.8071894,-0.013655245
351,1,5,2,middle,0.82084465,0.6932934,-0.12755126
351,1,5,3,middle,0.82084465,0.64196867,-0.17887598
351,1,5,4,last,0.82084465,0.858615,0.03777033
16996,1,5,0,first,0.49323347,0.089352444,-0.403881
16996,1,5,1,middle,0.49323347,0.5245399,0.031306416
16996,1,5,2,middle,0.49323347,0.3607191,-0.13251436
16996,1,5,3,middle,0.49323347,0.6087258,0.115492314
16996,1,5,4,last,0.49323347,0.31956,-0.17367348
1397,1,5,0,first,0.5684787,0.76663065,0.19815195
1397,1,5,1,middle,0.5684787,0.62737614,0.058897436
1397,1,5,2,middle,0.5684787,0.56369007,-0.004788637
1397,1,5,3,middle,0.5684787,0.1358424,-0.43263632
1397,1,5,4,last,0.5684787,0.46324444,-0.105234265
992,0,5,0,first,0.057810154,0.056882035,-0.0009281188
992,0,5,1,middle,0.057810154,0.052718233,-0.0050919205
992,0,5,2,middle,0.057810154,0.058054704,0.0002445504
992,0,5,3,middle,0.057810154,0.058268145,0.00045799091
992,0,5,4,last,0.057810154,0.0617579,0.003947746
37955,0,5,0,first,0.13698012,0.1519528,0.014972687
37955,0,5,1,middle,0.13698012,0.1692484,0.032268286
37955,0,5,2,middle,0.13698012,0.093495294,-0.043484822
37955,0,5,3,middle,0.13698012,0.14226165,0.005281538
37955,0,5,4,last,0.13698012,0.133696,-0.0032841116
2118,1,5,0,first,0.10260945,0.13084073,0.028231286
2118,1,5,1,middle,0.10260945,0.14826939,0.045659937
2118,1,5,2,middle,0.10260945,0.09432797,-0.008281477
2118,1,5,3,middle,0.10260945,0.10997747,0.0073680207
2118,1,5,4,last,0.10260945,0.06939772,-0.03321173
531,1,5,0,first,0.9140691,0.91761994,0.0035508275
531,1,5,1,middle,0.9140691,0.92716545,0.013096333
531,1,5,2,middle,0.9140691,0.8571695,-0.056899607
531,1,5,3,middle,0.9140691,0.9226998,0.008630693
531,1,5,4,last,0.9140691,0.6919182,-0.22215092
22731,1,5,0,first,0.87246835,0.91890156,0.04643321
22731,1,5,1,middle,0.87246835,0.8690994,-0.0033689737
22731,1,5,2,middle,0.87246835,0.87014204,-0.0023263097
22731,1,5,3,middle,0.87246835,0.6529138,-0.21955454
22731,1,5,4,last,0.87246835,0.71552134,-0.15694702
504,1,5,0,first,0.916441,0.8040208,-0.1124202
504,1,5,1,middle,0.916441,0.2478617,-0.66857934
504,1,5,2,middle,0.916441,0.9086563,-0.0077847242
504,1,5,3,middle,0.916441,0.9123954,-0.0040456057
504,1,5,4,last,0.916441,0.95142555,0.03498453
1007,0,5,0,first,0.90868545,0.9121621,0.0034766793
1007,0,5,1,middle,0.90868545,0.7332632,-0.17542225
1007,0,5,2,middle,0.90868545,0.7699689,-0.13871652
1007,0,5,3,middle,0.90868545,0.9291655,0.020480037
1007,0,5,4,last,0.90868545,0.9271551,0.018469632
533,0,5,0,first,0.10204304,0.11477793,0.01273489
533,0,5,1,middle,0.10204304,0.08779207,-0.014250971
533,0,5,2,middle,0.10204304,0.09944821,-0.0025948286
533,0,5,3,middle,0.10204304,0.11333387,0.011290833
533,0,5,4,last,0.10204304,0.25401944,0.1519764
567,1,5,0,first,0.9533375,0.9492324,-0.004105091
567,1,5,1,middle,0.9533375,0.9560508,0.0027133226
567,1,5,2,middle,0.9533375,0.94859785,-0.004739642
567,1,5,3,middle,0.9533375,0.95659876,0.0032612681
567,1,5,4,last,0.9533375,0.9369539,-0.016383588
36153,0,5,0,first,0.13106003,0.13467053,0.0036104918
36153,0,5,1,middle,0.13106003,0.14482267,0.013762638
36153,0,5,2,middle,0.13106003,0.14862053,0.017560497
36153,0,5,3,middle,0.13106003,0.13618255,0.0051225126
36153,0,5,4,last,0.13106003,0.08381419,-0.047245845
37242,1,5,0,first,0.6123049,0.40816343,-0.2041415
37242,1,5,1,middle,0.6123049,0.57281643,-0.039488494
37242,1,5,2,middle,0.6123049,0.589563,-0.022741914
37242,1,5,3,middle,0.6123049,0.7281484,0.115843475
37242,1,5,4,last,0.6123049,0.4172232,-0.19508174
45633,1,5,0,first,0.9613106,0.9559759,-0.005334735
45633,1,5,1,middle,0.9613106,0.9616526,0.00034195185
45633,1,5,2,middle,0.9613106,0.9498963,-0.011414349
45633,1,5,3,middle,0.9613106,0.9581997,-0.0031109452
45633,1,5,4,last,0.9613106,0.9580447,-0.0032659173
527,1,2,0,first,0.93157566,0.07904712,-0.8525285
527,1,2,1,last,0.93157566,0.9375584,0.0059827566
1072,1,5,0,first,0.27276692,0.35082728,0.07806036
1072,1,5,1,middle,0.27276692,0.13517445,-0.13759246
1072,1,5,2,middle,0.27276692,0.11482282,-0.1579441
1072,1,5,3,middle,0.27276692,0.23106942,-0.041697502
1072,1,5,4,last,0.27276692,0.5341109,0.261344
39,0,4,0,first,0.12844281,0.11215864,-0.016284168
39,0,4,1,middle,0.12844281,0.31273913,0.18429632
39,0,4,2,middle,0.12844281,0.086476326,-0.041966483
39,0,4,3,last,0.12844281,0.113442264,-0.0150005445
976,0,5,0,first,0.08312558,0.07056413,-0.012561448
976,0,5,1,middle,0.08312558,0.08617518,0.0030496046
976,0,5,2,middle,0.08312558,0.07956768,-0.003557898
976,0,5,3,middle,0.08312558,0.07151128,-0.011614293
976,0,5,4,last,0.08312558,0.19782655,0.11470097
1550,0,4,0,first,0.13433592,0.32967848,0.19534256
1550,0,4,1,middle,0.13433592,0.086669385,-0.047666535
1550,0,4,2,middle,0.13433592,0.06143892,-0.072897
1550,0,4,3,last,0.13433592,0.22539434,0.09105842
870,1,6,0,first,0.7225498,0.5679074,-0.1546424
870,1,6,1,middle,0.7225498,0.77320576,0.05065596
870,1,6,2,middle,0.7225498,0.75219643,0.029646635
870,1,6,3,middle,0.7225498,0.8001675,0.077617705
870,1,6,4,middle,0.7225498,0.65250283,-0.07004696
870,1,6,5,last,0.7225498,0.70944554,-0.01310426
11468,1,4,0,first,0.20896243,0.06534196,-0.14362046
11468,1,4,1,middle,0.20896243,0.47870544,0.26974303
11468,1,4,2,middle,0.20896243,0.14720795,-0.06175448
11468,1,4,3,last,0.20896243,0.33817872,0.1292163
290,0,5,0,first,0.047045115,0.047312066,0.00026695058
290,0,5,1,middle,0.047045115,0.052960303,0.0059151873
290,0,5,2,middle,0.047045115,0.047578946,0.0005338304
290,0,5,3,middle,0.047045115,0.04360595,-0.0034391657
290,0,5,4,last,0.047045115,0.049255013,0.002209898
10655,1,5,0,first,0.96785873,0.96903956,0.0011808276
10655,1,5,1,middle,0.96785873,0.9678298,-2.8908253e-05
10655,1,5,2,middle,0.96785873,0.9259771,-0.04188162
10655,1,5,3,middle,0.96785873,0.96767825,-0.00018048286
10655,1,5,4,last,0.96785873,0.96838826,0.00052952766
8275,1,5,0,first,0.52684957,0.58054876,0.053699195
8275,1,5,1,middle,0.52684957,0.62479717,0.0979476
8275,1,5,2,middle,0.52684957,0.49503618,-0.031813383
8275,1,5,3,middle,0.52684957,0.44391972,-0.08292985
8275,1,5,4,last,0.52684957,0.57811594,0.051266372
33854,1,5,0,first,0.8551936,0.8630784,0.0078848
33854,1,5,1,middle,0.8551936,0.8742863,0.019092679
33854,1,5,2,middle,0.8551936,0.521741,-0.33345264
33854,1,5,3,middle,0.8551936,0.50700283,-0.34819078
33854,1,5,4,last,0.8551936,0.8586539,0.003460288
950,0,4,0,first,0.8396418,0.93457294,0.094931126
950,0,4,1,middle,0.8396418,0.893945,0.05430317
950,0,4,2,middle,0.8396418,0.57517844,-0.26446337
950,0,4,3,last,0.8396418,0.22656181,-0.61308
1218,0,4,0,first,0.06921212,0.07664708,0.007434964
1218,0,4,1,middle,0.06921212,0.07401234,0.004800223
1218,0,4,2,middle,0.06921212,0.06960508,0.00039296597
1218,0,4,3,last,0.06921212,0.08829421,0.019082092
10185,0,4,0,first,0.05196347,0.059313934,0.0073504634
10185,0,4,1,middle,0.05196347,0.0543399,0.0023764297
10185,0,4,2,middle,0.05196347,0.048460063,-0.0035034083
10185,0,4,3,last,0.05196347,0.059992213,0.008028742
784,0,5,0,first,0.108432874,0.100478575,-0.007954299
784,0,5,1,middle,0.108432874,0.09971639,-0.008716486
784,0,5,2,middle,0.108432874,0.14206377,0.033630893
784,0,5,3,middle,0.108432874,0.11725327,0.008820392
784,0,5,4,last,0.108432874,0.14075123,0.032318354
39798,0,5,0,first,0.19074601,0.075269185,-0.115476824
39798,0,5,1,middle,0.19074601,0.12786275,-0.06288326
39798,0,5,2,middle,0.19074601,0.2331984,0.042452395
39798,0,5,3,middle,0.19074601,0.27878714,0.08804113
39798,0,5,4,last,0.19074601,0.21905364,0.028307632
541,1,5,0,first,0.2827061,0.3434737,0.06076759
541,1,5,1,middle,0.2827061,0.36613846,0.08343235
541,1,5,2,middle,0.2827061,0.4579734,0.17526728
541,1,5,3,middle,0.2827061,0.40173712,0.11903101
541,1,5,4,last,0.2827061,0.08302126,-0.19968486
594,0,5,0,first,0.3130759,0.08875972,-0.22431618
594,0,5,1,middle,0.3130759,0.6845245,0.37144858
594,0,5,2,middle,0.3130759,0.18295577,-0.13012013
594,0,5,3,middle,0.3130759,0.25875682,-0.054319084
594,0,5,4,last,0.3130759,0.5403291,0.2272532
1890,0,5,0,first,0.09558145,0.08230724,-0.013274208
1890,0,5,1,middle,0.09558145,0.08999112,-0.005590327
1890,0,5,2,middle,0.09558145,0.0648911,-0.03069035
1890,0,5,3,middle,0.09558145,0.16920395,0.0736225
1890,0,5,4,last,0.09558145,0.124026306,0.028444856
39925,1,5,0,first,0.6859908,0.5238589,-0.1621319
39925,1,5,1,middle,0.6859908,0.80091405,0.11492324
39925,1,5,2,middle,0.6859908,0.39968303,-0.28630778
39925,1,5,3,middle,0.6859908,0.72050047,0.03450966
39925,1,5,4,last,0.6859908,0.5098692,-0.17612159
24271,1,5,0,first,0.96549547,0.9669926,0.0014971495
24271,1,5,1,middle,0.96549547,0.96561164,0.00011616945
24271,1,5,2,middle,0.96549547,0.9668073,0.0013118386
24271,1,5,3,middle,0.96549547,0.96349293,-0.0020025373
24271,1,5,4,last,0.96549547,0.9615895,-0.003905952
2212,1,4,0,first,0.07484153,0.06216371,-0.012677819
2212,1,4,1,middle,0.07484153,0.07511543,0.00027389824
2212,1,4,2,middle,0.07484153,0.14484443,0.0700029
2212,1,4,3,last,0.07484153,0.07286035,-0.0019811764
27951,1,5,0,first,0.91477865,0.85212266,-0.062655985
27951,1,5,1,middle,0.91477865,0.89851904,-0.01625961
27951,1,5,2,middle,0.91477865,0.46567675,-0.4491019
27951,1,5,3,middle,0.91477865,0.923509,0.008730352
27951,1,5,4,last,0.91477865,0.9092004,-0.0055782795
1164,0,3,0,first,0.045403827,0.060149282,0.014745455
1164,0,3,1,middle,0.045403827,0.05583072,0.010426894
1164,0,3,2,last,0.045403827,0.047179118,0.0017752908
1519,1,5,0,first,0.68919814,0.6113792,-0.07781893
1519,1,5,1,middle,0.68919814,0.7323518,0.043153644
1519,1,5,2,middle,0.68919814,0.59608984,-0.0931083
1519,1,5,3,middle,0.68919814,0.34944472,-0.33975342
1519,1,5,4,last,0.68919814,0.7415271,0.052328944
