id,label,n_sentences,sentence_idx,position,prob_stress_full,prob_stress_without,delta_prob_stress
896,0,5,0,first,0.08015415,0.122224,0.042069852
896,0,5,1,middle,0.08015415,0.084315784,0.0041616336
896,0,5,2,middle,0.08015415,0.0619001,-0.01825405
896,0,5,3,middle,0.08015415,0.07344391,-0.0067102388
896,0,5,4,last,0.08015415,0.117662445,0.037508294
19059,0,5,0,first,0.15019512,0.16246115,0.012266025
19059,0,5,1,middle,0.15019512,0.114276655,-0.035918467
19059,0,5,2,middle,0.15019512,0.10657088,-0.043624245
19059,0,5,3,middle,0.15019512,0.21770865,0.067513525
19059,0,5,4,last,0.15019512,0.19426721,0.04407209
7977,1,4,0,first,0.84770584,0.8599541,0.012248278
7977,1,4,1,middle,0.84770584,0.89900196,0.051296115
7977,1,4,2,middle,0.84770584,0.9081788,0.060472965
7977,1,4,3,last,0.84770584,0.08016085,-0.767545
1214,1,5,0,first,0.90361345,0.86006945,-0.043543994
1214,1,5,1,middle,0.90361345,0.88206095,-0.021552503
1214,1,5,2,middle,0.90361345,0.8165545,-0.08705896
1214,1,5,3,middle,0.90361345,0.7179997,-0.18561375
1214,1,5,4,last,0.90361345,0.89878243,-0.004831016
1965,0,5,0,first,0.8758323,0.82103616,-0.05479616
1965,0,5,1,middle,0.8758323,0.8612581,-0.01457423
1965,0,5,2,middle,0.8758323,0.91832995,0.042497635
1965,0,5,3,middle,0.8758323,0.7215704,-0.15426195
1965,0,5,4,last,0.8758323,0.5926698,-0.28316253
850,0,4,0,first,0.07806039,0.0975145,0.019454114
850,0,4,1,middle,0.07806039,0.115756154,0.037695765
850,0,4,2,middle,0.07806039,0.046857115,-0.031203274
850,0,4,3,last,0.07806039,0.09146526,0.013404869
1643,0,5,0,first,0.0927939,0.11695059,0.02415669
1643,0,5,1,middle,0.0927939,0.086432286,-0.006361611
1643,0,5,2,middle,0.0927939,0.09464048,0.0018465817
1643,0,5,3,middle,0.0927939,0.0725943,-0.020199597
1643,0,5,4,last,0.0927939,0.09993804,0.0071441457
39090,1,5,0,first,0.9019264,0.9163062,0.014379799
39090,1,5,1,middle,0.9019264,0.86772585,-0.03420055
39090,1,5,2,middle,0.9019264,0.89521277,-0.006713629
39090,1,5,3,middle,0.9019264,0.9261265,0.024200082
39090,1,5,4,last,0.9019264,0.88200784,-0.019918561
19468,1,5,0,first,0.941862,0.9487184,0.0068564415
19468,1,5,1,middle,0.941862,0.91668576,-0.025176227
19468,1,5,2,middle,0.941862,0.9340951,-0.0077669024
19468,1,5,3,middle,0.941862,0.93714094,-0.0047210455
19468,1,5,4,last,0.941862,0.93927354,-0.002588451
48595,0,5,0,first,0.05556739,0.055003036,-0.0005643554
48595,0,5,1,middle,0.05556739,0.05893032,0.0033629276
48595,0,5,2,middle,0.05556739,0.0477924,-0.00777499
48595,0,5,3,middle,0.05556739,0.041883636,-0.013683755
48595,0,5,4,last,0.05556739,0.04398812,-0.011579271
1039,1,5,0,first,0.8777215,0.79487765,-0.08284384
1039,1,5,1,middle,0.8777215,0.893772,0.016050518
1039,1,5,2,middle,0.8777215,0.87542725,-0.0022942424
1039,1,5,3,middle,0.8777215,0.53738534,-0.34033614
1039,1,5,4,last,0.8777215,0.9123954,0.03467393
588,1,5,0,first,0.8867233,0.8318224,-0.054900885
588,1,5,1,middle,0.8867233,0.8135342,-0.07318908
588,1,5,2,middle,0.8867233,0.8599949,-0.026728392
588,1,5,3,middle,0.8867233,0.46967682,-0.41704646
588,1,5,4,last,0.8867233,0.90399015,0.01726687
53256,1,5,0,first,0.65753186,0.4348078,-0.22272405
53256,1,5,1,middle,0.65753186,0.60435647,-0.05317539
53256,1,5,2,middle,0.65753186,0.72660536,0.0690735
53256,1,5,3,middle,0.65753186,0.7637189,0.106187046
53256,1,5,4,last,0.65753186,0.57583135,-0.081700504
39650,1,5,0,first,0.9396688,0.9284792,-0.01118958
39650,1,5,1,middle,0.9396688,0.9451743,0.005505502
39650,1,5,2,middle,0.9396688,0.9362208,-0.00344795
39650,1,5,3,middle,0.9396688,0.93994933,0.00028055906
39650,1,5,4,last,0.9396688,0.80939555,-0.13027322
414,1,5,0,first,0.8679701,0.89282036,0.02485025
414,1,5,1,middle,0.8679701,0.775816,-0.092154086
414,1,5,2,middle,0.8679701,0.82697,-0.041000128
414,1,5,3,middle,0.8679701,0.76246655,-0.10550356
414,1,5,4,last,0.8679701,0.8485131,-0.019456983
1824,0,5,0,first,0.31269607,0.62438446,0.3116884
1824,0,5,1,middle,0.31269607,0.18724452,-0.12545155
1824,0,5,2,middle,0.31269607,0.4675714,0.15487534
1824,0,5,3,middle,0.31269607,0.2138798,-0.098816276
1824,0,5,4,last,0.31269607,0.10243112,-0.21026495
813,1,5,0,first,0.94561654,0.94136786,-0.0042486787
813,1,5,1,middle,0.94561654,0.9415011,-0.0041154623
813,1,5,2,middle,0.94561654,0.9354775,-0.010139048
813,1,5,3,middle,0.94561654,0.94127667,-0.004339874
813,1,5,4,last,0.94561654,0.9456663,4.976988e-05
745,1,5,0,first,0.67346805,0.6975923,0.024124265
745,1,5,1,middle,0.67346805,0.88517773,0.21170968
745,1,5,2,middle,0.67346805,0.4428295,-0.23063856
745,1,5,3,middle,0.67346805,0.14836344,-0.52510464
745,1,5,4,last,0.67346805,0.7855777,0.11210966
895,0,5,0,first,0.74269706,0.8691022,0.12640512
895,0,5,1,middle,0.74269706,0.17708279,-0.5656143
895,0,5,2,middle,0.74269706,0.8374231,0.094726026
895,0,5,3,middle,0.74269706,0.7077249,-0.03497213
895,0,5,4,last,0.74269706,0.44955966,-0.2931374
1361,0,5,0,first,0.34010622,0.38504216,0.04493594
1361,0,5,1,middle,0.34010622,0.50166225,0.16155604
1361,0,5,2,middle,0.34010622,0.12254995,-0.21755627
1361,0,5,3,middle,0.34010622,0.5810297,0.2409235
1361,0,5,4,last,0.34010622,0.81239545,0.47228923
46063,0,5,0,first,0.16773254,0.3568224,0.18908986
46063,0,5,1,middle,0.16773254,0.3840895,0.21635696
46063,0,5,2,middle,0.16773254,0.100610524,-0.06712201
46063,0,5,3,middle,0.16773254,0.20495789,0.03722535
46063,0,5,4,last,0.16773254,0.05640348,-0.11132906
6587,0,5,0,first,0.04672044,0.048371114,0.0016506724
6587,0,5,1,middle,0.04672044,0.04737919,0.0006587468
6587,0,5,2,middle,0.04672044,0.048325058,0.0016046166
6587,0,5,3,middle,0.04672044,0.044454962,-0.0022654794
6587,0,5,4,last,0.04672044,0.044904355,-0.0018160865
108,0,4,0,first,0.054176416,0.055627428,0.0014510117
108,0,4,1,middle,0.054176416,0.04764758,-0.0065288357
108,0,4,2,middle,0.054176416,0.055179432,0.0010030158
108,0,4,3,last,0.054176416,0.055231877,0.0010554604
337,1,5,0,first,0.9269243,0.8714076,-0.05551666
337,1,5,1,middle,0.9269243,0.9141497,-0.012774587
337,1,5,2,middle,0.9269243,0.9281913,0.0012670159
337,1,5,3,middle,0.9269243,0.9271762,0.00025188923
337,1,5,4,last,0.9269243,0.93282056,0.0058962703
54251,1,5,0,first,0.8997841,0.4900732,-0.40971088
54251,1,5,1,middle,0.8997841,0.9176731,0.017889023
54251,1,5,2,middle,0.8997841,0.89464456,-0.0051395297
54251,1,5,3,middle,0.8997841,0.90209717,0.0023130774
54251,1,5,4,last,0.8997841,0.8716492,-0.028134882
723,0,5,0,first,0.18426596,0.081197195,-0.10306876
723,0,5,1,middle,0.18426596,0.19021054,0.00594458
723,0,5,2,middle,0.18426596,0.08286427,-0.10140169
723,0,5,3,middle,0.18426596,0.11640998,-0.06785598
723,0,5,4,last,0.18426596,0.1016983,-0.082567655
1466,0,5,0,first,0.28744107,0.13183166,-0.15560941
1466,0,5,1,middle,0.28744107,0.2858759,-0.0015651882
1466,0,5,2,middle,0.28744107,0.16229627,-0.12514481
1466,0,5,3,middle,0.28744107,0.14917937,-0.1382617
1466,0,5,4,last,0.28744107,0.3513284,0.06388733
16030,0,5,0,first,0.052125655,0.044375848,-0.007749807
16030,0,5,1,middle,0.052125655,0.07920206,0.027076408
16030,0,5,2,middle,0.052125655,0.0540301,0.0019044466
16030,0,5,3,middle,0.052125655,0.06915322,0.017027564
16030,0,5,4,last,0.052125655,0.046513226,-0.005612429
38903,0,5,0,first,0.06720359,0.083005734,0.015802145
38903,0,5,1,middle,0.06720359,0.08449391,0.017290324
38903,0,5,2,middle,0.06720359,0.059466656,-0.0077369325
38903,0,5,3,middle,0.06720359,0.09337533,0.026171744
38903,0,5,4,last,0.06720359,0.056847125,-0.0103564635
801,0,5,0,first,0.097368486,0.08692915,-0.010439336
801,0,5,1,middle,0.097368486,0.07996251,-0.01740598
801,0,5,2,middle,0.097368486,0.1010075,0.0036390126
801,0,5,3,middle,0.097368486,0.092524774,-0.004843712
801,0,5,4,last,0.097368486,0.1456851,0.04831662
24942,1,5,0,first,0.94907176,0.946109,-0.002962768
24942,1,5,1,middle,0.94907176,0.9393616,-0.009710193
24942,1,5,2,middle,0.94907176,0.9455334,-0.0035383701
24942,1,5,3,middle,0.94907176,0.95155096,0.0024791956
24942,1,5,4,last,0.94907176,0.9512027,0.0021309257
32340,0,5,0,first,0.06866785,0.072314754,0.0036469027
32340,0,5,1,middle,0.06866785,0.06988207,0.0012142211
32340,0,5,2,middle,0.06866785,0.06331159,-0.0053562596
32340,0,5,3,middle,0.06866785,0.065094635,-0.0035732165
32340,0,5,4,last,0.06866785,0.08499693,0.01632908
48561,1,5,0,first,0.9345266,0.9227439,-0.011782706
48561,1,5,1,middle,0.9345266,0.92870224,-0.005824387
48561,1,5,2,middle,0.9345266,0.9423665,0.0078398585
48561,1,5,3,middle,0.9345266,0.8778072,-0.056719422
48561,1,5,4,last,0.9345266,0.93606704,0.0015404224
61,1,5,0,first,0.73307484,0.53060865,-0.20246619
61,1,5,1,middle,0.73307484,0.70363796,-0.029436886
61,1,5,2,middle,0.73307484,0.6019831,-0.13109177
61,1,5,3,middle,0.73307484,0.6899635,-0.043111324
61,1,5,4,last,0.73307484,0.7880025,0.054927647
24225,0,5,0,first,0.0960624,0.054324225,-0.041738175
24225,0,5,1,middle,0.0960624,0.09658825,0.0005258471
24225,0,5,2,middle,0.0960624,0.4104626,0.3144002
24225,0,5,3,middle,0.0960624,0.07487389,-0.021188512
24225,0,5,4,last,0.0960624,0.063395,-0.0326674
1462,0,5,0,first,0.096296035,0.07235037,-0.023945667
1462,0,5,1,middle,0.096296035,0.07344311,-0.022852927
1462,0,5,2,middle,0.096296035,0.10775221,0.011456177
1462,0,5,3,middle,0.096296035,0.14166315,0.045367114
1462,0,5,4,last,0.096296035,0.08530863,-0.010987408
1234,0,5,0,first,0.24874046,0.28144813,0.03270766
1234,0,5,1,middle,0.24874046,0.11073611,-0.13800436
1234,0,5,2,middle,0.24874046,0.26660654,0.017866075
1234,0,5,3,middle,0.24874046,0.04918817,-0.1995523
1234,0,5,4,last,0.24874046,0.5328623,0.28412184
1661,1,5,0,first,0.94068295,0.919565,-0.021117926
1661,1,5,1,middle,0.94068295,0.9308667,-0.009816229
1661,1,5,2,middle,0.94068295,0.939974,-0.00070893764
1661,1,5,3,middle,0.94068295,0.9356246,-0.005058348
1661,1,5,4,last,0.94068295,0.94030905,-0.00037389994
1224,1,5,0,first,0.82480246,0.8148368,-0.009965658
1224,1,5,1,middle,0.82480246,0.821553,-0.0032494664
1224,1,5,2,middle,0.82480246,0.7749343,-0.049868166
1224,1,5,3,middle,0.82480246,0.7687622,-0.056040287
1224,1,5,4,last,0.82480246,0.7556355,-0.06916696
45743,0,4,0,first,0.031465016,0.03767951,0.006214492
45743,0,4,1,middle,0.031465016,0.031059526,-0.0004054904
45743,0,4,2,middle,0.031465016,0.044203565,0.012738548
45743,0,4,3,last,0.031465016,0.03332908,0.0018640645
1223,0,5,0,first,0.8718557,0.88452244,0.012666762
1223,0,5,1,middle,0.8718557,0.8726527,0.0007970333
1223,0,5,2,middle,0.8718557,0.8578404,-0.014015257
1223,0,5,3,middle,0.8718557,0.79597205,-0.07588363
1223,0,5,4,last,0.8718557,0.7186291,-0.15322655
5248,1,5,0,first,0.94995713,0.9431219,-0.0068352222
5248,1,5,1,middle,0.94995713,0.9484636,-0.0014935136
5248,1,5,2,middle,0.94995713,0.9490038,-0.0009533167
5248,1,5,3,middle,0.94995713,0.9487212,-0.0012359619
5248,1,5,4,last,0.94995713,0.948288,-0.0016691089
751,1,5,0,first,0.94595075,0.94494945,-0.0010012984
751,1,5,1,middle,0.94595075,0.92375743,-0.022193313
751,1,5,2,middle,0.94595075,0.9421834,-0.0037673712
751,1,5,3,middle,0.94595075,0.94013256,-0.005818188
751,1,5,4,last,0.94595075,0.9496755,0.0037247539
25778,1,5,0,first,0.95409864,0.9418202,-0.012278438
25778,1,5,1,middle,0.95409864,0.9530709,-0.0010277629
25778,1,5,2,middle,0.95409864,0.9491452,-0.004953444
25778,1,5,3,middle,0.95409864,0.9543445,0.00024586916
25778,1,5,4,last,0.95409864,0.95264685,-0.0014517903
29555,1,5,0,first,0.9522939,0.9544619,0.0021679997
29555,1,5,1,middle,0.9522939,0.93401974,-0.018274128
29555,1,5,2,middle,0.9522939,0.9487921,-0.0035017729
29555,1,5,3,middle,0.9522939,0.94834846,-0.0039454103
29555,1,5,4,last,0.9522939,0.9526965,0.00040262938
12230,0,5,0,first,0.3157808,0.06923839,-0.2465424
12230,0,5,1,middle,0.3157808,0.3471776,0.031396806
12230,0,5,2,middle,0.3157808,0.257857,-0.057923794
12230,0,5,3,middle,0.3157808,0.4507771,0.13499632
12230,0,5,4,last,0.3157808,0.3123443,-0.003436476
30603,1,5,0,first,0.9407414,0.938207,-0.002534449
30603,1,5,1,middle,0.9407414,0.9287673,-0.011974096
30603,1,5,2,middle,0.9407414,0.9362783,-0.004463136
30603,1,5,3,middle,0.9407414,0.93858224,-0.0021591783
30603,1,5,4,last,0.9407414,0.91957647,-0.021164954
42340,0,4,0,first,0.9117491,0.9243682,0.012619078
42340,0,4,1,middle,0.9117491,0.656465,-0.25528413
42340,0,4,2,middle,0.9117491,0.8702132,-0.041535914
42340,0,4,3,last,0.9117491,0.91611016,0.0043610334
247,0,5,0,first,0.3601709,0.1050793,-0.2550916
247,0,5,1,middle,0.3601709,0.37915704,0.018986136
247,0,5,2,middle,0.3601709,0.46269143,0.102520525
247,0,5,3,middle,0.3601709,0.2674931,-0.0926778
247,0,5,4,last,0.3601709,0.6540976,0.29392672
1121,1,5,0,first,0.88746166,0.90018153,0.01271987
1121,1,5,1,middle,0.88746166,0.8537455,-0.033716142
1121,1,5,2,middle,0.88746166,0.83834404,-0.049117625
1121,1,5,3,middle,0.88746166,0.8535893,-0.033872366
1121,1,5,4,last,0.88746166,0.9004748,0.0130131245
49500,0,5,0,first,0.9342358,0.9430486,0.008812785
49500,0,5,1,middle,0.9342358,0.9333344,-0.00090140104
49500,0,5,2,middle,0.9342358,0.86953044,-0.06470537
49500,0,5,3,middle,0.9342358,0.92361665,-0.0106191635
49500,0,5,4,last,0.9342358,0.932542,-0.0016937852
44234,1,4,0,first,0.9476488,0.931481,-0.01616782
44234,1,4,1,middle,0.9476488,0.9446068,-0.0030420423
44234,1,4,2,middle,0.9476488,0.94796526,0.00031644106
44234,1,4,3,last,0.9476488,0.94678926,-0.0008595586
365,0,4,0,first,0.8275656,0.81948215,-0.008083463
365,0,4,1,middle,0.8275656,0.7049338,-0.12263179
365,0,4,2,middle,0.8275656,0.79537374,-0.032191873
365,0,4,3,last,0.8275656,0.7360512,-0.09151441
53,1,5,0,first,0.72743064,0.8266984,0.09926778
53,1,5,1,middle,0.72743064,0.6870243,-0.040406346
53,1,5,2,middle,0.72743064,0.82053065,0.09310001
53,1,5,3,middle,0.72743064,0.5969988,-0.13043183
53,1,5,4,last,0.72743064,0.24678102,-0.48064962
55783,1,5,0,first,0.8328528,0.8100614,-0.022791386
55783,1,5,1,middle,0.8328528,0.8458966,0.013043821
55783,1,5,2,middle,0.8328528,0.8006105,-0.032242298
55783,1,5,3,middle,0.8328528,0.7916033,-0.041249454
55783,1,5,4,last,0.8328528,0.7834297,-0.0494231
1125,1,4,0,first,0.9472316,0.9470435,-0.00018811226
1125,1,4,1,middle,0.9472316,0.9472659,3.4332275e-05
1125,1,4,2,middle,0.9472316,0.94857186,0.00134027
1125,1,4,3,last,0.9472316,0.86433935,-0.08289224
1667,0,5,0,first,0.92750627,0.9242235,-0.0032827854
1667,0,5,1,middle,0.92750627,0.9255337,-0.001972556
1667,0,5,2,middle,0.92750627,0.86835456,-0.05915171
1667,0,5,3,middle,0.92750627,0.92408836,-0.0034179091
1667,0,5,4,last,0.92750627,0.87735844,-0.05014783
40807,0,4,0,first,0.037404113,0.040154956,0.0027508438
40807,0,4,1,middle,0.037404113,0.042763103,0.0053589903
40807,0,4,2,middle,0.037404113,0.038290445,0.00088633224
40807,0,4,3,last,0.037404113,0.039624084,0.0022199713
51868,1,5,0,first,0.9540969,0.94397974,-0.010117173
51868,1,5,1,middle,0.9540969,0.9508081,-0.0032888055
51868,1,5,2,middle,0.9540969,0.94590944,-0.008187473
51868,1,5,3,middle,0.9540969,0.9336559,-0.020440996
51868,1,5,4,last,0.9540969,0.95409906,2.1457672e-06
864,0,3,0,first,0.5392001,0.51992977,-0.01927036
864,0,3,1,middle,0.5392001,0.22854124,-0.31065887
864,0,3,2,last,0.5392001,0.4889603,-0.05023983
652,0,5,0,first,0.8918807,0.73304105,-0.15883964
652,0,5,1,middle,0.8918807,0.8374112,-0.054469466
652,0,5,2,middle,0.8918807,0.8377862,-0.054094493
652,0,5,3,middle,0.8918807,0.8983768,0.0064961314
652,0,5,4,last,0.8918807,0.90691,0.015029311
12081,0,5,0,first,0.89030415,0.92881507,0.03851092
12081,0,5,1,middle,0.89030415,0.8218377,-0.068466425
12081,0,5,2,middle,0.89030415,0.89834285,0.0080387
12081,0,5,3,middle,0.89030415,0.91308135,0.0227772
12081,0,5,4,last,0.89030415,0.47351888,-0.41678527
1771,1,4,0,first,0.8547788,0.8498977,-0.0048811436
1771,1,4,1,middle,0.8547788,0.67137575,-0.18340307
1771,1,4,2,middle,0.8547788,0.877342,0.02256316
1771,1,4,3,last,0.8547788,0.3359191,-0.51885974
2603,0,5,0,first,0.09598772,0.04628138,-0.049706344
2603,0,5,1,middle,0.09598772,0.08241993,-0.01356779
2603,0,5,2,middle,0.09598772,0.099769056,0.0037813336
2603,0,5,3,middle,0.09598772,0.2111159,0.115128174
2603,0,5,4,last,0.09598772,0.32443604,0.22844832
471,1,5,0,first,0.9427982,0.94372106,0.0009228587
471,1,5,1,middle,0.9427982,0.93191296,-0.010885239
471,1,5,2,middle,0.9427982,0.93906295,-0.0037352443
471,1,5,3,middle,0.9427982,0.9370351,-0.0057631135
471,1,5,4,last,0.9427982,0.9297981,-0.013000071
25293,0,5,0,first,0.08262134,0.055661835,-0.026959509
25293,0,5,1,middle,0.08262134,0.08129866,-0.0013226867
25293,0,5,2,middle,0.08262134,0.059068073,-0.02355327
25293,0,5,3,middle,0.08262134,0.08510393,0.0024825856
25293,0,5,4,last,0.08262134,0.05944988,-0.023171462
246,1,5,0,first,0.14135973,0.14697927,0.005619541
246,1,5,1,middle,0.14135973,0.09692029,-0.044439442
246,1,5,2,middle,0.14135973,0.07417311,-0.067186624
246,1,5,3,middle,0.14135973,0.118562855,-0.022796877
246,1,5,4,last,0.14135973,0.3147467,0.17338698
51097,0,5,0,first,0.03176217,0.03265233,0.0008901581
51097,0,5,1,middle,0.03176217,0.032237194,0.00047502294
51097,0,5,2,middle,0.03176217,0.03449346,0.0027312897
51097,0,5,3,middle,0.03176217,0.033073593,0.0013114214
51097,0,5,4,last,0.03176217,0.031299576,-0.00046259537
28340,0,4,0,first,0.034712378,0.036818236,0.0021058582
28340,0,4,1,middle,0.034712378,0.034724444,1.2066215e-05
28340,0,4,2,middle,0.034712378,0.033642605,-0.001069773
28340,0,4,3,last,0.034712378,0.03682052,0.0021081418
1278,1,5,0,first,0.9209935,0.9003199,-0.020673633
1278,1,5,1,middle,0.9209935,0.9198765,-0.001116991
1278,1,5,2,middle,0.9209935,0.82497245,-0.096021056
1278,1,5,3,middle,0.9209935,0.90464884,-0.016344666
1278,1,5,4,last,0.9209935,0.91447955,-0.006513953
5012,1,5,0,first,0.8667276,0.89460033,0.027872741
5012,1,5,1,middle,0.8667276,0.7817213,-0.0850063
5012,1,5,2,middle,0.8667276,0.8866935,0.019965887
5012,1,5,3,middle,0.8667276,0.8386422,-0.02808541
5012,1,5,4,last,0.8667276,0.11213197,-0.75459564
839,1,5,0,first,0.8034294,0.6122557,-0.19117373
839,1,5,1,middle,0.8034294,0.79164594,-0.011783481
839,1,5,2,middle,0.8034294,0.8165586,0.013129175
839,1,5,3,middle,0.8034294,0.80425537,0.00082594156
839,1,5,4,last,0.8034294,0.75569516,-0.04773426
987,1,5,0,first,0.88153124,0.8730949,-0.008436322
987,1,5,1,middle,0.88153124,0.831373,-0.050158262
987,1,5,2,middle,0.88153124,0.80833167,-0.07319957
987,1,5,3,middle,0.88153124,0.087160885,-0.79437035
987,1,5,4,last,0.88153124,0.94211245,0.060581207
3879,1,5,0,first,0.95187664,0.9539704,0.0020937324
3879,1,5,1,middle,0.95187664,0.95139915,-0.0004774928
3879,1,5,2,middle,0.95187664,0.9480786,-0.0037980676
3879,1,5,3,middle,0.95187664,0.9501792,-0.0016974211
3879,1,5,4,last,0.95187664,0.9469433,-0.0049333572
1684,0,5,0,first,0.7403572,0.50329447,-0.23706275
1684,0,5,1,middle,0.7403572,0.86360514,0.12324792
1684,0,5,2,middle,0.7403572,0.75278294,0.012425721
1684,0,5,3,middle,0.7403572,0.86678016,0.12642294
1684,0,5,4,last,0.7403572,0.11277116,-0.62758607
4426,0,5,0,first,0.17580661,0.2840533,0.108246684
4426,0,5,1,middle,0.17580661,0.07282663,-0.10297998
4426,0,5,2,middle,0.17580661,0.5007105,0.32490388
4426,0,5,3,middle,0.17580661,0.11078653,-0.065020084
4426,0,5,4,last,0.17580661,0.13101548,-0.044791132
1675,0,5,0,first,0.17683218,0.2280301,0.051197916
1675,0,5,1,middle,0.17683218,0.2707125,0.09388031
1675,0,5,2,middle,0.17683218,0.122888364,-0.05394382
1675,0,5,3,middle,0.17683218,0.18848617,0.01165399
1675,0,5,4,last,0.17683218,0.071220286,-0.1056119
15807,0,5,0,first,0.25615257,0.13537785,-0.120774716
15807,0,5,1,middle,0.25615257,0.3217192,0.06556663
15807,0,5,2,middle,0.25615257,0.09256779,-0.16358478
15807,0,5,3,middle,0.25615257,0.097186655,-0.15896592
15807,0,5,4,last,0.25615257,0.59032154,0.33416897
41401,1,5,0,first,0.9306468,0.89849675,-0.03215003
41401,1,5,1,middle,0.9306468,0.9374788,0.0068320036
41401,1,5,2,middle,0.9306468,0.8660063,-0.06464046
41401,1,5,3,middle,0.9306468,0.90372336,-0.026923418
41401,1,5,4,last,0.9306468,0.92802906,-0.0026177168
1800,0,4,0,first,0.11643483,0.54468274,0.42824793
1800,0,4,1,middle,0.11643483,0.043814395,-0.07262044
1800,0,4,2,middle,0.11643483,0.26436335,0.14792852
1800,0,4,3,last,0.11643483,0.06673917,-0.049695656
4114,1,5,0,first,0.93735266,0.93817645,0.0008237958
4114,1,5,1,middle,0.93735266,0.939268,0.0019153357
4114,1,5,2,middle,0.93735266,0.9284616,-0.008891046
4114,1,5,3,middle,0.93735266,0.9060802,-0.03127247
4114,1,5,4,last,0.93735266,0.93539685,-0.0019558072
1551,0,5,0,first,0.18386237,0.18145023,-0.0024121404
1551,0,5,1,middle,0.18386237,0.12685323,-0.057009146
1551,0,5,2,middle,0.18386237,0.24945498,0.0655926
1551,0,5,3,middle,0.18386237,0.17131723,-0.012545139
1551,0,5,4,last,0.18386237,0.2009156,0.017053232
10126,1,5,0,first,0.9527224,0.94929475,-0.0034276247
10126,1,5,1,middle,0.9527224,0.949426,-0.0032963753
10126,1,5,2,middle,0.9527224,0.9477841,-0.004938245
10126,1,5,3,middle,0.9527224,0.9486836,-0.004038751
10126,1,5,4,last,0.9527224,0.95509046,0.0023680925
1184,0,5,0,first,0.93224436,0.93760514,0.005360782
1184,0,5,1,middle,0.93224436,0.92403066,-0.008213699
1184,0,5,2,middle,0.93224436,0.9118045,-0.020439863
1184,0,5,3,middle,0.93224436,0.4543291,-0.47791526
1184,0,5,4,last,0.93224436,0.9488071,0.01656276
21808,1,5,0,first,0.90955675,0.76413816,-0.14541858
21808,1,5,1,middle,0.90955675,0.90766776,-0.0018889904
21808,1,5,2,middle,0.90955675,0.92409396,0.014537215
21808,1,5,3,middle,0.90955675,0.9257145,0.016157746
21808,1,5,4,last,0.90955675,0.9032503,-0.0063064694
29364,0,5,0,first,0.8833692,0.91332215,0.029952943
29364,0,5,1,middle,0.8833692,0.90148556,0.018116355
29364,0,5,2,middle,0.8833692,0.90212035,0.018751144
29364,0,5,3,middle,0.8833692,0.88621676,0.0028475523
29364,0,5,4,last,0.8833692,0.06186381,-0.8215054
5725,0,5,0,first,0.32591817,0.12113049,-0.20478767
5725,0,5,1,middle,0.32591817,0.49128124,0.16536307
5725,0,5,2,middle,0.32591817,0.251812,-0.07410616
5725,0,5,3,middle,0.32591817,0.19983986,-0.12607831
5725,0,5,4,last,0.32591817,0.30871812,-0.017200053
1344,1,5,0,first,0.8696108,0.8699961,0.00038528442
1344,1,5,1,middle,0.8696108,0.8373256,-0.032285213
1344,1,5,2,middle,0.8696108,0.8561152,-0.013495564
1344,1,5,3,middle,0.8696108,0.8639209,-0.0056898594
1344,1,5,4,last,0.8696108,0.6891744,-0.18043637
41244,1,5,0,first,0.93454576,0.8721429,-0.062402844
41244,1,5,1,middle,0.93454576,0.9390513,0.004505515
41244,1,5,2,middle,0.93454576,0.92289764,-0.0116481185
41244,1,5,3,middle,0.93454576,0.9421472,0.00760144
41244,1,5,4,last,0.93454576,0.9269812,-0.0075645447
45645,0,5,0,first,0.27924496,0.42650738,0.14726242
45645,0,5,1,middle,0.27924496,0.05988297,-0.21936199
45645,0,5,2,middle,0.27924496,0.3605602,0.08131525
45645,0,5,3,middle,0.27924496,0.35161644,0.07237148
45645,0,5,4,last,0.27924496,0.16918528,-0.11005968
33410,1,5,0,first,0.75784403,0.8223256,0.06448156
33410,1,5,1,middle,0.75784403,0.7808776,0.02303356
33410,1,5,2,middle,0.75784403,0.7469478,-0.010896206
33410,1,5,3,middle,0.75784403,0.746429,-0.011415005
33410,1,5,4,last,0.75784403,0.12423125,-0.63361275
280,0,5,0,first,0.85321176,0.6851031,-0.16810864
280,0,5,1,middle,0.85321176,0.8250959,-0.028115869
280,0,5,2,middle,0.85321176,0.8009021,-0.052309632
280,0,5,3,middle,0.85321176,0.78924865,-0.063963115
280,0,5,4,last,0.85321176,0.8828684,0.029656649
1682,1,5,0,first,0.92174566,0.9364957,0.014750063
1682,1,5,1,middle,0.92174566,0.9317489,0.010003269
1682,1,5,2,middle,0.92174566,0.92922515,0.007479489
1682,1,5,3,middle,0.92174566,0.9103533,-0.011392355
1682,1,5,4,last,0.92174566,0.7422932,-0.17945248
171,1,4,0,first,0.9101382,0.87995875,-0.030179441
171,1,4,1,middle,0.9101382,0.64779174,-0.26234645
171,1,4,2,middle,0.9101382,0.8975586,-0.01257956
171,1,4,3,last,0.9101382,0.9300848,0.019946635
48667,1,5,0,first,0.8382307,0.77602345,-0.06220728
48667,1,5,1,middle,0.8382307,0.69757986,-0.14065087
48667,1,5,2,middle,0.8382307,0.86637926,0.028148532
48667,1,5,3,middle,0.8382307,0.8417792,0.0035484433
48667,1,5,4,last,0.8382307,0.7520396,-0.08619112
25444,0,5,0,first,0.37479386,0.2750753,-0.09971857
25444,0,5,1,middle,0.37479386,0.32732692,-0.047466934
25444,0,5,2,middle,0.37479386,0.394748,0.019954145
25444,0,5,3,middle,0.37479386,0.111520514,-0.26327336
25444,0,5,4,last,0.37479386,0.54767954,0.17288569
618,0,5,0,first,0.8586998,0.8377354,-0.020964384
618,0,5,1,middle,0.8586998,0.78757274,-0.07112706
618,0,5,2,middle,0.8586998,0.86455166,0.005851865
618,0,5,3,middle,0.8586998,0.812577,-0.04612279
618,0,5,4,last,0.8586998,0.8110975,-0.047602296
257,1,5,0,first,0.9227691,0.9091426,-0.013626516
257,1,5,1,middle,0.9227691,0.82795423,-0.0948149
257,1,5,2,middle,0.9227691,0.9137018,-0.009067357
257,1,5,3,middle,0.9227691,0.8597644,-0.06300473
257,1,5,4,last,0.9227691,0.88846534,-0.034303784
7774,1,5,0,first,0.9482268,0.9470074,-0.0012193918
7774,1,5,1,middle,0.9482268,0.94807667,-0.0001501441
7774,1,5,2,middle,0.9482268,0.94039696,-0.007829845
7774,1,5,3,middle,0.9482268,0.94363505,-0.004591763
7774,1,5,4,last,0.9482268,0.9426854,-0.005541384
1798,0,5,0,first,0.21057336,0.46607625,0.25550288
1798,0,5,1,middle,0.21057336,0.080074325,-0.13049904
1798,0,5,2,middle,0.21057336,0.11715124,-0.09342212
1798,0,5,3,middle,0.21057336,0.27532363,0.06475027
1798,0,5,4,last,0.21057336,0.3276354,0.11706205
576,1,5,0,first,0.83651346,0.80613023,-0.03038323
576,1,5,1,middle,0.83651346,0.8031261,-0.033387363
576,1,5,2,middle,0.83651346,0.8197511,-0.016762376
576,1,5,3,middle,0.83651346,0.78508526,-0.0514282
576,1,5,4,last,0.83651346,0.5552632,-0.28125024
11173,0,5,0,first,0.8884346,0.13653538,-0.75189924
11173,0,5,1,middle,0.8884346,0.884801,-0.0036336184
11173,0,5,2,middle,0.8884346,0.8893095,0.0008749366
11173,0,5,3,middle,0.8884346,0.87838054,-0.010054052
11173,0,5,4,last,0.8884346,0.89787614,0.009441555
52355,1,4,0,first,0.860593,0.7396501,-0.12094295
52355,1,4,1,middle,0.860593,0.8704901,0.009897053
52355,1,4,2,middle,0.860593,0.86061794,2.4914742e-05
52355,1,4,3,last,0.860593,0.8762872,0.015694201
1460,0,4,0,first,0.62420195,0.5330396,-0.091162324
1460,0,4,1,middle,0.62420195,0.67606586,0.05186391
1460,0,4,2,middle,0.62420195,0.31171823,-0.31248373
1460,0,4,3,last,0.62420195,0.6427024,0.018500447
2018,0,5,0,first,0.14167255,0.20456216,0.062889606
2018,0,5,1,middle,0.14167255,0.06666475,-0.075007804
2018,0,5,2,middle,0.14167255,0.1328281,-0.00884445
2018,0,5,3,middle,0.14167255,0.04761128,-0.09406127
2018,0,5,4,last,0.14167255,0.32640922,0.18473667
1783,1,5,0,first,0.26244366,0.23899998,-0.023443684
1783,1,5,1,middle,0.26244366,0.15893748,-0.10350618
1783,1,5,2,middle,0.26244366,0.42186904,0.15942538
1783,1,5,3,middle,0.26244366,0.12926699,-0.13317667
1783,1,5,4,last,0.26244366,0.07561648,-0.18682718
275,1,5,0,first,0.9320187,0.8120338,-0.119984925
275,1,5,1,middle,0.9320187,0.91108733,-0.020931363
275,1,5,2,middle,0.9320187,0.93059564,-0.0014230609
275,1,5,3,middle,0.9320187,0.9276066,-0.0044121146
275,1,5,4,last,0.9320187,0.93139094,-0.0006277561
40519,1,5,0,first,0.6344335,0.80570525,0.17127174
40519,1,5,1,middle,0.6344335,0.24409203,-0.39034146
40519,1,5,2,middle,0.6344335,0.6674596,0.0330261
40519,1,5,3,middle,0.6344335,0.5535794,-0.08085412
40519,1,5,4,last,0.6344335,0.55621475,-0.07821876
28894,1,5,0,first,0.8170538,0.71974057,-0.097313225
28894,1,5,1,middle,0.8170538,0.8092717,-0.0077821016
28894,1,5,2,middle,0.8170538,0.7244461,-0.09260768
28894,1,5,3,middle,0.8170538,0.52166855,-0.29538524
28894,1,5,4,last,0.8170538,0.82244414,0.005390346
51808,0,5,0,first,0.03727232,0.03380245,-0.0034698695
51808,0,5,1,middle,0.03727232,0.039386872,0.002114553
51808,0,5,2,middle,0.03727232,0.037908606,0.00063628703
51808,0,5,3,middle,0.03727232,0.033957344,-0.0033149756
51808,0,5,4,last,0.03727232,0.034720663,-0.0025516562
1678,1,5,0,first,0.93402255,0.92255366,-0.011468887
1678,1,5,1,middle,0.93402255,0.93504745,0.0010249019
1678,1,5,2,middle,0.93402255,0.9312133,-0.0028092265
1678,1,5,3,middle,0.93402255,0.9211507,-0.012871861
1678,1,5,4,last,0.93402255,0.93425643,0.00023388863
861,0,5,0,first,0.07954124,0.07138756,-0.008153684
861,0,5,1,middle,0.07954124,0.101720035,0.022178791
861,0,5,2,middle,0.07954124,0.052182015,-0.027359229
861,0,5,3,middle,0.07954124,0.08622616,0.006684914
861,0,5,4,last,0.07954124,0.1036612,0.024119958
621,0,5,0,first,0.63682723,0.62810117,-0.00872606
621,0,5,1,middle,0.63682723,0.46528107,-0.17154616
621,0,5,2,middle,0.63682723,0.39022645,-0.24660078
621,0,5,3,middle,0.63682723,0.60482794,-0.03199929
621,0,5,4,last,0.63682723,0.7213428,0.08451557
1423,1,5,0,first,0.90059865,0.62645084,-0.2741478
1423,1,5,1,middle,0.90059865,0.845204,-0.05539465
1423,1,5,2,middle,0.90059865,0.8919888,-0.008609831
1423,1,5,3,middle,0.90059865,0.90281546,0.002216816
1423,1,5,4,last,0.90059865,0.91403896,0.013440311
53054,1,5,0,first,0.94912654,0.9423705,-0.0067560673
53054,1,5,1,middle,0.94912654,0.94591695,-0.003209591
53054,1,5,2,middle,0.94912654,0.9436822,-0.005444348
53054,1,5,3,middle,0.94912654,0.94799083,-0.0011357069
53054,1,5,4,last,0.94912654,0.94773024,-0.0013962984
794,0,5,0,first,0.46964833,0.08138848,-0.38825986
794,0,5,1,middle,0.46964833,0.32545593,-0.1441924
794,0,5,2,middle,0.46964833,0.62200326,0.15235493
794,0,5,3,middle,0.46964833,0.39119843,-0.078449905
794,0,5,4,last,0.46964833,0.52624846,0.056600124
177,0,5,0,first,0.06761964,0.075032465,0.0074128285
177,0,5,1,middle,0.06761964,0.07826273,0.010643095
177,0,5,2,middle,0.06761964,0.08448611,0.016866475
177,0,5,3,middle,0.06761964,0.063027695,-0.004591942
177,0,5,4,last,0.06761964,0.07231349,0.004693851
1589,0,4,0,first,0.03252506,0.036267277,0.003742218
1589,0,4,1,middle,0.03252506,0.034470826,0.0019457676
1589,0,4,2,middle,0.03252506,0.03540917,0.0028841123
1589,0,4,3,last,0.03252506,0.03419256,0.0016674995
35555,1,5,0,first,0.88558704,0.8966058,0.011018753
35555,1,5,1,middle,0.88558704,0.84354585,-0.042041183
35555,1,5,2,middle,0.88558704,0.8372277,-0.048359334
35555,1,5,3,middle,0.88558704,0.7482362,-0.13735086
35555,1,5,4,last,0.88558704,0.92612255,0.04053551
28697,1,5,0,first,0.9235841,0.9134708,-0.010113299
28697,1,5,1,middle,0.9235841,0.9142406,-0.009343505
28697,1,5,2,middle,0.9235841,0.9004399,-0.023144186
28697,1,5,3,middle,0.9235841,0.9068062,-0.016777933
28697,1,5,4,last,0.9235841,0.8738465,-0.049737632
1169,0,4,0,first,0.23557824,0.6150762,0.37949795
1169,0,4,1,middle,0.23557824,0.13871743,-0.09686081
1169,0,4,2,middle,0.23557824,0.03638902,-0.19918922
1169,0,4,3,last,0.23557824,0.8105818,0.57500356
1050,1,5,0,first,0.9376106,0.9325101,-0.0051005483
1050,1,5,1,middle,0.9376106,0.93247867,-0.00513196
1050,1,5,2,middle,0.9376106,0.9380909,0.00048029423
1050,1,5,3,middle,0.9376106,0.93653744,-0.0010731816
1050,1,5,4,last,0.9376106,0.930311,-0.007299602
935,1,5,0,first,0.8786042,0.60430074,-0.27430344
935,1,5,1,middle,0.8786042,0.91562986,0.03702569
935,1,5,2,middle,0.8786042,0.79913193,-0.079472244
935,1,5,3,middle,0.8786042,0.8489817,-0.029622495
935,1,5,4,last,0.8786042,0.886901,0.008296847
47718,0,5,0,first,0.21082383,0.15364428,-0.057179555
47718,0,5,1,middle,0.21082383,0.1692436,-0.04158023
47718,0,5,2,middle,0.21082383,0.22517632,0.014352486
47718,0,5,3,middle,0.21082383,0.12732378,-0.08350006
47718,0,5,4,last,0.21082383,0.24039209,0.029568255
1613,0,4,0,first,0.7546977,0.67682004,-0.07787764
1613,0,4,1,middle,0.7546977,0.62303823,-0.13165945
1613,0,4,2,middle,0.7546977,0.73716396,-0.01753372
1613,0,4,3,last,0.7546977,0.74151695,-0.013180733
40475,0,5,0,first,0.084288806,0.102810435,0.01852163
40475,0,5,1,middle,0.084288806,0.07613016,-0.0081586465
40475,0,5,2,middle,0.084288806,0.08437989,9.108335e-05
40475,0,5,3,middle,0.084288806,0.07388651,-0.010402292
40475,0,5,4,last,0.084288806,0.05988792,-0.024400886
79,1,5,0,first,0.92320764,0.9395013,0.016293645
79,1,5,1,middle,0.92320764,0.9029445,-0.020263135
79,1,5,2,middle,0.92320764,0.92231095,-0.0008966923
79,1,5,3,middle,0.92320764,0.89676845,-0.02643919
79,1,5,4,last,0.92320764,0.9043927,-0.018814921
677,0,5,0,first,0.8592347,0.60621405,-0.25302064
677,0,5,1,middle,0.8592347,0.77912045,-0.080114245
677,0,5,2,middle,0.8592347,0.84426033,-0.014974356
677,0,5,3,middle,0.8592347,0.8343052,-0.024929464
677,0,5,4,last,0.8592347,0.8858399,0.026605189
23399,1,5,0,first,0.6955317,0.7089955,0.013463795
23399,1,5,1,middle,0.6955317,0.66171736,-0.03381437
23399,1,5,2,middle,0.6955317,0.6146068,-0.08092493
23399,1,5,3,middle,0.6955317,0.26207075,-0.43346098
23399,1,5,4,last,0.6955317,0.61929935,-0.07623237
1256,0,5,0,first,0.3316494,0.20997368,-0.121675715
1256,0,5,1,middle,0.3316494,0.3660106,0.034361213
1256,0,5,2,middle,0.3316494,0.5828738,0.25122443
1256,0,5,3,middle,0.3316494,0.18487936,-0.14677003
1256,0,5,4,last,0.3316494,0.21555847,-0.11609092
1741,1,5,0,first,0.9313382,0.9126313,-0.018706918
1741,1,5,1,middle,0.9313382,0.90220594,-0.029132247
1741,1,5,2,middle,0.9313382,0.92472625,-0.0066119432
1741,1,5,3,middle,0.9313382,0.9174967,-0.01384151
1741,1,5,4,last,0.9313382,0.9257018,-0.005636394
1881,1,5,0,first,0.5993489,0.6230997,0.023750782
1881,1,5,1,middle,0.5993489,0.62605727,0.026708364
1881,1,5,2,middle,0.5993489,0.40228826,-0.19706064
1881,1,5,3,middle,0.5993489,0.5951688,-0.0041800737
1881,1,5,4,last,0.5993489,0.5554995,-0.04384941
43101,1,5,0,first,0.87968534,0.84448344,-0.035201907
43101,1,5,1,middle,0.87968534,0.7122644,-0.16742092
43101,1,5,2,middle,0.87968534,0.84528404,-0.034401298
43101,1,5,3,middle,0.87968534,0.85564184,-0.0240435
43101,1,5,4,last,0.87968534,0.9151498,0.035464466
10230,1,5,0,first,0.8634328,0.40710413,-0.4563287
10230,1,5,1,middle,0.8634328,0.7222972,-0.14113563
10230,1,5,2,middle,0.8634328,0.809819,-0.05361384
10230,1,5,3,middle,0.8634328,0.9170402,0.053607404
10230,1,5,4,last,0.8634328,0.88055575,0.017122924
22547,1,5,0,first,0.9564899,0.9575968,0.0011068583
22547,1,5,1,middle,0.9564899,0.953889,-0.0026009083
22547,1,5,2,middle,0.9564899,0.9533374,-0.0031525493
22547,1,5,3,middle,0.9564899,0.95634437,-0.00014555454
22547,1,5,4,last,0.9564899,0.95510554,-0.0013843775
7174,1,5,0,first,0.95901734,0.9577436,-0.0012737513
7174,1,5,1,middle,0.95901734,0.9584953,-0.0005220175
7174,1,5,2,middle,0.95901734,0.95069265,-0.008324683
7174,1,5,3,middle,0.95901734,0.95921373,0.0001963973
7174,1,5,4,last,0.95901734,0.9581931,-0.000824213
460,1,5,0,first,0.9286899,0.9338085,0.0051186085
460,1,5,1,middle,0.9286899,0.9339826,0.0052927136
460,1,5,2,middle,0.9286899,0.6567294,-0.2719605
460,1,5,3,middle,0.9286899,0.93515086,0.0064609647
460,1,5,4,last,0.9286899,0.9233014,-0.0053884983
52124,1,5,0,first,0.9568863,0.9554106,-0.0014756918
52124,1,5,1,middle,0.9568863,0.956276,-0.00061029196
52124,1,5,2,middle,0.9568863,0.95735186,0.00046557188
52124,1,5,3,middle,0.9568863,0.9516965,-0.0051897764
52124,1,5,4,last,0.9568863,0.95253336,-0.004352927
54772,0,5,0,first,0.03795067,0.06765594,0.029705275
54772,0,5,1,middle,0.03795067,0.036643878,-0.0013067909
54772,0,5,2,middle,0.03795067,0.03891357,0.00096290186
54772,0,5,3,middle,0.03795067,0.03553472,-0.0024159476
54772,0,5,4,last,0.03795067,0.050325114,0.012374446
477,1,5,0,first,0.6027706,0.41089988,-0.19187075
477,1,5,1,middle,0.6027706,0.60228515,-0.00048547983
477,1,5,2,middle,0.6027706,0.5807586,-0.022012055
477,1,5,3,middle,0.6027706,0.50515354,-0.09761709
477,1,5,4,last,0.6027706,0.24941921,-0.3533514
25463,1,5,0,first,0.8516785,0.8846313,0.032952785
25463,1,5,1,middle,0.8516785,0.47361314,-0.37806535
25463,1,5,2,middle,0.8516785,0.63558054,-0.21609795
25463,1,5,3,middle,0.8516785,0.88829,0.036611497
25463,1,5,4,last,0.8516785,0.8808178,0.02913928
1597,1,5,0,first,0.89387685,0.87289,-0.020986855
1597,1,5,1,middle,0.89387685,0.88263965,-0.011237204
1597,1,5,2,middle,0.89387685,0.88961977,-0.004257083
1597,1,5,3,middle,0.89387685,0.8919542,-0.001922667
1597,1,5,4,last,0.89387685,0.86756676,-0.026310086
33365,1,5,0,first,0.9451058,0.9412069,-0.0038989186
33365,1,5,1,middle,0.9451058,0.93311834,-0.011987448
33365,1,5,2,middle,0.9451058,0.946345,0.0012391806
33365,1,5,3,middle,0.9451058,0.9130219,-0.03208387
33365,1,5,4,last,0.9451058,0.9469279,0.001822114
37984,0,4,0,first,0.09488717,0.10117692,0.0062897503
37984,0,4,1,middle,0.09488717,0.117116526,0.022229359
37984,0,4,2,middle,0.09488717,0.088907756,-0.0059794113
37984,0,4,3,last,0.09488717,0.08399235,-0.01089482
29592,0,2,0,first,0.029792117,0.03167317,0.0018810537
29592,0,2,1,last,0.029792117,0.069459096,0.03966698
40261,0,5,0,first,0.78639776,0.7131146,-0.073283136
40261,0,5,1,middle,0.78639776,0.68517876,-0.101219
40261,0,5,2,middle,0.78639776,0.71571064,-0.070687115
40261,0,5,3,middle,0.78639776,0.34928414,-0.4371136
40261,0,5,4,last,0.78639776,0.76722074,-0.01917702
22828,1,5,0,first,0.9469516,0.94726133,0.00030970573
22828,1,5,1,middle,0.9469516,0.9272588,-0.019692838
22828,1,5,2,middle,0.9469516,0.9440904,-0.0028612018
22828,1,5,3,middle,0.9469516,0.94372505,-0.0032265782
22828,1,5,4,last,0.9469516,0.9462083,-0.0007433295
1459,0,5,0,first,0.6301857,0.7248339,0.09464818
1459,0,5,1,middle,0.6301857,0.7447233,0.1145376
1459,0,5,2,middle,0.6301857,0.8186342,0.18844849
1459,0,5,3,middle,0.6301857,0.24930081,-0.38088492
1459,0,5,4,last,0.6301857,0.62479454,-0.0053911805
644,1,5,0,first,0.8024699,0.8517924,0.049322486
644,1,5,1,middle,0.8024699,0.7149629,-0.08750701
644,1,5,2,middle,0.8024699,0.75359684,-0.048873067
644,1,5,3,middle,0.8024699,0.68748426,-0.114985645
644,1,5,4,last,0.8024699,0.5449961,-0.25747383
1366,0,5,0,first,0.62010664,0.6987639,0.07865727
1366,0,5,1,middle,0.62010664,0.62462157,0.0045149326
1366,0,5,2,middle,0.62010664,0.35389024,-0.2662164
1366,0,5,3,middle,0.62010664,0.6598523,0.03974569
1366,0,5,4,last,0.62010664,0.5730691,-0.047037542
1854,1,5,0,first,0.16416435,0.16353361,-0.00063073635
1854,1,5,1,middle,0.16416435,0.14765836,-0.016505986
1854,1,5,2,middle,0.16416435,0.20295794,0.038793594
1854,1,5,3,middle,0.16416435,0.13221976,-0.031944588
1854,1,5,4,last,0.16416435,0.20544828,0.041283935
42114,1,5,0,first,0.9334447,0.76891315,-0.16453153
42114,1,5,1,middle,0.9334447,0.9268198,-0.0066248775
42114,1,5,2,middle,0.9334447,0.89005685,-0.04338783
42114,1,5,3,middle,0.9334447,0.93827057,0.00482589
42114,1,5,4,last,0.9334447,0.9341151,0.00067043304
1382,0,5,0,first,0.2360071,0.25798544,0.021978348
1382,0,5,1,middle,0.2360071,0.23045745,-0.0055496395
1382,0,5,2,middle,0.2360071,0.12388351,-0.112123586
1382,0,5,3,middle,0.2360071,0.2860543,0.05004722
1382,0,5,4,last,0.2360071,0.1719292,-0.0640779
36299,1,5,0,first,0.9540841,0.9547442,0.00066012144
36299,1,5,1,middle,0.9540841,0.95093334,-0.0031507611
36299,1,5,2,middle,0.9540841,0.9552909,0.0012068152
36299,1,5,3,middle,0.9540841,0.9491998,-0.0048843026
36299,1,5,4,last,0.9540841,0.95320755,-0.0008765459
53136,1,5,0,first,0.9443787,0.94293815,-0.001440525
53136,1,5,1,middle,0.9443787,0.9374915,-0.0068871975
53136,1,5,2,middle,0.9443787,0.93814117,-0.006237507
53136,1,5,3,middle,0.9443787,0.94805527,0.0036765933
53136,1,5,4,last,0.9443787,0.9342626,-0.0101161
15337,1,5,0,first,0.9494621,0.94353646,-0.0059256554
15337,1,5,1,middle,0.9494621,0.950686,0.0012238622
15337,1,5,2,middle,0.9494621,0.9295266,-0.019935489
15337,1,5,3,middle,0.9494621,0.94802856,-0.0014335513
15337,1,5,4,last,0.9494621,0.9512942,0.001832068
2966,0,3,0,first,0.03510759,0.050227568,0.015119977
2966,0,3,1,middle,0.03510759,0.04350315,0.00839556
2966,0,3,2,last,0.03510759,0.036486626,0.0013790354
38809,0,5,0,first,0.07072395,0.08465209,0.013928138
38809,0,5,1,middle,0.07072395,0.074739896,0.004015945
38809,0,5,2,middle,0.07072395,0.18602191,0.11529796
38809,0,5,3,middle,0.07072395,0.0509569,-0.01976705
38809,0,5,4,last,0.07072395,0.044394117,-0.026329834
1132,1,5,0,first,0.65926737,0.6713755,0.012108147
1132,1,5,1,middle,0.65926737,0.67749053,0.018223166
1132,1,5,2,middle,0.65926737,0.4815799,-0.17768747
1132,1,5,3,middle,0.65926737,0.6487126,-0.0105547905
1132,1,5,4,last,0.65926737,0.4693617,-0.18990567
2317,1,5,0,first,0.88391465,0.76555747,-0.11835718
2317,1,5,1,middle,0.88391465,0.8956787,0.0117640495
2317,1,5,2,middle,0.88391465,0.8952876,0.011372924
2317,1,5,3,middle,0.88391465,0.8873792,0.0034645796
2317,1,5,4,last,0.88391465,0.68039536,-0.20351928
983,1,5,0,first,0.91404665,0.89562,-0.018426657
983,1,5,1,middle,0.91404665,0.9095848,-0.004461825
983,1,5,2,middle,0.91404665,0.8886726,-0.025374055
983,1,5,3,middle,0.91404665,0.9076884,-0.006358266
983,1,5,4,last,0.91404665,0.9116462,-0.0024004579
915,0,5,0,first,0.055539813,0.046430025,-0.009109788
915,0,5,1,middle,0.055539813,0.08887632,0.03333651
915,0,5,2,middle,0.055539813,0.054330766,-0.0012090467
915,0,5,3,middle,0.055539813,0.047390006,-0.008149806
915,0,5,4,last,0.055539813,0.061392035,0.0058522224
19811,1,5,0,first,0.64302415,0.20415051,-0.43887365
19811,1,5,1,middle,0.64302415,0.31410867,-0.32891548
19811,1,5,2,middle,0.64302415,0.7409631,0.097938955
19811,1,5,3,middle,0.64302415,0.41245767,-0.23056647
19811,1,5,4,last,0.64302415,0.85784763,0.21482348
529,1,5,0,first,0.9227817,0.92186284,-0.0009188652
529,1,5,1,middle,0.9227817,0.8952754,-0.027506292
529,1,5,2,middle,0.9227817,0.832748,-0.09003371
529,1,5,3,middle,0.9227817,0.9175816,-0.005200088
529,1,5,4,last,0.9227817,0.9192698,-0.0035119057
1300,0,5,0,first,0.32578275,0.55174226,0.22595951
1300,0,5,1,middle,0.32578275,0.11859339,-0.20718935
1300,0,5,2,middle,0.32578275,0.3489617,0.023178965
1300,0,5,3,middle,0.32578275,0.28657502,-0.039207727
1300,0,5,4,last,0.32578275,0.5406759,0.21489313
30201,0,4,0,first,0.78944737,0.66093946,-0.12850791
30201,0,4,1,middle,0.78944737,0.80353683,0.014089465
30201,0,4,2,middle,0.78944737,0.69474936,-0.09469801
30201,0,4,3,last,0.78944737,0.51682955,-0.27261782
43373,0,4,0,first,0.4845583,0.30914485,-0.17541346
43373,0,4,1,middle,0.4845583,0.13441657,-0.35014176
43373,0,4,2,middle,0.4845583,0.54042536,0.055867046
43373,0,4,3,last,0.4845583,0.6919622,0.20740387
121,1,5,0,first,0.27794087,0.37992454,0.10198367
121,1,5,1,middle,0.27794087,0.20887285,-0.069068015
121,1,5,2,middle,0.27794087,0.13348831,-0.14445256
121,1,5,3,middle,0.27794087,0.20295396,-0.074986905
121,1,5,4,last,0.27794087,0.29013655,0.012195677
1644,0,5,0,first,0.036165982,0.035781693,-0.00038428977
1644,0,5,1,middle,0.036165982,0.044389546,0.008223563
1644,0,5,2,middle,0.036165982,0.041749083,0.0055831
1644,0,5,3,middle,0.036165982,0.033096246,-0.003069736
1644,0,5,4,last,0.036165982,0.038606063,0.00244008
119,0,5,0,first,0.89424324,0.3140581,-0.5801852
119,0,5,1,middle,0.89424324,0.9082377,0.013994455
119,0,5,2,middle,0.89424324,0.85671455,-0.037528694
119,0,5,3,middle,0.89424324,0.8845722,-0.009671032
119,0,5,4,last,0.89424324,0.9189281,0.024684846
467,0,5,0,first,0.58852994,0.5964498,0.007919848
467,0,5,1,middle,0.58852994,0.12647063,-0.46205932
467,0,5,2,middle,0.58852994,0.21696934,-0.3715606
467,0,5,3,middle,0.58852994,0.70386946,0.11533952
467,0,5,4,last,0.58852994,0.6693391,0.080809176
21072,0,5,0,first,0.6476888,0.5541105,-0.09357828
21072,0,5,1,middle,0.6476888,0.6744482,0.026759386
21072,0,5,2,middle,0.6476888,0.45503512,-0.19265369
21072,0,5,3,middle,0.6476888,0.4023905,-0.2452983
21072,0,5,4,last,0.6476888,0.6639139,0.0162251
18787,1,5,0,first,0.049095493,0.049641978,0.0005464852
18787,1,5,1,middle,0.049095493,0.039371356,-0.009724136
18787,1,5,2,middle,0.049095493,0.050234172,0.0011386797
18787,1,5,3,middle,0.049095493,0.07569975,0.026604254
18787,1,5,4,last,0.049095493,0.06729236,0.01819687
1569,1,5,0,first,0.040980853,0.037213758,-0.0037670955
1569,1,5,1,middle,0.040980853,0.04338481,0.002403956
1569,1,5,2,middle,0.040980853,0.04310245,0.0021215975
1569,1,5,3,middle,0.040980853,0.047553804,0.0065729506
1569,1,5,4,last,0.040980853,0.04813157,0.007150717
2270,1,5,0,first,0.055112746,0.05970118,0.0045884326
2270,1,5,1,middle,0.055112746,0.051382598,-0.003730148
2270,1,5,2,middle,0.055112746,0.08915686,0.034044113
2270,1,5,3,middle,0.055112746,0.057967592,0.0028548464
2270,1,5,4,last,0.055112746,0.043662082,-0.011450663
40735,0,5,0,first,0.06751879,0.06225363,-0.0052651614
40735,0,5,1,middle,0.06751879,0.069267154,0.0017483607
40735,0,5,2,middle,0.06751879,0.068186216,0.000667423
40735,0,5,3,middle,0.06751879,0.056329876,-0.011188917
40735,0,5,4,last,0.06751879,0.116684265,0.049165472
12428,1,5,0,first,0.92145437,0.89716697,-0.024287403
12428,1,5,1,middle,0.92145437,0.91344625,-0.008008122
12428,1,5,2,middle,0.92145437,0.87011516,-0.05133921
12428,1,5,3,middle,0.92145437,0.7599883,-0.16146606
12428,1,5,4,last,0.92145437,0.93976957,0.018315196
233,0,5,0,first,0.60280704,0.7522903,0.14948326
233,0,5,1,middle,0.60280704,0.47577447,-0.12703258
233,0,5,2,middle,0.60280704,0.29668275,-0.3061243
233,0,5,3,middle,0.60280704,0.79183894,0.1890319
233,0,5,4,last,0.60280704,0.39231375,-0.2104933
875,1,4,0,first,0.94345665,0.9338898,-0.0095668435
875,1,4,1,middle,0.94345665,0.9037227,-0.039733946
875,1,4,2,middle,0.94345665,0.94161355,-0.0018430948
875,1,4,3,last,0.94345665,0.93986964,-0.0035870075
1654,1,5,0,first,0.48502922,0.075637914,-0.4093913
1654,1,5,1,middle,0.48502922,0.5076021,0.022572875
1654,1,5,2,middle,0.48502922,0.6633891,0.17835987
1654,1,5,3,middle,0.48502922,0.17298205,-0.31204718
1654,1,5,4,last,0.48502922,0.48927486,0.004245639
661,1,5,0,first,0.10697786,0.1776137,0.07063585
661,1,5,1,middle,0.10697786,0.09105828,-0.015919581
661,1,5,2,middle,0.10697786,0.06252764,-0.044450216
661,1,5,3,middle,0.10697786,0.055764485,-0.051213372
661,1,5,4,last,0.10697786,0.05144364,-0.055534218
51034,1,5,0,first,0.9533298,0.9487799,-0.0045499206
51034,1,5,1,middle,0.9533298,0.95141315,-0.001916647
51034,1,5,2,middle,0.9533298,0.93767136,-0.015658438
51034,1,5,3,middle,0.9533298,0.95448947,0.001159668
51034,1,5,4,last,0.9533298,0.9520878,-0.001241982
26193,1,5,0,first,0.5600412,0.5380745,-0.021966696
26193,1,5,1,middle,0.5600412,0.60202014,0.041978955
26193,1,5,2,middle,0.5600412,0.4789115,-0.0811297
26193,1,5,3,middle,0.5600412,0.28080857,-0.27923262
26193,1,5,4,last,0.5600412,0.6045704,0.0445292
12446,0,5,0,first,0.28541347,0.21104795,-0.07436553
12446,0,5,1,middle,0.28541347,0.2624562,-0.022957265
12446,0,5,2,middle,0.28541347,0.52625805,0.24084458
12446,0,5,3,middle,0.28541347,0.3291776,0.043764114
12446,0,5,4,last,0.28541347,0.22236262,-0.06305085
12083,0,4,0,first,0.0913705,0.08498143,-0.006389074
12083,0,4,1,middle,0.0913705,0.13530174,0.04393124
12083,0,4,2,middle,0.0913705,0.09972346,0.008352958
12083,0,4,3,last,0.0913705,0.07814925,-0.013221249
413,1,5,0,first,0.9350738,0.9324625,-0.0026112795
413,1,5,1,middle,0.9350738,0.937298,0.002224207
413,1,5,2,middle,0.9350738,0.9234736,-0.011600196
413,1,5,3,middle,0.9350738,0.86109143,-0.07398236
413,1,5,4,last,0.9350738,0.94268966,0.0076158643
241,0,5,0,first,0.77139425,0.64719105,-0.124203205
241,0,5,1,middle,0.77139425,0.8119557,0.040561438
241,0,5,2,middle,0.77139425,0.8233011,0.051906824
241,0,5,3,middle,0.77139425,0.046965636,-0.7244286
241,0,5,4,last,0.77139425,0.7811496,0.009755373
1329,1,5,0,first,0.9275798,0.89213055,-0.035449266
1329,1,5,1,middle,0.9275798,0.92002696,-0.007552862
1329,1,5,2,middle,0.9275798,0.9185409,-0.009038925
1329,1,5,3,middle,0.9275798,0.91730654,-0.010273278
1329,1,5,4,last,0.9275798,0.9198415,-0.007738292
1029,0,5,0,first,0.76978356,0.8290501,0.059266567
1029,0,5,1,middle,0.76978356,0.62161237,-0.14817119
1029,0,5,2,middle,0.76978356,0.5983513,-0.17143226
1029,0,5,3,middle,0.76978356,0.054491572,-0.715292
1029,0,5,4,last,0.76978356,0.864646,0.09486246
1263,1,5,0,first,0.9238255,0.85801065,-0.06581485
1263,1,5,1,middle,0.9238255,0.9135871,-0.010238409
1263,1,5,2,middle,0.9238255,0.9264775,0.0026519895
1263,1,5,3,middle,0.9238255,0.9157527,-0.0080727935
1263,1,5,4,last,0.9238255,0.9207281,-0.003097415
10612,1,5,0,first,0.7757279,0.56637174,-0.20935619
10612,1,5,1,middle,0.7757279,0.761187,-0.014540911
10612,1,5,2,middle,0.7757279,0.82307804,0.04735011
10612,1,5,3,middle,0.7757279,0.27674168,-0.49898624
10612,1,5,4,last,0.7757279,0.7746037,-0.0011242032
1115,1,5,0,first,0.9508275,0.9220723,-0.028755188
1115,1,5,1,middle,0.9508275,0.9512328,0.00040531158
1115,1,5,2,middle,0.9508275,0.9486804,-0.0021470785
1115,1,5,3,middle,0.9508275,0.9461634,-0.0046640635
1115,1,5,4,last,0.9508275,0.946412,-0.0044154525
1094,1,5,0,first,0.9160376,0.9242182,0.008180559
1094,1,5,1,middle,0.9160376,0.93492573,0.018888116
1094,1,5,2,middle,0.9160376,0.8776872,-0.038350403
1094,1,5,3,middle,0.9160376,0.9250834,0.00904578
1094,1,5,4,last,0.9160376,0.87333333,-0.042704284
701,0,3,0,first,0.6330467,0.6895436,0.05649692
701,0,3,1,middle,0.6330467,0.36855388,-0.2644928
701,0,3,2,last,0.6330467,0.37963223,-0.25341445
1318,1,5,0,first,0.2895158,0.43573862,0.14622283
1318,1,5,1,middle,0.2895158,0.46256372,0.17304793
1318,1,5,2,middle,0.2895158,0.3380513,0.048535496
1318,1,5,3,middle,0.2895158,0.07696891,-0.21254689
1318,1,5,4,last,0.2895158,0.23404351,-0.055472285
684,1,5,0,first,0.95067143,0.90712404,-0.043547392
684,1,5,1,middle,0.95067143,0.9500822,-0.0005892515
684,1,5,2,middle,0.95067143,0.9521394,0.0014679432
684,1,5,3,middle,0.95067143,0.9485015,-0.002169907
684,1,5,4,last,0.95067143,0.9445189,-0.0061525106
25271,0,5,0,first,0.8623008,0.76718485,-0.09511596
25271,0,5,1,middle,0.8623008,0.8928616,0.030560791
25271,0,5,2,middle,0.8623008,0.75903463,-0.10326618
25271,0,5,3,middle,0.8623008,0.81296927,-0.049331546
25271,0,5,4,last,0.8623008,0.8622759,-2.4914742e-05
45580,0,5,0,first,0.06278597,0.30488744,0.24210148
45580,0,5,1,middle,0.06278597,0.053543646,-0.009242322
45580,0,5,2,middle,0.06278597,0.06443178,0.0016458109
45580,0,5,3,middle,0.06278597,0.056326866,-0.006459102
45580,0,5,4,last,0.06278597,0.054599054,-0.008186914
755,0,5,0,first,0.9121985,0.7543507,-0.15784776
755,0,5,1,middle,0.9121985,0.9250725,0.012874007
755,0,5,2,middle,0.9121985,0.784568,-0.12763047
755,0,5,3,middle,0.9121985,0.9172843,0.005085826
755,0,5,4,last,0.9121985,0.8722159,-0.039982557
357,1,5,0,first,0.8698177,0.8049567,-0.064861
357,1,5,1,middle,0.8698177,0.86414933,-0.005668342
357,1,5,2,middle,0.8698177,0.88176197,0.011944294
357,1,5,3,middle,0.8698177,0.7887574,-0.08106029
357,1,5,4,last,0.8698177,0.8713764,0.0015587211
323,1,5,0,first,0.9451878,0.7423167,-0.20287108
323,1,5,1,middle,0.9451878,0.9430683,-0.0021194816
323,1,5,2,middle,0.9451878,0.93566495,-0.009522855
323,1,5,3,middle,0.9451878,0.9465333,0.0013455153
323,1,5,4,last,0.9451878,0.94632274,0.001134932
1012,1,5,0,first,0.9448946,0.94632274,0.0014281273
1012,1,5,1,middle,0.9448946,0.8250724,-0.119822204
1012,1,5,2,middle,0.9448946,0.94230986,-0.0025847554
1012,1,5,3,middle,0.9448946,0.9386065,-0.006288111
1012,1,5,4,last,0.9448946,0.94723904,0.0023444295
16162,0,5,0,first,0.049605384,0.059877474,0.010272089
16162,0,5,1,middle,0.049605384,0.052644037,0.0030386522
16162,0,5,2,middle,0.049605384,0.0626077,0.013002314
16162,0,5,3,middle,0.049605384,0.048290446,-0.0013149381
16162,0,5,4,last,0.049605384,0.05206006,0.0024546757
1404,0,5,0,first,0.16779105,0.2536298,0.08583875
1404,0,5,1,middle,0.16779105,0.58015746,0.4123664
1404,0,5,2,middle,0.16779105,0.15530147,-0.012489587
1404,0,5,3,middle,0.16779105,0.075076975,-0.09271408
1404,0,5,4,last,0.16779105,0.31724927,0.14945821
5671,1,5,0,first,0.8923694,0.9092727,0.016903281
5671,1,5,1,middle,0.8923694,0.8242102,-0.06815916
5671,1,5,2,middle,0.8923694,0.78830427,-0.10406512
5671,1,5,3,middle,0.8923694,0.8800035,-0.012365878
5671,1,5,4,last,0.8923694,0.87134135,-0.021028042
402,1,5,0,first,0.6080737,0.53828114,-0.06979257
402,1,5,1,middle,0.6080737,0.64315146,0.03507775
402,1,5,2,middle,0.6080737,0.6480369,0.039963186
402,1,5,3,middle,0.6080737,0.25020778,-0.35786593
402,1,5,4,last,0.6080737,0.6102396,0.0021659136
51229,0,5,0,first,0.07043168,0.04839513,-0.022036549
51229,0,5,1,middle,0.07043168,0.06469235,-0.0057393312
51229,0,5,2,middle,0.07043168,0.06167513,-0.008756548
51229,0,5,3,middle,0.07043168,0.072458126,0.0020264462
51229,0,5,4,last,0.07043168,0.07269718,0.002265498
6017,1,5,0,first,0.90348715,0.9042092,0.00072205067
6017,1,5,1,middle,0.90348715,0.90543735,0.0019502044
6017,1,5,2,middle,0.90348715,0.90052235,-0.0029647946
6017,1,5,3,middle,0.90348715,0.8480046,-0.055482566
6017,1,5,4,last,0.90348715,0.91003716,0.006550014
99,1,5,0,first,0.94901896,0.91575223,-0.033266723
99,1,5,1,middle,0.94901896,0.9452235,-0.003795445
99,1,5,2,middle,0.94901896,0.94300145,-0.006017506
99,1,5,3,middle,0.94901896,0.9465066,-0.0025123358
99,1,5,4,last,0.94901896,0.94141793,-0.0076010227
38391,1,5,0,first,0.63263327,0.6653327,0.032699406
38391,1,5,1,middle,0.63263327,0.5504083,-0.082224965
38391,1,5,2,middle,0.63263327,0.6778864,0.045253158
38391,1,5,3,middle,0.63263327,0.51257557,-0.1200577
38391,1,5,4,last,0.63263327,0.6510066,0.01837331
27334,0,5,0,first,0.14609517,0.0603592,-0.08573598
27334,0,5,1,middle,0.14609517,0.04265649,-0.10343868
27334,0,5,2,middle,0.14609517,0.37824228,0.23214711
27334,0,5,3,middle,0.14609517,0.16684182,0.020746648
27334,0,5,4,last,0.14609517,0.22378302,0.077687845
42869,1,5,0,first,0.78892034,0.7855947,-0.0033256412
42869,1,5,1,middle,0.78892034,0.8600278,0.07110745
42869,1,5,2,middle,0.78892034,0.7771077,-0.011812627
42869,1,5,3,middle,0.78892034,0.34659782,-0.44232252
42869,1,5,4,last,0.78892034,0.76739824,-0.021522105
37419,1,5,0,first,0.9492828,0.94792336,-0.0013594627
37419,1,5,1,middle,0.9492828,0.9486418,-0.00064104795
37419,1,5,2,middle,0.9492828,0.94282997,-0.0064528584
37419,1,5,3,middle,0.9492828,0.9430227,-0.006260097
37419,1,5,4,last,0.9492828,0.92712516,-0.022157669
36261,1,5,0,first,0.95599145,0.9559571,-3.4332275e-05
36261,1,5,1,middle,0.95599145,0.9539628,-0.002028644
36261,1,5,2,middle,0.95599145,0.9522932,-0.0036982298
36261,1,5,3,middle,0.95599145,0.95595145,-3.9994717e-05
36261,1,5,4,last,0.95599145,0.9563261,0.00033468008
439,0,5,0,first,0.9238837,0.9483829,0.024499238
439,0,5,1,middle,0.9238837,0.87553287,-0.04835081
439,0,5,2,middle,0.9238837,0.92513186,0.0012481809
439,0,5,3,middle,0.9238837,0.91635513,-0.0075285435
439,0,5,4,last,0.9238837,0.81462425,-0.10925943
1795,0,5,0,first,0.6865711,0.3292031,-0.35736802
1795,0,5,1,middle,0.6865711,0.50062454,-0.18594658
1795,0,5,2,middle,0.6865711,0.354777,-0.3317941
1795,0,5,3,middle,0.6865711,0.77841604,0.09184492
1795,0,5,4,last,0.6865711,0.83099306,0.14442194
620,1,5,0,first,0.92685485,0.9223298,-0.0045250654
620,1,5,1,middle,0.92685485,0.92476285,-0.0020920038
620,1,5,2,middle,0.92685485,0.91392714,-0.012927711
620,1,5,3,middle,0.92685485,0.92393994,-0.0029149055
620,1,5,4,last,0.92685485,0.7340571,-0.19279772
678,0,5,0,first,0.086807944,0.13167043,0.044862486
678,0,5,1,middle,0.086807944,0.052389935,-0.03441801
678,0,5,2,middle,0.086807944,0.0982279,0.011419959
678,0,5,3,middle,0.086807944,0.11081826,0.024010316
678,0,5,4,last,0.086807944,0.10446867,0.01766073
446,1,5,0,first,0.9420749,0.90794843,-0.03412646
446,1,5,1,middle,0.9420749,0.9362251,-0.0058497787
446,1,5,2,middle,0.9420749,0.94140714,-0.00066775084
446,1,5,3,middle,0.9420749,0.94146454,-0.00061035156
446,1,5,4,last,0.9420749,0.9383313,-0.003743589
1147,1,5,0,first,0.95037967,0.9504818,0.00010210276
1147,1,5,1,middle,0.95037967,0.9524517,0.0020720363
1147,1,5,2,middle,0.95037967,0.94832546,-0.0020542145
1147,1,5,3,middle,0.95037967,0.9108227,-0.03955698
1147,1,5,4,last,0.95037967,0.9490447,-0.0013349652
1426,1,5,0,first,0.844531,0.76455,-0.07998103
1426,1,5,1,middle,0.844531,0.848955,0.004423976
1426,1,5,2,middle,0.844531,0.8248616,-0.019669414
1426,1,5,3,middle,0.844531,0.8452146,0.0006836057
1426,1,5,4,last,0.844531,0.67929775,-0.16523325
46932,1,5,0,first,0.94500065,0.94312346,-0.0018771887
46932,1,5,1,middle,0.94500065,0.8820499,-0.06295073
46932,1,5,2,middle,0.94500065,0.94860846,0.0036078095
46932,1,5,3,middle,0.94500065,0.9361566,-0.008844078
46932,1,5,4,last,0.94500065,0.9420453,-0.002955377
11736,0,5,0,first,0.06627439,0.037188713,-0.029085677
11736,0,5,1,middle,0.06627439,0.2513824,0.18510802
11736,0,5,2,middle,0.06627439,0.06702768,0.00075329095
11736,0,5,3,middle,0.06627439,0.076542825,0.010268435
11736,0,5,4,last,0.06627439,0.08725637,0.020981982
1304,1,5,0,first,0.46931452,0.6047712,0.13545668
1304,1,5,1,middle,0.46931452,0.19410911,-0.2752054
1304,1,5,2,middle,0.46931452,0.4980093,0.028694779
1304,1,5,3,middle,0.46931452,0.5563339,0.087019384
1304,1,5,4,last,0.46931452,0.41869935,-0.05061516
95,0,4,0,first,0.8866425,0.9113549,0.024712384
95,0,4,1,middle,0.8866425,0.8649844,-0.021658123
95,0,4,2,middle,0.8866425,0.8867855,0.00014299154
95,0,4,3,last,0.8866425,0.6381426,-0.24849993
193,0,4,0,first,0.41526425,0.5075964,0.092332125
193,0,4,1,middle,0.41526425,0.23921464,-0.1760496
193,0,4,2,middle,0.41526425,0.49038765,0.0751234
193,0,4,3,last,0.41526425,0.11498009,-0.30028415
957,1,5,0,first,0.9517363,0.9394831,-0.012253165
957,1,5,1,middle,0.9517363,0.94863194,-0.003104329
957,1,5,2,middle,0.9517363,0.93573743,-0.01599884
957,1,5,3,middle,0.9517363,0.93323284,-0.018503428
957,1,5,4,last,0.9517363,0.9567326,0.0049962997
1006,1,5,0,first,0.88690937,0.92157876,0.0346694
1006,1,5,1,middle,0.88690937,0.91001743,0.023108065
1006,1,5,2,middle,0.88690937,0.8540715,-0.032837868
1006,1,5,3,middle,0.88690937,0.9121205,0.025211155
1006,1,5,4,last,0.88690937,0.2843898,-0.6025196
52228,0,4,0,first,0.030371854,0.030524904,0.00015304983
52228,0,4,1,middle,0.030371854,0.030364431,-7.422641e-06
52228,0,4,2,middle,0.030371854,0.03900444,0.008632587
52228,0,4,3,last,0.030371854,0.03219904,0.001827186
10510,1,4,0,first,0.9528508,0.9553401,0.0024892688
10510,1,4,1,middle,0.9528508,0.9274623,-0.025388539
10510,1,4,2,middle,0.9528508,0.95130783,-0.0015429854
10510,1,4,3,last,0.9528508,0.9544246,0.001573801
28924,0,5,0,first,0.045196224,0.039959617,-0.005236607
28924,0,5,1,middle,0.045196224,0.048110235,0.0029140115
28924,0,5,2,middle,0.045196224,0.04575823,0.00056200475
28924,0,5,3,middle,0.045196224,0.04608697,0.0008907467
28924,0,5,4,last,0.045196224,0.09239172,0.047195498
29061,0,5,0,first,0.029981459,0.030920686,0.00093922764
29061,0,5,1,middle,0.029981459,0.032328557,0.0023470987
29061,0,5,2,middle,0.029981459,0.031546604,0.0015651453
29061,0,5,3,middle,0.029981459,0.030615008,0.00063354895
29061,0,5,4,last,0.029981459,0.0324633,0.0024818424
41376,1,5,0,first,0.92958796,0.9307114,0.0011234283
41376,1,5,1,middle,0.92958796,0.8948101,-0.03477788
41376,1,5,2,middle,0.92958796,0.9309936,0.0014056563
41376,1,5,3,middle,0.92958796,0.9235319,-0.0060560703
41376,1,5,4,last,0.92958796,0.9143676,-0.015220344
45791,1,5,0,first,0.9273732,0.8900395,-0.037333667
45791,1,5,1,middle,0.9273732,0.9214602,-0.0059129596
45791,1,5,2,middle,0.9273732,0.92383605,-0.0035371184
45791,1,5,3,middle,0.9273732,0.9272133,-0.00015985966
45791,1,5,4,last,0.9273732,0.92091423,-0.006458938
13727,1,4,0,first,0.3585123,0.5404277,0.18191537
13727,1,4,1,middle,0.3585123,0.48432055,0.12580824
13727,1,4,2,middle,0.3585123,0.24128635,-0.11722596
13727,1,4,3,last,0.3585123,0.1445583,-0.21395402
49767,0,5,0,first,0.07988251,0.21906908,0.13918656
49767,0,5,1,middle,0.07988251,0.0464554,-0.03342711
49767,0,5,2,middle,0.07988251,0.07301564,-0.0068668723
49767,0,5,3,middle,0.07988251,0.13423258,0.05435007
49767,0,5,4,last,0.07988251,0.08850227,0.008619763
81,1,5,0,first,0.8138806,0.76224947,-0.051631153
81,1,5,1,middle,0.8138806,0.56567675,-0.24820387
81,1,5,2,middle,0.8138806,0.659051,-0.15482962
81,1,5,3,middle,0.8138806,0.8504992,0.03661859
81,1,5,4,last,0.8138806,0.6743479,-0.13953274
272,1,5,0,first,0.14339288,0.41878194,0.27538908
272,1,5,1,middle,0.14339288,0.0863467,-0.057046175
272,1,5,2,middle,0.14339288,0.19504222,0.051649347
272,1,5,3,middle,0.14339288,0.12294028,-0.020452596
272,1,5,4,last,0.14339288,0.16600035,0.022607476
53409,0,5,0,first,0.043612823,0.045853242,0.0022404194
53409,0,5,1,middle,0.043612823,0.04540565,0.0017928258
53409,0,5,2,middle,0.043612823,0.04061321,-0.0029996112
53409,0,5,3,middle,0.043612823,0.03951648,-0.004096344
53409,0,5,4,last,0.043612823,0.09063007,0.047017246
51387,0,5,0,first,0.9324341,0.30162227,-0.6308118
51387,0,5,1,middle,0.9324341,0.93477374,0.0023396611
51387,0,5,2,middle,0.9324341,0.935167,0.0027329326
51387,0,5,3,middle,0.9324341,0.9326932,0.0002591014
51387,0,5,4,last,0.9324341,0.9392626,0.0068285465
1976,0,5,0,first,0.915923,0.9109447,-0.004978299
1976,0,5,1,middle,0.915923,0.8891115,-0.02681148
1976,0,5,2,middle,0.915923,0.9215534,0.005630374
1976,0,5,3,middle,0.915923,0.82204974,-0.09387326
1976,0,5,4,last,0.915923,0.92612535,0.010202348
39216,0,4,0,first,0.033531185,0.032968916,-0.00056226924
39216,0,4,1,middle,0.033531185,0.031488325,-0.0020428598
39216,0,4,2,middle,0.033531185,0.041916408,0.008385222
39216,0,4,3,last,0.033531185,0.035795495,0.0022643097
1814,0,3,0,first,0.0337419,0.036160864,0.002418965
1814,0,3,1,middle,0.0337419,0.033356704,-0.00038519502
1814,0,3,2,last,0.0337419,0.031768966,-0.0019729324
1436,1,5,0,first,0.95687443,0.95630205,-0.0005723834
1436,1,5,1,middle,0.95687443,0.9531374,-0.0037370324
1436,1,5,2,middle,0.95687443,0.95389533,-0.0029790998
1436,1,5,3,middle,0.95687443,0.9571325,0.0002580881
1436,1,5,4,last,0.95687443,0.9547314,-0.0021430254
1866,0,5,0,first,0.8215719,0.55915266,-0.26241922
1866,0,5,1,middle,0.8215719,0.7038662,-0.1177057
1866,0,5,2,middle,0.8215719,0.7782028,-0.043369114
1866,0,5,3,middle,0.8215719,0.7053384,-0.11623347
1866,0,5,4,last,0.8215719,0.92057925,0.09900737
249,0,5,0,first,0.6662536,0.40719616,-0.25905746
249,0,5,1,middle,0.6662536,0.6216373,-0.04461634
249,0,5,2,middle,0.6662536,0.78102577,0.11477214
249,0,5,3,middle,0.6662536,0.6056879,-0.06056571
249,0,5,4,last,0.6662536,0.6490404,-0.017213225
264,0,5,0,first,0.065014906,0.17983086,0.11481596
264,0,5,1,middle,0.065014906,0.07299045,0.007975541
264,0,5,2,middle,0.065014906,0.054081403,-0.0109335035
264,0,5,3,middle,0.065014906,0.08449425,0.019479342
264,0,5,4,last,0.065014906,0.05951923,-0.005495675
14186,1,5,0,first,0.63719136,0.67756367,0.040372312
14186,1,5,1,middle,0.63719136,0.5216362,-0.11555517
14186,1,5,2,middle,0.63719136,0.6497635,0.012572169
14186,1,5,3,middle,0.63719136,0.6988744,0.06168306
14186,1,5,4,last,0.63719136,0.22108854,-0.41610283
390,0,5,0,first,0.34958503,0.47606498,0.12647995
390,0,5,1,middle,0.34958503,0.5638165,0.21423146
390,0,5,2,middle,0.34958503,0.5431369,0.19355187
390,0,5,3,middle,0.34958503,0.1748963,-0.17468873
390,0,5,4,last,0.34958503,0.14739943,-0.2021856
1095,0,5,0,first,0.050450653,0.049773067,-0.0006775856
1095,0,5,1,middle,0.050450653,0.06805458,0.017603926
1095,0,5,2,middle,0.050450653,0.050770946,0.000320293
1095,0,5,3,middle,0.050450653,0.056862243,0.0064115897
1095,0,5,4,last,0.050450653,0.04761364,-0.0028370135
40,1,6,0,first,0.7616107,0.88368666,0.122075975
40,1,6,1,middle,0.7616107,0.6650092,-0.096601486
40,1,6,2,middle,0.7616107,0.6898095,-0.071801186
40,1,6,3,middle,0.7616107,0.7322038,-0.029406905
40,1,6,4,middle,0.7616107,0.7246768,-0.0369339
40,1,6,5,last,0.7616107,0.12751104,-0.63409966
664,1,5,0,first,0.53317606,0.5871491,0.05397302
664,1,5,1,middle,0.53317606,0.5301606,-0.0030154586
664,1,5,2,middle,0.53317606,0.5906318,0.05745572
664,1,5,3,middle,0.53317606,0.5463725,0.013196409
664,1,5,4,last,0.53317606,0.2739052,-0.25927088
51985,0,5,0,first,0.86941516,0.84585404,-0.02356112
51985,0,5,1,middle,0.86941516,0.9026312,0.03321606
51985,0,5,2,middle,0.86941516,0.91268414,0.04326898
51985,0,5,3,middle,0.86941516,0.8766867,0.0072715282
51985,0,5,4,last,0.86941516,0.6938053,-0.17560989
996,0,5,0,first,0.11874692,0.13923992,0.020493
996,0,5,1,middle,0.11874692,0.20632245,0.087575525
996,0,5,2,middle,0.11874692,0.10512355,-0.013623372
996,0,5,3,middle,0.11874692,0.057223897,-0.061523024
996,0,5,4,last,0.11874692,0.11896377,0.00021684915
998,0,5,0,first,0.5594015,0.12169749,-0.43770403
998,0,5,1,middle,0.5594015,0.60491127,0.045509756
998,0,5,2,middle,0.5594015,0.6054579,0.04605639
998,0,5,3,middle,0.5594015,0.5609796,0.0015780926
998,0,5,4,last,0.5594015,0.6527005,0.09329897
93,1,5,0,first,0.36528635,0.32176116,-0.04352519
93,1,5,1,middle,0.36528635,0.23774527,-0.12754108
93,1,5,2,middle,0.36528635,0.44899344,0.083707094
93,1,5,3,middle,0.36528635,0.16490903,-0.20037732
93,1,5,4,last,0.36528635,0.5080408,0.14275444
1638,1,5,0,first,0.63184434,0.7966984,0.16485405
1638,1,5,1,middle,0.63184434,0.37800908,-0.25383526
1638,1,5,2,middle,0.63184434,0.5066036,-0.12524074
1638,1,5,3,middle,0.63184434,0.27445513,-0.3573892
1638,1,5,4,last,0.63184434,0.7488863,0.117041945
649,0,5,0,first,0.066152185,0.056203987,-0.009948198
649,0,5,1,middle,0.066152185,0.06548717,-0.0006650165
649,0,5,2,middle,0.066152185,0.057449654,-0.008702531
649,0,5,3,middle,0.066152185,0.0762176,0.010065414
649,0,5,4,last,0.066152185,0.076779366,0.01062718
1518,0,5,0,first,0.109611176,0.11359575,0.0039845705
1518,0,5,1,middle,0.109611176,0.1361871,0.02657593
1518,0,5,2,middle,0.109611176,0.05833488,-0.051276296
1518,0,5,3,middle,0.109611176,0.21314624,0.10353506
1518,0,5,4,last,0.109611176,0.23886669,0.1292555
1566,0,5,0,first,0.2301843,0.5021178,0.2719335
1566,0,5,1,middle,0.2301843,0.15720107,-0.072983235
1566,0,5,2,middle,0.2301843,0.18792817,-0.04225613
1566,0,5,3,middle,0.2301843,0.18140844,-0.048775867
1566,0,5,4,last,0.2301843,0.17619807,-0.053986236
25717,1,4,0,first,0.32292795,0.72835094,0.405423
25717,1,4,1,middle,0.32292795,0.40657574,0.08364779
25717,1,4,2,middle,0.32292795,0.06247071,-0.26045725
25717,1,4,3,last,0.32292795,0.3423618,0.019433856
6186,1,5,0,first,0.9542787,0.95513755,0.0008588433
6186,1,5,1,middle,0.9542787,0.9521487,-0.0021300316
6186,1,5,2,middle,0.9542787,0.95453423,0.0002555251
6186,1,5,3,middle,0.9542787,0.9532608,-0.0010179281
6186,1,5,4,last,0.9542787,0.9508003,-0.0034784079
1343,0,5,0,first,0.13674577,0.30459976,0.167854
1343,0,5,1,middle,0.13674577,0.097357854,-0.03938791
1343,0,5,2,middle,0.13674577,0.117202945,-0.01954282
1343,0,5,3,middle,0.13674577,0.063830934,-0.07291483
1343,0,5,4,last,0.13674577,0.17562318,0.038877413
1073,1,5,0,first,0.9480065,0.9494833,0.0014767647
1073,1,5,1,middle,0.9480065,0.93151385,-0.016492665
1073,1,5,2,middle,0.9480065,0.8866618,-0.061344683
1073,1,5,3,middle,0.9480065,0.9436743,-0.004332185
1073,1,5,4,last,0.9480065,0.9495606,0.0015540719
286,0,5,0,first,0.20953356,0.22502455,0.015490994
286,0,5,1,middle,0.20953356,0.122750744,-0.08678281
286,0,5,2,middle,0.20953356,0.34828436,0.1387508
286,0,5,3,middle,0.20953356,0.1523944,-0.05713916
286,0,5,4,last,0.20953356,0.3684155,0.15888195
50510,1,5,0,first,0.7006097,0.6828535,-0.017756164
50510,1,5,1,middle,0.7006097,0.764349,0.0637393
50510,1,5,2,middle,0.7006097,0.6909745,-0.00963521
50510,1,5,3,middle,0.7006097,0.7010283,0.00041860342
50510,1,5,4,last,0.7006097,0.1268496,-0.5737601
52684,1,5,0,first,0.95215505,0.9527521,0.0005970597
52684,1,5,1,middle,0.95215505,0.95164996,-0.00050508976
52684,1,5,2,middle,0.95215505,0.9523529,0.00019782782
52684,1,5,3,middle,0.95215505,0.94197303,-0.010182023
52684,1,5,4,last,0.95215505,0.9501348,-0.0020202398
333,0,5,0,first,0.9362939,0.9248406,-0.011453271
333,0,5,1,middle,0.9362939,0.9303431,-0.0059508085
333,0,5,2,middle,0.9362939,0.93425244,-0.002041459
333,0,5,3,middle,0.9362939,0.92896533,-0.00732857
333,0,5,4,last,0.9362939,0.9301114,-0.006182492
484,1,5,0,first,0.9188978,0.92312837,0.004230559
484,1,5,1,middle,0.9188978,0.9193028,0.00040501356
484,1,5,2,middle,0.9188978,0.8916479,-0.027249932
484,1,5,3,middle,0.9188978,0.78834885,-0.13054895
484,1,5,4,last,0.9188978,0.91109395,-0.0078038573
1216,1,3,0,first,0.7236364,0.16464704,-0.55898935
1216,1,3,1,middle,0.7236364,0.34834918,-0.3752872
1216,1,3,2,last,0.7236364,0.91951394,0.19587755
50132,1,5,0,first,0.9463852,0.9450234,-0.0013617873
50132,1,5,1,middle,0.9463852,0.9055229,-0.04086232
50132,1,5,2,middle,0.9463852,0.9428063,-0.0035789013
50132,1,5,3,middle,0.9463852,0.94789916,0.001513958
50132,1,5,4,last,0.9463852,0.9394241,-0.0069611073
21556,1,5,0,first,0.23336603,0.06441286,-0.16895317
21556,1,5,1,middle,0.23336603,0.159262,-0.074104026
21556,1,5,2,middle,0.23336603,0.28364632,0.050280288
21556,1,5,3,middle,0.23336603,0.1656639,-0.06770213
21556,1,5,4,last,0.23336603,0.38446805,0.15110202
731,0,5,0,first,0.06376249,0.04356319,-0.020199303
731,0,5,1,middle,0.06376249,0.08413816,0.020375669
731,0,5,2,middle,0.06376249,0.10018101,0.03641852
731,0,5,3,middle,0.06376249,0.056431532,-0.0073309615
731,0,5,4,last,0.06376249,0.061376486,-0.0023860075
25087,0,5,0,first,0.0638708,0.041113075,-0.022757728
25087,0,5,1,middle,0.0638708,0.15150243,0.08763163
25087,0,5,2,middle,0.0638708,0.08074391,0.016873106
25087,0,5,3,middle,0.0638708,0.050365094,-0.013505708
25087,0,5,4,last,0.0638708,0.07984943,0.015978627
18383,0,5,0,first,0.35947374,0.51869214,0.1592184
18383,0,5,1,middle,0.35947374,0.13667391,-0.22279982
18383,0,5,2,middle,0.35947374,0.21192172,-0.14755201
18383,0,5,3,middle,0.35947374,0.40633196,0.04685822
18383,0,5,4,last,0.35947374,0.4709327,0.11145896
2203,0,5,0,first,0.45185328,0.542123,0.090269744
2203,0,5,1,middle,0.45185328,0.3189702,-0.13288307
2203,0,5,2,middle,0.45185328,0.13055032,-0.32130295
2203,0,5,3,middle,0.45185328,0.5398387,0.0879854
2203,0,5,4,last,0.45185328,0.33068177,-0.121171504
40939,0,2,0,first,0.042592566,0.04303232,0.0004397519
40939,0,2,1,last,0.042592566,0.06777262,0.025180053
31238,0,3,0,first,0.037440877,0.043636344,0.006195467
31238,0,3,1,middle,0.037440877,0.03683646,-0.0006044172
31238,0,3,2,last,0.037440877,0.038605995,0.0011651181
13566,1,5,0,first,0.92027134,0.89945316,-0.020818174
13566,1,5,1,middle,0.92027134,0.9239356,0.0036642551
13566,1,5,2,middle,0.92027134,0.8261409,-0.09413046
13566,1,5,3,middle,0.92027134,0.92519206,0.004920721
13566,1,5,4,last,0.92027134,0.9245567,0.0042853355
189,1,3,0,first,0.92772937,0.80584425,-0.12188512
189,1,3,1,middle,0.92772937,0.92171574,-0.006013632
189,1,3,2,last,0.92772937,0.9069547,-0.020774662
336,1,4,0,first,0.8379173,0.7666827,-0.07123464
336,1,4,1,middle,0.8379173,0.7342028,-0.103714526
336,1,4,2,middle,0.8379173,0.90035546,0.06243813
336,1,4,3,last,0.8379173,0.73300034,-0.10491699
1281,0,5,0,first,0.32034156,0.4485838,0.12824225
1281,0,5,1,middle,0.32034156,0.2130619,-0.10727966
1281,0,5,2,middle,0.32034156,0.42434835,0.1040068
1281,0,5,3,middle,0.32034156,0.4009524,0.08061084
1281,0,5,4,last,0.32034156,0.05322885,-0.2671127
700,1,5,0,first,0.9211343,0.91565555,-0.0054787397
700,1,5,1,middle,0.9211343,0.93112,0.009985685
700,1,5,2,middle,0.9211343,0.92754996,0.006415665
700,1,5,3,middle,0.9211343,0.88229746,-0.038836837
700,1,5,4,last,0.9211343,0.8998606,-0.021273673
1504,1,5,0,first,0.79234105,0.56138366,-0.23095739
1504,1,5,1,middle,0.79234105,0.65942144,-0.13291961
1504,1,5,2,middle,0.79234105,0.799973,0.0076319575
1504,1,5,3,middle,0.79234105,0.78639424,-0.005946815
1504,1,5,4,last,0.79234105,0.5025059,-0.28983516
1365,0,5,0,first,0.25907162,0.06374751,-0.19532411
1365,0,5,1,middle,0.25907162,0.26559225,0.006520629
1365,0,5,2,middle,0.25907162,0.25028452,-0.008787096
1365,0,5,3,middle,0.25907162,0.24747229,-0.011599332
1365,0,5,4,last,0.25907162,0.24611682,-0.012954801
31170,0,4,0,first,0.78321743,0.6782364,-0.104981005
31170,0,4,1,middle,0.78321743,0.7722554,-0.010962009
31170,0,4,2,middle,0.78321743,0.598065,-0.18515241
31170,0,4,3,last,0.78321743,0.34409532,-0.4391221
1710,0,5,0,first,0.13186686,0.10323929,-0.028627567
1710,0,5,1,middle,0.13186686,0.082259774,-0.049607083
1710,0,5,2,middle,0.13186686,0.083364494,-0.048502363
1710,0,5,3,middle,0.13186686,0.16966493,0.037798077
1710,0,5,4,last,0.13186686,0.15925086,0.027383998
495,0,5,0,first,0.032080222,0.030940931,-0.0011392906
495,0,5,1,middle,0.032080222,0.03353301,0.0014527887
495,0,5,2,middle,0.032080222,0.035894662,0.0038144402
495,0,5,3,middle,0.032080222,0.032755874,0.0006756522
495,0,5,4,last,0.032080222,0.034976114,0.0028958917
43546,0,4,0,first,0.37794304,0.302116,-0.07582703
43546,0,4,1,middle,0.37794304,0.13036269,-0.24758035
43546,0,4,2,middle,0.37794304,0.04858938,-0.32935366
43546,0,4,3,last,0.37794304,0.8126418,0.43469876
1399,1,5,0,first,0.18196225,0.16309595,-0.0188663
1399,1,5,1,middle,0.18196225,0.22044516,0.038482904
1399,1,5,2,middle,0.18196225,0.1779928,-0.003969446
1399,1,5,3,middle,0.18196225,0.1451745,-0.03678775
1399,1,5,4,last,0.18196225,0.18349987,0.001537621
2072,0,5,0,first,0.90679675,0.88828,-0.018516779
2072,0,5,1,middle,0.90679675,0.87884194,-0.027954817
2072,0,5,2,middle,0.90679675,0.34674427,-0.5600525
2072,0,5,3,middle,0.90679675,0.9150814,0.008284628
2072,0,5,4,last,0.90679675,0.9019793,-0.004817426
38295,0,5,0,first,0.899062,0.91237783,0.013315856
38295,0,5,1,middle,0.899062,0.594389,-0.30467296
38295,0,5,2,middle,0.899062,0.21752182,-0.68154013
38295,0,5,3,middle,0.899062,0.9214608,0.02239883
38295,0,5,4,last,0.899062,0.9125708,0.013508797
55527,1,5,0,first,0.8613513,0.85667956,-0.0046717525
55527,1,5,1,middle,0.8613513,0.61070615,-0.25064516
55527,1,5,2,middle,0.8613513,0.75939757,-0.101953745
55527,1,5,3,middle,0.8613513,0.6108755,-0.25047582
55527,1,5,4,last,0.8613513,0.91912013,0.05776882
1166,1,5,0,first,0.9372114,0.88547224,-0.051739156
1166,1,5,1,middle,0.9372114,0.9407198,0.003508389
1166,1,5,2,middle,0.9372114,0.9290741,-0.008137286
1166,1,5,3,middle,0.9372114,0.93624103,-0.0009703636
1166,1,5,4,last,0.9372114,0.9362626,-0.00094878674
1364,0,5,0,first,0.06313467,0.06719098,0.004056312
1364,0,5,1,middle,0.06313467,0.065592214,0.0024575442
1364,0,5,2,middle,0.06313467,0.042570516,-0.020564154
1364,0,5,3,middle,0.06313467,0.07036064,0.007225968
1364,0,5,4,last,0.06313467,0.08933294,0.026198268
25494,1,5,0,first,0.9458829,0.94629115,0.0004082322
25494,1,5,1,middle,0.9458829,0.945515,-0.00036793947
25494,1,5,2,middle,0.9458829,0.9451334,-0.0007495284
25494,1,5,3,middle,0.9458829,0.9456235,-0.0002593994
25494,1,5,4,last,0.9458829,0.92794734,-0.017935574
1308,0,5,0,first,0.04574604,0.075577825,0.029831786
1308,0,5,1,middle,0.04574604,0.044032097,-0.0017139427
1308,0,5,2,middle,0.04574604,0.05002695,0.00428091
1308,0,5,3,middle,0.04574604,0.045977753,0.00023171306
1308,0,5,4,last,0.04574604,0.04565811,-8.792803e-05
1015,1,5,0,first,0.9489555,0.9440293,-0.0049262047
1015,1,5,1,middle,0.9489555,0.9458509,-0.0031045675
1015,1,5,2,middle,0.9489555,0.94047993,-0.008475542
1015,1,5,3,middle,0.9489555,0.9300309,-0.018924594
1015,1,5,4,last,0.9489555,0.9393944,-0.009561062
44863,0,5,0,first,0.14133745,0.061573513,-0.07976394
44863,0,5,1,middle,0.14133745,0.12880303,-0.012534425
44863,0,5,2,middle,0.14133745,0.1608769,0.019539446
44863,0,5,3,middle,0.14133745,0.08656033,-0.054777123
44863,0,5,4,last,0.14133745,0.20135,0.06001255
11091,0,4,0,first,0.068812095,0.07934896,0.010536864
11091,0,4,1,middle,0.068812095,0.06685577,-0.0019563213
11091,0,4,2,middle,0.068812095,0.04877207,-0.020040024
11091,0,4,3,last,0.068812095,0.08794002,0.019127928
2185,0,5,0,first,0.042037427,0.049693804,0.007656377
2185,0,5,1,middle,0.042037427,0.047406994,0.0053695664
2185,0,5,2,middle,0.042037427,0.04017584,-0.0018615872
2185,0,5,3,middle,0.042037427,0.041984078,-5.3349882e-05
2185,0,5,4,last,0.042037427,0.042064097,2.6669353e-05
52299,0,2,0,first,0.04850505,0.09198689,0.043481838
52299,0,2,1,last,0.04850505,0.04313864,-0.005366411
7823,0,4,0,first,0.094097205,0.14141077,0.047313564
7823,0,4,1,middle,0.094097205,0.10624775,0.012150548
7823,0,4,2,middle,0.094097205,0.05166186,-0.042435344
7823,0,4,3,last,0.094097205,0.055519763,-0.03857744
1610,0,4,0,first,0.0674889,0.06412253,-0.0033663735
1610,0,4,1,middle,0.0674889,0.058791697,-0.008697204
1610,0,4,2,middle,0.0674889,0.08575114,0.018262237
1610,0,4,3,last,0.0674889,0.06445247,-0.003036432
137,1,5,0,first,0.8128281,0.8295282,0.016700089
137,1,5,1,middle,0.8128281,0.83730406,0.024475932
137,1,5,2,middle,0.8128281,0.8306797,0.017851591
137,1,5,3,middle,0.8128281,0.83773667,0.024908543
137,1,5,4,last,0.8128281,0.30937862,-0.5034495
25818,1,5,0,first,0.84932756,0.85137653,0.0020489693
25818,1,5,1,middle,0.84932756,0.8315798,-0.01774776
25818,1,5,2,middle,0.84932756,0.8150669,-0.03426069
25818,1,5,3,middle,0.84932756,0.81780446,-0.03152311
25818,1,5,4,last,0.84932756,0.81004673,-0.03928083
11303,1,5,0,first,0.62558573,0.62065053,-0.004935205
11303,1,5,1,middle,0.62558573,0.60711,-0.018475711
11303,1,5,2,middle,0.62558573,0.2883881,-0.33719763
11303,1,5,3,middle,0.62558573,0.45344305,-0.17214268
11303,1,5,4,last,0.62558573,0.76043934,0.1348536
196,1,5,0,first,0.8443513,0.8226408,-0.021710515
196,1,5,1,middle,0.8443513,0.7671874,-0.077163875
196,1,5,2,middle,0.8443513,0.8193681,-0.024983168
196,1,5,3,middle,0.8443513,0.87682706,0.03247577
196,1,5,4,last,0.8443513,0.67851543,-0.16583586
1193,1,5,0,first,0.87502795,0.85431564,-0.020712316
1193,1,5,1,middle,0.87502795,0.88372964,0.008701682
1193,1,5,2,middle,0.87502795,0.83756,-0.037467957
1193,1,5,3,middle,0.87502795,0.8155661,-0.059461832
1193,1,5,4,last,0.87502795,0.89681834,0.021790385
656,0,5,0,first,0.62985724,0.50092363,-0.12893361
656,0,5,1,middle,0.62985724,0.6338995,0.004042268
656,0,5,2,middle,0.62985724,0.21752717,-0.4123301
656,0,5,3,middle,0.62985724,0.12843603,-0.5014212
656,0,5,4,last,0.62985724,0.82130426,0.19144702
726,1,5,0,first,0.8857486,0.838988,-0.04676062
726,1,5,1,middle,0.8857486,0.7593633,-0.12638533
726,1,5,2,middle,0.8857486,0.86930263,-0.016445994
726,1,5,3,middle,0.8857486,0.8994509,0.013702273
726,1,5,4,last,0.8857486,0.8760767,-0.0096719265
154,1,5,0,first,0.9187853,0.92580736,0.007022083
154,1,5,1,middle,0.9187853,0.8594272,-0.05935806
154,1,5,2,middle,0.9187853,0.84757143,-0.07121384
154,1,5,3,middle,0.9187853,0.9181068,-0.0006784797
154,1,5,4,last,0.9187853,0.92489064,0.0061053634
46867,0,5,0,first,0.92015785,0.63897353,-0.28118432
46867,0,5,1,middle,0.92015785,0.9215647,0.0014068484
46867,0,5,2,middle,0.92015785,0.9406229,0.020465076
46867,0,5,3,middle,0.92015785,0.8737763,-0.046381533
46867,0,5,4,last,0.92015785,0.90572727,-0.0144305825
1067,1,5,0,first,0.83080983,0.8161389,-0.014670908
1067,1,5,1,middle,0.83080983,0.8373855,0.006575644
1067,1,5,2,middle,0.83080983,0.877107,0.046297193
1067,1,5,3,middle,0.83080983,0.78649455,-0.04431528
1067,1,5,4,last,0.83080983,0.527756,-0.30305386
39140,1,5,0,first,0.9530763,0.94665325,-0.006423056
39140,1,5,1,middle,0.9530763,0.9512564,-0.0018199086
39140,1,5,2,middle,0.9530763,0.95136696,-0.001709342
39140,1,5,3,middle,0.9530763,0.9514901,-0.0015861988
39140,1,5,4,last,0.9530763,0.95457375,0.0014974475
28337,0,5,0,first,0.81223994,0.80638194,-0.005858004
28337,0,5,1,middle,0.81223994,0.8040211,-0.008218825
28337,0,5,2,middle,0.81223994,0.7915073,-0.020732641
28337,0,5,3,middle,0.81223994,0.7795697,-0.03267026
28337,0,5,4,last,0.81223994,0.7023276,-0.109912336
522,0,5,0,first,0.5860046,0.512175,-0.07382959
522,0,5,1,middle,0.5860046,0.5295937,-0.05641091
522,0,5,2,middle,0.5860046,0.36646456,-0.21954006
522,0,5,3,middle,0.5860046,0.6973194,0.11131477
522,0,5,4,last,0.5860046,0.5099421,-0.0760625
1041,1,5,0,first,0.8442254,0.82700616,-0.017219245
1041,1,5,1,middle,0.8442254,0.6124055,-0.23181993
1041,1,5,2,middle,0.8442254,0.828757,-0.015468419
1041,1,5,3,middle,0.8442254,0.67661273,-0.16761267
1041,1,5,4,last,0.8442254,0.90470576,0.060480356
811,1,5,0,first,0.81751394,0.79127204,-0.026241899
811,1,5,1,middle,0.81751394,0.8189751,0.0014611483
811,1,5,2,middle,0.81751394,0.78508,-0.032433927
811,1,5,3,middle,0.81751394,0.67189246,-0.14562148
811,1,5,4,last,0.81751394,0.80088484,-0.0166291
1036,1,5,0,first,0.9283158,0.911424,-0.016891837
1036,1,5,1,middle,0.9283158,0.91756195,-0.01075387
1036,1,5,2,middle,0.9283158,0.8250962,-0.10321963
1036,1,5,3,middle,0.9283158,0.91465795,-0.013657868
1036,1,5,4,last,0.9283158,0.93862563,0.010309815
18528,1,5,0,first,0.17622371,0.13632783,-0.039895877
18528,1,5,1,middle,0.17622371,0.1406707,-0.03555301
18528,1,5,2,middle,0.17622371,0.17828593,0.0020622164
18528,1,5,3,middle,0.17622371,0.12616733,-0.050056383
18528,1,5,4,last,0.17622371,0.116231754,-0.059991956
17531,1,5,0,first,0.91118413,0.9227586,0.011574447
17531,1,5,1,middle,0.91118413,0.9230552,0.01187104
17531,1,5,2,middle,0.91118413,0.91387177,0.002687633
17531,1,5,3,middle,0.91118413,0.91221225,0.0010281205
17531,1,5,4,last,0.91118413,0.8045936,-0.10659051
1123,1,5,0,first,0.19399257,0.18054801,-0.013444558
1123,1,5,1,middle,0.19399257,0.09843684,-0.09555573
1123,1,5,2,middle,0.19399257,0.14698367,-0.0470089
1123,1,5,3,middle,0.19399257,0.13879485,-0.055197716
1123,1,5,4,last,0.19399257,0.28468555,0.09069298
18949,1,4,0,first,0.91356564,0.8960897,-0.017475963
18949,1,4,1,middle,0.91356564,0.8953324,-0.01823324
18949,1,4,2,middle,0.91356564,0.92674965,0.013184011
18949,1,4,3,last,0.91356564,0.8897354,-0.023830235
49189,1,5,0,first,0.94651496,0.9457525,-0.0007624626
49189,1,5,1,middle,0.94651496,0.93424183,-0.012273133
49189,1,5,2,middle,0.94651496,0.9421509,-0.0043640733
49189,1,5,3,middle,0.94651496,0.9470782,0.0005632639
49189,1,5,4,last,0.94651496,0.9446971,-0.0018178821
10928,1,5,0,first,0.94469315,0.93942386,-0.005269289
10928,1,5,1,middle,0.94469315,0.94062936,-0.004063785
10928,1,5,2,middle,0.94469315,0.93325174,-0.01144141
10928,1,5,3,middle,0.94469315,0.94315654,-0.0015366077
10928,1,5,4,last,0.94469315,0.9332075,-0.011485636
274,0,5,0,first,0.07236884,0.06210801,-0.010260828
274,0,5,1,middle,0.07236884,0.12772848,0.05535964
274,0,5,2,middle,0.07236884,0.039267298,-0.03310154
274,0,5,3,middle,0.07236884,0.07160925,-0.0007595867
274,0,5,4,last,0.07236884,0.20813887,0.13577002
102,0,5,0,first,0.23803766,0.040819596,-0.19721806
102,0,5,1,middle,0.23803766,0.053351797,-0.18468586
102,0,5,2,middle,0.23803766,0.40817702,0.17013936
102,0,5,3,middle,0.23803766,0.17350455,-0.064533114
102,0,5,4,last,0.23803766,0.68166053,0.4436229
44733,0,5,0,first,0.12721834,0.17369467,0.046476334
44733,0,5,1,middle,0.12721834,0.2665541,0.13933575
44733,0,5,2,middle,0.12721834,0.1428409,0.015622571
44733,0,5,3,middle,0.12721834,0.6165304,0.48931208
44733,0,5,4,last,0.12721834,0.046097275,-0.08112106
31818,1,5,0,first,0.94395065,0.9398569,-0.004093766
31818,1,5,1,middle,0.94395065,0.9409321,-0.003018558
31818,1,5,2,middle,0.94395065,0.94377893,-0.00017172098
31818,1,5,3,middle,0.94395065,0.94419384,0.00024318695
31818,1,5,4,last,0.94395065,0.9286353,-0.015315354
23598,1,4,0,first,0.36991882,0.045338213,-0.3245806
23598,1,4,1,middle,0.36991882,0.52990454,0.15998572
23598,1,4,2,middle,0.36991882,0.63982546,0.26990664
23598,1,4,3,last,0.36991882,0.06430321,-0.3056156
27225,0,5,0,first,0.09226796,0.14000091,0.04773295
27225,0,5,1,middle,0.09226796,0.050331634,-0.041936327
27225,0,5,2,middle,0.09226796,0.04590364,-0.04636432
27225,0,5,3,middle,0.09226796,0.14601947,0.053751513
27225,0,5,4,last,0.09226796,0.16863467,0.07636671
1307,1,5,0,first,0.92887366,0.9166519,-0.012221754
1307,1,5,1,middle,0.92887366,0.905882,-0.022991657
1307,1,5,2,middle,0.92887366,0.9226464,-0.006227255
1307,1,5,3,middle,0.92887366,0.90245384,-0.026419818
1307,1,5,4,last,0.92887366,0.9367507,0.007877052
36366,1,5,0,first,0.7788884,0.7218172,-0.05707121
36366,1,5,1,middle,0.7788884,0.7882094,0.009320974
36366,1,5,2,middle,0.7788884,0.7562942,-0.022594213
36366,1,5,3,middle,0.7788884,0.7342992,-0.04458922
36366,1,5,4,last,0.7788884,0.21854371,-0.5603447
28200,0,5,0,first,0.65931404,0.6453359,-0.013978124
28200,0,5,1,middle,0.65931404,0.5073207,-0.15199333
28200,0,5,2,middle,0.65931404,0.2193108,-0.44000322
28200,0,5,3,middle,0.65931404,0.61198765,-0.047326386
28200,0,5,4,last,0.65931404,0.78282535,0.123511314
21920,1,5,0,first,0.95378786,0.9516807,-0.0021071434
21920,1,5,1,middle,0.95378786,0.9542705,0.0004826188
21920,1,5,2,middle,0.95378786,0.95097494,-0.002812922
21920,1,5,3,middle,0.95378786,0.9318173,-0.02197057
21920,1,5,4,last,0.95378786,0.95458114,0.0007932782
111,0,5,0,first,0.05225743,0.06896815,0.016710717
111,0,5,1,middle,0.05225743,0.051635094,-0.0006223358
111,0,5,2,middle,0.05225743,0.050227407,-0.0020300224
111,0,5,3,middle,0.05225743,0.053929713,0.0016722828
111,0,5,4,last,0.05225743,0.055229947,0.0029725172
1207,1,5,0,first,0.94937056,0.9237805,-0.025590062
1207,1,5,1,middle,0.94937056,0.9456706,-0.0036999583
1207,1,5,2,middle,0.94937056,0.9448479,-0.0045226812
1207,1,5,3,middle,0.94937056,0.9409018,-0.008468747
1207,1,5,4,last,0.94937056,0.94929796,-7.259846e-05
468,1,5,0,first,0.7651532,0.8085746,0.043421388
468,1,5,1,middle,0.7651532,0.8181857,0.053032458
468,1,5,2,middle,0.7651532,0.65754193,-0.1076113
468,1,5,3,middle,0.7651532,0.28396487,-0.48118836
468,1,5,4,last,0.7651532,0.76200706,-0.0031461716
452,0,5,0,first,0.064251296,0.042100918,-0.022150379
452,0,5,1,middle,0.064251296,0.072699815,0.008448519
452,0,5,2,middle,0.064251296,0.055018287,-0.009233009
452,0,5,3,middle,0.064251296,0.0650253,0.00077400357
452,0,5,4,last,0.064251296,0.24665013,0.18239883
514,0,5,0,first,0.060123082,0.1531202,0.09299712
514,0,5,1,middle,0.060123082,0.05225426,-0.007868823
514,0,5,2,middle,0.060123082,0.052409694,-0.0077133887
514,0,5,3,middle,0.060123082,0.10503505,0.04491197
514,0,5,4,last,0.060123082,0.044996195,-0.015126888
592,0,6,0,first,0.1941346,0.21020414,0.016069546
592,0,6,1,middle,0.1941346,0.1708696,-0.02326499
592,0,6,2,middle,0.1941346,0.24095152,0.04681693
592,0,6,3,middle,0.1941346,0.2062182,0.012083605
592,0,6,4,middle,0.1941346,0.1686533,-0.025481299
592,0,6,5,last,0.1941346,0.17185806,-0.022276536
689,1,5,0,first,0.31221873,0.254581,-0.05763772
689,1,5,1,middle,0.31221873,0.17276877,-0.13944995
689,1,5,2,middle,0.31221873,0.52026004,0.20804131
689,1,5,3,middle,0.31221873,0.2976284,-0.014590323
689,1,5,4,last,0.31221873,0.2881024,-0.024116337
1179,0,4,0,first,0.045134738,0.053562425,0.008427687
1179,0,4,1,middle,0.045134738,0.04692286,0.0017881207
1179,0,4,2,middle,0.045134738,0.042702492,-0.0024322458
1179,0,4,3,last,0.045134738,0.048014324,0.002879586
126,0,5,0,first,0.4999763,0.43698463,-0.06299168
126,0,5,1,middle,0.4999763,0.44765425,-0.05232206
126,0,5,2,middle,0.4999763,0.44270077,-0.057275534
126,0,5,3,middle,0.4999763,0.43183938,-0.06813693
126,0,5,4,last,0.4999763,0.45347723,-0.046499074
37431,0,5,0,first,0.10035113,0.06324777,-0.037103362
37431,0,5,1,middle,0.10035113,0.1227516,0.022400469
37431,0,5,2,middle,0.10035113,0.08748912,-0.012862012
37431,0,5,3,middle,0.10035113,0.06383944,-0.03651169
37431,0,5,4,last,0.10035113,0.13431613,0.033965
1415,1,5,0,first,0.8969803,0.8578449,-0.039135396
1415,1,5,1,middle,0.8969803,0.8935259,-0.0034543872
1415,1,5,2,middle,0.8969803,0.86197686,-0.035003424
1415,1,5,3,middle,0.8969803,0.9087644,0.011784136
1415,1,5,4,last,0.8969803,0.8859909,-0.010989368
936,0,5,0,first,0.54718864,0.24002527,-0.30716336
936,0,5,1,middle,0.54718864,0.37067035,-0.17651829
936,0,5,2,middle,0.54718864,0.6029172,0.055728555
936,0,5,3,middle,0.54718864,0.5267048,-0.020483851
936,0,5,4,last,0.54718864,0.788736,0.24154735
2074,0,5,0,first,0.5985662,0.49387893,-0.10468724
2074,0,5,1,middle,0.5985662,0.34225738,-0.2563088
2074,0,5,2,middle,0.5985662,0.59611106,-0.0024551153
2074,0,5,3,middle,0.5985662,0.5312358,-0.06733036
2074,0,5,4,last,0.5985662,0.38383177,-0.2147344
47770,0,5,0,first,0.035104156,0.0361175,0.001013346
47770,0,5,1,middle,0.035104156,0.036089465,0.0009853095
47770,0,5,2,middle,0.035104156,0.03389398,-0.0012101755
47770,0,5,3,middle,0.035104156,0.035094935,-9.2200935e-06
47770,0,5,4,last,0.035104156,0.041299503,0.0061953478
3740,0,3,0,first,0.034493737,0.0367967,0.0023029633
3740,0,3,1,middle,0.034493737,0.035207573,0.0007138364
3740,0,3,2,last,0.034493737,0.034470458,-2.3279339e-05
1439,1,5,0,first,0.88435316,0.56805617,-0.316297
1439,1,5,1,middle,0.88435316,0.87793356,-0.006419599
1439,1,5,2,middle,0.88435316,0.86740834,-0.016944826
1439,1,5,3,middle,0.88435316,0.9091622,0.024809062
1439,1,5,4,last,0.88435316,0.8692905,-0.01506269
16362,0,3,0,first,0.042702544,0.045747496,0.0030449517
16362,0,3,1,middle,0.042702544,0.053887717,0.011185173
16362,0,3,2,last,0.042702544,0.048006188,0.0053036436
509,0,5,0,first,0.3377944,0.19810818,-0.13968621
509,0,5,1,middle,0.3377944,0.46259907,0.124804676
509,0,5,2,middle,0.3377944,0.22598392,-0.111810476
509,0,5,3,middle,0.3377944,0.08632876,-0.25146562
509,0,5,4,last,0.3377944,0.6221407,0.2843463
51204,0,5,0,first,0.6741918,0.4248616,-0.24933016
51204,0,5,1,middle,0.6741918,0.64751613,-0.026675642
51204,0,5,2,middle,0.6741918,0.77766955,0.103477776
51204,0,5,3,middle,0.6741918,0.6403029,-0.033888876
51204,0,5,4,last,0.6741918,0.63671714,-0.037474632
965,0,5,0,first,0.076894306,0.043616757,-0.03327755
965,0,5,1,middle,0.076894306,0.05262352,-0.024270784
965,0,5,2,middle,0.076894306,0.12001764,0.043123335
965,0,5,3,middle,0.076894306,0.07145742,-0.0054368824
965,0,5,4,last,0.076894306,0.10412411,0.0272298
34,1,5,0,first,0.9264728,0.93206644,0.0055936575
34,1,5,1,middle,0.9264728,0.92577904,-0.00069373846
34,1,5,2,middle,0.9264728,0.9102723,-0.016200483
34,1,5,3,middle,0.9264728,0.9295325,0.0030597448
34,1,5,4,last,0.9264728,0.8376521,-0.088820696
52618,1,4,0,first,0.15684119,0.29176575,0.13492456
52618,1,4,1,middle,0.15684119,0.052815646,-0.10402554
52618,1,4,2,middle,0.15684119,0.23270398,0.075862795
52618,1,4,3,last,0.15684119,0.22782563,0.07098444
1500,1,5,0,first,0.9334831,0.93475676,0.001273632
1500,1,5,1,middle,0.9334831,0.9440964,0.010613263
1500,1,5,2,middle,0.9334831,0.93305516,-0.00042796135
1500,1,5,3,middle,0.9334831,0.9375978,0.0041146874
1500,1,5,4,last,0.9334831,0.8270707,-0.10641241
834,0,5,0,first,0.36825943,0.12566108,-0.24259835
834,0,5,1,middle,0.36825943,0.27987966,-0.08837977
834,0,5,2,middle,0.36825943,0.24527764,-0.12298179
834,0,5,3,middle,0.36825943,0.56584555,0.19758612
834,0,5,4,last,0.36825943,0.40146104,0.033201605
2132,0,5,0,first,0.20605217,0.08962996,-0.116422206
2132,0,5,1,middle,0.20605217,0.25675055,0.050698385
2132,0,5,2,middle,0.20605217,0.2460485,0.039996326
2132,0,5,3,middle,0.20605217,0.1161248,-0.08992737
2132,0,5,4,last,0.20605217,0.28688812,0.08083595
25486,1,4,0,first,0.94934016,0.9385578,-0.010782361
25486,1,4,1,middle,0.94934016,0.9334375,-0.015902638
25486,1,4,2,middle,0.94934016,0.95113504,0.0017948747
25486,1,4,3,last,0.94934016,0.9456683,-0.0036718845
2348,1,3,0,first,0.8689098,0.9173714,0.048461616
2348,1,3,1,middle,0.8689098,0.18427283,-0.68463695
2348,1,3,2,last,0.8689098,0.89263475,0.023724973
650,1,5,0,first,0.8200632,0.8232841,0.0032209158
650,1,5,1,middle,0.8200632,0.80990094,-0.010162234
650,1,5,2,middle,0.8200632,0.8166379,-0.0034253001
650,1,5,3,middle,0.8200632,0.73192483,-0.08813834
650,1,5,4,last,0.8200632,0.79670584,-0.023357332
888,1,5,0,first,0.9523736,0.95335424,0.0009806156
888,1,5,1,middle,0.9523736,0.9495166,-0.0028570294
888,1,5,2,middle,0.9523736,0.9536276,0.0012539625
888,1,5,3,middle,0.9523736,0.9497405,-0.0026330948
888,1,5,4,last,0.9523736,0.9500079,-0.0023657084
54649,1,5,0,first,0.9563854,0.9555919,-0.00079345703
54649,1,5,1,middle,0.9563854,0.95335937,-0.0030260086
54649,1,5,2,middle,0.9563854,0.9551298,-0.0012555718
54649,1,5,3,middle,0.9563854,0.9557381,-0.00064724684
54649,1,5,4,last,0.9563854,0.9541169,-0.0022684932
890,0,5,0,first,0.1587602,0.22090356,0.062143356
890,0,5,1,middle,0.1587602,0.10988316,-0.048877046
890,0,5,2,middle,0.1587602,0.35642165,0.19766144
890,0,5,3,middle,0.1587602,0.14941022,-0.009349987
890,0,5,4,last,0.1587602,0.07737828,-0.081381924
1336,0,5,0,first,0.44754097,0.5715486,0.12400761
1336,0,5,1,middle,0.44754097,0.23918256,-0.2083584
1336,0,5,2,middle,0.44754097,0.39919055,-0.048350424
1336,0,5,3,middle,0.44754097,0.22438163,-0.22315934
1336,0,5,4,last,0.44754097,0.3763045,-0.07123646
9550,1,5,0,first,0.9492509,0.94677305,-0.0024778247
9550,1,5,1,middle,0.9492509,0.9515799,0.0023290515
9550,1,5,2,middle,0.9492509,0.9473834,-0.0018674731
9550,1,5,3,middle,0.9492509,0.9464181,-0.0028327703
9550,1,5,4,last,0.9492509,0.9468006,-0.0024502873
16410,1,5,0,first,0.9196068,0.93482584,0.015219033
16410,1,5,1,middle,0.9196068,0.9154802,-0.0041266084
16410,1,5,2,middle,0.9196068,0.900838,-0.018768787
16410,1,5,3,middle,0.9196068,0.9148346,-0.0047721863
16410,1,5,4,last,0.9196068,0.82396024,-0.09564656
844,1,5,0,first,0.90889555,0.84231174,-0.06658381
844,1,5,1,middle,0.90889555,0.9045406,-0.0043549538
844,1,5,2,middle,0.90889555,0.883065,-0.025830567
844,1,5,3,middle,0.90889555,0.9188465,0.009950936
844,1,5,4,last,0.90889555,0.90980226,0.00090670586
12639,1,5,0,first,0.9001401,0.8667034,-0.033436716
12639,1,5,1,middle,0.9001401,0.8976884,-0.0024517179
12639,1,5,2,middle,0.9001401,0.89239013,-0.0077499747
12639,1,5,3,middle,0.9001401,0.88617194,-0.01396817
12639,1,5,4,last,0.9001401,0.79682964,-0.103310466
15,1,5,0,first,0.8721156,0.8265833,-0.045532286
15,1,5,1,middle,0.8721156,0.8857256,0.013610005
15,1,5,2,middle,0.8721156,0.83950907,-0.032606542
15,1,5,3,middle,0.8721156,0.86171186,-0.010403752
15,1,5,4,last,0.8721156,0.81681204,-0.055303574
339,1,5,0,first,0.95019376,0.9453785,-0.0048152804
339,1,5,1,middle,0.95019376,0.94555837,-0.0046353936
339,1,5,2,middle,0.95019376,0.9521864,0.0019926429
339,1,5,3,middle,0.95019376,0.9425172,-0.007676542
339,1,5,4,last,0.95019376,0.93559253,-0.014601231
1778,0,5,0,first,0.775696,0.80172,0.026024044
1778,0,5,1,middle,0.775696,0.76859885,-0.007097125
1778,0,5,2,middle,0.775696,0.7593583,-0.016337693
1778,0,5,3,middle,0.775696,0.72313577,-0.05256021
1778,0,5,4,last,0.775696,0.7661849,-0.009511054
5552,0,4,0,first,0.039390776,0.045647535,0.006256759
5552,0,4,1,middle,0.039390776,0.03173038,-0.0076603964
5552,0,4,2,middle,0.039390776,0.032198377,-0.0071923994
5552,0,4,3,last,0.039390776,0.06867814,0.029287364
44037,1,5,0,first,0.94488186,0.9451316,0.00024974346
44037,1,5,1,middle,0.94488186,0.9416915,-0.0031903386
44037,1,5,2,middle,0.94488186,0.93970156,-0.0051802993
44037,1,5,3,middle,0.94488186,0.94827014,0.0033882856
44037,1,5,4,last,0.94488186,0.9394122,-0.00546968
19,1,5,0,first,0.2835798,0.1000276,-0.1835522
19,1,5,1,middle,0.2835798,0.21078448,-0.07279532
19,1,5,2,middle,0.2835798,0.2657962,-0.017783582
19,1,5,3,middle,0.2835798,0.2267567,-0.05682309
19,1,5,4,last,0.2835798,0.50847155,0.22489175
1846,0,5,0,first,0.046187367,0.045281544,-0.00090582296
1846,0,5,1,middle,0.046187367,0.056502745,0.010315377
1846,0,5,2,middle,0.046187367,0.057524268,0.0113369
1846,0,5,3,middle,0.046187367,0.05696463,0.010777261
1846,0,5,4,last,0.046187367,0.03983727,-0.0063500963
1138,0,5,0,first,0.09865155,0.065941796,-0.032709755
1138,0,5,1,middle,0.09865155,0.09180056,-0.0068509877
1138,0,5,2,middle,0.09865155,0.10805505,0.009403497
1138,0,5,3,middle,0.09865155,0.138265,0.039613448
1138,0,5,4,last,0.09865155,0.102109365,0.0034578145
698,1,5,0,first,0.9507897,0.94240254,-0.008387148
698,1,5,1,middle,0.9507897,0.9088239,-0.041965783
698,1,5,2,middle,0.9507897,0.95005465,-0.0007350445
698,1,5,3,middle,0.9507897,0.94990927,-0.0008804202
698,1,5,4,last,0.9507897,0.95162004,0.0008303523
410,1,5,0,first,0.9232247,0.894717,-0.02850771
410,1,5,1,middle,0.9232247,0.92978585,0.00656116
410,1,5,2,middle,0.9232247,0.8847082,-0.03851646
410,1,5,3,middle,0.9232247,0.92493963,0.0017149448
410,1,5,4,last,0.9232247,0.8806885,-0.0425362
20506,0,5,0,first,0.02890877,0.03202391,0.00311514
20506,0,5,1,middle,0.02890877,0.030849481,0.0019407105
20506,0,5,2,middle,0.02890877,0.030718565,0.0018097945
20506,0,5,3,middle,0.02890877,0.028044214,-0.00086455606
20506,0,5,4,last,0.02890877,0.027869565,-0.0010392051
1621,1,5,0,first,0.87776905,0.806314,-0.07145506
1621,1,5,1,middle,0.87776905,0.8852745,0.0075054765
1621,1,5,2,middle,0.87776905,0.8821184,0.004349351
1621,1,5,3,middle,0.87776905,0.8930818,0.015312731
1621,1,5,4,last,0.87776905,0.8452122,-0.03255683
2988,0,5,0,first,0.056232724,0.055059806,-0.0011729188
2988,0,5,1,middle,0.056232724,0.057788007,0.0015552826
2988,0,5,2,middle,0.056232724,0.06642693,0.0101942085
2988,0,5,3,middle,0.056232724,0.05306615,-0.003166575
2988,0,5,4,last,0.056232724,0.06576329,0.009530563
39818,0,5,0,first,0.034842487,0.03669417,0.0018516816
39818,0,5,1,middle,0.034842487,0.0379757,0.0031332113
39818,0,5,2,middle,0.034842487,0.03692988,0.002087392
39818,0,5,3,middle,0.034842487,0.035507716,0.0006652288
39818,0,5,4,last,0.034842487,0.03930991,0.004467424
305,0,5,0,first,0.07482981,0.043634437,-0.031195372
305,0,5,1,middle,0.07482981,0.06344059,-0.011389218
305,0,5,2,middle,0.07482981,0.11702825,0.042198442
305,0,5,3,middle,0.07482981,0.0500482,-0.02478161
305,0,5,4,last,0.07482981,0.09643665,0.02160684
1449,1,5,0,first,0.06500488,0.06979617,0.0047912896
1449,1,5,1,middle,0.06500488,0.11156248,0.046557605
1449,1,5,2,middle,0.06500488,0.07223726,0.007232383
1449,1,5,3,middle,0.06500488,0.075025946,0.010021068
1449,1,5,4,last,0.06500488,0.05588631,-0.009118568
30623,1,5,0,first,0.9188839,0.91767704,-0.0012068748
30623,1,5,1,middle,0.9188839,0.90337807,-0.01550585
30623,1,5,2,middle,0.9188839,0.91448015,-0.00440377
30623,1,5,3,middle,0.9188839,0.92087036,0.001986444
30623,1,5,4,last,0.9188839,0.911782,-0.0071018934
491,0,4,0,first,0.3685262,0.3105461,-0.05798009
491,0,4,1,middle,0.3685262,0.23798129,-0.1305449
491,0,4,2,middle,0.3685262,0.5823626,0.2138364
491,0,4,3,last,0.3685262,0.33227685,-0.03624934
49430,0,5,0,first,0.19770734,0.782663,0.58495563
49430,0,5,1,middle,0.19770734,0.1294841,-0.06822324
49430,0,5,2,middle,0.19770734,0.053500816,-0.14420652
49430,0,5,3,middle,0.19770734,0.21510816,0.017400816
49430,0,5,4,last,0.19770734,0.20253795,0.0048306137
1069,0,5,0,first,0.853635,0.8443717,-0.009263337
1069,0,5,1,middle,0.853635,0.89951164,0.045876622
1069,0,5,2,middle,0.853635,0.48534968,-0.36828533
1069,0,5,3,middle,0.853635,0.8213051,-0.032329917
1069,0,5,4,last,0.853635,0.86196554,0.008330524
1420,1,5,0,first,0.93452483,0.4514584,-0.48306644
1420,1,5,1,middle,0.93452483,0.9290924,-0.005432427
1420,1,5,2,middle,0.93452483,0.93691266,0.0023878217
1420,1,5,3,middle,0.93452483,0.93972886,0.005204022
1420,1,5,4,last,0.93452483,0.928083,-0.0064418316
156,1,5,0,first,0.9352543,0.81199604,-0.12325823
156,1,5,1,middle,0.9352543,0.9345095,-0.00074476004
156,1,5,2,middle,0.9352543,0.9311479,-0.0041064024
156,1,5,3,middle,0.9352543,0.93327105,-0.0019832253
156,1,5,4,last,0.9352543,0.9374918,0.0022374988
46701,0,5,0,first,0.03178165,0.035625305,0.003843654
46701,0,5,1,middle,0.03178165,0.029685011,-0.00209664
46701,0,5,2,middle,0.03178165,0.032322526,0.0005408749
46701,0,5,3,middle,0.03178165,0.031816803,3.515184e-05
46701,0,5,4,last,0.03178165,0.033216164,0.0014345124
2364,1,3,0,first,0.8922208,0.7801793,-0.11204147
2364,1,3,1,middle,0.8922208,0.8465977,-0.045623124
2364,1,3,2,last,0.8922208,0.8621622,-0.030058622
740,1,5,0,first,0.9421206,0.92981577,-0.0123048425
740,1,5,1,middle,0.9421206,0.93339586,-0.008724749
740,1,5,2,middle,0.9421206,0.8495525,-0.0925681
740,1,5,3,middle,0.9421206,0.93328947,-0.008831143
740,1,5,4,last,0.9421206,0.94911474,0.006994128
53258,1,5,0,first,0.9358794,0.8980155,-0.03786391
53258,1,5,1,middle,0.9358794,0.92944527,-0.0064341426
53258,1,5,2,middle,0.9358794,0.9400318,0.004152417
53258,1,5,3,middle,0.9358794,0.94032294,0.0044435263
53258,1,5,4,last,0.9358794,0.9095162,-0.026363194
316,0,4,0,first,0.029701483,0.030012865,0.00031138211
316,0,4,1,middle,0.029701483,0.030571038,0.0008695554
316,0,4,2,middle,0.029701483,0.03180465,0.0021031685
316,0,4,3,last,0.029701483,0.030672101,0.0009706188
160,0,5,0,first,0.92438275,0.9345764,0.010193646
160,0,5,1,middle,0.92438275,0.9300906,0.00570786
160,0,5,2,middle,0.92438275,0.9239313,-0.00045144558
160,0,5,3,middle,0.92438275,0.830171,-0.09421176
160,0,5,4,last,0.92438275,0.9057759,-0.018606842
363,1,5,0,first,0.95310307,0.95492333,0.0018202662
363,1,5,1,middle,0.95310307,0.9531236,2.0563602e-05
363,1,5,2,middle,0.95310307,0.95804995,0.0049468875
363,1,5,3,middle,0.95310307,0.95174253,-0.0013605356
363,1,5,4,last,0.95310307,0.9190611,-0.03404194
31136,0,5,0,first,0.056762267,0.07275154,0.01598927
31136,0,5,1,middle,0.056762267,0.055911962,-0.00085030496
31136,0,5,2,middle,0.056762267,0.080086835,0.023324568
31136,0,5,3,middle,0.056762267,0.047147587,-0.00961468
31136,0,5,4,last,0.056762267,0.043571062,-0.0131912045
388,0,5,0,first,0.86262864,0.84138274,-0.021245897
388,0,5,1,middle,0.86262864,0.78842485,-0.07420379
388,0,5,2,middle,0.86262864,0.79814166,-0.06448698
388,0,5,3,middle,0.86262864,0.87338674,0.010758102
388,0,5,4,last,0.86262864,0.5074812,-0.35514742
1354,0,5,0,first,0.14806367,0.096594356,-0.05146932
1354,0,5,1,middle,0.14806367,0.17674541,0.02868174
1354,0,5,2,middle,0.14806367,0.19370091,0.045637235
1354,0,5,3,middle,0.14806367,0.09882328,-0.049240395
1354,0,5,4,last,0.14806367,0.2096335,0.061569825
1742,0,5,0,first,0.23022002,0.2446024,0.014382377
1742,0,5,1,middle,0.23022002,0.19494341,-0.035276607
1742,0,5,2,middle,0.23022002,0.1804996,-0.04972042
1742,0,5,3,middle,0.23022002,0.5673939,0.33717388
1742,0,5,4,last,0.23022002,0.18172158,-0.048498437
1900,0,5,0,first,0.2770506,0.5370632,0.26001257
1900,0,5,1,middle,0.2770506,0.18873943,-0.08831118
1900,0,5,2,middle,0.2770506,0.14442876,-0.13262185
1900,0,5,3,middle,0.2770506,0.55716467,0.28011405
1900,0,5,4,last,0.2770506,0.1231602,-0.15389042
1456,0,5,0,first,0.08565519,0.05404143,-0.03161376
1456,0,5,1,middle,0.08565519,0.07646986,-0.009185329
1456,0,5,2,middle,0.08565519,0.08087503,-0.0047801584
1456,0,5,3,middle,0.08565519,0.079051316,-0.0066038743
1456,0,5,4,last,0.08565519,0.093977936,0.008322746
22566,0,5,0,first,0.09448453,0.17013471,0.07565018
22566,0,5,1,middle,0.09448453,0.082622536,-0.011861995
22566,0,5,2,middle,0.09448453,0.08599597,-0.008488558
22566,0,5,3,middle,0.09448453,0.065156266,-0.029328264
22566,0,5,4,last,0.09448453,0.11163575,0.017151222
1799,1,5,0,first,0.9578755,0.95527726,-0.002598226
1799,1,5,1,middle,0.9578755,0.9573361,-0.00053936243
1799,1,5,2,middle,0.9578755,0.9566647,-0.0012108088
1799,1,5,3,middle,0.9578755,0.95768917,-0.00018632412
1799,1,5,4,last,0.9578755,0.95752025,-0.00035524368
37224,1,4,0,first,0.762024,0.87485194,0.11282796
37224,1,4,1,middle,0.762024,0.7441513,-0.017872691
37224,1,4,2,middle,0.762024,0.6014203,-0.1606037
37224,1,4,3,last,0.762024,0.10332514,-0.65869886
812,0,5,0,first,0.88167125,0.90589345,0.024222195
812,0,5,1,middle,0.88167125,0.89617753,0.01450628
812,0,5,2,middle,0.88167125,0.8746032,-0.007068038
812,0,5,3,middle,0.88167125,0.7886205,-0.09305078
812,0,5,4,last,0.88167125,0.8612367,-0.020434558
675,0,5,0,first,0.034985762,0.035861485,0.0008757226
675,0,5,1,middle,0.034985762,0.03504547,5.9708953e-05
675,0,5,2,middle,0.034985762,0.033767827,-0.0012179352
675,0,5,3,middle,0.034985762,0.035044827,5.9064478e-05
675,0,5,4,last,0.034985762,0.037655964,0.0026702024
52592,1,5,0,first,0.95292735,0.95227665,-0.0006507039
52592,1,5,1,middle,0.95292735,0.90328467,-0.049642682
52592,1,5,2,middle,0.95292735,0.9480474,-0.0048799515
52592,1,5,3,middle,0.95292735,0.95338136,0.00045400858
52592,1,5,4,last,0.95292735,0.95238465,-0.0005427003
234,1,5,0,first,0.796126,0.7734878,-0.022638202
234,1,5,1,middle,0.796126,0.78074497,-0.015381038
234,1,5,2,middle,0.796126,0.58115214,-0.21497387
234,1,5,3,middle,0.796126,0.8680251,0.071899116
234,1,5,4,last,0.796126,0.7790185,-0.017107487
1149,0,5,0,first,0.20724119,0.088540755,-0.11870044
1149,0,5,1,middle,0.20724119,0.19174524,-0.015495956
1149,0,5,2,middle,0.20724119,0.047372736,-0.15986845
1149,0,5,3,middle,0.20724119,0.18680662,-0.020434573
1149,0,5,4,last,0.20724119,0.43261364,0.22537245
55729,1,5,0,first,0.93398553,0.9128634,-0.021122158
55729,1,5,1,middle,0.93398553,0.9336379,-0.0003476143
55729,1,5,2,middle,0.93398553,0.919462,-0.014523506
55729,1,5,3,middle,0.93398553,0.9374717,0.0034861565
55729,1,5,4,last,0.93398553,0.92839926,-0.0055862665
343,1,5,0,first,0.76612896,0.8258968,0.059767842
343,1,5,1,middle,0.76612896,0.25595975,-0.5101692
343,1,5,2,middle,0.76612896,0.5473456,-0.21878338
343,1,5,3,middle,0.76612896,0.60801446,-0.1581145
343,1,5,4,last,0.76612896,0.6987328,-0.067396164
1649,0,5,0,first,0.44675863,0.1366794,-0.31007922
1649,0,5,1,middle,0.44675863,0.44408563,-0.002673
1649,0,5,2,middle,0.44675863,0.39415646,-0.052602172
1649,0,5,3,middle,0.44675863,0.6335997,0.18684107
1649,0,5,4,last,0.44675863,0.42557523,-0.021183401
17486,1,5,0,first,0.12219132,0.2856954,0.1635041
17486,1,5,1,middle,0.12219132,0.12661727,0.0044259503
17486,1,5,2,middle,0.12219132,0.058327217,-0.0638641
17486,1,5,3,middle,0.12219132,0.38925132,0.26706
17486,1,5,4,last,0.12219132,0.03756357,-0.08462775
1584,1,4,0,first,0.35847238,0.29946822,-0.059004158
1584,1,4,1,middle,0.35847238,0.20264602,-0.15582636
1584,1,4,2,middle,0.35847238,0.5162756,0.15780321
1584,1,4,3,last,0.35847238,0.41964793,0.061175555
47842,1,5,0,first,0.83474773,0.5126352,-0.32211256
47842,1,5,1,middle,0.83474773,0.8359331,0.0011853576
47842,1,5,2,middle,0.83474773,0.8059955,-0.028752208
47842,1,5,3,middle,0.83474773,0.5879653,-0.24678242
47842,1,5,4,last,0.83474773,0.3565815,-0.47816622
24,1,5,0,first,0.93295324,0.90552276,-0.027430475
24,1,5,1,middle,0.93295324,0.9350406,0.0020873547
24,1,5,2,middle,0.93295324,0.8767877,-0.056165516
24,1,5,3,middle,0.93295324,0.9163403,-0.016612947
24,1,5,4,last,0.93295324,0.8990293,-0.033923924
46051,0,5,0,first,0.84413344,0.7044793,-0.13965416
46051,0,5,1,middle,0.84413344,0.82885087,-0.015282571
46051,0,5,2,middle,0.84413344,0.80290824,-0.041225195
46051,0,5,3,middle,0.84413344,0.6575454,-0.18658805
46051,0,5,4,last,0.84413344,0.7718846,-0.07224882
34692,0,5,0,first,0.74369025,0.63821685,-0.1054734
34692,0,5,1,middle,0.74369025,0.66482335,-0.0788669
34692,0,5,2,middle,0.74369025,0.814776,0.07108575
34692,0,5,3,middle,0.74369025,0.8045678,0.06087756
34692,0,5,4,last,0.74369025,0.12317227,-0.62051797
498,0,2,0,first,0.5574675,0.35785708,-0.19961044
498,0,2,1,last,0.5574675,0.4905752,-0.066892326
42957,1,5,0,first,0.93480194,0.93790466,0.0031027198
42957,1,5,1,middle,0.93480194,0.88324034,-0.051561594
42957,1,5,2,middle,0.93480194,0.87909245,-0.05570948
42957,1,5,3,middle,0.93480194,0.9322738,-0.002528131
42957,1,5,4,last,0.93480194,0.9338197,-0.0009822249
281,0,5,0,first,0.55363303,0.796559,0.24292594
281,0,5,1,middle,0.55363303,0.37325123,-0.1803818
281,0,5,2,middle,0.55363303,0.21257229,-0.34106076
281,0,5,3,middle,0.55363303,0.20830621,-0.34532684
281,0,5,4,last,0.55363303,0.6037023,0.050069273
221,0,5,0,first,0.34601554,0.3108431,-0.035172433
221,0,5,1,middle,0.34601554,0.101844676,-0.24417087
221,0,5,2,middle,0.34601554,0.67799675,0.3319812
221,0,5,3,middle,0.34601554,0.3726486,0.026633054
221,0,5,4,last,0.34601554,0.27854535,-0.06747019
945,0,4,0,first,0.040860906,0.058171913,0.017311007
945,0,4,1,middle,0.040860906,0.05472812,0.013867214
945,0,4,2,middle,0.040860906,0.035885878,-0.0049750283
945,0,4,3,last,0.040860906,0.04162017,0.0007592626
10082,0,5,0,first,0.098865636,0.18958487,0.09071923
10082,0,5,1,middle,0.098865636,0.07445127,-0.024414368
10082,0,5,2,middle,0.098865636,0.07093914,-0.027926497
10082,0,5,3,middle,0.098865636,0.10276931,0.003903672
10082,0,5,4,last,0.098865636,0.101869486,0.0030038506
1375,1,5,0,first,0.9481942,0.9436156,-0.0045785904
1375,1,5,1,middle,0.9481942,0.94571495,-0.0024792552
1375,1,5,2,middle,0.9481942,0.9490667,0.0008724928
1375,1,5,3,middle,0.9481942,0.9519744,0.0037801862
1375,1,5,4,last,0.9481942,0.94503766,-0.0031565428
15147,0,5,0,first,0.043291405,0.04639127,0.0030998662
15147,0,5,1,middle,0.043291405,0.05291743,0.0096260235
15147,0,5,2,middle,0.043291405,0.04599594,0.0027045347
15147,0,5,3,middle,0.043291405,0.066271186,0.022979781
15147,0,5,4,last,0.043291405,0.045027807,0.0017364025
820,1,5,0,first,0.9001848,0.90845156,0.008266747
820,1,5,1,middle,0.9001848,0.91813123,0.017946422
820,1,5,2,middle,0.9001848,0.57271296,-0.32747185
820,1,5,3,middle,0.9001848,0.8413043,-0.058880508
820,1,5,4,last,0.9001848,0.8372918,-0.06289303
46814,1,5,0,first,0.81617266,0.8469513,0.030778646
46814,1,5,1,middle,0.81617266,0.84305227,0.026879609
46814,1,5,2,middle,0.81617266,0.7892896,-0.026883066
46814,1,5,3,middle,0.81617266,0.7581826,-0.057990074
46814,1,5,4,last,0.81617266,0.12666874,-0.6895039
38525,1,5,0,first,0.8409717,0.7203119,-0.12065983
38525,1,5,1,middle,0.8409717,0.8349331,-0.006038606
38525,1,5,2,middle,0.8409717,0.83096004,-0.010011673
38525,1,5,3,middle,0.8409717,0.83654076,-0.0044309497
38525,1,5,4,last,0.8409717,0.8341436,-0.0068281293
1098,1,5,0,first,0.8550535,0.86482173,0.009768248
1098,1,5,1,middle,0.8550535,0.83580476,-0.019248724
1098,1,5,2,middle,0.8550535,0.8566391,0.0015856028
1098,1,5,3,middle,0.8550535,0.60803854,-0.24701494
1098,1,5,4,last,0.8550535,0.90834147,0.053287983
1446,1,4,0,first,0.9295565,0.93844575,0.008889258
1446,1,4,1,middle,0.9295565,0.9293006,-0.00025588274
1446,1,4,2,middle,0.9295565,0.9214527,-0.008103788
1446,1,4,3,last,0.9295565,0.5748118,-0.35474467
182,0,5,0,first,0.32536283,0.4678098,0.14244696
182,0,5,1,middle,0.32536283,0.4110873,0.08572447
182,0,5,2,middle,0.32536283,0.30670765,-0.01865518
182,0,5,3,middle,0.32536283,0.28373837,-0.041624457
182,0,5,4,last,0.32536283,0.16292827,-0.16243456
312,0,5,0,first,0.1790752,0.20952606,0.030450866
312,0,5,1,middle,0.1790752,0.22584036,0.046765164
312,0,5,2,middle,0.1790752,0.20581928,0.026744083
312,0,5,3,middle,0.1790752,0.14496496,-0.034110233
312,0,5,4,last,0.1790752,0.16786823,-0.01120697
43960,1,5,0,first,0.7879545,0.6220611,-0.16589344
43960,1,5,1,middle,0.7879545,0.72966874,-0.058285773
43960,1,5,2,middle,0.7879545,0.7882204,0.00026589632
43960,1,5,3,middle,0.7879545,0.7782304,-0.009724081
43960,1,5,4,last,0.7879545,0.8099554,0.022000909
40559,0,4,0,first,0.05141644,0.053835582,0.0024191402
40559,0,4,1,middle,0.05141644,0.06362346,0.012207016
40559,0,4,2,middle,0.05141644,0.04643001,-0.0049864314
40559,0,4,3,last,0.05141644,0.046155635,-0.0052608065
33964,1,5,0,first,0.9416546,0.91187215,-0.029782474
33964,1,5,1,middle,0.9416546,0.9177061,-0.02394855
33964,1,5,2,middle,0.9416546,0.9451966,0.003542006
33964,1,5,3,middle,0.9416546,0.94161606,-3.8564205e-05
33964,1,5,4,last,0.9416546,0.933934,-0.0077206492
1686,1,5,0,first,0.94873726,0.9156104,-0.03312689
1686,1,5,1,middle,0.94873726,0.9438602,-0.0048770905
1686,1,5,2,middle,0.94873726,0.9489391,0.00020182133
1686,1,5,3,middle,0.94873726,0.92445874,-0.024278522
1686,1,5,4,last,0.94873726,0.95162374,0.0028864741
38828,0,5,0,first,0.20994148,0.045598,-0.16434348
38828,0,5,1,middle,0.20994148,0.14347553,-0.066465944
38828,0,5,2,middle,0.20994148,0.28414497,0.07420349
38828,0,5,3,middle,0.20994148,0.1573761,-0.05256538
38828,0,5,4,last,0.20994148,0.3796648,0.16972333
40861,0,5,0,first,0.032214668,0.036022868,0.0038082004
40861,0,5,1,middle,0.032214668,0.03518722,0.0029725507
40861,0,5,2,middle,0.032214668,0.03232078,0.00010611117
40861,0,5,3,middle,0.032214668,0.03485385,0.002639182
40861,0,5,4,last,0.032214668,0.031410612,-0.0008040555
528,0,5,0,first,0.07345702,0.08003717,0.0065801516
528,0,5,1,middle,0.07345702,0.051886793,-0.021570224
528,0,5,2,middle,0.07345702,0.062621064,-0.010835953
528,0,5,3,middle,0.07345702,0.08019957,0.006742552
528,0,5,4,last,0.07345702,0.07726265,0.00380563
1003,0,5,0,first,0.14075522,0.035050392,-0.10570483
1003,0,5,1,middle,0.14075522,0.3546947,0.21393947
1003,0,5,2,middle,0.14075522,0.1831815,0.042426273
1003,0,5,3,middle,0.14075522,0.1384358,-0.0023194253
1003,0,5,4,last,0.14075522,0.17043355,0.02967833
10503,1,5,0,first,0.94579154,0.9483134,0.0025218725
10503,1,5,1,middle,0.94579154,0.9431927,-0.0025988221
10503,1,5,2,middle,0.94579154,0.9362258,-0.009565771
10503,1,5,3,middle,0.94579154,0.9479099,0.002118349
10503,1,5,4,last,0.94579154,0.94256014,-0.0032314062
200,1,5,0,first,0.9087191,0.9119516,0.003232479
200,1,5,1,middle,0.9087191,0.6652237,-0.2434954
200,1,5,2,middle,0.9087191,0.9227641,0.014045
200,1,5,3,middle,0.9087191,0.8565557,-0.052163422
200,1,5,4,last,0.9087191,0.92015433,0.011435211
605,1,4,0,first,0.61502403,0.6196924,0.004668355
605,1,4,1,middle,0.61502403,0.47859612,-0.13642791
605,1,4,2,middle,0.61502403,0.6271838,0.012159765
605,1,4,3,last,0.61502403,0.34275186,-0.27227217
1988,0,5,0,first,0.568268,0.12183088,-0.44643712
1988,0,5,1,middle,0.568268,0.5231662,-0.04510182
1988,0,5,2,middle,0.568268,0.54607356,-0.022194445
1988,0,5,3,middle,0.568268,0.41130885,-0.15695915
1988,0,5,4,last,0.568268,0.6351151,0.066847086
20556,0,5,0,first,0.11953525,0.16765359,0.048118338
20556,0,5,1,middle,0.11953525,0.0498374,-0.06969786
20556,0,5,2,middle,0.11953525,0.22328116,0.10374591
20556,0,5,3,middle,0.11953525,0.044026196,-0.07550906
20556,0,5,4,last,0.11953525,0.06264648,-0.056888774
29907,1,5,0,first,0.91082215,0.9015587,-0.009263456
29907,1,5,1,middle,0.91082215,0.9016218,-0.009200335
29907,1,5,2,middle,0.91082215,0.9068334,-0.003988743
29907,1,5,3,middle,0.91082215,0.91267884,0.0018566847
29907,1,5,4,last,0.91082215,0.9130693,0.0022471547
1280,1,5,0,first,0.8647079,0.849278,-0.015429914
1280,1,5,1,middle,0.8647079,0.7619836,-0.102724314
1280,1,5,2,middle,0.8647079,0.89409065,0.029382765
1280,1,5,3,middle,0.8647079,0.7543383,-0.11036956
1280,1,5,4,last,0.8647079,0.8635763,-0.0011315942
8160,0,5,0,first,0.86459845,0.8518247,-0.012773752
8160,0,5,1,middle,0.86459845,0.82992095,-0.034677505
8160,0,5,2,middle,0.86459845,0.85806066,-0.006537795
8160,0,5,3,middle,0.86459845,0.81410116,-0.050497293
8160,0,5,4,last,0.86459845,0.65520734,-0.20939112
38612,0,4,0,first,0.037016824,0.038627893,0.0016110688
38612,0,4,1,middle,0.037016824,0.041636575,0.004619751
38612,0,4,2,middle,0.037016824,0.037700534,0.00068371
38612,0,4,3,last,0.037016824,0.036677644,-0.00033918023
1232,0,5,0,first,0.06749992,0.08330426,0.015804343
1232,0,5,1,middle,0.06749992,0.061832737,-0.0056671835
1232,0,5,2,middle,0.06749992,0.05550228,-0.01199764
1232,0,5,3,middle,0.06749992,0.052169506,-0.015330415
1232,0,5,4,last,0.06749992,0.03748125,-0.030018672
7886,0,5,0,first,0.03451204,0.031623133,-0.0028889067
7886,0,5,1,middle,0.03451204,0.03558697,0.0010749325
7886,0,5,2,middle,0.03451204,0.03609859,0.001586549
7886,0,5,3,middle,0.03451204,0.03744337,0.0029313304
7886,0,5,4,last,0.03451204,0.038804147,0.004292108
29550,0,4,0,first,0.03960226,0.04973841,0.01013615
29550,0,4,1,middle,0.03960226,0.03631717,-0.0032850914
29550,0,4,2,middle,0.03960226,0.043656655,0.0040543936
29550,0,4,3,last,0.03960226,0.04072091,0.0011186488
1245,1,2,0,first,0.8777921,0.03430737,-0.84348476
1245,1,2,1,last,0.8777921,0.9350728,0.05728066
37288,0,5,0,first,0.042533312,0.04191282,-0.0006204918
37288,0,5,1,middle,0.042533312,0.04219946,-0.00033385307
37288,0,5,2,middle,0.042533312,0.046305038,0.003771726
37288,0,5,3,middle,0.042533312,0.0460474,0.0035140887
37288,0,5,4,last,0.042533312,0.044186845,0.0016535334
44,1,5,0,first,0.87596554,0.77683884,-0.0991267
44,1,5,1,middle,0.87596554,0.86651117,-0.00945437
44,1,5,2,middle,0.87596554,0.8571801,-0.018785417
44,1,5,3,middle,0.87596554,0.9058319,0.029866338
44,1,5,4,last,0.87596554,0.77690095,-0.09906459
1521,0,5,0,first,0.76634955,0.7369825,-0.02936703
1521,0,5,1,middle,0.76634955,0.76140887,-0.0049406886
1521,0,5,2,middle,0.76634955,0.76737136,0.0010218024
1521,0,5,3,middle,0.76634955,0.46786132,-0.29848823
1521,0,5,4,last,0.76634955,0.7297835,-0.03656608
214,1,5,0,first,0.94417644,0.9446961,0.0005196929
214,1,5,1,middle,0.94417644,0.9481844,0.0040079355
214,1,5,2,middle,0.94417644,0.94457847,0.00040203333
214,1,5,3,middle,0.94417644,0.93675905,-0.007417381
214,1,5,4,last,0.94417644,0.8927055,-0.051470935
840,1,5,0,first,0.86698633,0.85449976,-0.012486577
840,1,5,1,middle,0.86698633,0.8596134,-0.0073729157
840,1,5,2,middle,0.86698633,0.68299395,-0.18399239
840,1,5,3,middle,0.86698633,0.840311,-0.026675344
840,1,5,4,last,0.86698633,0.87833565,0.01134932
46170,1,5,0,first,0.87690395,0.89804244,0.02113849
46170,1,5,1,middle,0.87690395,0.9011982,0.024294257
46170,1,5,2,middle,0.87690395,0.5383324,-0.33857155
46170,1,5,3,middle,0.87690395,0.8360041,-0.040899873
46170,1,5,4,last,0.87690395,0.9001277,0.023223758
792,1,5,0,first,0.79178625,0.8839418,0.092155576
792,1,5,1,middle,0.79178625,0.23837282,-0.55341345
792,1,5,2,middle,0.79178625,0.73374873,-0.05803752
792,1,5,3,middle,0.79178625,0.73689353,-0.05489272
792,1,5,4,last,0.79178625,0.7612149,-0.030571342
1805,1,5,0,first,0.9377139,0.93865764,0.00094372034
1805,1,5,1,middle,0.9377139,0.92162704,-0.016086876
1805,1,5,2,middle,0.9377139,0.9401651,0.0024511814
1805,1,5,3,middle,0.9377139,0.88234043,-0.05537349
1805,1,5,4,last,0.9377139,0.9412034,0.0034894943
15216,0,5,0,first,0.8176911,0.876877,0.059185922
15216,0,5,1,middle,0.8176911,0.6585506,-0.15914047
15216,0,5,2,middle,0.8176911,0.82950234,0.011811256
15216,0,5,3,middle,0.8176911,0.80807376,-0.009617329
15216,0,5,4,last,0.8176911,0.63948256,-0.17820853
40460,0,2,0,first,0.8639088,0.37649047,-0.48741835
40460,0,2,1,last,0.8639088,0.8746557,0.010746896
1541,0,5,0,first,0.4229473,0.3119363,-0.111011
1541,0,5,1,middle,0.4229473,0.42715108,0.0042037964
1541,0,5,2,middle,0.4229473,0.42926443,0.0063171387
1541,0,5,3,middle,0.4229473,0.40250394,-0.02044335
1541,0,5,4,last,0.4229473,0.17471094,-0.24823634
31840,0,5,0,first,0.04403288,0.05794463,0.01391175
31840,0,5,1,middle,0.04403288,0.045583162,0.0015502833
31840,0,5,2,middle,0.04403288,0.054717455,0.010684576
31840,0,5,3,middle,0.04403288,0.045722857,0.001689978
31840,0,5,4,last,0.04403288,0.0428514,-0.0011814795
1939,0,5,0,first,0.51098627,0.48406044,-0.026925832
1939,0,5,1,middle,0.51098627,0.418352,-0.09263426
1939,0,5,2,middle,0.51098627,0.5424809,0.031494617
1939,0,5,3,middle,0.51098627,0.46710277,-0.043883502
1939,0,5,4,last,0.51098627,0.5642099,0.05322361
44474,1,5,0,first,0.78190637,0.52811253,-0.25379384
44474,1,5,1,middle,0.78190637,0.63231444,-0.14959192
44474,1,5,2,middle,0.78190637,0.8648043,0.08289796
44474,1,5,3,middle,0.78190637,0.69074744,-0.09115893
44474,1,5,4,last,0.78190637,0.86660165,0.08469528
17318,0,5,0,first,0.41085646,0.20416924,-0.20668721
17318,0,5,1,middle,0.41085646,0.39172447,-0.019131988
17318,0,5,2,middle,0.41085646,0.37015072,-0.04070574
17318,0,5,3,middle,0.41085646,0.39701027,-0.013846189
17318,0,5,4,last,0.41085646,0.48463202,0.07377556
39424,1,5,0,first,0.57845694,0.627195,0.048738062
39424,1,5,1,middle,0.57845694,0.6292649,0.050807953
39424,1,5,2,middle,0.57845694,0.073746175,-0.5047108
39424,1,5,3,middle,0.57845694,0.24166052,-0.3367964
39424,1,5,4,last,0.57845694,0.64513195,0.06667501
1264,1,5,0,first,0.9554974,0.95602924,0.00053185225
1264,1,5,1,middle,0.9554974,0.9564946,0.0009972453
1264,1,5,2,middle,0.9554974,0.95564437,0.00014698505
1264,1,5,3,middle,0.9554974,0.95261604,-0.0028813481
1264,1,5,4,last,0.9554974,0.95194644,-0.0035509467
31345,1,5,0,first,0.95629245,0.95394206,-0.00235039
31345,1,5,1,middle,0.95629245,0.9559691,-0.0003233552
31345,1,5,2,middle,0.95629245,0.9561167,-0.0001757741
31345,1,5,3,middle,0.95629245,0.9570586,0.0007661581
31345,1,5,4,last,0.95629245,0.95190126,-0.0043911934
317,0,5,0,first,0.9321961,0.856095,-0.076101065
317,0,5,1,middle,0.9321961,0.9426791,0.0104830265
317,0,5,2,middle,0.9321961,0.9345775,0.002381444
317,0,5,3,middle,0.9321961,0.86729366,-0.064902425
317,0,5,4,last,0.9321961,0.93821925,0.0060231686
25424,0,5,0,first,0.066470146,0.034466162,-0.032003984
25424,0,5,1,middle,0.066470146,0.06711799,0.0006478429
25424,0,5,2,middle,0.066470146,0.056002457,-0.0104676895
25424,0,5,3,middle,0.066470146,0.15671161,0.09024146
25424,0,5,4,last,0.066470146,0.07906059,0.012590446
573,1,5,0,first,0.7319449,0.5202121,-0.2117328
573,1,5,1,middle,0.7319449,0.7762719,0.04432696
573,1,5,2,middle,0.7319449,0.72683555,-0.0051093698
573,1,5,3,middle,0.7319449,0.7000466,-0.03189832
573,1,5,4,last,0.7319449,0.676914,-0.055030942
43574,1,5,0,first,0.80391556,0.79999495,-0.0039206147
43574,1,5,1,middle,0.80391556,0.85290706,0.0489915
43574,1,5,2,middle,0.80391556,0.43771636,-0.3661992
43574,1,5,3,middle,0.80391556,0.80202323,-0.0018923283
43574,1,5,4,last,0.80391556,0.85266656,0.048750997
1002,0,5,0,first,0.7623481,0.52363044,-0.23871768
1002,0,5,1,middle,0.7623481,0.74745524,-0.014892876
1002,0,5,2,middle,0.7623481,0.75730413,-0.0050439835
1002,0,5,3,middle,0.7623481,0.8050007,0.042652607
1002,0,5,4,last,0.7623481,0.22696404,-0.53538406
32770,1,5,0,first,0.9511067,0.95441085,0.0033041239
32770,1,5,1,middle,0.9511067,0.9420406,-0.009066105
32770,1,5,2,middle,0.9511067,0.9521553,0.0010485649
32770,1,5,3,middle,0.9511067,0.94968665,-0.0014200807
32770,1,5,4,last,0.9511067,0.95180804,0.00070130825
770,1,5,0,first,0.5616266,0.17968549,-0.38194114
770,1,5,1,middle,0.5616266,0.47518235,-0.08644426
770,1,5,2,middle,0.5616266,0.3715898,-0.1900368
770,1,5,3,middle,0.5616266,0.35291865,-0.20870796
770,1,5,4,last,0.5616266,0.70798016,0.14635354
1727,0,5,0,first,0.3418338,0.5457307,0.20389691
1727,0,5,1,middle,0.3418338,0.2892255,-0.05260831
1727,0,5,2,middle,0.3418338,0.53831774,0.19648394
1727,0,5,3,middle,0.3418338,0.12112561,-0.22070819
1727,0,5,4,last,0.3418338,0.33522263,-0.0066111684
2,1,5,0,first,0.9098694,0.83465505,-0.07521433
2,1,5,1,middle,0.9098694,0.89194036,-0.017929018
2,1,5,2,middle,0.9098694,0.89897066,-0.010898709
2,1,5,3,middle,0.9098694,0.92017037,0.010300994
2,1,5,4,last,0.9098694,0.83182216,-0.078047216
6362,0,5,0,first,0.87927645,0.86029726,-0.018979192
6362,0,5,1,middle,0.87927645,0.8644006,-0.014875829
6362,0,5,2,middle,0.87927645,0.8715109,-0.0077655315
6362,0,5,3,middle,0.87927645,0.77104396,-0.1082325
6362,0,5,4,last,0.87927645,0.85089517,-0.028381288
2343,0,5,0,first,0.20478325,0.14896512,-0.055818126
2343,0,5,1,middle,0.20478325,0.12720683,-0.077576414
2343,0,5,2,middle,0.20478325,0.18541439,-0.019368857
2343,0,5,3,middle,0.20478325,0.25431865,0.04953541
2343,0,5,4,last,0.20478325,0.08944295,-0.11534029
10,1,5,0,first,0.9355404,0.939107,0.0035666227
10,1,5,1,middle,0.9355404,0.9311516,-0.0043887496
10,1,5,2,middle,0.9355404,0.89022,-0.04532039
10,1,5,3,middle,0.9355404,0.9304881,-0.0050522685
10,1,5,4,last,0.9355404,0.9213674,-0.014172971
14092,0,5,0,first,0.44690812,0.06271985,-0.38418826
14092,0,5,1,middle,0.44690812,0.33241785,-0.11449027
14092,0,5,2,middle,0.44690812,0.6193899,0.17248178
14092,0,5,3,middle,0.44690812,0.4586471,0.011738986
14092,0,5,4,last,0.44690812,0.44259527,-0.004312843
26210,1,5,0,first,0.38957912,0.6022795,0.21270037
26210,1,5,1,middle,0.38957912,0.31709102,-0.0724881
26210,1,5,2,middle,0.38957912,0.42718968,0.03761056
26210,1,5,3,middle,0.38957912,0.40177748,0.012198359
26210,1,5,4,last,0.38957912,0.048251584,-0.34132755
36370,0,5,0,first,0.6562249,0.58635473,-0.069870174
36370,0,5,1,middle,0.6562249,0.63453084,-0.021694064
36370,0,5,2,middle,0.6562249,0.72108173,0.06485683
36370,0,5,3,middle,0.6562249,0.5418395,-0.114385426
36370,0,5,4,last,0.6562249,0.50972825,-0.14649665
1088,1,4,0,first,0.4237377,0.39189106,-0.031846642
1088,1,4,1,middle,0.4237377,0.4139106,-0.009827107
1088,1,4,2,middle,0.4237377,0.2577599,-0.1659778
1088,1,4,3,last,0.4237377,0.63044226,0.20670456
48702,1,5,0,first,0.9441857,0.81709725,-0.12708843
48702,1,5,1,middle,0.9441857,0.9321931,-0.011992574
48702,1,5,2,middle,0.9441857,0.9454225,0.0012367964
48702,1,5,3,middle,0.9441857,0.94483906,0.0006533861
48702,1,5,4,last,0.9441857,0.94502574,0.00084006786
1104,1,5,0,first,0.93349963,0.94357157,0.010071933
1104,1,5,1,middle,0.93349963,0.90806204,-0.025437593
1104,1,5,2,middle,0.93349963,0.8949023,-0.038597345
1104,1,5,3,middle,0.93349963,0.9372813,0.0037816763
1104,1,5,4,last,0.93349963,0.9318994,-0.0016002059
823,1,5,0,first,0.6741139,0.71535313,0.041239202
823,1,5,1,middle,0.6741139,0.5595963,-0.11451763
823,1,5,2,middle,0.6741139,0.4623817,-0.21173224
823,1,5,3,middle,0.6741139,0.19799621,-0.47611773
823,1,5,4,last,0.6741139,0.6825059,0.008391976
373,1,5,0,first,0.93232995,0.9195316,-0.012798369
373,1,5,1,middle,0.93232995,0.93178624,-0.00054371357
373,1,5,2,middle,0.93232995,0.93191016,-0.0004197955
373,1,5,3,middle,0.93232995,0.9317553,-0.0005746484
373,1,5,4,last,0.93232995,0.9215521,-0.010777831
7046,0,5,0,first,0.03894149,0.039353367,0.00041187555
7046,0,5,1,middle,0.03894149,0.03888608,-5.5409968e-05
7046,0,5,2,middle,0.03894149,0.03991876,0.0009772703
7046,0,5,3,middle,0.03894149,0.042052966,0.0031114742
7046,0,5,4,last,0.03894149,0.04022638,0.0012848899
994,0,5,0,first,0.3356199,0.45378456,0.11816466
994,0,5,1,middle,0.3356199,0.61514056,0.27952066
994,0,5,2,middle,0.3356199,0.21492995,-0.12068994
994,0,5,3,middle,0.3356199,0.39508513,0.05946523
994,0,5,4,last,0.3356199,0.15847017,-0.17714973
52469,0,4,0,first,0.04178163,0.08287341,0.04109178
52469,0,4,1,middle,0.04178163,0.03882358,-0.0029580519
52469,0,4,2,middle,0.04178163,0.037553396,-0.0042282343
52469,0,4,3,last,0.04178163,0.03682338,-0.0049582496
1625,1,5,0,first,0.9516582,0.94455945,-0.0070987344
1625,1,5,1,middle,0.9516582,0.9558722,0.004213989
1625,1,5,2,middle,0.9516582,0.95441073,0.0027525425
1625,1,5,3,middle,0.9516582,0.9492608,-0.002397418
1625,1,5,4,last,0.9516582,0.95133007,-0.00032812357
50021,0,5,0,first,0.085719086,0.0793399,-0.006379187
50021,0,5,1,middle,0.085719086,0.107905366,0.02218628
50021,0,5,2,middle,0.085719086,0.055835653,-0.029883433
50021,0,5,3,middle,0.085719086,0.06477673,-0.020942353
50021,0,5,4,last,0.085719086,0.08477415,-0.0009449348
11398,0,5,0,first,0.23738885,0.621726,0.38433713
11398,0,5,1,middle,0.23738885,0.11462987,-0.12275898
11398,0,5,2,middle,0.23738885,0.15039013,-0.086998716
11398,0,5,3,middle,0.23738885,0.1514904,-0.085898444
11398,0,5,4,last,0.23738885,0.3087856,0.07139674
16479,1,5,0,first,0.9188809,0.91303366,-0.0058472157
16479,1,5,1,middle,0.9188809,0.9079324,-0.010948479
16479,1,5,2,middle,0.9188809,0.9216958,0.0028149486
16479,1,5,3,middle,0.9188809,0.912947,-0.005933881
16479,1,5,4,last,0.9188809,0.9056165,-0.013264358
1631,1,5,0,first,0.03914726,0.058693018,0.019545756
1631,1,5,1,middle,0.03914726,0.037123844,-0.0020234175
1631,1,5,2,middle,0.03914726,0.034864094,-0.0042831674
1631,1,5,3,middle,0.03914726,0.07001244,0.030865181
1631,1,5,4,last,0.03914726,0.044504274,0.005357012
13738,0,5,0,first,0.8369026,0.82694614,-0.009956479
13738,0,5,1,middle,0.8369026,0.7722571,-0.06464553
13738,0,5,2,middle,0.8369026,0.6991594,-0.13774323
13738,0,5,3,middle,0.8369026,0.75490314,-0.08199948
13738,0,5,4,last,0.8369026,0.67020977,-0.16669285
1260,1,4,0,first,0.80902016,0.090596914,-0.71842325
1260,1,4,1,middle,0.80902016,0.84729016,0.038269997
1260,1,4,2,middle,0.80902016,0.7788963,-0.03012389
1260,1,4,3,last,0.80902016,0.8356457,0.026625514
709,1,5,0,first,0.5094767,0.2570346,-0.25244212
709,1,5,1,middle,0.5094767,0.24007389,-0.26940283
709,1,5,2,middle,0.5094767,0.29622948,-0.21324724
709,1,5,3,middle,0.5094767,0.3940895,-0.11538723
709,1,5,4,last,0.5094767,0.6890611,0.17958438
708,1,5,0,first,0.89721084,0.7664563,-0.13075453
708,1,5,1,middle,0.89721084,0.90711504,0.009904206
708,1,5,2,middle,0.89721084,0.87793404,-0.019276798
708,1,5,3,middle,0.89721084,0.87961215,-0.017598689
708,1,5,4,last,0.89721084,0.8819241,-0.015286744
236,1,4,0,first,0.8221064,0.7964388,-0.025667608
236,1,4,1,middle,0.8221064,0.8395942,0.017487764
236,1,4,2,middle,0.8221064,0.77068764,-0.05141878
236,1,4,3,last,0.8221064,0.7652908,-0.056815624
1116,0,3,0,first,0.11374662,0.0867938,-0.026952818
1116,0,3,1,middle,0.11374662,0.39086148,0.27711487
1116,0,3,2,last,0.11374662,0.0398915,-0.07385512
1596,1,5,0,first,0.64945966,0.15298456,-0.4964751
1596,1,5,1,middle,0.64945966,0.5181937,-0.13126594
1596,1,5,2,middle,0.64945966,0.8375337,0.18807405
1596,1,5,3,middle,0.64945966,0.69987524,0.050415576
1596,1,5,4,last,0.64945966,0.6000168,-0.049442887
50886,0,5,0,first,0.8714192,0.86621857,-0.0052006245
50886,0,5,1,middle,0.8714192,0.8599393,-0.011479914
50886,0,5,2,middle,0.8714192,0.8188577,-0.052561462
50886,0,5,3,middle,0.8714192,0.86335015,-0.008069038
50886,0,5,4,last,0.8714192,0.86319524,-0.008223951
37177,1,5,0,first,0.5100077,0.55810905,0.048101366
37177,1,5,1,middle,0.5100077,0.45229137,-0.05771631
37177,1,5,2,middle,0.5100077,0.4361618,-0.07384589
37177,1,5,3,middle,0.5100077,0.5737516,0.06374395
37177,1,5,4,last,0.5100077,0.32374403,-0.18626365
1061,1,5,0,first,0.94949704,0.9476892,-0.0018078685
1061,1,5,1,middle,0.94949704,0.94405496,-0.005442083
1061,1,5,2,middle,0.94949704,0.9432356,-0.006261468
1061,1,5,3,middle,0.94949704,0.9374814,-0.012015641
1061,1,5,4,last,0.94949704,0.9509712,0.0014741421
49791,1,5,0,first,0.95100105,0.93699837,-0.014002681
49791,1,5,1,middle,0.95100105,0.9435978,-0.0074032545
49791,1,5,2,middle,0.95100105,0.93916243,-0.011838615
49791,1,5,3,middle,0.95100105,0.93862534,-0.012375712
49791,1,5,4,last,0.95100105,0.95719653,0.0061954856
475,1,5,0,first,0.1864412,0.13153541,-0.054905787
475,1,5,1,middle,0.1864412,0.08436065,-0.10208055
475,1,5,2,middle,0.1864412,0.31389537,0.12745418
475,1,5,3,middle,0.1864412,0.16929644,-0.017144755
475,1,5,4,last,0.1864412,0.06597325,-0.120467946
1796,1,5,0,first,0.9544695,0.9543484,-0.00012111664
1796,1,5,1,middle,0.9544695,0.95459235,0.00012284517
1796,1,5,2,middle,0.9544695,0.95478463,0.00031512976
1796,1,5,3,middle,0.9544695,0.9492731,-0.0051963925
1796,1,5,4,last,0.9544695,0.95309484,-0.0013746619
48013,1,5,0,first,0.907312,0.90279496,-0.004517019
48013,1,5,1,middle,0.907312,0.8947311,-0.012580872
48013,1,5,2,middle,0.907312,0.90553147,-0.00178051
48013,1,5,3,middle,0.907312,0.8774065,-0.029905498
48013,1,5,4,last,0.907312,0.9012914,-0.0060206056
54707,1,5,0,first,0.944076,0.9480393,0.0039632916
54707,1,5,1,middle,0.944076,0.94053364,-0.0035423636
54707,1,5,2,middle,0.944076,0.93744797,-0.0066280365
54707,1,5,3,middle,0.944076,0.9371111,-0.006964922
54707,1,5,4,last,0.944076,0.9300313,-0.014044702
28063,0,5,0,first,0.036603134,0.04389638,0.0072932467
28063,0,5,1,middle,0.036603134,0.03471297,-0.0018901639
28063,0,5,2,middle,0.036603134,0.036416583,-0.00018655136
28063,0,5,3,middle,0.036603134,0.03730037,0.0006972365
28063,0,5,4,last,0.036603134,0.040229935,0.003626801
20141,1,5,0,first,0.9446556,0.94008183,-0.0045737624
20141,1,5,1,middle,0.9446556,0.93858844,-0.006067157
20141,1,5,2,middle,0.9446556,0.9453808,0.0007252097
20141,1,5,3,middle,0.9446556,0.9347678,-0.0098878145
20141,1,5,4,last,0.9446556,0.9290427,-0.0156129
1427,0,3,0,first,0.32546514,0.38534707,0.059881926
1427,0,3,1,middle,0.32546514,0.18369146,-0.14177369
1427,0,3,2,last,0.32546514,0.09872379,-0.22674134
816,0,5,0,first,0.7550654,0.7870833,0.032017946
816,0,5,1,middle,0.7550654,0.7246012,-0.030464172
816,0,5,2,middle,0.7550654,0.7131399,-0.04192549
816,0,5,3,middle,0.7550654,0.7233247,-0.031740665
816,0,5,4,last,0.7550654,0.60612273,-0.14894265
886,1,5,0,first,0.911307,0.5422823,-0.3690247
886,1,5,1,middle,0.911307,0.92018825,0.008881271
886,1,5,2,middle,0.911307,0.9022384,-0.009068549
886,1,5,3,middle,0.911307,0.90811217,-0.003194809
886,1,5,4,last,0.911307,0.89211774,-0.019189239
1356,0,4,0,first,0.911348,0.90525484,-0.0060931444
1356,0,4,1,middle,0.911348,0.9150621,0.0037141442
1356,0,4,2,middle,0.911348,0.65068716,-0.26066083
1356,0,4,3,last,0.911348,0.79572827,-0.11561972
1000,1,5,0,first,0.9394915,0.9381569,-0.0013346076
1000,1,5,1,middle,0.9394915,0.9050651,-0.03442639
1000,1,5,2,middle,0.9394915,0.9123938,-0.027097702
1000,1,5,3,middle,0.9394915,0.9291849,-0.010306597
1000,1,5,4,last,0.9394915,0.94836265,0.008871138
1238,0,5,0,first,0.050709955,0.050487954,-0.00022200122
1238,0,5,1,middle,0.050709955,0.06032507,0.009615116
1238,0,5,2,middle,0.050709955,0.050814625,0.00010466948
1238,0,5,3,middle,0.050709955,0.049215287,-0.0014946684
1238,0,5,4,last,0.050709955,0.050462916,-0.0002470389
872,1,5,0,first,0.31208658,0.33343953,0.021352947
872,1,5,1,middle,0.31208658,0.23590085,-0.07618573
872,1,5,2,middle,0.31208658,0.0932562,-0.21883038
872,1,5,3,middle,0.31208658,0.28380364,-0.02828294
872,1,5,4,last,0.31208658,0.2131086,-0.09897798
31149,1,5,0,first,0.8315397,0.7547757,-0.07676399
31149,1,5,1,middle,0.8315397,0.26762924,-0.5639105
31149,1,5,2,middle,0.8315397,0.76141,-0.07012969
31149,1,5,3,middle,0.8315397,0.8109628,-0.020576894
31149,1,5,4,last,0.8315397,0.8236733,-0.007866383
1038,1,5,0,first,0.7019888,0.72993857,0.02794975
1038,1,5,1,middle,0.7019888,0.6769812,-0.025007606
1038,1,5,2,middle,0.7019888,0.7380195,0.03603071
1038,1,5,3,middle,0.7019888,0.59657997,-0.10540885
1038,1,5,4,last,0.7019888,0.60302824,-0.09896058
1636,1,5,0,first,0.8620535,0.8520161,-0.010037422
1636,1,5,1,middle,0.8620535,0.86821616,0.0061626434
1636,1,5,2,middle,0.8620535,0.8549085,-0.0071449876
1636,1,5,3,middle,0.8620535,0.79784745,-0.064206064
1636,1,5,4,last,0.8620535,0.8829686,0.020915091
2247,0,5,0,first,0.89382,0.9229555,0.029135525
2247,0,5,1,middle,0.89382,0.83454585,-0.059274137
2247,0,5,2,middle,0.89382,0.8920321,-0.0017879009
2247,0,5,3,middle,0.89382,0.80271554,-0.09110445
2247,0,5,4,last,0.89382,0.8454304,-0.048389614
14833,0,5,0,first,0.2363002,0.40539688,0.16909668
14833,0,5,1,middle,0.2363002,0.10609435,-0.13020584
14833,0,5,2,middle,0.2363002,0.5098734,0.2735732
14833,0,5,3,middle,0.2363002,0.13573489,-0.100565314
14833,0,5,4,last,0.2363002,0.27807656,0.04177636
788,1,5,0,first,0.9467763,0.94817615,0.0013998747
788,1,5,1,middle,0.9467763,0.9235744,-0.023201883
788,1,5,2,middle,0.9467763,0.93749344,-0.009282827
788,1,5,3,middle,0.9467763,0.94614714,-0.000629127
788,1,5,4,last,0.9467763,0.9334059,-0.013370395
9638,1,5,0,first,0.76493835,0.47713003,-0.28780833
9638,1,5,1,middle,0.76493835,0.69871706,-0.0662213
9638,1,5,2,middle,0.76493835,0.7838231,0.018884718
9638,1,5,3,middle,0.76493835,0.17248632,-0.59245205
9638,1,5,4,last,0.76493835,0.7280592,-0.03687918
1996,1,5,0,first,0.945281,0.93027264,-0.01500839
1996,1,5,1,middle,0.945281,0.9415291,-0.0037519336
1996,1,5,2,middle,0.945281,0.94905734,0.0037763119
1996,1,5,3,middle,0.945281,0.9297014,-0.015579641
1996,1,5,4,last,0.945281,0.9176064,-0.027674615
562,0,4,0,first,0.30608982,0.30919152,0.0031017065
562,0,4,1,middle,0.30608982,0.30516276,-0.00092706084
562,0,4,2,middle,0.30608982,0.26636806,-0.039721757
562,0,4,3,last,0.30608982,0.16591853,-0.14017129
13512,1,5,0,first,0.9435698,0.9223084,-0.021261394
13512,1,5,1,middle,0.9435698,0.9224026,-0.02116716
13512,1,5,2,middle,0.9435698,0.9147296,-0.028840184
13512,1,5,3,middle,0.9435698,0.9369906,-0.0065791607
13512,1,5,4,last,0.9435698,0.9439894,0.0004196167
31648,0,5,0,first,0.9417549,0.9260638,-0.015691102
31648,0,5,1,middle,0.9417549,0.93616,-0.0055948496
31648,0,5,2,middle,0.9417549,0.9347165,-0.007038355
31648,0,5,3,middle,0.9417549,0.92621696,-0.015537918
31648,0,5,4,last,0.9417549,0.9334147,-0.00834018
201,0,5,0,first,0.94364166,0.94340825,-0.00023341179
201,0,5,1,middle,0.94364166,0.9262993,-0.017342389
201,0,5,2,middle,0.94364166,0.9263455,-0.017296135
201,0,5,3,middle,0.94364166,0.89874005,-0.04490161
201,0,5,4,last,0.94364166,0.9434081,-0.0002335906
25825,1,5,0,first,0.9441675,0.94042563,-0.0037418604
25825,1,5,1,middle,0.9441675,0.9391366,-0.0050308704
25825,1,5,2,middle,0.9441675,0.93483406,-0.009333432
25825,1,5,3,middle,0.9441675,0.94403803,-0.00012946129
25825,1,5,4,last,0.9441675,0.94537455,0.0012070537
832,0,5,0,first,0.21539462,0.29638144,0.08098683
832,0,5,1,middle,0.21539462,0.23786981,0.022475198
832,0,5,2,middle,0.21539462,0.21626283,0.00086821616
832,0,5,3,middle,0.21539462,0.072715424,-0.14267918
832,0,5,4,last,0.21539462,0.26189786,0.046503246
14630,0,5,0,first,0.0412792,0.0432373,0.0019580983
14630,0,5,1,middle,0.0412792,0.043810345,0.0025311448
14630,0,5,2,middle,0.0412792,0.04493643,0.0036572292
14630,0,5,3,middle,0.0412792,0.043026235,0.0017470345
14630,0,5,4,last,0.0412792,0.04414608,0.002866879
45717,0,4,0,first,0.27217153,0.26095915,-0.011212379
45717,0,4,1,middle,0.27217153,0.101813674,-0.17035785
45717,0,4,2,middle,0.27217153,0.2535833,-0.018588215
45717,0,4,3,last,0.27217153,0.6601596,0.38798806
733,0,4,0,first,0.86677456,0.33402833,-0.5327462
733,0,4,1,middle,0.86677456,0.35315767,-0.5136169
733,0,4,2,middle,0.86677456,0.9056979,0.038923323
733,0,4,3,last,0.86677456,0.86247635,-0.00429821
1160,0,5,0,first,0.90209717,0.8348705,-0.06722665
1160,0,5,1,middle,0.90209717,0.8532596,-0.048837543
1160,0,5,2,middle,0.90209717,0.8704345,-0.031662643
1160,0,5,3,middle,0.90209717,0.8926041,-0.009493053
1160,0,5,4,last,0.90209717,0.89142674,-0.0106704235
54546,0,5,0,first,0.055601787,0.057313014,0.001711227
54546,0,5,1,middle,0.055601787,0.042243183,-0.013358604
54546,0,5,2,middle,0.055601787,0.05614157,0.0005397834
54546,0,5,3,middle,0.055601787,0.048604958,-0.006996829
54546,0,5,4,last,0.055601787,0.035876494,-0.019725293
50991,0,5,0,first,0.34460166,0.22941624,-0.115185425
50991,0,5,1,middle,0.34460166,0.43146983,0.08686817
50991,0,5,2,middle,0.34460166,0.20810391,-0.13649775
50991,0,5,3,middle,0.34460166,0.5814982,0.23689654
50991,0,5,4,last,0.34460166,0.2967135,-0.04788816
1515,1,5,0,first,0.8133733,0.8317622,0.018388867
1515,1,5,1,middle,0.8133733,0.7580738,-0.05529952
1515,1,5,2,middle,0.8133733,0.71612304,-0.09725028
1515,1,5,3,middle,0.8133733,0.72272855,-0.09064478
1515,1,5,4,last,0.8133733,0.84707135,0.033698022
53352,0,5,0,first,0.267184,0.20183103,-0.06535296
53352,0,5,1,middle,0.267184,0.23909342,-0.028090566
53352,0,5,2,middle,0.267184,0.38472337,0.117539376
53352,0,5,3,middle,0.267184,0.21686697,-0.05031702
53352,0,5,4,last,0.267184,0.28046378,0.013279796
39231,1,5,0,first,0.6305446,0.8225136,0.19196898
39231,1,5,1,middle,0.6305446,0.124169625,-0.50637496
39231,1,5,2,middle,0.6305446,0.6539595,0.02341491
39231,1,5,3,middle,0.6305446,0.46158275,-0.16896185
39231,1,5,4,last,0.6305446,0.73279995,0.102255344
44843,1,5,0,first,0.9523373,0.9475622,-0.004775107
44843,1,5,1,middle,0.9523373,0.94131094,-0.011026382
44843,1,5,2,middle,0.9523373,0.9474299,-0.004907429
44843,1,5,3,middle,0.9523373,0.95053744,-0.0017998815
44843,1,5,4,last,0.9523373,0.954168,0.0018306971
1453,1,5,0,first,0.9399235,0.8134752,-0.12644833
1453,1,5,1,middle,0.9399235,0.94095033,0.0010268092
1453,1,5,2,middle,0.9399235,0.9324986,-0.0074249506
1453,1,5,3,middle,0.9399235,0.942664,0.0027405024
1453,1,5,4,last,0.9399235,0.93865126,-0.0012722611
185,1,5,0,first,0.9231706,0.6632519,-0.25991875
185,1,5,1,middle,0.9231706,0.89774513,-0.025425494
185,1,5,2,middle,0.9231706,0.91819525,-0.0049753785
185,1,5,3,middle,0.9231706,0.9335231,0.010352492
185,1,5,4,last,0.9231706,0.928265,0.0050943494
33288,1,5,0,first,0.3965911,0.43313077,0.036539674
33288,1,5,1,middle,0.3965911,0.5744676,0.1778765
33288,1,5,2,middle,0.3965911,0.3624759,-0.034115195
33288,1,5,3,middle,0.3965911,0.34206107,-0.054530025
33288,1,5,4,last,0.3965911,0.07580531,-0.3207858
742,1,5,0,first,0.7644534,0.83296573,0.06851232
742,1,5,1,middle,0.7644534,0.6971717,-0.06728172
742,1,5,2,middle,0.7644534,0.58667123,-0.17778218
742,1,5,3,middle,0.7644534,0.84351856,0.079065144
742,1,5,4,last,0.7644534,0.82853043,0.06407702
49656,1,5,0,first,0.8816898,0.8680845,-0.013605297
49656,1,5,1,middle,0.8816898,0.8511031,-0.03058666
49656,1,5,2,middle,0.8816898,0.8486281,-0.033061683
49656,1,5,3,middle,0.8816898,0.83956206,-0.04212773
49656,1,5,4,last,0.8816898,0.8696304,-0.012059391
1620,0,5,0,first,0.22373207,0.16473678,-0.05899529
1620,0,5,1,middle,0.22373207,0.35733685,0.13360478
1620,0,5,2,middle,0.22373207,0.24837121,0.024639145
1620,0,5,3,middle,0.22373207,0.1122728,-0.11145927
1620,0,5,4,last,0.22373207,0.089273736,-0.13445833
20039,0,5,0,first,0.10430325,0.13269182,0.028388567
20039,0,5,1,middle,0.10430325,0.12130962,0.017006375
20039,0,5,2,middle,0.10430325,0.24254225,0.138239
20039,0,5,3,middle,0.10430325,0.14714697,0.04284372
20039,0,5,4,last,0.10430325,0.05345811,-0.05084514
27186,1,5,0,first,0.19186471,0.08884552,-0.10301919
27186,1,5,1,middle,0.19186471,0.25567886,0.06381415
27186,1,5,2,middle,0.19186471,0.20517397,0.013309255
27186,1,5,3,middle,0.19186471,0.23481354,0.042948827
27186,1,5,4,last,0.19186471,0.19472083,0.0028561205
507,0,4,0,first,0.24865882,0.09164492,-0.1570139
507,0,4,1,middle,0.24865882,0.5117837,0.26312488
507,0,4,2,middle,0.24865882,0.091466315,-0.1571925
507,0,4,3,last,0.24865882,0.4886956,0.24003677
25139,1,5,0,first,0.7353775,0.83022195,0.09484446
25139,1,5,1,middle,0.7353775,0.21078275,-0.5245947
25139,1,5,2,middle,0.7353775,0.681557,-0.05382049
25139,1,5,3,middle,0.7353775,0.31032154,-0.42505595
25139,1,5,4,last,0.7353775,0.6132967,-0.1220808
6333,1,5,0,first,0.05199663,0.057279885,0.005283255
6333,1,5,1,middle,0.05199663,0.049993582,-0.0020030476
6333,1,5,2,middle,0.05199663,0.039969265,-0.012027364
6333,1,5,3,middle,0.05199663,0.060230996,0.008234367
6333,1,5,4,last,0.05199663,0.06229136,0.010294732
2160,1,5,0,first,0.7020862,0.60547024,-0.09661597
2160,1,5,1,middle,0.7020862,0.3338544,-0.3682318
2160,1,5,2,middle,0.7020862,0.57811534,-0.123970866
2160,1,5,3,middle,0.7020862,0.84419894,0.14211273
2160,1,5,4,last,0.7020862,0.71328986,0.011203647
41942,1,5,0,first,0.94821596,0.9376271,-0.010588884
41942,1,5,1,middle,0.94821596,0.94447917,-0.003736794
41942,1,5,2,middle,0.94821596,0.9457109,-0.002505064
41942,1,5,3,middle,0.94821596,0.9460592,-0.0021567345
41942,1,5,4,last,0.94821596,0.9462177,-0.0019982457
526,1,4,0,first,0.9382688,0.93365186,-0.004616916
526,1,4,1,middle,0.9382688,0.9474273,0.009158492
526,1,4,2,middle,0.9382688,0.9350733,-0.0031954646
526,1,4,3,last,0.9382688,0.9053625,-0.032906294
53273,1,4,0,first,0.9316396,0.9295661,-0.0020735264
53273,1,4,1,middle,0.9316396,0.945169,0.01352936
53273,1,4,2,middle,0.9316396,0.91777366,-0.013865948
53273,1,4,3,last,0.9316396,0.27562094,-0.6560187
2253,0,5,0,first,0.15887408,0.13105157,-0.02782251
2253,0,5,1,middle,0.15887408,0.2269682,0.06809412
2253,0,5,2,middle,0.15887408,0.37615857,0.21728449
2253,0,5,3,middle,0.15887408,0.055360902,-0.10351318
2253,0,5,4,last,0.15887408,0.09209607,-0.06677801
9177,0,5,0,first,0.039896414,0.04934506,0.0094486475
9177,0,5,1,middle,0.039896414,0.0401976,0.000301186
9177,0,5,2,middle,0.039896414,0.036915973,-0.0029804409
9177,0,5,3,middle,0.039896414,0.037125353,-0.002771061
9177,0,5,4,last,0.039896414,0.040799916,0.0009035021
54458,1,5,0,first,0.94579077,0.94323134,-0.0025594234
54458,1,5,1,middle,0.94579077,0.9452797,-0.0005110502
54458,1,5,2,middle,0.94579077,0.9435115,-0.0022792816
54458,1,5,3,middle,0.94579077,0.9370499,-0.008740842
54458,1,5,4,last,0.94579077,0.92838115,-0.017409623
28,0,5,0,first,0.810875,0.79095936,-0.01991564
28,0,5,1,middle,0.810875,0.7881502,-0.022724807
28,0,5,2,middle,0.810875,0.7836352,-0.0272398
28,0,5,3,middle,0.810875,0.55478656,-0.25608844
28,0,5,4,last,0.810875,0.85707885,0.04620385
412,0,5,0,first,0.60308266,0.6608348,0.057752132
412,0,5,1,middle,0.60308266,0.30611077,-0.2969719
412,0,5,2,middle,0.60308266,0.5555433,-0.047539353
412,0,5,3,middle,0.60308266,0.11971522,-0.48336744
412,0,5,4,last,0.60308266,0.63570654,0.032623887
2311,0,7,0,first,0.12244773,0.14359799,0.021150261
2311,0,7,1,middle,0.12244773,0.06308917,-0.05935856
2311,0,7,2,middle,0.12244773,0.1341622,0.011714473
2311,0,7,3,middle,0.12244773,0.06500624,-0.057441488
2311,0,7,4,middle,0.12244773,0.2436935,0.12124577
2311,0,7,5,middle,0.12244773,0.121985495,-0.00046223402
2311,0,7,6,last,0.12244773,0.1244733,0.0020255744
295,0,5,0,first,0.79380614,0.92122453,0.1274184
295,0,5,1,middle,0.79380614,0.8226076,0.028801441
295,0,5,2,middle,0.79380614,0.73348653,-0.060319602
295,0,5,3,middle,0.79380614,0.7520811,-0.04172504
295,0,5,4,last,0.79380614,0.18979122,-0.60401493
42658,0,5,0,first,0.55719644,0.15143712,-0.40575933
42658,0,5,1,middle,0.55719644,0.42401603,-0.13318041
42658,0,5,2,middle,0.55719644,0.4770267,-0.08016974
42658,0,5,3,middle,0.55719644,0.63510394,0.0779075
42658,0,5,4,last,0.55719644,0.592215,0.035018563
62,1,5,0,first,0.9517898,0.9514507,-0.00033909082
62,1,5,1,middle,0.9517898,0.95111954,-0.00067025423
62,1,5,2,middle,0.9517898,0.951112,-0.000677824
62,1,5,3,middle,0.9517898,0.944845,-0.0069447756
62,1,5,4,last,0.9517898,0.94948554,-0.002304256
3566,1,5,0,first,0.73386467,0.51436675,-0.21949792
3566,1,5,1,middle,0.73386467,0.839312,0.10544735
3566,1,5,2,middle,0.73386467,0.8277749,0.09391022
3566,1,5,3,middle,0.73386467,0.7678214,0.033956707
3566,1,5,4,last,0.73386467,0.083513446,-0.6503512
26403,0,5,0,first,0.04809694,0.036882266,-0.0112146735
26403,0,5,1,middle,0.04809694,0.08805398,0.03995704
26403,0,5,2,middle,0.04809694,0.04918397,0.0010870285
26403,0,5,3,middle,0.04809694,0.04346087,-0.0046360716
26403,0,5,4,last,0.04809694,0.041701667,-0.006395273
9217,0,5,0,first,0.04077119,0.045268383,0.004497193
9217,0,5,1,middle,0.04077119,0.039659683,-0.0011115074
9217,0,5,2,middle,0.04077119,0.037464645,-0.0033065453
9217,0,5,3,middle,0.04077119,0.03921164,-0.0015595518
9217,0,5,4,last,0.04077119,0.06648977,0.025718581
20934,0,2,0,first,0.46405774,0.6212616,0.15720385
20934,0,2,1,last,0.46405774,0.124532096,-0.33952564
166,0,4,0,first,0.48783493,0.2116088,-0.27622613
166,0,4,1,middle,0.48783493,0.28921357,-0.19862136
166,0,4,2,middle,0.48783493,0.22144118,-0.26639375
166,0,4,3,last,0.48783493,0.38089782,-0.10693711
155,0,5,0,first,0.09792632,0.12445898,0.026532665
155,0,5,1,middle,0.09792632,0.10244497,0.0045186505
155,0,5,2,middle,0.09792632,0.05570122,-0.0422251
155,0,5,3,middle,0.09792632,0.053321503,-0.044604816
155,0,5,4,last,0.09792632,0.23499386,0.13706754
1674,0,5,0,first,0.06708532,0.13601774,0.06893242
1674,0,5,1,middle,0.06708532,0.057136737,-0.009948581
1674,0,5,2,middle,0.06708532,0.057513125,-0.009572193
1674,0,5,3,middle,0.06708532,0.08616004,0.019074723
1674,0,5,4,last,0.06708532,0.04960597,-0.017479349
1659,0,5,0,first,0.048604075,0.050537087,0.0019330122
1659,0,5,1,middle,0.048604075,0.06483403,0.016229954
1659,0,5,2,middle,0.048604075,0.046874058,-0.0017300174
1659,0,5,3,middle,0.048604075,0.04410286,-0.004501216
1659,0,5,4,last,0.048604075,0.045712017,-0.0028920583
1431,0,5,0,first,0.7893284,0.79513526,0.0058068633
1431,0,5,1,middle,0.7893284,0.5712986,-0.2180298
1431,0,5,2,middle,0.7893284,0.75031614,-0.039012253
1431,0,5,3,middle,0.7893284,0.600197,-0.18913138
1431,0,5,4,last,0.7893284,0.7350974,-0.054230988
22370,0,5,0,first,0.062724054,0.046825085,-0.015898969
22370,0,5,1,middle,0.062724054,0.07454724,0.011823185
22370,0,5,2,middle,0.062724054,0.070079625,0.007355571
22370,0,5,3,middle,0.062724054,0.0665017,0.0037776455
22370,0,5,4,last,0.062724054,0.051142585,-0.011581469
1858,1,5,0,first,0.92225236,0.84278727,-0.07946509
1858,1,5,1,middle,0.92225236,0.91915303,-0.0030993223
1858,1,5,2,middle,0.92225236,0.910303,-0.01194936
1858,1,5,3,middle,0.92225236,0.9362938,0.014041424
1858,1,5,4,last,0.92225236,0.8744986,-0.04775375
48421,1,5,0,first,0.9403647,0.9346283,-0.0057364106
48421,1,5,1,middle,0.9403647,0.94277835,0.0024136305
48421,1,5,2,middle,0.9403647,0.9333129,-0.0070518255
48421,1,5,3,middle,0.9403647,0.92443013,-0.015934587
48421,1,5,4,last,0.9403647,0.9081568,-0.032207906
149,0,5,0,first,0.3575851,0.44840002,0.09081492
149,0,5,1,middle,0.3575851,0.17858426,-0.17900084
149,0,5,2,middle,0.3575851,0.15343983,-0.20414527
149,0,5,3,middle,0.3575851,0.48101482,0.123429716
149,0,5,4,last,0.3575851,0.34353852,-0.01404658
24769,1,5,0,first,0.9528506,0.9441705,-0.008680105
24769,1,5,1,middle,0.9528506,0.95153457,-0.001316011
24769,1,5,2,middle,0.9528506,0.9517725,-0.0010780692
24769,1,5,3,middle,0.9528506,0.942836,-0.010014594
24769,1,5,4,last,0.9528506,0.9422005,-0.010650098
419,1,5,0,first,0.7525399,0.53213835,-0.22040153
419,1,5,1,middle,0.7525399,0.80946726,0.056927383
419,1,5,2,middle,0.7525399,0.8650865,0.11254662
419,1,5,3,middle,0.7525399,0.38366032,-0.36887956
419,1,5,4,last,0.7525399,0.72062284,-0.031917036
1445,1,5,0,first,0.9469416,0.94876724,0.0018256307
1445,1,5,1,middle,0.9469416,0.92719054,-0.019751072
1445,1,5,2,middle,0.9469416,0.9279803,-0.01896131
1445,1,5,3,middle,0.9469416,0.94164807,-0.005293548
1445,1,5,4,last,0.9469416,0.94787794,0.00093632936
36811,1,5,0,first,0.8601558,0.84721845,-0.012937367
36811,1,5,1,middle,0.8601558,0.8119703,-0.048185527
36811,1,5,2,middle,0.8601558,0.80876696,-0.05138886
36811,1,5,3,middle,0.8601558,0.883196,0.023040175
36811,1,5,4,last,0.8601558,0.71631736,-0.14383847
42662,0,5,0,first,0.6326817,0.8357825,0.2031008
42662,0,5,1,middle,0.6326817,0.16356853,-0.4691132
42662,0,5,2,middle,0.6326817,0.63620234,0.003520608
42662,0,5,3,middle,0.6326817,0.7073449,0.07466316
42662,0,5,4,last,0.6326817,0.15411629,-0.47856545
19879,0,5,0,first,0.8934078,0.88657165,-0.006836176
19879,0,5,1,middle,0.8934078,0.40727532,-0.4861325
19879,0,5,2,middle,0.8934078,0.870132,-0.023275793
19879,0,5,3,middle,0.8934078,0.90605426,0.012646437
19879,0,5,4,last,0.8934078,0.9056518,0.012243986
9259,1,5,0,first,0.95242476,0.9527233,0.00029855967
9259,1,5,1,middle,0.95242476,0.9505014,-0.0019233823
9259,1,5,2,middle,0.95242476,0.9475138,-0.004910946
9259,1,5,3,middle,0.95242476,0.9538989,0.0014741421
9259,1,5,4,last,0.95242476,0.95157367,-0.0008510947
6218,0,5,0,first,0.2890783,0.17752178,-0.111556515
6218,0,5,1,middle,0.2890783,0.41954592,0.13046762
6218,0,5,2,middle,0.2890783,0.2761982,-0.012880087
6218,0,5,3,middle,0.2890783,0.30137163,0.012293339
6218,0,5,4,last,0.2890783,0.120021224,-0.16905707
50834,0,4,0,first,0.10546036,0.08562636,-0.019834004
50834,0,4,1,middle,0.10546036,0.11505374,0.0095933825
50834,0,4,2,middle,0.10546036,0.11902546,0.013565101
50834,0,4,3,last,0.10546036,0.116788656,0.011328295
1509,0,5,0,first,0.27041125,0.36893958,0.098528326
1509,0,5,1,middle,0.27041125,0.072857276,-0.19755398
1509,0,5,2,middle,0.27041125,0.09378966,-0.17662159
1509,0,5,3,middle,0.27041125,0.39105114,0.12063989
1509,0,5,4,last,0.27041125,0.33652878,0.066117525
775,0,5,0,first,0.5119409,0.43662077,-0.075320125
775,0,5,1,middle,0.5119409,0.4678591,-0.044081807
775,0,5,2,middle,0.5119409,0.40738752,-0.10455337
775,0,5,3,middle,0.5119409,0.5024259,-0.0095149875
775,0,5,4,last,0.5119409,0.47748408,-0.03445682
28212,0,5,0,first,0.82350075,0.8332665,0.009765744
28212,0,5,1,middle,0.82350075,0.65991884,-0.16358191
28212,0,5,2,middle,0.82350075,0.84470963,0.021208882
28212,0,5,3,middle,0.82350075,0.8270581,0.0035573244
28212,0,5,4,last,0.82350075,0.8017592,-0.021741569
904,1,5,0,first,0.4538175,0.5931355,0.13931799
904,1,5,1,middle,0.4538175,0.47742763,0.023610145
904,1,5,2,middle,0.4538175,0.3428699,-0.11094758
904,1,5,3,middle,0.4538175,0.40001556,-0.053801924
904,1,5,4,last,0.4538175,0.7043425,0.250525
18821,1,5,0,first,0.9388552,0.93283784,-0.0060173273
18821,1,5,1,middle,0.9388552,0.9368063,-0.00204885
18821,1,5,2,middle,0.9388552,0.922743,-0.016112149
18821,1,5,3,middle,0.9388552,0.93697274,-0.0018824339
18821,1,5,4,last,0.9388552,0.9398634,0.0010082126
32700,1,5,0,first,0.5818048,0.31466767,-0.26713714
32700,1,5,1,middle,0.5818048,0.5059948,-0.075810015
32700,1,5,2,middle,0.5818048,0.50788313,-0.07392168
32700,1,5,3,middle,0.5818048,0.47303084,-0.10877398
32700,1,5,4,last,0.5818048,0.52127045,-0.060534358
41,1,5,0,first,0.955119,0.95288134,-0.0022376776
41,1,5,1,middle,0.955119,0.9551869,6.788969e-05
41,1,5,2,middle,0.955119,0.9552337,0.00011467934
41,1,5,3,middle,0.955119,0.95307934,-0.002039671
41,1,5,4,last,0.955119,0.95670223,0.0015832186
23541,1,5,0,first,0.8809031,0.8544859,-0.026417196
23541,1,5,1,middle,0.8809031,0.8733782,-0.0075249076
23541,1,5,2,middle,0.8809031,0.87547785,-0.0054252744
23541,1,5,3,middle,0.8809031,0.8647141,-0.016189039
23541,1,5,4,last,0.8809031,0.7571916,-0.12371153
1178,1,5,0,first,0.9235576,0.8667652,-0.05679238
1178,1,5,1,middle,0.9235576,0.92875624,0.0051986575
1178,1,5,2,middle,0.9235576,0.917379,-0.006178558
1178,1,5,3,middle,0.9235576,0.92440116,0.00084358454
1178,1,5,4,last,0.9235576,0.9106738,-0.012883782
1542,1,5,0,first,0.94468516,0.94869167,0.004006505
1542,1,5,1,middle,0.94468516,0.94336945,-0.0013157129
1542,1,5,2,middle,0.94468516,0.9441754,-0.0005097389
1542,1,5,3,middle,0.94468516,0.9446488,-3.6358833e-05
1542,1,5,4,last,0.94468516,0.9260229,-0.018662274
46151,1,5,0,first,0.9465924,0.9466051,1.2695789e-05
46151,1,5,1,middle,0.9465924,0.94585925,-0.00073313713
46151,1,5,2,middle,0.9465924,0.9462582,-0.00033420324
46151,1,5,3,middle,0.9465924,0.9413709,-0.005221486
46151,1,5,4,last,0.9465924,0.9354881,-0.011104286
1646,1,5,0,first,0.2552991,0.33792725,0.08262816
1646,1,5,1,middle,0.2552991,0.25028285,-0.0050162375
1646,1,5,2,middle,0.2552991,0.21682201,-0.038477078
1646,1,5,3,middle,0.2552991,0.06870273,-0.18659636
1646,1,5,4,last,0.2552991,0.5282068,0.27290773
49100,0,4,0,first,0.031967103,0.031730313,-0.00023679063
49100,0,4,1,middle,0.031967103,0.037015058,0.0050479546
49100,0,4,2,middle,0.031967103,0.03428886,0.0023217574
49100,0,4,3,last,0.031967103,0.036345005,0.0043779016
14650,1,5,0,first,0.103564635,0.16530578,0.061741143
14650,1,5,1,middle,0.103564635,0.0671218,-0.03644284
14650,1,5,2,middle,0.103564635,0.10490543,0.0013407916
14650,1,5,3,middle,0.103564635,0.099716984,-0.0038476512
14650,1,5,4,last,0.103564635,0.06464778,-0.038916856
324,0,5,0,first,0.80234843,0.76756245,-0.034785986
324,0,5,1,middle,0.80234843,0.7984197,-0.003928721
324,0,5,2,middle,0.80234843,0.73524636,-0.067102075
324,0,5,3,middle,0.80234843,0.1927449,-0.6096035
324,0,5,4,last,0.80234843,0.81214046,0.00979203
568,1,5,0,first,0.9278904,0.4066297,-0.52126074
568,1,5,1,middle,0.9278904,0.9226149,-0.0052755475
568,1,5,2,middle,0.9278904,0.9237256,-0.004164815
568,1,5,3,middle,0.9278904,0.93158436,0.0036939383
568,1,5,4,last,0.9278904,0.9396985,0.011808097
16792,1,5,0,first,0.8470249,0.6262091,-0.22081584
16792,1,5,1,middle,0.8470249,0.83846164,-0.00856328
16792,1,5,2,middle,0.8470249,0.8443567,-0.002668202
16792,1,5,3,middle,0.8470249,0.8063449,-0.04067999
16792,1,5,4,last,0.8470249,0.81794024,-0.029084682
10307,1,5,0,first,0.9314769,0.9440507,0.012573838
10307,1,5,1,middle,0.9314769,0.91140896,-0.02006793
10307,1,5,2,middle,0.9314769,0.9092324,-0.022244513
10307,1,5,3,middle,0.9314769,0.92936784,-0.0021090508
10307,1,5,4,last,0.9314769,0.9255816,-0.0058953166
24110,1,5,0,first,0.85723627,0.7798423,-0.07739395
24110,1,5,1,middle,0.85723627,0.8482229,-0.009013355
24110,1,5,2,middle,0.85723627,0.71966386,-0.13757241
24110,1,5,3,middle,0.85723627,0.7640988,-0.09313744
24110,1,5,4,last,0.85723627,0.8639271,0.00669086
969,0,5,0,first,0.7821094,0.30839905,-0.47371033
969,0,5,1,middle,0.7821094,0.58024293,-0.20186645
969,0,5,2,middle,0.7821094,0.8200761,0.03796673
969,0,5,3,middle,0.7821094,0.43108112,-0.35102826
969,0,5,4,last,0.7821094,0.87936383,0.097254455
1499,0,5,0,first,0.89295465,0.8647867,-0.028167963
1499,0,5,1,middle,0.89295465,0.8252218,-0.06773287
1499,0,5,2,middle,0.89295465,0.90044427,0.0074896216
1499,0,5,3,middle,0.89295465,0.7725483,-0.12040633
1499,0,5,4,last,0.89295465,0.9062599,0.013305247
1368,1,5,0,first,0.8059503,0.8221131,0.016162813
1368,1,5,1,middle,0.8059503,0.52653867,-0.2794116
1368,1,5,2,middle,0.8059503,0.48475572,-0.32119456
1368,1,5,3,middle,0.8059503,0.63271075,-0.17323953
1368,1,5,4,last,0.8059503,0.86786467,0.061914384
846,0,5,0,first,0.10753912,0.10372387,-0.0038152486
846,0,5,1,middle,0.10753912,0.10128761,-0.0062515065
846,0,5,2,middle,0.10753912,0.079763815,-0.027775303
846,0,5,3,middle,0.10753912,0.13458742,0.027048305
846,0,5,4,last,0.10753912,0.30201477,0.19447565
361,0,5,0,first,0.038204372,0.034771208,-0.0034331642
361,0,5,1,middle,0.038204372,0.049271442,0.01106707
361,0,5,2,middle,0.038204372,0.049575943,0.011371572
361,0,5,3,middle,0.038204372,0.0446929,0.006488528
361,0,5,4,last,0.038204372,0.03983223,0.0016278587
33380,1,5,0,first,0.75316757,0.6884829,-0.06468469
33380,1,5,1,middle,0.75316757,0.7680165,0.0148489475
33380,1,5,2,middle,0.75316757,0.7894557,0.036288142
33380,1,5,3,middle,0.75316757,0.513365,-0.2398026
33380,1,5,4,last,0.75316757,0.644942,-0.108225584
472,0,5,0,first,0.08321764,0.10636045,0.023142807
472,0,5,1,middle,0.08321764,0.086614914,0.003397271
472,0,5,2,middle,0.08321764,0.083120525,-9.711832e-05
472,0,5,3,middle,0.08321764,0.06818026,-0.01503738
472,0,5,4,last,0.08321764,0.10960494,0.026387297
15650,0,5,0,first,0.3958405,0.23305413,-0.16278636
15650,0,5,1,middle,0.3958405,0.5100885,0.11424801
15650,0,5,2,middle,0.3958405,0.48493838,0.08909789
15650,0,5,3,middle,0.3958405,0.38924885,-0.006591648
15650,0,5,4,last,0.3958405,0.10078686,-0.29505363
1388,0,6,0,first,0.19316941,0.062178213,-0.1309912
1388,0,6,1,middle,0.19316941,0.22267787,0.029508457
1388,0,6,2,middle,0.19316941,0.17768636,-0.015483052
1388,0,6,3,middle,0.19316941,0.29547083,0.10230142
1388,0,6,4,middle,0.19316941,0.17286158,-0.020307839
1388,0,6,5,last,0.19316941,0.18398747,-0.0091819465
2224,0,5,0,first,0.22520751,0.13536955,-0.08983795
2224,0,5,1,middle,0.22520751,0.13260056,-0.09260695
2224,0,5,2,middle,0.22520751,0.14876494,-0.07644257
2224,0,5,3,middle,0.22520751,0.29615954,0.07095203
2224,0,5,4,last,0.22520751,0.40708184,0.18187433
2397,0,5,0,first,0.8848216,0.8877265,0.002904892
2397,0,5,1,middle,0.8848216,0.77430314,-0.110518456
2397,0,5,2,middle,0.8848216,0.6704971,-0.21432447
2397,0,5,3,middle,0.8848216,0.84835994,-0.03646165
2397,0,5,4,last,0.8848216,0.8334815,-0.051340103
756,0,5,0,first,0.15158686,0.13786536,-0.013721496
756,0,5,1,middle,0.15158686,0.114835136,-0.036751725
756,0,5,2,middle,0.15158686,0.26302198,0.111435115
756,0,5,3,middle,0.15158686,0.06106843,-0.09051843
756,0,5,4,last,0.15158686,0.32600063,0.17441377
44969,0,4,0,first,0.89866227,0.9101489,0.0114866495
44969,0,4,1,middle,0.89866227,0.58234274,-0.31631953
44969,0,4,2,middle,0.89866227,0.89581424,-0.0028480291
44969,0,4,3,last,0.89866227,0.9061861,0.0075238347
5899,0,5,0,first,0.8589672,0.88795155,0.028984368
5899,0,5,1,middle,0.8589672,0.8666071,0.0076399446
5899,0,5,2,middle,0.8589672,0.8684087,0.009441495
5899,0,5,3,middle,0.8589672,0.7712723,-0.08769488
5899,0,5,4,last,0.8589672,0.33360443,-0.52536273
27948,0,5,0,first,0.6734213,0.2384438,-0.43497753
27948,0,5,1,middle,0.6734213,0.32355168,-0.34986964
27948,0,5,2,middle,0.6734213,0.27244276,-0.40097857
27948,0,5,3,middle,0.6734213,0.3417946,-0.3316267
27948,0,5,4,last,0.6734213,0.83244413,0.15902281
17912,0,5,0,first,0.053539447,0.051970802,-0.0015686452
17912,0,5,1,middle,0.053539447,0.050675124,-0.0028643236
17912,0,5,2,middle,0.053539447,0.048631836,-0.0049076118
17912,0,5,3,middle,0.053539447,0.059682123,0.006142676
17912,0,5,4,last,0.053539447,0.08203622,0.028496772
4055,0,5,0,first,0.76548564,0.6232071,-0.14227855
4055,0,5,1,middle,0.76548564,0.7760526,0.01056695
4055,0,5,2,middle,0.76548564,0.8538594,0.08837378
4055,0,5,3,middle,0.76548564,0.6950868,-0.07039887
4055,0,5,4,last,0.76548564,0.2763938,-0.48909184
1856,0,5,0,first,0.39949033,0.7419984,0.34250805
1856,0,5,1,middle,0.39949033,0.11900356,-0.28048676
1856,0,5,2,middle,0.39949033,0.27960527,-0.11988506
1856,0,5,3,middle,0.39949033,0.39438358,-0.005106747
1856,0,5,4,last,0.39949033,0.44830218,0.048811853
308,1,5,0,first,0.90829015,0.8620534,-0.046236753
308,1,5,1,middle,0.90829015,0.8808057,-0.027484477
308,1,5,2,middle,0.90829015,0.9264068,0.018116653
308,1,5,3,middle,0.90829015,0.9055128,-0.002777338
308,1,5,4,last,0.90829015,0.9048161,-0.0034740567
15195,1,5,0,first,0.9511437,0.94966775,-0.0014759302
15195,1,5,1,middle,0.9511437,0.9509053,-0.00023835897
15195,1,5,2,middle,0.9511437,0.9499266,-0.0012170672
15195,1,5,3,middle,0.9511437,0.94906175,-0.0020819306
15195,1,5,4,last,0.9511437,0.94835836,-0.002785325
1154,1,5,0,first,0.9439245,0.94680285,0.002878368
1154,1,5,1,middle,0.9439245,0.9334216,-0.010502875
1154,1,5,2,middle,0.9439245,0.9337831,-0.010141373
1154,1,5,3,middle,0.9439245,0.91257524,-0.03134924
1154,1,5,4,last,0.9439245,0.94652575,0.002601266
16715,0,5,0,first,0.039274868,0.040553007,0.0012781397
16715,0,5,1,middle,0.039274868,0.037684426,-0.0015904419
16715,0,5,2,middle,0.039274868,0.04585847,0.0065836012
16715,0,5,3,middle,0.039274868,0.03964247,0.0003676042
16715,0,5,4,last,0.039274868,0.038609054,-0.0006658137
1725,1,5,0,first,0.9335254,0.9083886,-0.025136769
1725,1,5,1,middle,0.9335254,0.93678397,0.003258586
1725,1,5,2,middle,0.9335254,0.9325199,-0.0010054708
1725,1,5,3,middle,0.9335254,0.9448433,0.011317909
1725,1,5,4,last,0.9335254,0.88535213,-0.04817325
51793,0,5,0,first,0.4680123,0.29855496,-0.16945735
51793,0,5,1,middle,0.4680123,0.73293304,0.26492074
51793,0,5,2,middle,0.4680123,0.74487656,0.27686426
51793,0,5,3,middle,0.4680123,0.763917,0.29590473
51793,0,5,4,last,0.4680123,0.2609653,-0.20704702
35634,1,5,0,first,0.9225052,0.73108804,-0.19141716
35634,1,5,1,middle,0.9225052,0.910278,-0.012227178
35634,1,5,2,middle,0.9225052,0.92221034,-0.00029486418
35634,1,5,3,middle,0.9225052,0.93100417,0.008498967
35634,1,5,4,last,0.9225052,0.93047625,0.007971048
5707,1,5,0,first,0.41285148,0.51417625,0.10132477
5707,1,5,1,middle,0.41285148,0.30952007,-0.10333142
5707,1,5,2,middle,0.41285148,0.55327785,0.14042637
5707,1,5,3,middle,0.41285148,0.13141009,-0.2814414
5707,1,5,4,last,0.41285148,0.3462938,-0.066557676
206,1,5,0,first,0.9067335,0.6775045,-0.22922903
206,1,5,1,middle,0.9067335,0.85576934,-0.050964177
206,1,5,2,middle,0.9067335,0.8873743,-0.019359231
206,1,5,3,middle,0.9067335,0.93094486,0.024211347
206,1,5,4,last,0.9067335,0.931589,0.024855494
22589,1,5,0,first,0.94656503,0.9415813,-0.004983723
22589,1,5,1,middle,0.94656503,0.94822747,0.0016624331
22589,1,5,2,middle,0.94656503,0.94788265,0.0013176203
22589,1,5,3,middle,0.94656503,0.91667837,-0.029886663
22589,1,5,4,last,0.94656503,0.9161868,-0.030378222
32029,0,5,0,first,0.28390625,0.26964158,-0.014264673
32029,0,5,1,middle,0.28390625,0.21468942,-0.06921683
32029,0,5,2,middle,0.28390625,0.33232737,0.048421115
32029,0,5,3,middle,0.28390625,0.32490447,0.04099822
32029,0,5,4,last,0.28390625,0.11899367,-0.16491258
569,0,5,0,first,0.3671212,0.1805085,-0.1866127
569,0,5,1,middle,0.3671212,0.12617126,-0.24094993
569,0,5,2,middle,0.3671212,0.5088831,0.14176193
569,0,5,3,middle,0.3671212,0.39733726,0.030216068
569,0,5,4,last,0.3671212,0.43606046,0.06893927
739,0,5,0,first,0.8156247,0.81968486,0.004060149
739,0,5,1,middle,0.8156247,0.6816125,-0.13401222
739,0,5,2,middle,0.8156247,0.7862444,-0.029380322
739,0,5,3,middle,0.8156247,0.7324048,-0.083219886
739,0,5,4,last,0.8156247,0.8657281,0.050103366
1230,1,5,0,first,0.83791703,0.8562351,0.018318057
1230,1,5,1,middle,0.83791703,0.7632832,-0.07463384
1230,1,5,2,middle,0.83791703,0.7964512,-0.04146582
1230,1,5,3,middle,0.83791703,0.8105324,-0.027384639
1230,1,5,4,last,0.83791703,0.83913,0.0012129545
34369,0,5,0,first,0.075848974,0.090049356,0.014200382
34369,0,5,1,middle,0.075848974,0.06945497,-0.0063940063
34369,0,5,2,middle,0.075848974,0.057728503,-0.018120471
34369,0,5,3,middle,0.075848974,0.12415523,0.048306257
34369,0,5,4,last,0.075848974,0.0506865,-0.025162473
13106,0,5,0,first,0.86043644,0.7961961,-0.06424034
13106,0,5,1,middle,0.86043644,0.5641594,-0.29627705
13106,0,5,2,middle,0.86043644,0.7791692,-0.08126724
13106,0,5,3,middle,0.86043644,0.873232,0.0127955675
13106,0,5,4,last,0.86043644,0.9096463,0.049209833
55512,0,5,0,first,0.21330343,0.2698781,0.056574658
55512,0,5,1,middle,0.21330343,0.089832805,-0.12347063
55512,0,5,2,middle,0.21330343,0.24548715,0.03218372
55512,0,5,3,middle,0.21330343,0.18658248,-0.026720956
55512,0,5,4,last,0.21330343,0.21566106,0.002357632
38632,0,5,0,first,0.63999397,0.59882355,-0.04117042
38632,0,5,1,middle,0.63999397,0.64338464,0.0033906698
38632,0,5,2,middle,0.63999397,0.33979905,-0.30019492
38632,0,5,3,middle,0.63999397,0.67755985,0.037565887
38632,0,5,4,last,0.63999397,0.7948146,0.15482062
205,1,5,0,first,0.86881,0.89142597,0.02261597
205,1,5,1,middle,0.86881,0.2066858,-0.6621242
205,1,5,2,middle,0.86881,0.8894379,0.020627916
205,1,5,3,middle,0.86881,0.89773524,0.02892524
205,1,5,4,last,0.86881,0.8526774,-0.016132593
40254,0,5,0,first,0.035842113,0.03751609,0.0016739778
40254,0,5,1,middle,0.035842113,0.035952833,0.00011071935
40254,0,5,2,middle,0.035842113,0.036932252,0.0010901392
40254,0,5,3,middle,0.035842113,0.03814343,0.0023013167
40254,0,5,4,last,0.035842113,0.036412176,0.00057006255
21679,0,5,0,first,0.11803778,0.07012034,-0.04791744
21679,0,5,1,middle,0.11803778,0.15820312,0.040165342
21679,0,5,2,middle,0.11803778,0.11440309,-0.0036346912
21679,0,5,3,middle,0.11803778,0.0682674,-0.049770385
21679,0,5,4,last,0.11803778,0.055313207,-0.062724575
11048,1,5,0,first,0.89569753,0.8313328,-0.06436473
11048,1,5,1,middle,0.89569753,0.9022141,0.006516576
11048,1,5,2,middle,0.89569753,0.1305371,-0.76516044
11048,1,5,3,middle,0.89569753,0.93662065,0.04092312
11048,1,5,4,last,0.89569753,0.92225325,0.026555717
1605,1,5,0,first,0.5897983,0.86417294,0.27437466
1605,1,5,1,middle,0.5897983,0.14627779,-0.4435205
1605,1,5,2,middle,0.5897983,0.55486596,-0.034932315
1605,1,5,3,middle,0.5897983,0.6523488,0.062550545
1605,1,5,4,last,0.5897983,0.23931824,-0.35048002
253,0,5,0,first,0.73754936,0.7367925,-0.0007568598
253,0,5,1,middle,0.73754936,0.76614743,0.02859807
253,0,5,2,middle,0.73754936,0.7010018,-0.03654754
253,0,5,3,middle,0.73754936,0.4466657,-0.29088366
253,0,5,4,last,0.73754936,0.64311314,-0.09443623
683,1,5,0,first,0.9360018,0.6323763,-0.30362546
683,1,5,1,middle,0.9360018,0.9277579,-0.008243859
683,1,5,2,middle,0.9360018,0.94007945,0.004077673
683,1,5,3,middle,0.9360018,0.9274893,-0.008512497
683,1,5,4,last,0.9360018,0.93312466,-0.0028771162
27,0,4,0,first,0.033074588,0.039158728,0.0060841404
27,0,4,1,middle,0.033074588,0.03399103,0.00091644377
27,0,4,2,middle,0.033074588,0.03517963,0.0021050423
27,0,4,3,last,0.033074588,0.03285462,-0.00021996722
459,1,4,0,first,0.941349,0.160775,-0.780574
459,1,4,1,middle,0.941349,0.93581885,-0.0055301785
459,1,4,2,middle,0.941349,0.94832975,0.006980717
459,1,4,3,last,0.941349,0.94315624,0.0018072128
15960,1,4,0,first,0.94485956,0.9441575,-0.0007020831
15960,1,4,1,middle,0.94485956,0.9458052,0.0009456277
15960,1,4,2,middle,0.94485956,0.9407002,-0.004159391
15960,1,4,3,last,0.94485956,0.9393317,-0.005527854
657,1,5,0,first,0.9510684,0.9509748,-9.357929e-05
657,1,5,1,middle,0.9510684,0.950621,-0.00044739246
657,1,5,2,middle,0.9510684,0.95076424,-0.0003041625
657,1,5,3,middle,0.9510684,0.9470374,-0.0040310025
657,1,5,4,last,0.9510684,0.9347507,-0.016317725
1248,0,5,0,first,0.052886676,0.034520093,-0.018366583
1248,0,5,1,middle,0.052886676,0.054775838,0.0018891618
1248,0,5,2,middle,0.052886676,0.0694138,0.016527127
1248,0,5,3,middle,0.052886676,0.047769006,-0.0051176697
1248,0,5,4,last,0.052886676,0.08018138,0.027294707
2119,1,4,0,first,0.43728772,0.25959927,-0.17768845
2119,1,4,1,middle,0.43728772,0.5145112,0.07722351
2119,1,4,2,middle,0.43728772,0.35856158,-0.07872614
2119,1,4,3,last,0.43728772,0.7199794,0.2826917
25575,1,5,0,first,0.9582208,0.95145804,-0.006762743
25575,1,5,1,middle,0.9582208,0.9538965,-0.0043242574
25575,1,5,2,middle,0.9582208,0.9587491,0.0005283356
25575,1,5,3,middle,0.9582208,0.95935327,0.0011324883
25575,1,5,4,last,0.9582208,0.95867854,0.00045776367
12892,0,5,0,first,0.86496985,0.89091223,0.025942385
12892,0,5,1,middle,0.86496985,0.83608115,-0.028888702
12892,0,5,2,middle,0.86496985,0.8691518,0.0041819215
12892,0,5,3,middle,0.86496985,0.34753326,-0.5174366
12892,0,5,4,last,0.86496985,0.86655575,0.0015859008
1391,0,5,0,first,0.7265358,0.92113125,0.19459546
1391,0,5,1,middle,0.7265358,0.71115124,-0.015384555
1391,0,5,2,middle,0.7265358,0.19828406,-0.52825177
1391,0,5,3,middle,0.7265358,0.68467844,-0.04185736
1391,0,5,4,last,0.7265358,0.30138302,-0.42515278
944,1,5,0,first,0.94590265,0.946674,0.0007713437
944,1,5,1,middle,0.94590265,0.9434851,-0.0024175644
944,1,5,2,middle,0.94590265,0.9333133,-0.012589335
944,1,5,3,middle,0.94590265,0.9464141,0.00051146746
944,1,5,4,last,0.94590265,0.94268787,-0.0032147765
1767,0,5,0,first,0.068871364,0.119172394,0.05030103
1767,0,5,1,middle,0.068871364,0.057027172,-0.011844192
1767,0,5,2,middle,0.068871364,0.037757114,-0.03111425
1767,0,5,3,middle,0.068871364,0.06679086,-0.0020805076
1767,0,5,4,last,0.068871364,0.1487631,0.07989174
351,1,5,0,first,0.90646046,0.87213457,-0.034325898
351,1,5,1,middle,0.90646046,0.89690846,-0.009552002
351,1,5,2,middle,0.90646046,0.863572,-0.042888463
351,1,5,3,middle,0.90646046,0.86486596,-0.041594505
351,1,5,4,last,0.90646046,0.9112165,0.0047560334
16996,1,5,0,first,0.8378877,0.074940525,-0.7629472
16996,1,5,1,middle,0.8378877,0.84816056,0.0102728605
16996,1,5,2,middle,0.8378877,0.822522,-0.01536572
16996,1,5,3,middle,0.8378877,0.865575,0.027687311
16996,1,5,4,last,0.8378877,0.8140857,-0.023801982
1397,1,5,0,first,0.90391093,0.94341207,0.03950113
1397,1,5,1,middle,0.90391093,0.8868117,-0.017099261
1397,1,5,2,middle,0.90391093,0.8938013,-0.010109663
1397,1,5,3,middle,0.90391093,0.8027825,-0.10112846
1397,1,5,4,last,0.90391093,0.76602864,-0.13788229
992,0,5,0,first,0.08002862,0.058486894,-0.02154173
992,0,5,1,middle,0.08002862,0.047233477,-0.032795146
992,0,5,2,middle,0.08002862,0.080492765,0.00046414137
992,0,5,3,middle,0.08002862,0.080337964,0.00030934066
992,0,5,4,last,0.08002862,0.11208054,0.032051913
37955,0,5,0,first,0.2696553,0.33272523,0.06306994
37955,0,5,1,middle,0.2696553,0.38002625,0.110370964
37955,0,5,2,middle,0.2696553,0.12579772,-0.14385757
37955,0,5,3,middle,0.2696553,0.26350823,-0.006147057
37955,0,5,4,last,0.2696553,0.14496581,-0.124689475
2118,1,5,0,first,0.3404045,0.4485498,0.1081453
2118,1,5,1,middle,0.3404045,0.53322023,0.19281572
2118,1,5,2,middle,0.3404045,0.26412508,-0.07627943
2118,1,5,3,middle,0.3404045,0.26760414,-0.07280037
2118,1,5,4,last,0.3404045,0.07074473,-0.2696598
531,1,5,0,first,0.9551368,0.95261025,-0.0025265217
531,1,5,1,middle,0.9551368,0.9544861,-0.0006507039
531,1,5,2,middle,0.9551368,0.9496068,-0.0055299997
531,1,5,3,middle,0.9551368,0.94277644,-0.012360334
531,1,5,4,last,0.9551368,0.9494909,-0.005645871
22731,1,5,0,first,0.7180889,0.8973249,0.179236
22731,1,5,1,middle,0.7180889,0.81425476,0.096165836
22731,1,5,2,middle,0.7180889,0.66689485,-0.05119407
22731,1,5,3,middle,0.7180889,0.5000687,-0.2180202
22731,1,5,4,last,0.7180889,0.55395895,-0.16412997
504,1,5,0,first,0.8803363,0.8178651,-0.06247121
504,1,5,1,middle,0.8803363,0.46251372,-0.41782257
504,1,5,2,middle,0.8803363,0.84464264,-0.035693645
504,1,5,3,middle,0.8803363,0.87519324,-0.0051430464
504,1,5,4,last,0.8803363,0.9340661,0.053729832
1007,0,5,0,first,0.8882466,0.88986135,0.0016147494
1007,0,5,1,middle,0.8882466,0.7743111,-0.11393547
1007,0,5,2,middle,0.8882466,0.7738821,-0.114364505
1007,0,5,3,middle,0.8882466,0.9030285,0.014781892
1007,0,5,4,last,0.8882466,0.8990949,0.010848284
533,0,5,0,first,0.2959053,0.2411245,-0.054780796
533,0,5,1,middle,0.2959053,0.17147107,-0.12443422
533,0,5,2,middle,0.2959053,0.27033326,-0.025572032
533,0,5,3,middle,0.2959053,0.14360914,-0.15229616
533,0,5,4,last,0.2959053,0.83986133,0.54395604
567,1,5,0,first,0.94691455,0.946664,-0.00025057793
567,1,5,1,middle,0.94691455,0.94833916,0.0014246106
567,1,5,2,middle,0.94691455,0.94372505,-0.0031895041
567,1,5,3,middle,0.94691455,0.9482741,0.0013595223
567,1,5,4,last,0.94691455,0.9373002,-0.009614348
36153,0,5,0,first,0.41208887,0.2622093,-0.14987957
36153,0,5,1,middle,0.41208887,0.3954393,-0.016649574
36153,0,5,2,middle,0.41208887,0.42097035,0.0088814795
36153,0,5,3,middle,0.41208887,0.4284133,0.01632443
36153,0,5,4,last,0.41208887,0.33415762,-0.077931255
37242,1,5,0,first,0.6350724,0.4207815,-0.21429092
37242,1,5,1,middle,0.6350724,0.6167024,-0.018370032
37242,1,5,2,middle,0.6350724,0.6167156,-0.0183568
37242,1,5,3,middle,0.6350724,0.7506778,0.115605414
37242,1,5,4,last,0.6350724,0.34356615,-0.29150626
45633,1,5,0,first,0.95504063,0.9516767,-0.0033639073
45633,1,5,1,middle,0.95504063,0.9545858,-0.00045484304
45633,1,5,2,middle,0.95504063,0.94780254,-0.00723809
45633,1,5,3,middle,0.95504063,0.9545694,-0.00047123432
45633,1,5,4,last,0.95504063,0.9504826,-0.004558027
527,1,2,0,first,0.9137091,0.105677865,-0.80803126
527,1,2,1,last,0.9137091,0.9276466,0.013937473
1072,1,5,0,first,0.8250184,0.7461868,-0.07883161
1072,1,5,1,middle,0.8250184,0.521791,-0.30322742
1072,1,5,2,middle,0.8250184,0.4427756,-0.3822428
1072,1,5,3,middle,0.8250184,0.82341063,-0.0016077757
1072,1,5,4,last,0.8250184,0.88522184,0.060203433
39,0,4,0,first,0.15532458,0.12962872,-0.02569586
39,0,4,1,middle,0.15532458,0.39871794,0.24339336
39,0,4,2,middle,0.15532458,0.07269101,-0.08263357
39,0,4,3,last,0.15532458,0.112216294,-0.043108284
976,0,5,0,first,0.33300796,0.19028899,-0.14271897
976,0,5,1,middle,0.33300796,0.41428143,0.08127347
976,0,5,2,middle,0.33300796,0.2149623,-0.11804566
976,0,5,3,middle,0.33300796,0.144014,-0.18899396
976,0,5,4,last,0.33300796,0.7811978,0.44818982
1550,0,4,0,first,0.37600106,0.81815803,0.44215697
1550,0,4,1,middle,0.37600106,0.17353024,-0.20247082
1550,0,4,2,middle,0.37600106,0.05491274,-0.3210883
1550,0,4,3,last,0.37600106,0.43720317,0.06120211
870,1,6,0,first,0.91350675,0.88746816,-0.026038587
870,1,6,1,middle,0.91350675,0.91829586,0.004789114
870,1,6,2,middle,0.91350675,0.90813357,-0.00537318
870,1,6,3,middle,0.91350675,0.9066442,-0.006862521
870,1,6,4,middle,0.91350675,0.9074885,-0.0060182214
870,1,6,5,last,0.91350675,0.8910578,-0.022448957
11468,1,4,0,first,0.909868,0.29222828,-0.6176397
11468,1,4,1,middle,0.909868,0.9238563,0.013988316
11468,1,4,2,middle,0.909868,0.8942537,-0.015614331
11468,1,4,3,last,0.909868,0.9167949,0.006926894
290,0,5,0,first,0.03478709,0.033598963,-0.0011881255
290,0,5,1,middle,0.03478709,0.03604033,0.0012532398
290,0,5,2,middle,0.03478709,0.035165414,0.00037832558
290,0,5,3,middle,0.03478709,0.031673376,-0.003113713
290,0,5,4,last,0.03478709,0.036574077,0.0017869882
10655,1,5,0,first,0.95584846,0.95524925,-0.0005992055
10655,1,5,1,middle,0.95584846,0.9566522,0.00080376863
10655,1,5,2,middle,0.95584846,0.936146,-0.019702435
10655,1,5,3,middle,0.95584846,0.95528346,-0.0005649924
10655,1,5,4,last,0.95584846,0.9563916,0.0005431175
8275,1,5,0,first,0.7902074,0.6491346,-0.14107281
8275,1,5,1,middle,0.7902074,0.8262322,0.03602481
8275,1,5,2,middle,0.7902074,0.7975105,0.0073031187
8275,1,5,3,middle,0.7902074,0.6629686,-0.12723881
8275,1,5,4,last,0.7902074,0.82313013,0.032922745
33854,1,5,0,first,0.94375056,0.94196635,-0.0017842054
33854,1,5,1,middle,0.94375056,0.912985,-0.030765533
33854,1,5,2,middle,0.94375056,0.91400516,-0.0297454
33854,1,5,3,middle,0.94375056,0.9402199,-0.0035306811
33854,1,5,4,last,0.94375056,0.9399026,-0.0038479567
950,0,4,0,first,0.90781724,0.93918157,0.03136432
950,0,4,1,middle,0.90781724,0.87888116,-0.028936088
950,0,4,2,middle,0.90781724,0.7823317,-0.12548554
950,0,4,3,last,0.90781724,0.5493651,-0.35845214
1218,0,4,0,first,0.060148112,0.07904782,0.018899709
1218,0,4,1,middle,0.060148112,0.08440456,0.024256445
1218,0,4,2,middle,0.060148112,0.05554706,-0.004601054
1218,0,4,3,last,0.060148112,0.07055453,0.01040642
10185,0,4,0,first,0.04034496,0.044492573,0.0041476116
10185,0,4,1,middle,0.04034496,0.0437367,0.003391739
10185,0,4,2,middle,0.04034496,0.037612744,-0.0027322173
10185,0,4,3,last,0.04034496,0.041607793,0.0012628324
784,0,5,0,first,0.1829025,0.3400005,0.15709801
784,0,5,1,middle,0.1829025,0.13148542,-0.051417083
784,0,5,2,middle,0.1829025,0.16449511,-0.01840739
784,0,5,3,middle,0.1829025,0.20957462,0.026672125
784,0,5,4,last,0.1829025,0.22663848,0.04373598
39798,0,5,0,first,0.728617,0.24930778,-0.47930923
39798,0,5,1,middle,0.728617,0.5218031,-0.20681393
39798,0,5,2,middle,0.728617,0.790027,0.06141001
39798,0,5,3,middle,0.728617,0.7933826,0.06476557
39798,0,5,4,last,0.728617,0.7578762,0.029259205
541,1,5,0,first,0.7339967,0.7102071,-0.023789585
541,1,5,1,middle,0.7339967,0.69824964,-0.03574705
541,1,5,2,middle,0.7339967,0.7168787,-0.017117977
541,1,5,3,middle,0.7339967,0.71337277,-0.020623922
541,1,5,4,last,0.7339967,0.44541755,-0.28857914
594,0,5,0,first,0.6548807,0.2532621,-0.4016186
594,0,5,1,middle,0.6548807,0.77221364,0.117332935
594,0,5,2,middle,0.6548807,0.3998516,-0.2550291
594,0,5,3,middle,0.6548807,0.686494,0.03161329
594,0,5,4,last,0.6548807,0.72991806,0.07503736
1890,0,5,0,first,0.51680964,0.33527595,-0.1815337
1890,0,5,1,middle,0.51680964,0.23821312,-0.27859652
1890,0,5,2,middle,0.51680964,0.24771969,-0.26908994
1890,0,5,3,middle,0.51680964,0.7217101,0.20490044
1890,0,5,4,last,0.51680964,0.5347114,0.017901778
39925,1,5,0,first,0.79917806,0.693288,-0.105890036
39925,1,5,1,middle,0.79917806,0.84850466,0.0493266
39925,1,5,2,middle,0.79917806,0.53392863,-0.26524943
39925,1,5,3,middle,0.79917806,0.7908967,-0.00828135
39925,1,5,4,last,0.79917806,0.7443778,-0.054800272
24271,1,5,0,first,0.9524254,0.95353407,0.0011086464
24271,1,5,1,middle,0.9524254,0.95273113,0.00030571222
24271,1,5,2,middle,0.9524254,0.9527866,0.00036120415
24271,1,5,3,middle,0.9524254,0.95102775,-0.0013976693
24271,1,5,4,last,0.9524254,0.94711727,-0.0053081512
2212,1,4,0,first,0.118978865,0.039766088,-0.07921278
2212,1,4,1,middle,0.118978865,0.07329919,-0.045679674
2212,1,4,2,middle,0.118978865,0.467298,0.34831914
2212,1,4,3,last,0.118978865,0.127013,0.008034132
27951,1,5,0,first,0.9126115,0.88990694,-0.022704542
27951,1,5,1,middle,0.9126115,0.8730225,-0.039588988
27951,1,5,2,middle,0.9126115,0.66249025,-0.25012124
27951,1,5,3,middle,0.9126115,0.9138178,0.0012063384
27951,1,5,4,last,0.9126115,0.9077107,-0.004900813
1164,0,3,0,first,0.036233794,0.043120056,0.0068862624
1164,0,3,1,middle,0.036233794,0.05043447,0.014200676
1164,0,3,2,last,0.036233794,0.037143044,0.00090925023
1519,1,5,0,first,0.8478739,0.79144007,-0.056433856
1519,1,5,1,middle,0.8478739,0.86455876,0.01668483
1519,1,5,2,middle,0.8478739,0.8160222,-0.03185171
1519,1,5,3,middle,0.8478739,0.8527197,0.004845798
1519,1,5,4,last,0.8478739,0.8453665,-0.0025074482
