dataset,model,seed,condition,method,calibration,alpha,n_infinite_thresholds,n,coverage,set_size,singleton,empty,full,flag,dismiss,workload,uncertainty_referral,sensitivity,coverage_band_low,coverage_band_high,c0,c0_n_test,c0_n_calibration,c0_band_low,c0_band_high,c1,c1_n_test,c1_n_calibration,c1_band_low,c1_band_high,worst_domain,worst_domain_coverage,worst_domain_n_test,worst_domain_n_calibration,worst_domain_band_low,worst_domain_band_high,worst_domain_class,worst_domain_class_coverage,worst_domain_class_n_test,worst_domain_class_n_calibration,worst_domain_class_band_low,worst_domain_class_band_high,prevalence,coverage_at_prevalence,workload_per_1000_at_prevalence,uncertainty_referrals_per_1000_at_prevalence
dreaddit,distilbert,101,clean,M0,clean,0.1,0,715,0.8615384615384616,1.1776223776223775,0.8223776223776224,0.0,0.17762237762237762,0.3804195804195804,0.44195804195804195,0.558041958041958,0.17762237762237762,0.8455284552845529,0.8671328671328671,0.9300699300699301,0.8786127167630058,346,330,0.8526011560693642,0.9421965317919075,0.8455284552845529,369,370,0.8536585365853658,0.940379403794038,social,0.8028169014084507,142,129,0.823943661971831,0.9647887323943662,social|1,0.6833333333333333,60,60,0.7833333333333333,0.9833333333333333,0.1,0.8753042906151606,310.85342356313737,139.2742453436095
dreaddit,distilbert,101,clean,M0,clean,0.05,0,715,0.9496503496503497,1.4195804195804196,0.5804195804195804,0.0,0.4195804195804196,0.2629370629370629,0.3174825174825175,0.6825174825174826,0.4195804195804196,0.9322493224932249,0.9258741258741259,0.9706293706293706,0.9682080924855492,346,330,0.9161849710982659,0.9797687861271677,0.9322493224932249,369,370,0.9159891598915989,0.978319783197832,social,0.9014084507042254,142,129,0.8943661971830986,0.9929577464788732,social|1,0.8166666666666667,60,60,0.85,1.0,0.1,0.9646122154863168,467.7914062377618,391.21120979995925
dreaddit,distilbert,101,clean,M1,clean,0.1,0,715,0.8755244755244755,1.1888111888111887,0.8111888111888111,0.0,0.1888111888111888,0.45174825174825173,0.3594405594405594,0.6405594405594406,0.1888111888111888,0.907859078590786,0.8671328671328671,0.9300699300699301,0.8410404624277457,346,330,0.8526011560693642,0.9421965317919075,0.907859078590786,369,370,0.8536585365853658,0.940379403794038,social,0.823943661971831,142,129,0.823943661971831,0.9647887323943662,ptsd|0,0.7333333333333333,45,59,0.7555555555555555,1.0,0.1,0.8477223240440497,410.72810439087056,195.03579428857876
dreaddit,distilbert,101,clean,M1,clean,0.05,0,715,0.9202797202797203,1.386013986013986,0.6139860139860139,0.0,0.386013986013986,0.3804195804195804,0.23356643356643356,0.7664335664335664,0.386013986013986,0.959349593495935,0.9258741258741259,0.9706293706293706,0.8786127167630058,346,330,0.9161849710982659,0.9797687861271677,0.959349593495935,369,370,0.9159891598915989,0.978319783197832,social,0.8802816901408451,142,129,0.8943661971830986,0.9929577464788732,ptsd|0,0.7777777777777778,45,59,0.8444444444444444,1.0,0.1,0.8866864044362988,600.559236806241,428.9800585867131
dreaddit,distilbert,101,clean,M2,clean,0.1,0,715,0.8699300699300699,1.2293706293706295,0.7706293706293706,0.0,0.22937062937062938,0.44475524475524475,0.3258741258741259,0.6741258741258741,0.22937062937062938,0.8997289972899729,0.8671328671328671,0.9300699300699301,0.838150289017341,346,330,0.8526011560693642,0.9421965317919075,0.8997289972899729,369,370,0.8536585365853658,0.940379403794038,ptsd,0.8346456692913385,127,138,0.8267716535433071,0.968503937007874,ptsd|0,0.7777777777777778,45,59,0.7555555555555555,1.0,0.1,0.8443081598446043,480.14631013362157,263.4788602221282
dreaddit,distilbert,101,clean,M2,clean,0.05,0,715,0.9398601398601398,1.474125874125874,0.5258741258741259,0.0,0.47412587412587415,0.31608391608391606,0.2097902097902098,0.7902097902097902,0.47412587412587415,0.9701897018970189,0.9258741258741259,0.9706293706293706,0.9075144508670521,346,330,0.9161849710982659,0.9797687861271677,0.9701897018970189,369,370,0.9159891598915989,0.978319783197832,ptsd,0.8818897637795275,127,138,0.8976377952755905,0.9921259842519685,ptsd|0,0.7777777777777778,45,59,0.8444444444444444,1.0,0.1,0.9137819759700487,635.4582765480834,499.6467565831728
dreaddit,distilbert,101,clean,M3,matched,0.1,0,715,0.8755244755244755,1.1888111888111887,0.8111888111888111,0.0,0.1888111888111888,0.45174825174825173,0.3594405594405594,0.6405594405594406,0.1888111888111888,0.907859078590786,0.8671328671328671,0.9300699300699301,0.8410404624277457,346,330,0.8526011560693642,0.9421965317919075,0.907859078590786,369,370,0.8536585365853658,0.940379403794038,social,0.823943661971831,142,129,0.823943661971831,0.9647887323943662,ptsd|0,0.7333333333333333,45,59,0.7555555555555555,1.0,0.1,0.8477223240440497,410.72810439087056,195.03579428857876
dreaddit,distilbert,101,clean,M3,matched,0.05,0,715,0.9202797202797203,1.386013986013986,0.6139860139860139,0.0,0.386013986013986,0.3804195804195804,0.23356643356643356,0.7664335664335664,0.386013986013986,0.959349593495935,0.9258741258741259,0.9706293706293706,0.8786127167630058,346,330,0.9161849710982659,0.9797687861271677,0.959349593495935,369,370,0.9159891598915989,0.978319783197832,social,0.8802816901408451,142,129,0.8943661971830986,0.9929577464788732,ptsd|0,0.7777777777777778,45,59,0.8444444444444444,1.0,0.1,0.8866864044362988,600.559236806241,428.9800585867131
dreaddit,distilbert,101,clean,M3-mix,mix,0.1,0,715,0.8895104895104895,1.290909090909091,0.7090909090909091,0.0,0.2909090909090909,0.46293706293706294,0.24615384615384617,0.7538461538461538,0.2909090909090909,0.9539295392953929,0.8671328671328671,0.9300699300699301,0.8208092485549133,346,330,0.8526011560693642,0.9421965317919075,0.9539295392953929,369,370,0.8536585365853658,0.940379403794038,social,0.8450704225352113,142,129,0.823943661971831,0.9647887323943662,ptsd|0,0.7111111111111111,45,59,0.7555555555555555,1.0,0.1,0.8341212776289613,581.8091389006375,347.6377336027696
dreaddit,distilbert,101,clean,M3-mix,mix,0.05,0,715,0.9398601398601398,1.474125874125874,0.5258741258741259,0.0,0.47412587412587415,0.34405594405594403,0.18181818181818182,0.8181818181818182,0.47412587412587415,0.978319783197832,0.9258741258741259,0.9706293706293706,0.8988439306358381,346,330,0.9161849710982659,0.9797687861271677,0.978319783197832,369,370,0.9159891598915989,0.978319783197832,social,0.9084507042253521,142,129,0.8943661971830986,0.9929577464788732,abuse|0,0.859375,64,66,0.875,1.0,0.1,0.9067915158920375,680.4909378573554,532.2689036138917
dreaddit,distilbert,101,clean,M5,clean,0.1,0,715,0.7804195804195804,1.0,1.0,0.0,0.0,0.6405594405594406,0.3594405594405594,0.6405594405594406,0.0,0.907859078590786,0.8671328671328671,0.9300699300699301,0.6445086705202312,346,330,0.8526011560693642,0.9421965317919075,0.907859078590786,369,370,0.8536585365853658,0.940379403794038,social,0.7323943661971831,142,129,0.823943661971831,0.9647887323943662,ptsd|0,0.5333333333333333,45,59,0.7555555555555555,1.0,0.1,0.6708437113272867,410.72810439087056,0.0
dreaddit,distilbert,101,clean,M5,clean,0.05,0,715,0.7076923076923077,1.0,1.0,0.0,0.0,0.7664335664335664,0.23356643356643356,0.7664335664335664,0.0,0.959349593495935,0.9258741258741259,0.9706293706293706,0.4393063583815029,346,330,0.9161849710982659,0.9797687861271677,0.959349593495935,369,370,0.9159891598915989,0.978319783197832,social,0.6338028169014085,142,129,0.8943661971830986,0.9929577464788732,ptsd|0,0.35555555555555557,45,59,0.8444444444444444,1.0,0.1,0.49131068189294613,600.559236806241,0.0
dreaddit,distilbert,101,head_75,M0,clean,0.1,0,715,0.8293706293706293,1.1538461538461537,0.8461538461538461,0.0,0.15384615384615385,0.34965034965034963,0.4965034965034965,0.5034965034965035,0.15384615384615385,0.7669376693766937,0.8671328671328671,0.9300699300699301,0.8959537572254336,346,330,0.8526011560693642,0.9421965317919075,0.7669376693766937,369,370,0.8536585365853658,0.940379403794038,social,0.795774647887324,142,129,0.823943661971831,0.9647887323943662,social|1,0.6,60,60,0.7833333333333333,0.9833333333333333,0.1,0.8830521484405596,276.9827842787098,125.34658583580055
dreaddit,distilbert,101,head_75,M0,clean,0.05,0,715,0.9202797202797203,1.4447552447552447,0.5552447552447553,0.0,0.44475524475524475,0.22237762237762237,0.3328671328671329,0.6671328671328671,0.44475524475524475,0.8970189701897019,0.9258741258741259,0.9706293706293706,0.9450867052023122,346,330,0.9161849710982659,0.9797687861271677,0.8970189701897019,369,370,0.9159891598915989,0.978319783197832,social,0.8732394366197183,142,129,0.8943661971830986,0.9929577464788732,social|1,0.7666666666666667,60,60,0.85,1.0,0.1,0.9402799317010513,469.47068314613784,382.10833842442474
dreaddit,distilbert,101,head_75,M1,clean,0.1,0,715,0.8615384615384616,1.2125874125874125,0.7874125874125875,0.0,0.2125874125874126,0.4097902097902098,0.3776223776223776,0.6223776223776224,0.2125874125874126,0.8672086720867209,0.8671328671328671,0.9300699300699301,0.8554913294797688,346,330,0.8526011560693642,0.9421965317919075,0.8672086720867209,369,370,0.8536585365853658,0.940379403794038,social,0.8169014084507042,142,129,0.823943661971831,0.9647887323943662,social|1,0.7333333333333333,60,60,0.7833333333333333,0.9833333333333333,0.1,0.8566630637404641,411.86537587919236,215.95391387439886
dreaddit,distilbert,101,head_75,M1,clean,0.05,0,715,0.9230769230769231,1.4181818181818182,0.5818181818181818,0.0,0.41818181818181815,0.34965034965034963,0.23216783216783216,0.7678321678321678,0.41818181818181815,0.948509485094851,0.9258741258741259,0.9706293706293706,0.8959537572254336,346,330,0.9161849710982659,0.9797687861271677,0.948509485094851,369,370,0.9159891598915989,0.978319783197832,ptsd,0.889763779527559,127,138,0.8976377952755905,0.9921259842519685,ptsd|0,0.7555555555555555,45,59,0.8444444444444444,1.0,0.1,0.9012093300123754,612.4810063129534,460.844807870044
dreaddit,distilbert,101,head_75,M2,clean,0.1,0,715,0.8503496503496504,1.2475524475524475,0.7524475524475525,0.0,0.24755244755244754,0.4111888111888112,0.3412587412587413,0.6587412587412588,0.24755244755244754,0.8509485094850948,0.8671328671328671,0.9300699300699301,0.8497109826589595,346,330,0.8526011560693642,0.9421965317919075,0.8509485094850948,369,370,0.8536585365853658,0.940379403794038,anxiety,0.7950310559006211,161,147,0.8322981366459627,0.9627329192546584,anxiety|1,0.7473684210526316,95,98,0.8210526315789474,0.9789473684210527,0.1,0.8498347353415732,493.47635383868294,292.63358240518824
dreaddit,distilbert,101,head_75,M2,clean,0.05,0,715,0.9342657342657342,1.509090909090909,0.4909090909090909,0.0,0.509090909090909,0.27972027972027974,0.2111888111888112,0.7888111888111888,0.509090909090909,0.9512195121951219,0.9258741258741259,0.9706293706293706,0.9161849710982659,346,330,0.9161849710982659,0.9797687861271677,0.9512195121951219,369,370,0.9159891598915989,0.978319783197832,ptsd,0.8976377952755905,127,138,0.8976377952755905,0.9921259842519685,abuse|0,0.84375,64,66,0.875,1.0,0.1,0.9196884252079515,649.1681939940787,527.3932045678838
dreaddit,distilbert,101,head_75,M3,matched,0.1,0,715,0.8643356643356643,1.2265734265734265,0.7734265734265734,0.0,0.22657342657342658,0.4307692307692308,0.34265734265734266,0.6573426573426573,0.22657342657342658,0.8915989159891599,0.8671328671328671,0.9300699300699301,0.8352601156069365,346,330,0.8526011560693642,0.9421965317919075,0.8915989159891599,369,370,0.8536585365853658,0.940379403794038,social,0.8098591549295775,142,129,0.823943661971831,0.9647887323943662,ptsd|0,0.7333333333333333,45,59,0.7555555555555555,1.0,0.1,0.8408939956451589,455.92289737926285,239.63532120870343
dreaddit,distilbert,101,head_75,M3,matched,0.05,0,715,0.9244755244755245,1.4181818181818182,0.5818181818181818,0.0,0.41818181818181815,0.34405594405594403,0.23776223776223776,0.7622377622377622,0.41818181818181815,0.948509485094851,0.9258741258741259,0.9706293706293706,0.8988439306358381,346,330,0.9161849710982659,0.9797687861271677,0.948509485094851,369,370,0.9159891598915989,0.978319783197832,ptsd,0.8976377952755905,127,138,0.8976377952755905,0.9921259842519685,ptsd|0,0.7777777777777778,45,59,0.8444444444444444,1.0,0.1,0.9038104860817395,602.0763820354966,453.8543477920328
dreaddit,distilbert,101,head_75,M3-mix,mix,0.1,0,715,0.8769230769230769,1.274125874125874,0.7258741258741259,0.0,0.27412587412587414,0.44755244755244755,0.2783216783216783,0.7216783216783217,0.27412587412587414,0.924119241192412,0.8671328671328671,0.9300699300699301,0.8265895953757225,346,330,0.8526011560693642,0.9421965317919075,0.924119241192412,369,370,0.8536585365853658,0.940379403794038,social,0.8169014084507042,142,129,0.823943661971831,0.9647887323943662,ptsd|0,0.7333333333333333,45,59,0.7555555555555555,1.0,0.1,0.8363425599573915,547.6142362579695,321.08416748907376
dreaddit,distilbert,101,head_75,M3-mix,mix,0.05,0,715,0.9384615384615385,1.4587412587412587,0.5412587412587413,0.0,0.45874125874125876,0.33706293706293705,0.2041958041958042,0.7958041958041958,0.45874125874125876,0.9701897018970189,0.9258741258741259,0.9706293706293706,0.9046242774566474,346,330,0.9161849710982659,0.9797687861271677,0.9701897018970189,369,370,0.9159891598915989,0.978319783197832,social,0.9154929577464789,142,129,0.8943661971830986,0.9929577464788732,ptsd|0,0.8444444444444444,45,59,0.8444444444444444,1.0,0.1,0.9111808199006846,645.8629008255401,503.6561868508859
dreaddit,distilbert,101,head_75,M5,clean,0.1,0,715,0.7566433566433567,1.0,1.0,0.0,0.0,0.6223776223776224,0.3776223776223776,0.6223776223776224,0.0,0.8672086720867209,0.8671328671328671,0.9300699300699301,0.638728323699422,346,330,0.8526011560693642,0.9421965317919075,0.8672086720867209,369,370,0.8536585365853658,0.940379403794038,abuse,0.7323943661971831,142,142,0.823943661971831,0.9647887323943662,abuse|0,0.546875,64,66,0.796875,0.984375,0.1,0.6615763585381519,411.86537587919236,0.0
dreaddit,distilbert,101,head_75,M5,clean,0.05,0,715,0.6951048951048951,1.0,1.0,0.0,0.0,0.7678321678321678,0.23216783216783216,0.7678321678321678,0.0,0.948509485094851,0.9258741258741259,0.9706293706293706,0.42485549132947975,346,330,0.9161849710982659,0.9797687861271677,0.948509485094851,369,370,0.9159891598915989,0.978319783197832,social,0.6338028169014085,142,129,0.8943661971830986,0.9929577464788732,abuse|0,0.3125,64,66,0.875,1.0,0.1,0.4772208907060169,612.4810063129534,0.0
dreaddit,distilbert,101,head_50,M0,clean,0.1,0,715,0.806993006993007,1.1566433566433567,0.8433566433566434,0.0,0.15664335664335666,0.3118881118881119,0.5314685314685315,0.46853146853146854,0.15664335664335666,0.7046070460704607,0.8671328671328671,0.9300699300699301,0.9161849710982659,346,330,0.8526011560693642,0.9421965317919075,0.7046070460704607,369,370,0.8536585365853658,0.940379403794038,social,0.7464788732394366,142,129,0.823943661971831,0.9647887323943662,social|1,0.5,60,60,0.7833333333333333,0.9833333333333333,0.1,0.8950271785954853,265.5474098093582,137.53935805254005
dreaddit,distilbert,101,head_50,M0,clean,0.05,0,715,0.9146853146853147,1.455944055944056,0.544055944055944,0.0,0.45594405594405596,0.18601398601398603,0.35804195804195804,0.641958041958042,0.45594405594405596,0.8509485094850948,0.9258741258741259,0.9706293706293706,0.9826589595375722,346,330,0.9161849710982659,0.9797687861271677,0.8509485094850948,369,370,0.9159891598915989,0.978319783197832,social,0.852112676056338,142,129,0.8943661971830986,0.9929577464788732,social|1,0.6833333333333333,60,60,0.85,1.0,0.1,0.9694879145323245,462.26248100631295,412.2382004166863
dreaddit,distilbert,101,head_50,M1,clean,0.1,0,715,0.8447552447552448,1.2307692307692308,0.7692307692307693,0.0,0.23076923076923078,0.3706293706293706,0.3986013986013986,0.6013986013986014,0.23076923076923078,0.8265582655826558,0.8671328671328671,0.9300699300699301,0.8641618497109826,346,330,0.8526011560693642,0.9421965317919075,0.8265582655826558,369,370,0.8536585365853658,0.940379403794038,social,0.795774647887324,142,129,0.823943661971831,0.9647887323943662,social|1,0.6833333333333333,60,60,0.7833333333333333,0.9833333333333333,0.1,0.8604014912981499,407.80033522878585,226.46740918276237
dreaddit,distilbert,101,head_50,M1,clean,0.05,0,715,0.9272727272727272,1.4657342657342658,0.5342657342657343,0.0,0.46573426573426574,0.3118881118881119,0.22237762237762237,0.7776223776223776,0.46573426573426574,0.9376693766937669,0.9258741258741259,0.9706293706293706,0.9161849710982659,346,330,0.9161849710982659,0.9797687861271677,0.9376693766937669,369,370,0.9159891598915989,0.978319783197832,abuse,0.9014084507042254,142,142,0.8943661971830986,0.9929577464788732,abuse|0,0.84375,64,66,0.875,1.0,0.1,0.918333411657816,640.0097122358507,512.0016604790325
dreaddit,distilbert,101,head_50,M2,clean,0.1,0,715,0.8447552447552448,1.2825174825174825,0.7174825174825175,0.0,0.28251748251748254,0.3622377622377622,0.35524475524475524,0.6447552447552447,0.28251748251748254,0.8130081300813008,0.8671328671328671,0.9300699300699301,0.8786127167630058,346,330,0.8526011560693642,0.9421965317919075,0.8130081300813008,369,370,0.8536585365853658,0.940379403794038,anxiety,0.782608695652174,161,147,0.8322981366459627,0.9627329192546584,anxiety|1,0.6947368421052632,95,98,0.8210526315789474,0.9789473684210527,0.1,0.8720522580948353,500.08694017576016,332.0307971865846
dreaddit,distilbert,101,head_50,M2,clean,0.05,0,715,0.9370629370629371,1.5622377622377623,0.43776223776223777,0.0,0.5622377622377622,0.22937062937062938,0.2083916083916084,0.7916083916083916,0.5622377622377622,0.9295392953929539,0.9258741258741259,0.9706293706293706,0.9450867052023122,346,330,0.9161849710982659,0.9797687861271677,0.9295392953929539,369,370,0.9159891598915989,0.978319783197832,abuse,0.8873239436619719,142,142,0.8943661971830986,0.9929577464788732,abuse|0,0.8125,64,66,0.875,1.0,0.1,0.9435319642213764,673.0117330075035,584.294374735655
dreaddit,distilbert,101,head_50,M3,matched,0.1,0,715,0.8839160839160839,1.3454545454545455,0.6545454545454545,0.0,0.34545454545454546,0.3776223776223776,0.27692307692307694,0.7230769230769231,0.34545454545454546,0.9051490514905149,0.8671328671328671,0.9300699300699301,0.861271676300578,346,330,0.8526011560693642,0.9421965317919075,0.9051490514905149,369,370,0.8536585365853658,0.940379403794038,social,0.8450704225352113,142,129,0.823943661971831,0.9647887323943662,abuse|0,0.78125,64,66,0.796875,0.984375,0.1,0.8656594138195717,566.5264658426931,381.50837288719714
dreaddit,distilbert,101,head_50,M3,matched,0.05,0,715,0.9412587412587412,1.5552447552447553,0.44475524475524475,0.0,0.5552447552447553,0.3104895104895105,0.13426573426573427,0.8657342657342657,0.5552447552447553,0.964769647696477,0.9258741258741259,0.9706293706293706,0.9161849710982659,346,330,0.9161849710982659,0.9797687861271677,0.964769647696477,369,370,0.9159891598915989,0.978319783197832,abuse,0.9084507042253521,142,142,0.8943661971830986,0.9929577464788732,abuse|0,0.84375,64,66,0.875,1.0,0.1,0.921043438758087,780.5810110124224,652.8439619656314
dreaddit,distilbert,101,head_50,M3-mix,mix,0.1,0,715,0.8825174825174825,1.3328671328671329,0.6671328671328671,0.0,0.3328671328671329,0.3944055944055944,0.2727272727272727,0.7272727272727273,0.3328671328671329,0.9132791327913279,0.8671328671328671,0.9300699300699301,0.8497109826589595,346,330,0.8526011560693642,0.9421965317919075,0.9132791327913279,369,370,0.8536585365853658,0.940379403794038,abuse,0.852112676056338,142,142,0.823943661971831,0.9647887323943662,ptsd|0,0.7555555555555555,45,59,0.7555555555555555,1.0,0.1,0.8560677976721964,567.3394739727744,369.748735059605
dreaddit,distilbert,101,head_50,M3-mix,mix,0.05,0,715,0.9412587412587412,1.5342657342657342,0.46573426573426574,0.0,0.5342657342657343,0.28251748251748254,0.18321678321678322,0.8167832167832167,0.5342657342657343,0.948509485094851,0.9258741258741259,0.9706293706293706,0.9335260115606936,346,330,0.9161849710982659,0.9797687861271677,0.948509485094851,369,370,0.9159891598915989,0.978319783197832,abuse,0.9154929577464789,142,142,0.8943661971830986,0.9929577464788732,abuse|0,0.875,64,66,0.875,1.0,0.1,0.9350243589141094,703.521468740699,595.1853940504724
dreaddit,distilbert,101,head_50,M5,clean,0.1,0,715,0.7356643356643356,1.0,1.0,0.0,0.0,0.6013986013986014,0.3986013986013986,0.6013986013986014,0.0,0.8265582655826558,0.8671328671328671,0.9300699300699301,0.638728323699422,346,330,0.8526011560693642,0.9421965317919075,0.8265582655826558,369,370,0.8536585365853658,0.940379403794038,social,0.6619718309859155,142,129,0.823943661971831,0.9647887323943662,abuse|0,0.5625,64,66,0.796875,0.984375,0.1,0.6575113178877454,407.80033522878585,0.0
dreaddit,distilbert,101,head_50,M5,clean,0.05,0,715,0.6741258741258741,1.0,1.0,0.0,0.0,0.7776223776223776,0.22237762237762237,0.7776223776223776,0.0,0.9376693766937669,0.9258741258741259,0.9706293706293706,0.3930635838150289,346,330,0.9161849710982659,0.9797687861271677,0.9376693766937669,369,370,0.9159891598915989,0.978319783197832,social,0.6126760563380281,142,129,0.8943661971830986,0.9929577464788732,abuse|0,0.328125,64,66,0.875,1.0,0.1,0.44752416310290277,640.0097122358507,0.0
dreaddit,distilbert,101,head_25,M0,clean,0.1,0,715,0.7664335664335664,1.1902097902097901,0.8097902097902098,0.0,0.1902097902097902,0.21958041958041957,0.5902097902097903,0.4097902097902098,0.1902097902097902,0.6097560975609756,0.8671328671328671,0.9300699300699301,0.9335260115606936,346,330,0.8526011560693642,0.9421965317919075,0.6097560975609756,369,370,0.8536585365853658,0.940379403794038,ptsd,0.7086614173228346,127,138,0.8267716535433071,0.968503937007874,social|1,0.5,60,60,0.7833333333333333,0.9833333333333333,0.1,0.9011490201607217,237.85422247286058,141.7132697338534
dreaddit,distilbert,101,head_25,M0,clean,0.05,0,715,0.9020979020979021,1.5384615384615385,0.46153846153846156,0.0,0.5384615384615384,0.13286713286713286,0.32867132867132864,0.6713286713286714,0.5384615384615384,0.8346883468834688,0.9258741258741259,0.9706293706293706,0.9739884393063584,346,330,0.9161849710982659,0.9797687861271677,0.8346883468834688,369,370,0.9159891598915989,0.978319783197832,anxiety,0.8757763975155279,161,147,0.9006211180124224,0.9875776397515528,social|1,0.7833333333333333,60,60,0.85,1.0,0.1,0.9600584300640694,530.8676786189827,484.15104093237466
dreaddit,distilbert,101,head_25,M1,clean,0.1,0,715,0.8405594405594405,1.3342657342657342,0.6657342657342658,0.0,0.33426573426573425,0.2783216783216783,0.38741258741258744,0.6125874125874126,0.33426573426573425,0.7859078590785907,0.8671328671328671,0.9300699300699301,0.8988439306358381,346,330,0.8526011560693642,0.9421965317919075,0.7859078590785907,369,370,0.8536585365853658,0.940379403794038,social,0.823943661971831,142,129,0.823943661971831,0.9647887323943662,social|1,0.75,60,60,0.7833333333333333,0.9833333333333333,0.1,0.8875503234801134,463.56188417375506,328.0769773015649
dreaddit,distilbert,101,head_25,M1,clean,0.05,0,715,0.9300699300699301,1.6083916083916083,0.3916083916083916,0.0,0.6083916083916084,0.21958041958041957,0.17202797202797201,0.827972027972028,0.6083916083916084,0.926829268292683,0.9258741258741259,0.9706293706293706,0.9335260115606936,346,330,0.9161849710982659,0.9797687861271677,0.926829268292683,369,370,0.9159891598915989,0.978319783197832,abuse,0.9154929577464789,142,142,0.8943661971830986,0.9929577464788732,abuse|0,0.859375,64,66,0.875,1.0,0.1,0.9328563372338925,742.9719441703088,646.8309914313015
dreaddit,distilbert,101,head_25,M2,clean,0.1,0,715,0.8083916083916084,1.3496503496503496,0.6503496503496503,0.0,0.34965034965034963,0.28251748251748254,0.3678321678321678,0.6321678321678321,0.34965034965034963,0.7289972899728997,0.8671328671328671,0.9300699300699301,0.8930635838150289,346,330,0.8526011560693642,0.9421965317919075,0.7289972899728997,369,370,0.8536585365853658,0.940379403794038,ptsd,0.6771653543307087,127,138,0.8267716535433071,0.968503937007874,ptsd|1,0.5365853658536586,82,79,0.7926829268292683,0.975609756097561,0.1,0.876656954430816,548.9112896909317,407.953067969986
dreaddit,distilbert,101,head_25,M2,clean,0.05,0,715,0.9230769230769231,1.6587412587412587,0.3412587412587413,0.0,0.6587412587412588,0.17622377622377622,0.16503496503496504,0.8349650349650349,0.6587412587412588,0.8997289972899729,0.9258741258741259,0.9706293706293706,0.9479768786127167,346,330,0.9161849710982659,0.9797687861271677,0.8997289972899729,369,370,0.9159891598915989,0.978319783197832,ptsd,0.84251968503937,127,138,0.8976377952755905,0.9921259842519685,ptsd|1,0.7682926829268293,82,79,0.8658536585365854,1.0,0.1,0.9431520904804425,779.2792581105001,703.1901561790185
dreaddit,distilbert,101,head_25,M3,matched,0.1,0,715,0.8881118881118881,1.4433566433566434,0.5566433566433566,0.0,0.4433566433566434,0.3202797202797203,0.23636363636363636,0.7636363636363637,0.4433566433566434,0.9024390243902439,0.8671328671328671,0.9300699300699301,0.8728323699421965,346,330,0.8526011560693642,0.9421965317919075,0.9024390243902439,369,370,0.8536585365853658,0.940379403794038,social,0.852112676056338,142,129,0.823943661971831,0.9647887323943662,abuse|0,0.796875,64,66,0.796875,0.984375,0.1,0.8757930353870013,644.2901452135909,479.7037768065542
dreaddit,distilbert,101,head_25,M3,matched,0.05,0,715,0.9412587412587412,1.6573426573426573,0.34265734265734266,0.0,0.6573426573426573,0.22377622377622378,0.11888111888111888,0.8811188811188811,0.6573426573426573,0.9512195121951219,0.9258741258741259,0.9706293706293706,0.930635838150289,346,330,0.9161849710982659,0.9797687861271677,0.9512195121951219,369,370,0.9159891598915989,0.978319783197832,abuse,0.9225352112676056,142,142,0.8943661971830986,0.9929577464788732,abuse|0,0.859375,64,66,0.875,1.0,0.1,0.9326942055547723,820.8444945721134,721.5603803436879
dreaddit,distilbert,101,head_25,M3-mix,mix,0.1,0,715,0.9062937062937063,1.5160839160839161,0.48391608391608393,0.0,0.5160839160839161,0.2881118881118881,0.1958041958041958,0.8041958041958042,0.5160839160839161,0.9159891598915989,0.8671328671328671,0.9300699300699301,0.8959537572254336,346,330,0.8526011560693642,0.9421965317919075,0.9159891598915989,369,370,0.8536585365853658,0.940379403794038,social,0.8802816901408451,142,129,0.823943661971831,0.9647887323943662,abuse|0,0.828125,64,66,0.796875,0.984375,0.1,0.8979572974920501,708.0729044284662,568.3608252267494
dreaddit,distilbert,101,head_25,M3-mix,mix,0.05,0,715,0.9384615384615385,1.6377622377622378,0.3622377622377622,0.0,0.6377622377622377,0.22517482517482518,0.13706293706293707,0.862937062937063,0.6377622377622377,0.94579945799458,0.9258741258741259,0.9706293706293706,0.930635838150289,346,330,0.9161849710982659,0.9797687861271677,0.94579945799458,369,370,0.9159891598915989,0.978319783197832,social,0.9225352112676056,142,129,0.8943661971830986,0.9929577464788732,abuse|0,0.875,64,66,0.875,1.0,0.1,0.9321522001347182,791.6897723890532,692.1346554506007
dreaddit,distilbert,101,head_25,M5,clean,0.1,0,715,0.6825174825174826,1.0,1.0,0.0,0.0,0.6125874125874126,0.38741258741258744,0.6125874125874126,0.0,0.7859078590785907,0.8671328671328671,0.9300699300699301,0.5722543352601156,346,330,0.8526011560693642,0.9421965317919075,0.7859078590785907,369,370,0.8536585365853658,0.940379403794038,abuse,0.6690140845070423,142,142,0.823943661971831,0.9647887323943662,abuse|0,0.46875,64,66,0.796875,0.984375,0.1,0.5936196876419632,463.56188417375506,0.0
dreaddit,distilbert,101,head_25,M5,clean,0.05,0,715,0.6125874125874126,1.0,1.0,0.0,0.0,0.827972027972028,0.17202797202797201,0.827972027972028,0.0,0.926829268292683,0.9258741258741259,0.9706293706293706,0.2774566473988439,346,330,0.9161849710982659,0.9797687861271677,0.926829268292683,369,370,0.9159891598915989,0.978319783197832,financial,0.5104895104895105,143,144,0.8951048951048951,0.993006993006993,abuse|0,0.21875,64,66,0.875,1.0,0.1,0.34239390948822784,742.9719441703088,0.0
dreaddit,distilbert,101,tail_75,M0,clean,0.1,0,715,0.8293706293706293,1.1566433566433567,0.8433566433566434,0.0,0.15664335664335666,0.34965034965034963,0.4937062937062937,0.5062937062937063,0.15664335664335666,0.7804878048780488,0.8671328671328671,0.9300699300699301,0.8815028901734104,346,330,0.8526011560693642,0.9421965317919075,0.7804878048780488,369,370,0.8536585365853658,0.940379403794038,social,0.7887323943661971,142,129,0.823943661971831,0.9647887323943662,social|1,0.65,60,60,0.7833333333333333,0.9833333333333333,0.1,0.8714013816438744,270.5343296207528,107.24736438115825
dreaddit,distilbert,101,tail_75,M0,clean,0.05,0,715,0.9314685314685315,1.4447552447552447,0.5552447552447553,0.0,0.44475524475524475,0.2153846153846154,0.33986013986013985,0.6601398601398601,0.44475524475524475,0.907859078590786,0.9258741258741259,0.9706293706293706,0.9566473988439307,346,330,0.9161849710982659,0.9797687861271677,0.907859078590786,369,370,0.9159891598915989,0.978319783197832,social,0.8732394366197183,142,129,0.8943661971830986,0.9929577464788732,social|1,0.7666666666666667,60,60,0.85,1.0,0.1,0.9517685668186162,447.1442893619688,370.4575716277394
dreaddit,distilbert,101,tail_75,M1,clean,0.1,0,715,0.8657342657342657,1.1972027972027972,0.8027972027972028,0.0,0.1972027972027972,0.406993006993007,0.3958041958041958,0.6041958041958042,0.1972027972027972,0.8753387533875339,0.8671328671328671,0.9300699300699301,0.8554913294797688,346,330,0.8526011560693642,0.9421965317919075,0.8753387533875339,369,370,0.8536585365853658,0.940379403794038,social,0.7887323943661971,142,129,0.823943661971831,0.9647887323943662,social|1,0.7166666666666667,60,60,0.7833333333333333,0.9833333333333333,0.1,0.8574760718705454,371.059886899447,175.69043031470778
dreaddit,distilbert,101,tail_75,M1,clean,0.05,0,715,0.9048951048951049,1.3902097902097903,0.6097902097902098,0.0,0.3902097902097902,0.34965034965034963,0.2601398601398601,0.7398601398601399,0.3902097902097902,0.926829268292683,0.9258741258741259,0.9706293706293706,0.8815028901734104,346,330,0.9161849710982659,0.9797687861271677,0.926829268292683,369,370,0.9159891598915989,0.978319783197832,social,0.852112676056338,142,129,0.8943661971830986,0.9929577464788732,ptsd|0,0.7777777777777778,45,59,0.8444444444444444,1.0,0.1,0.8860355279853377,579.0991118003666,415.81214656077196
dreaddit,distilbert,101,tail_75,M2,clean,0.1,0,715,0.8405594405594405,1.2265734265734265,0.7734265734265734,0.0,0.22657342657342658,0.4013986013986014,0.37202797202797205,0.627972027972028,0.22657342657342658,0.8346883468834688,0.8671328671328671,0.9300699300699301,0.846820809248555,346,330,0.8526011560693642,0.9421965317919075,0.8346883468834688,369,370,0.8536585365853658,0.940379403794038,ptsd,0.7952755905511811,127,138,0.8267716535433071,0.968503937007874,anxiety|1,0.7473684210526316,95,98,0.8210526315789474,0.9789473684210527,0.1,0.8456075630120463,450.2318404686937,248.95593464605165
dreaddit,distilbert,101,tail_75,M2,clean,0.05,0,715,0.9272727272727272,1.4979020979020978,0.5020979020979021,0.0,0.4979020979020979,0.27412587412587414,0.22797202797202798,0.772027972027972,0.4979020979020979,0.94579945799458,0.9258741258741259,0.9706293706293706,0.9075144508670521,346,330,0.9161849710982659,0.9797687861271677,0.94579945799458,369,370,0.9159891598915989,0.978319783197832,ptsd,0.889763779527559,127,138,0.8976377952755905,0.9921259842519685,ptsd|0,0.8222222222222222,45,59,0.8444444444444444,1.0,0.1,0.9113429515798048,622.6146278803828,494.9331892162852
dreaddit,distilbert,101,tail_75,M3,matched,0.1,0,715,0.8769230769230769,1.241958041958042,0.7580419580419581,0.0,0.24195804195804196,0.42097902097902096,0.33706293706293705,0.6629370629370629,0.24195804195804196,0.9132791327913279,0.8671328671328671,0.9300699300699301,0.838150289017341,346,330,0.8526011560693642,0.9421965317919075,0.9132791327913279,369,370,0.8536585365853658,0.940379403794038,social,0.795774647887324,142,129,0.823943661971831,0.9647887323943662,social|1,0.7666666666666667,60,60,0.7833333333333333,0.9833333333333333,0.1,0.8456631733947397,447.68629478202297,235.62589094099033
dreaddit,distilbert,101,tail_75,M3,matched,0.05,0,715,0.9202797202797203,1.4405594405594406,0.5594405594405595,0.0,0.4405594405594406,0.31888111888111886,0.24055944055944056,0.7594405594405594,0.4405594405594406,0.943089430894309,0.9258741258741259,0.9706293706293706,0.8959537572254336,346,330,0.9161849710982659,0.9797687861271677,0.943089430894309,369,370,0.9159891598915989,0.978319783197832,social,0.8661971830985915,142,129,0.8943661971830986,0.9929577464788732,ptsd|0,0.8,45,59,0.8444444444444444,1.0,0.1,0.9006673245923211,601.5343766154425,455.8602377931294
dreaddit,distilbert,101,tail_75,M3-mix,mix,0.1,0,715,0.8769230769230769,1.2643356643356642,0.7356643356643356,0.0,0.26433566433566436,0.44195804195804195,0.2937062937062937,0.7062937062937062,0.26433566433566436,0.9186991869918699,0.8671328671328671,0.9300699300699301,0.8323699421965318,346,330,0.8526011560693642,0.9421965317919075,0.9186991869918699,369,370,0.8536585365853658,0.940379403794038,social,0.7887323943661971,142,129,0.823943661971831,0.9647887323943662,ptsd|0,0.7555555555555555,45,59,0.7555555555555555,1.0,0.1,0.8410028666760657,523.6618262136379,302.87607500352465
dreaddit,distilbert,101,tail_75,M3-mix,mix,0.05,0,715,0.9202797202797203,1.4335664335664335,0.5664335664335665,0.0,0.43356643356643354,0.33986013986013985,0.22657342657342658,0.7734265734265734,0.43356643356643354,0.943089430894309,0.9258741258741259,0.9706293706293706,0.8959537572254336,346,330,0.9161849710982659,0.9797687861271677,0.943089430894309,369,370,0.9159891598915989,0.978319783197832,social,0.8591549295774648,142,129,0.8943661971830986,0.9929577464788732,social|1,0.8333333333333334,60,60,0.85,1.0,0.1,0.9006673245923211,627.5459373090841,477.8067578363645
dreaddit,distilbert,101,tail_75,M5,clean,0.1,0,715,0.7832167832167832,1.0,1.0,0.0,0.0,0.6041958041958042,0.3958041958041958,0.6041958041958042,0.0,0.8753387533875339,0.8671328671328671,0.9300699300699301,0.684971098265896,346,330,0.8526011560693642,0.9421965317919075,0.8753387533875339,369,370,0.8536585365853658,0.940379403794038,social,0.6901408450704225,142,129,0.823943661971831,0.9647887323943662,ptsd|0,0.6,45,59,0.7555555555555555,1.0,0.1,0.7040078637780598,371.059886899447,0.0
dreaddit,distilbert,101,tail_75,M5,clean,0.05,0,715,0.7006993006993008,1.0,1.0,0.0,0.0,0.7398601398601399,0.2601398601398601,0.7398601398601399,0.0,0.926829268292683,0.9258741258741259,0.9706293706293706,0.4595375722543353,346,330,0.9161849710982659,0.9797687861271677,0.926829268292683,369,370,0.9159891598915989,0.978319783197832,social,0.5845070422535211,142,129,0.8943661971830986,0.9929577464788732,ptsd|0,0.4,45,59,0.8444444444444444,1.0,0.1,0.50626674185817,579.0991118003666,0.0
dreaddit,distilbert,101,tail_50,M0,clean,0.1,0,715,0.8083916083916084,1.1902097902097901,0.8097902097902098,0.0,0.1902097902097902,0.27972027972027974,0.5300699300699301,0.4699300699300699,0.1902097902097902,0.7100271002710027,0.8671328671328671,0.9300699300699301,0.9132947976878613,346,330,0.8526011560693642,0.9421965317919075,0.7100271002710027,369,370,0.8536585365853658,0.940379403794038,financial,0.7692307692307693,143,144,0.8251748251748252,0.965034965034965,financial|1,0.5555555555555556,54,57,0.7962962962962963,1.0,0.1,0.8929680279461754,263.48825916004824,139.38311637451633
dreaddit,distilbert,101,tail_50,M0,clean,0.05,0,715,0.8993006993006993,1.441958041958042,0.558041958041958,0.0,0.44195804195804195,0.17762237762237762,0.3804195804195804,0.6195804195804195,0.44195804195804195,0.8373983739837398,0.9258741258741259,0.9706293706293706,0.9653179190751445,346,330,0.9161849710982659,0.9797687861271677,0.8373983739837398,369,370,0.9159891598915989,0.978319783197832,financial,0.8461538461538461,143,144,0.8951048951048951,0.993006993006993,financial|1,0.6666666666666666,54,57,0.8703703703703703,1.0,0.1,0.952525964566004,432.29475069317164,369.9155662076852
dreaddit,distilbert,101,tail_50,M1,clean,0.1,0,715,0.8251748251748252,1.2041958041958043,0.7958041958041958,0.0,0.2041958041958042,0.36363636363636365,0.43216783216783217,0.5678321678321678,0.2041958041958042,0.7994579945799458,0.8671328671328671,0.9300699300699301,0.8526011560693642,346,330,0.8526011560693642,0.9421965317919075,0.7994579945799458,369,370,0.8536585365853658,0.940379403794038,financial,0.7762237762237763,143,144,0.8251748251748252,0.965034965034965,financial|1,0.6296296296296297,54,57,0.7962962962962963,1.0,0.1,0.8472868399204224,368.67412315741655,179.37559722418032
dreaddit,distilbert,101,tail_50,M1,clean,0.05,0,715,0.9118881118881119,1.4503496503496502,0.5496503496503496,0.0,0.45034965034965035,0.27972027972027974,0.2699300699300699,0.73006993006993,0.45034965034965035,0.9105691056910569,0.9258741258741259,0.9706293706293706,0.9132947976878613,346,330,0.9161849710982659,0.9797687861271677,0.9105691056910569,369,370,0.9159891598915989,0.978319783197832,social,0.8732394366197183,142,129,0.8943661971830986,0.9929577464788732,ptsd|0,0.8,45,59,0.8444444444444444,1.0,0.1,0.9130222284881808,574.8719394708398,450.76679668530795
dreaddit,distilbert,101,tail_50,M2,clean,0.1,0,715,0.8167832167832167,1.2447552447552448,0.7552447552447552,0.0,0.24475524475524477,0.35804195804195804,0.3972027972027972,0.6027972027972028,0.24475524475524477,0.7886178861788617,0.8671328671328671,0.9300699300699301,0.846820809248555,346,330,0.8526011560693642,0.9421965317919075,0.7886178861788617,369,370,0.8536585365853658,0.940379403794038,ptsd,0.7795275590551181,127,138,0.8267716535433071,0.968503937007874,anxiety|1,0.6736842105263158,95,98,0.8210526315789474,0.9789473684210527,0.1,0.8410005169415856,443.02363832886886,250.14881651706693
dreaddit,distilbert,101,tail_50,M2,clean,0.05,0,715,0.9132867132867133,1.5356643356643356,0.4643356643356643,0.0,0.5356643356643357,0.23216783216783216,0.23216783216783216,0.7678321678321678,0.5356643356643357,0.9186991869918699,0.9258741258741259,0.9706293706293706,0.9075144508670521,346,330,0.9161849710982659,0.9797687861271677,0.9186991869918699,369,370,0.9159891598915989,0.978319783197832,ptsd,0.8503937007874016,127,138,0.8976377952755905,0.9921259842519685,ptsd|0,0.8,45,59,0.8444444444444444,1.0,0.1,0.9086329244795339,638.112693265661,518.5613359023764
dreaddit,distilbert,101,tail_50,M3,matched,0.1,0,715,0.8769230769230769,1.351048951048951,0.6489510489510489,0.0,0.35104895104895106,0.386013986013986,0.2629370629370629,0.737062937062937,0.35104895104895106,0.9132791327913279,0.8671328671328671,0.9300699300699301,0.838150289017341,346,330,0.8526011560693642,0.9421965317919075,0.9132791327913279,369,370,0.8536585365853658,0.940379403794038,social,0.8380281690140845,142,129,0.823943661971831,0.9647887323943662,ptsd|0,0.7555555555555555,45,59,0.7555555555555555,1.0,0.1,0.8456631733947397,585.5475664583236,380.26223036796836
dreaddit,distilbert,101,tail_50,M3,matched,0.05,0,715,0.9272727272727272,1.5328671328671328,0.4671328671328671,0.0,0.5328671328671328,0.29790209790209793,0.16923076923076924,0.8307692307692308,0.5328671328671328,0.9512195121951219,0.9258741258741259,0.9706293706293706,0.9017341040462428,346,330,0.9161849710982659,0.9797687861271677,0.9512195121951219,369,370,0.9159891598915989,0.978319783197832,financial,0.8881118881118881,143,144,0.8951048951048951,0.993006993006993,ptsd|0,0.7555555555555555,45,59,0.8444444444444444,1.0,0.1,0.9066826448611307,727.2028760750035,590.254084621771
dreaddit,distilbert,101,tail_50,M3-mix,mix,0.1,0,715,0.8657342657342657,1.2965034965034965,0.7034965034965035,0.0,0.2965034965034965,0.3972027972027972,0.3062937062937063,0.6937062937062937,0.2965034965034965,0.8943089430894309,0.8671328671328671,0.9300699300699301,0.8352601156069365,346,330,0.8526011560693642,0.9421965317919075,0.8943089430894309,369,370,0.8536585365853658,0.940379403794038,financial,0.8251748251748252,143,144,0.8251748251748252,0.965034965034965,ptsd|0,0.7555555555555555,45,59,0.7555555555555555,1.0,0.1,0.841164998355186,521.222801823394,311.43929069348496
dreaddit,distilbert,101,tail_50,M3-mix,mix,0.05,0,715,0.9146853146853147,1.4993006993006992,0.5006993006993007,0.0,0.4993006993006993,0.26433566433566436,0.23636363636363636,0.7636363636363637,0.4993006993006993,0.9214092140921409,0.9258741258741259,0.9706293706293706,0.9075144508670521,346,330,0.9161849710982659,0.9797687861271677,0.9214092140921409,369,370,0.9159891598915989,0.978319783197832,social,0.8873239436619719,142,129,0.8943661971830986,0.9929577464788732,ptsd|0,0.7555555555555555,45,59,0.8444444444444444,1.0,0.1,0.9089039271895609,627.9790716982315,502.1946520043236
dreaddit,distilbert,101,tail_50,M5,clean,0.1,0,715,0.7412587412587412,1.0,1.0,0.0,0.0,0.5678321678321678,0.43216783216783217,0.5678321678321678,0.0,0.7994579945799458,0.8671328671328671,0.9300699300699301,0.6791907514450867,346,330,0.8526011560693642,0.9421965317919075,0.7994579945799458,369,370,0.8536585365853658,0.940379403794038,social,0.647887323943662,142,129,0.823943661971831,0.9647887323943662,ptsd|0,0.5777777777777777,45,59,0.7555555555555555,1.0,0.1,0.6912174757585726,368.67412315741655,0.0
dreaddit,distilbert,101,tail_50,M5,clean,0.05,0,715,0.6937062937062937,1.0,1.0,0.0,0.0,0.73006993006993,0.2699300699300699,0.73006993006993,0.0,0.9105691056910569,0.9258741258741259,0.9706293706293706,0.4624277456647399,346,330,0.9161849710982659,0.9797687861271677,0.9105691056910569,369,370,0.9159891598915989,0.978319783197832,social,0.6267605633802817,142,129,0.8943661971830986,0.9929577464788732,ptsd|0,0.35555555555555557,45,59,0.8444444444444444,1.0,0.1,0.5072418816673716,574.8719394708398,0.0
dreaddit,distilbert,101,tail_25,M0,clean,0.1,0,715,0.7678321678321678,1.1902097902097901,0.8097902097902098,0.0,0.1902097902097902,0.22097902097902097,0.5888111888111888,0.4111888111888112,0.1902097902097902,0.6151761517615176,0.8671328671328671,0.9300699300699301,0.930635838150289,346,330,0.8526011560693642,0.9421965317919075,0.6151761517615176,369,370,0.8536585365853658,0.940379403794038,social,0.7394366197183099,142,129,0.823943661971831,0.9647887323943662,financial|1,0.48148148148148145,54,57,0.7962962962962963,1.0,0.1,0.8990898695114119,235.7950718235506,137.05296301517927
dreaddit,distilbert,101,tail_25,M0,clean,0.05,0,715,0.8825174825174825,1.4937062937062937,0.5062937062937063,0.0,0.4937062937062937,0.1258741258741259,0.3804195804195804,0.6195804195804195,0.4937062937062937,0.7994579945799458,0.9258741258741259,0.9706293706293706,0.9710982658959537,346,330,0.9161849710982659,0.9797687861271677,0.7994579945799458,369,370,0.9159891598915989,0.978319783197832,financial,0.8531468531468531,143,144,0.8951048951048951,0.993006993006993,financial|1,0.6481481481481481,54,57,0.8703703703703703,1.0,0.1,0.953934238764353,464.91689772389054,417.22512022808087
dreaddit,distilbert,101,tail_25,M1,clean,0.1,0,715,0.8237762237762237,1.2629370629370629,0.737062937062937,0.0,0.2629370629370629,0.2853146853146853,0.45174825174825173,0.5482517482517483,0.2629370629370629,0.7533875338753387,0.8671328671328671,0.9300699300699301,0.8988439306358381,346,330,0.8526011560693642,0.9421965317919075,0.7533875338753387,369,370,0.8536585365853658,0.940379403794038,social,0.7816901408450704,142,129,0.823943661971831,0.9647887323943662,financial|1,0.6111111111111112,54,57,0.7962962962962963,1.0,0.1,0.8842982909597883,371.8705452950483,235.0306248727227
dreaddit,distilbert,101,tail_25,M1,clean,0.05,0,715,0.9132867132867133,1.5482517482517482,0.45174825174825173,0.0,0.5482517482517483,0.22097902097902097,0.23076923076923078,0.7692307692307693,0.5482517482517483,0.8970189701897019,0.9258741258741259,0.9706293706293706,0.930635838150289,346,330,0.9161849710982659,0.9797687861271677,0.8970189701897019,369,370,0.9159891598915989,0.978319783197832,financial,0.8811188811188811,143,144,0.8951048951048951,0.993006993006993,financial|1,0.7777777777777778,54,57,0.8703703703703703,1.0,0.1,0.9272741513542304,659.3550762097216,560.6129674013504
dreaddit,distilbert,101,tail_25,M2,clean,0.1,0,715,0.8013986013986014,1.3062937062937063,0.6937062937062937,0.0,0.3062937062937063,0.2909090909090909,0.4027972027972028,0.5972027972027972,0.3062937062937063,0.7235772357723578,0.8671328671328671,0.9300699300699301,0.884393063583815,346,330,0.8526011560693642,0.9421965317919075,0.7235772357723578,369,370,0.8536585365853658,0.940379403794038,anxiety,0.7080745341614907,161,147,0.8322981366459627,0.9627329192546584,anxiety|1,0.5684210526315789,95,98,0.8210526315789474,0.9789473684210527,0.1,0.8683114808026693,488.5426946755017,338.9679966163824
dreaddit,distilbert,101,tail_25,M2,clean,0.05,0,715,0.9132867132867133,1.6,0.4,0.0,0.6,0.18321678321678322,0.21678321678321677,0.7832167832167832,0.6,0.8834688346883469,0.9258741258741259,0.9706293706293706,0.9450867052023122,346,330,0.9161849710982659,0.9797687861271677,0.8834688346883469,369,370,0.9159891598915989,0.978319783197832,ptsd,0.8661417322834646,127,138,0.8976377952755905,0.9921259842519685,anxiety|1,0.8210526315789474,95,98,0.8947368421052632,1.0,0.1,0.9389249181509157,697.0174037000486,617.2431348590943
dreaddit,distilbert,101,tail_25,M3,matched,0.1,0,715,0.8853146853146853,1.4755244755244756,0.5244755244755245,0.0,0.4755244755244755,0.35104895104895106,0.17342657342657342,0.8265734265734266,0.4755244755244755,0.9159891598915989,0.8671328671328671,0.9300699300699301,0.8526011560693642,346,330,0.8526011560693642,0.9421965317919075,0.9159891598915989,369,370,0.8536585365853658,0.940379403794038,social,0.8661971830985915,142,129,0.823943661971831,0.9647887323943662,abuse|0,0.796875,64,66,0.796875,0.984375,0.1,0.8589399564515877,749.6914015382928,562.8318999953004
dreaddit,distilbert,101,tail_25,M3,matched,0.05,0,715,0.9230769230769231,1.606993006993007,0.393006993006993,0.0,0.606993006993007,0.2783216783216783,0.11468531468531469,0.8853146853146853,0.606993006993007,0.94579945799458,0.9258741258741259,0.9706293706293706,0.8988439306358381,346,330,0.9161849710982659,0.9797687861271677,0.94579945799458,369,370,0.9159891598915989,0.978319783197832,social,0.9084507042253521,142,129,0.8943661971830986,0.9929577464788732,ptsd|0,0.8666666666666667,45,59,0.8444444444444444,1.0,0.1,0.9035394833717123,833.30826949888,697.8233626266899
dreaddit,distilbert,101,tail_25,M3-mix,mix,0.1,0,715,0.8853146853146853,1.4573426573426573,0.5426573426573427,0.0,0.45734265734265733,0.29790209790209793,0.24475524475524477,0.7552447552447552,0.45734265734265733,0.8807588075880759,0.8671328671328671,0.9300699300699301,0.8901734104046243,346,330,0.8526011560693642,0.9421965317919075,0.8807588075880759,369,370,0.8536585365853658,0.940379403794038,financial,0.8601398601398601,143,144,0.8251748251748252,0.965034965034965,financial|1,0.7592592592592593,54,57,0.7962962962962963,1.0,0.1,0.8892319501229694,647.3244356721024,501.0550307815217
dreaddit,distilbert,101,tail_25,M3-mix,mix,0.05,0,715,0.916083916083916,1.5664335664335665,0.43356643356643354,0.0,0.5664335664335665,0.23916083916083916,0.1944055944055944,0.8055944055944056,0.5664335664335665,0.9105691056910569,0.9258741258741259,0.9706293706293706,0.9219653179190751,346,330,0.9161849710982659,0.9797687861271677,0.9105691056910569,369,370,0.9159891598915989,0.978319783197832,financial,0.8881118881118881,143,144,0.8951048951048951,0.993006993006993,financial|1,0.8148148148148148,54,57,0.8703703703703703,1.0,0.1,0.9208256966962733,715.3343672165046,606.0787630997697
dreaddit,distilbert,101,tail_25,M5,clean,0.1,0,715,0.7132867132867133,1.0,1.0,0.0,0.0,0.5482517482517483,0.45174825174825173,0.5482517482517483,0.0,0.7533875338753387,0.8671328671328671,0.9300699300699301,0.6705202312138728,346,330,0.8526011560693642,0.9421965317919075,0.7533875338753387,369,370,0.8536585365853658,0.940379403794038,social,0.5985915492957746,142,129,0.823943661971831,0.9647887323943662,social|0,0.5853658536585366,82,69,0.7926829268292683,0.975609756097561,0.1,0.6788069614800194,371.8705452950483,0.0
dreaddit,distilbert,101,tail_25,M5,clean,0.05,0,715,0.6405594405594406,1.0,1.0,0.0,0.0,0.7692307692307693,0.23076923076923078,0.7692307692307693,0.0,0.8970189701897019,0.9258741258741259,0.9706293706293706,0.3670520231213873,346,330,0.9161849710982659,0.9797687861271677,0.8970189701897019,369,370,0.9159891598915989,0.978319783197832,social,0.4859154929577465,142,129,0.8943661971830986,0.9929577464788732,social|0,0.21951219512195122,82,69,0.8780487804878049,1.0,0.1,0.4200487178282188,659.3550762097216,0.0
dreaddit,distilbert,101,del_15,M0,clean,0.1,0,715,0.8293706293706293,1.1706293706293707,0.8293706293706293,0.0,0.17062937062937064,0.33146853146853145,0.4979020979020979,0.5020979020979021,0.17062937062937064,0.7615176151761518,0.8671328671328671,0.9300699300699301,0.9017341040462428,346,330,0.8526011560693642,0.9421965317919075,0.7615176151761518,369,370,0.8536585365853658,0.940379403794038,social,0.7676056338028169,142,129,0.823943661971831,0.9647887323943662,social|1,0.5666666666666667,60,60,0.7833333333333333,0.9833333333333333,0.1,0.8877124551592337,279.0419349280198,135.58907843413695
dreaddit,distilbert,101,del_15,M0,clean,0.05,0,715,0.9272727272727272,1.425174825174825,0.5748251748251748,0.0,0.4251748251748252,0.21958041958041957,0.35524475524475524,0.6447552447552447,0.4251748251748252,0.8888888888888888,0.9258741258741259,0.9706293706293706,0.9682080924855492,346,330,0.9161849710982659,0.9797687861271677,0.8888888888888888,369,370,0.9159891598915989,0.978319783197832,social,0.8661971830985915,142,129,0.8943661971830986,0.9929577464788732,social|1,0.7333333333333333,60,60,0.85,1.0,0.1,0.9602761721258832,434.84264611432246,366.66353368736
dreaddit,distilbert,101,del_15,M1,clean,0.1,0,715,0.8699300699300699,1.213986013986014,0.786013986013986,0.0,0.213986013986014,0.3916083916083916,0.3944055944055944,0.6055944055944056,0.213986013986014,0.8726287262872628,0.8671328671328671,0.9300699300699301,0.8670520231213873,346,330,0.8526011560693642,0.9421965317919075,0.8726287262872628,369,370,0.8536585365853658,0.940379403794038,social,0.8169014084507042,142,129,0.823943661971831,0.9647887323943662,social|1,0.7166666666666667,60,60,0.7833333333333333,0.9833333333333333,0.1,0.8676096934379749,375.99119632814825,192.92338299105532
dreaddit,distilbert,101,del_15,M1,clean,0.05,0,715,0.9258741258741259,1.420979020979021,0.579020979020979,0.0,0.42097902097902096,0.33146853146853145,0.24755244755244754,0.7524475524475525,0.42097902097902096,0.948509485094851,0.9258741258741259,0.9706293706293706,0.9017341040462428,346,330,0.9161849710982659,0.9797687861271677,0.948509485094851,369,370,0.9159891598915989,0.978319783197832,social,0.8802816901408451,142,129,0.8943661971830986,0.9929577464788732,social|1,0.8333333333333334,60,60,0.85,1.0,0.1,0.9064116421511037,583.8682895499475,440.41543305606467
dreaddit,distilbert,101,del_15,M2,clean,0.1,0,715,0.8657342657342657,1.2587412587412588,0.7412587412587412,0.0,0.25874125874125875,0.3902097902097902,0.35104895104895106,0.6489510489510489,0.25874125874125875,0.8590785907859079,0.8671328671328671,0.9300699300699301,0.8728323699421965,346,330,0.8526011560693642,0.9421965317919075,0.8590785907859079,369,370,0.8536585365853658,0.940379403794038,anxiety,0.8136645962732919,161,147,0.8322981366459627,0.9627329192546584,anxiety|1,0.7789473684210526,95,98,0.8210526315789474,0.9789473684210527,0.1,0.8714569920265677,468.2778012751226,290.1412973667309
dreaddit,distilbert,101,del_15,M2,clean,0.05,0,715,0.9440559440559441,1.5020979020979022,0.4979020979020979,0.0,0.5020979020979021,0.26853146853146853,0.22937062937062938,0.7706293706293706,0.5020979020979021,0.9512195121951219,0.9258741258741259,0.9706293706293706,0.9364161849710982,346,330,0.9161849710982659,0.9797687861271677,0.9512195121951219,369,370,0.9159891598915989,0.978319783197832,ptsd,0.9133858267716536,127,138,0.8976377952755905,0.9921259842519685,abuse|0,0.859375,64,66,0.875,1.0,0.1,0.9378965176935006,615.3531650923446,512.0572708617259
dreaddit,distilbert,101,del_15,M3,matched,0.1,0,715,0.855944055944056,1.193006993006993,0.806993006993007,0.0,0.193006993006993,0.4671328671328671,0.33986013986013985,0.6601398601398601,0.193006993006993,0.8970189701897019,0.8671328671328671,0.9300699300699301,0.8121387283236994,346,330,0.8526011560693642,0.9421965317919075,0.8970189701897019,369,370,0.8536585365853658,0.940379403794038,social,0.8098591549295775,142,129,0.823943661971831,0.9647887323943662,ptsd|0,0.6888888888888889,45,59,0.7555555555555555,1.0,0.1,0.8206267525102997,456.46490279931703,214.49002929335654
dreaddit,distilbert,101,del_15,M3,matched,0.05,0,715,0.9132867132867133,1.3874125874125873,0.6125874125874126,0.0,0.38741258741258744,0.3902097902097902,0.22237762237762237,0.7776223776223776,0.38741258741258744,0.9539295392953929,0.9258741258741259,0.9706293706293706,0.869942196531792,346,330,0.9161849710982659,0.9797687861271677,0.9539295392953929,369,370,0.9159891598915989,0.978319783197832,social,0.8802816901408451,142,129,0.8943661971830986,0.9929577464788732,ptsd|0,0.8,45,59,0.8444444444444444,1.0,0.1,0.878340930808152,626.0287920798283,445.56213481209954
dreaddit,distilbert,101,del_15,M3-mix,mix,0.1,0,715,0.8839160839160839,1.2755244755244755,0.7244755244755244,0.0,0.2755244755244755,0.43496503496503497,0.2895104895104895,0.7104895104895105,0.2755244755244755,0.9295392953929539,0.8671328671328671,0.9300699300699301,0.8352601156069365,346,330,0.8526011560693642,0.9421965317919075,0.9295392953929539,369,370,0.8536585365853658,0.940379403794038,social,0.8450704225352113,142,129,0.823943661971831,0.9647887323943662,ptsd|0,0.7333333333333333,45,59,0.7555555555555555,1.0,0.1,0.8446880335855382,522.1446809843821,305.04409668374143
dreaddit,distilbert,101,del_15,M3-mix,mix,0.05,0,715,0.9370629370629371,1.4657342657342658,0.5342657342657343,0.0,0.46573426573426574,0.3300699300699301,0.2041958041958042,0.7958041958041958,0.46573426573426574,0.962059620596206,0.9258741258741259,0.9706293706293706,0.9104046242774566,346,330,0.9161849710982659,0.9797687861271677,0.962059620596206,369,370,0.9159891598915989,0.978319783197832,social,0.9154929577464789,142,129,0.8943661971830986,0.9929577464788732,ptsd|0,0.8444444444444444,45,59,0.8444444444444444,1.0,0.1,0.9155701239093316,652.8533609035513,516.6619671977066
dreaddit,distilbert,101,del_15,M5,clean,0.1,0,715,0.779020979020979,1.0,1.0,0.0,0.0,0.6055944055944056,0.3944055944055944,0.6055944055944056,0.0,0.8726287262872628,0.8671328671328671,0.9300699300699301,0.6791907514450867,346,330,0.8526011560693642,0.9421965317919075,0.8726287262872628,369,370,0.8536585365853658,0.940379403794038,social,0.7112676056338029,142,129,0.823943661971831,0.9647887323943662,ptsd|0,0.5777777777777777,45,59,0.7555555555555555,1.0,0.1,0.6985345489293042,375.99119632814825,0.0
dreaddit,distilbert,101,del_15,M5,clean,0.05,0,715,0.7104895104895105,1.0,1.0,0.0,0.0,0.7524475524475525,0.24755244755244754,0.7524475524475525,0.0,0.948509485094851,0.9258741258741259,0.9706293706293706,0.45664739884393063,346,330,0.9161849710982659,0.9797687861271677,0.948509485094851,369,370,0.9159891598915989,0.978319783197832,social,0.6126760563380281,142,129,0.8943661971830986,0.9929577464788732,ptsd|0,0.3333333333333333,45,59,0.8444444444444444,1.0,0.1,0.5058336074690226,583.8682895499475,0.0
dreaddit,distilbert,101,del_30,M0,clean,0.1,0,715,0.8195804195804196,1.1776223776223775,0.8223776223776224,0.0,0.17762237762237762,0.25874125874125875,0.5636363636363636,0.43636363636363634,0.17762237762237762,0.7018970189701897,0.8671328671328671,0.9300699300699301,0.9450867052023122,346,330,0.8526011560693642,0.9421965317919075,0.7018970189701897,369,370,0.8536585365853658,0.940379403794038,social,0.7605633802816901,142,129,0.823943661971831,0.9647887323943662,social|1,0.48333333333333334,60,60,0.7833333333333333,0.9833333333333333,0.1,0.9207677365791,208.05097357331957,113.64255839090184
dreaddit,distilbert,101,del_30,M0,clean,0.05,0,715,0.9174825174825175,1.4475524475524475,0.5524475524475524,0.0,0.44755244755244755,0.16083916083916083,0.3916083916083916,0.6083916083916084,0.44755244755244755,0.8590785907859079,0.9258741258741259,0.9706293706293706,0.9797687861271677,346,330,0.9161849710982659,0.9797687861271677,0.8590785907859079,369,370,0.9159891598915989,0.978319783197832,social,0.8802816901408451,142,129,0.8943661971830986,0.9929577464788732,social|1,0.7333333333333333,60,60,0.85,1.0,0.1,0.9676997665930417,392.8442752635619,345.36789009508595
dreaddit,distilbert,101,del_30,M1,clean,0.1,0,715,0.8671328671328671,1.2251748251748251,0.7748251748251749,0.0,0.22517482517482518,0.33706293706293705,0.43776223776223777,0.5622377622377622,0.22517482517482518,0.8265582655826558,0.8671328671328671,0.9300699300699301,0.9104046242774566,346,330,0.8526011560693642,0.9421965317919075,0.8265582655826558,369,370,0.8536585365853658,0.940379403794038,social,0.8450704225352113,142,129,0.823943661971831,0.9647887323943662,social|1,0.7166666666666667,60,60,0.7833333333333333,0.9833333333333333,0.1,0.9020199884079765,334.9679652865893,197.42155803060922
dreaddit,distilbert,101,del_30,M1,clean,0.05,0,715,0.9286713286713286,1.4461538461538461,0.5538461538461539,0.0,0.4461538461538462,0.25874125874125875,0.2951048951048951,0.7048951048951049,0.4461538461538462,0.9132791327913279,0.9258741258741259,0.9706293706293706,0.9450867052023122,346,330,0.9161849710982659,0.9797687861271677,0.9132791327913279,369,370,0.9159891598915989,0.978319783197832,social,0.9014084507042254,142,129,0.8943661971830986,0.9929577464788732,social|1,0.8166666666666667,60,60,0.85,1.0,0.1,0.9419059479612139,525.7209768629479,431.3125616805301
dreaddit,distilbert,101,del_30,M2,clean,0.1,0,715,0.8531468531468531,1.2573426573426574,0.7426573426573426,0.0,0.2573426573426573,0.3258741258741259,0.4167832167832168,0.5832167832167832,0.2573426573426573,0.7994579945799458,0.8671328671328671,0.9300699300699301,0.9104046242774566,346,330,0.8526011560693642,0.9421965317919075,0.7994579945799458,369,370,0.8536585365853658,0.940379403794038,anxiety,0.782608695652174,161,147,0.8322981366459627,0.9627329192546584,anxiety|1,0.6842105263157895,95,98,0.8210526315789474,0.9789473684210527,0.1,0.8993099613077056,397.2868399204223,261.90845434465905
dreaddit,distilbert,101,del_30,M2,clean,0.05,0,715,0.9426573426573427,1.5524475524475525,0.44755244755244755,0.0,0.5524475524475524,0.1902097902097902,0.2573426573426573,0.7426573426573426,0.5524475524475524,0.924119241192412,0.9258741258741259,0.9706293706293706,0.9624277456647399,346,330,0.9161849710982659,0.9797687861271677,0.924119241192412,369,370,0.9159891598915989,0.978319783197832,ptsd,0.9212598425196851,127,138,0.8976377952755905,0.9921259842519685,ptsd|1,0.8780487804878049,82,79,0.8658536585365854,1.0,0.1,0.958596895217507,586.6315772984319,519.4832150633645
dreaddit,distilbert,101,del_30,M3,matched,0.1,0,715,0.8811188811188811,1.2531468531468533,0.7468531468531469,0.0,0.25314685314685315,0.42937062937062936,0.3174825174825175,0.6825174825174826,0.25314685314685315,0.907859078590786,0.8671328671328671,0.9300699300699301,0.8526011560693642,346,330,0.8526011560693642,0.9421965317919075,0.907859078590786,369,370,0.8536585365853658,0.940379403794038,social,0.852112676056338,142,129,0.823943661971831,0.9647887323943662,ptsd|0,0.7555555555555555,45,59,0.7555555555555555,1.0,0.1,0.8581269483215064,488.7627864717953,286.72713316728544
dreaddit,distilbert,101,del_30,M3,matched,0.05,0,715,0.9412587412587412,1.476923076923077,0.5230769230769231,0.0,0.47692307692307695,0.33706293706293705,0.18601398601398603,0.813986013986014,0.47692307692307695,0.9701897018970189,0.9258741258741259,0.9706293706293706,0.9104046242774566,346,330,0.9161849710982659,0.9797687861271677,0.9701897018970189,369,370,0.9159891598915989,0.978319783197832,social,0.9225352112676056,142,129,0.8943661971830986,0.9929577464788732,ptsd|0,0.8222222222222222,45,59,0.8444444444444444,1.0,0.1,0.9163831320394129,679.6779297272741,542.131522471294
dreaddit,distilbert,101,del_30,M3-mix,mix,0.1,0,715,0.8895104895104895,1.2923076923076924,0.7076923076923077,0.0,0.2923076923076923,0.3706293706293706,0.33706293706293705,0.6629370629370629,0.2923076923076923,0.8943089430894309,0.8671328671328671,0.9300699300699301,0.884393063583815,346,330,0.8526011560693642,0.9421965317919075,0.8943089430894309,369,370,0.8536585365853658,0.940379403794038,social,0.8591549295774648,142,129,0.823943661971831,0.9647887323943662,ptsd|0,0.7777777777777778,45,59,0.7555555555555555,1.0,0.1,0.8853846515343766,463.9973682973824,298.9755157667184
dreaddit,distilbert,101,del_30,M3-mix,mix,0.05,0,715,0.9328671328671329,1.46993006993007,0.5300699300699301,0.0,0.4699300699300699,0.2783216783216783,0.2517482517482518,0.7482517482517482,0.4699300699300699,0.940379403794038,0.9258741258741259,0.9706293706293706,0.9248554913294798,346,330,0.9161849710982659,0.9797687861271677,0.940379403794038,369,370,0.9159891598915989,0.978319783197832,social,0.9084507042253521,142,129,0.8943661971830986,0.9929577464788732,social|1,0.8333333333333334,60,60,0.85,1.0,0.1,0.9264078825759356,583.0552814198662,468.5417547817097
dreaddit,distilbert,101,del_30,M5,clean,0.1,0,715,0.7748251748251749,1.0,1.0,0.0,0.0,0.5622377622377622,0.43776223776223777,0.5622377622377622,0.0,0.8265582655826558,0.8671328671328671,0.9300699300699301,0.7196531791907514,346,330,0.8526011560693642,0.9421965317919075,0.8265582655826558,369,370,0.8536585365853658,0.940379403794038,social,0.7253521126760564,142,129,0.823943661971831,0.9647887323943662,ptsd|0,0.6,45,59,0.7555555555555555,1.0,0.1,0.7303436878299419,334.9679652865893,0.0
dreaddit,distilbert,101,del_30,M5,clean,0.05,0,715,0.7216783216783217,1.0,1.0,0.0,0.0,0.7048951048951049,0.2951048951048951,0.7048951048951049,0.0,0.9132791327913279,0.9258741258741259,0.9706293706293706,0.5173410404624278,346,330,0.9161849710982659,0.9797687861271677,0.9132791327913279,369,370,0.9159891598915989,0.978319783197832,social,0.6338028169014085,142,129,0.8943661971830986,0.9929577464788732,ptsd|0,0.3111111111111111,45,59,0.8444444444444444,1.0,0.1,0.5569348496953178,525.7209768629479,0.0
dreaddit,distilbert,101,typo_05,M0,clean,0.1,0,715,0.806993006993007,1.1846153846153846,0.8153846153846154,0.0,0.18461538461538463,0.22377622377622378,0.5916083916083916,0.4083916083916084,0.18461538461538463,0.6666666666666666,0.8671328671328671,0.9300699300699301,0.9566473988439307,346,330,0.8526011560693642,0.9421965317919075,0.6666666666666666,369,370,0.8536585365853658,0.940379403794038,social,0.7464788732394366,142,129,0.823943661971831,0.9647887323943662,social|1,0.45,60,60,0.7833333333333333,0.9833333333333333,0.1,0.9276493256262043,186.31984585741813,108.00711186302614
dreaddit,distilbert,101,typo_05,M0,clean,0.05,0,715,0.9258741258741259,1.4755244755244756,0.5244755244755245,0.0,0.4755244755244755,0.12727272727272726,0.3972027972027972,0.6027972027972028,0.4755244755244755,0.8726287262872628,0.9258741258741259,0.9706293706293706,0.9826589595375722,346,330,0.9161849710982659,0.9797687861271677,0.8726287262872628,369,370,0.9159891598915989,0.978319783197832,social,0.8661971830985915,142,129,0.8943661971830986,0.9929577464788732,social|1,0.7166666666666667,60,60,0.85,1.0,0.1,0.9716559362125412,370.7888841894199,332.1467174209315
dreaddit,distilbert,101,typo_05,M1,clean,0.1,0,715,0.8797202797202798,1.2643356643356642,0.7356643356643356,0.0,0.26433566433566436,0.28251748251748254,0.45314685314685316,0.5468531468531469,0.26433566433566436,0.8211382113821138,0.8671328671328671,0.9300699300699301,0.9421965317919075,346,330,0.8526011560693642,0.9421965317919075,0.8211382113821138,369,370,0.8536585365853658,0.940379403794038,social,0.8309859154929577,142,129,0.823943661971831,0.9647887323943662,social|1,0.65,60,60,0.7833333333333333,0.9833333333333333,0.1,0.9300906997509282,311.0155552422577,209.66994063004216
dreaddit,distilbert,101,typo_05,M1,clean,0.05,0,715,0.9482517482517483,1.504895104895105,0.4951048951048951,0.0,0.5048951048951049,0.22377622377622378,0.27132867132867133,0.7286713286713287,0.5048951048951049,0.940379403794038,0.9258741258741259,0.9706293706293706,0.9566473988439307,346,330,0.9161849710982659,0.9797687861271677,0.940379403794038,369,370,0.9159891598915989,0.978319783197832,social,0.9014084507042254,142,129,0.8943661971830986,0.9929577464788732,social|1,0.8166666666666667,60,60,0.85,1.0,0.1,0.9550205993389415,546.639096448768,468.32636245437595
dreaddit,distilbert,101,typo_05,M2,clean,0.1,0,715,0.8615384615384616,1.3104895104895105,0.6895104895104895,0.0,0.3104895104895105,0.27132867132867133,0.41818181818181815,0.5818181818181818,0.3104895104895105,0.7913279132791328,0.8671328671328671,0.9300699300699301,0.9364161849710982,346,330,0.8526011560693642,0.9421965317919075,0.7913279132791328,369,370,0.8536585365853658,0.940379403794038,anxiety,0.7639751552795031,161,147,0.8322981366459627,0.9627329192546584,anxiety|1,0.631578947368421,95,98,0.8210526315789474,0.9789473684210527,0.1,0.9219073578019017,401.6761439290694,297.83824427839653
dreaddit,distilbert,101,typo_05,M2,clean,0.05,0,715,0.9608391608391609,1.5986013986013985,0.4013986013986014,0.0,0.5986013986013986,0.15944055944055943,0.24195804195804196,0.7580419580419581,0.5986013986013986,0.9539295392953929,0.9258741258741259,0.9706293706293706,0.9682080924855492,346,330,0.9161849710982659,0.9797687861271677,0.9539295392953929,369,370,0.9159891598915989,0.978319783197832,ptsd,0.9133858267716536,127,138,0.8976377952755905,0.9921259842519685,ptsd|1,0.8902439024390244,82,79,0.8658536585365854,1.0,0.1,0.9667802371665336,589.6126071087301,533.086611212933
dreaddit,distilbert,101,typo_05,M3,matched,0.1,0,715,0.9020979020979021,1.309090909090909,0.6909090909090909,0.0,0.3090909090909091,0.4083916083916084,0.28251748251748254,0.7174825174825175,0.3090909090909091,0.9349593495934959,0.8671328671328671,0.9300699300699301,0.8670520231213873,346,330,0.8526011560693642,0.9421965317919075,0.9349593495934959,369,370,0.8536585365853658,0.940379403794038,social,0.852112676056338,142,129,0.823943661971831,0.9647887323943662,social|1,0.7833333333333333,60,60,0.7833333333333333,0.9833333333333333,0.1,0.8738427557685982,530.4901546125288,344.1703087551107
dreaddit,distilbert,101,typo_05,M3,matched,0.05,0,715,0.9496503496503497,1.4923076923076923,0.5076923076923077,0.0,0.49230769230769234,0.3048951048951049,0.20279720279720279,0.7972027972027972,0.49230769230769234,0.9701897018970189,0.9258741258741259,0.9706293706293706,0.9277456647398844,346,330,0.9161849710982659,0.9797687861271677,0.9701897018970189,369,370,0.9159891598915989,0.978319783197832,social,0.9366197183098591,142,129,0.8943661971830986,0.9929577464788732,ptsd|0,0.8666666666666667,45,59,0.8444444444444444,1.0,0.1,0.931990068455598,648.4640568949043,531.1316321255698
dreaddit,distilbert,101,typo_05,M3-mix,mix,0.1,0,715,0.9230769230769231,1.4083916083916084,0.5916083916083916,0.0,0.4083916083916084,0.2909090909090909,0.3006993006993007,0.6993006993006993,0.4083916083916084,0.924119241192412,0.8671328671328671,0.9300699300699301,0.9219653179190751,346,330,0.8526011560693642,0.9421965317919075,0.924119241192412,369,370,0.8536585365853658,0.940379403794038,social,0.8873239436619719,142,129,0.823943661971831,0.9647887323943662,social|1,0.8,60,60,0.7833333333333333,0.9833333333333333,0.1,0.9221807102464088,505.9957391481429,386.71303476040544
dreaddit,distilbert,101,typo_05,M3-mix,mix,0.05,0,715,0.9678321678321679,1.5944055944055944,0.40559440559440557,0.0,0.5944055944055944,0.2,0.2055944055944056,0.7944055944055944,0.5944055944055944,0.9701897018970189,0.9258741258741259,0.9706293706293706,0.9653179190751445,346,330,0.9161849710982659,0.9797687861271677,0.9701897018970189,369,370,0.9159891598915989,0.978319783197832,social,0.9436619718309859,142,129,0.8943661971830986,0.9929577464788732,social|1,0.8833333333333333,60,60,0.85,1.0,0.1,0.965805097357332,643.261744756176,576.5465169102558
dreaddit,distilbert,101,typo_05,M5,clean,0.1,0,715,0.7846153846153846,1.0,1.0,0.0,0.0,0.5468531468531469,0.45314685314685316,0.5468531468531469,0.0,0.8211382113821138,0.8671328671328671,0.9300699300699301,0.7456647398843931,346,330,0.8526011560693642,0.9421965317919075,0.8211382113821138,369,370,0.8536585365853658,0.940379403794038,social,0.7464788732394366,142,129,0.823943661971831,0.9647887323943662,social|1,0.65,60,60,0.7833333333333333,0.9833333333333333,0.1,0.7532120870341652,311.0155552422577,0.0
dreaddit,distilbert,101,typo_05,M5,clean,0.05,0,715,0.7258741258741259,1.0,1.0,0.0,0.0,0.7286713286713287,0.27132867132867133,0.7286713286713287,0.0,0.940379403794038,0.9258741258741259,0.9706293706293706,0.49710982658959535,346,330,0.9161849710982659,0.9797687861271677,0.940379403794038,369,370,0.9159891598915989,0.978319783197832,social,0.6267605633802817,142,129,0.8943661971830986,0.9929577464788732,ptsd|0,0.4222222222222222,45,59,0.8444444444444444,1.0,0.1,0.5414367843100396,546.639096448768,0.0
dreaddit,distilbert,101,typo_10,M0,clean,0.1,0,715,0.6979020979020979,1.1482517482517482,0.8517482517482518,0.0,0.14825174825174825,0.10909090909090909,0.7426573426573426,0.2573426573426573,0.14825174825174825,0.4281842818428184,0.8671328671328671,0.9300699300699301,0.9855491329479769,346,330,0.8526011560693642,0.9421965317919075,0.4281842818428184,369,370,0.8536585365853658,0.940379403794038,abuse,0.6408450704225352,142,142,0.823943661971831,0.9647887323943662,social|1,0.26666666666666666,60,60,0.7833333333333333,0.9833333333333333,0.1,0.929812647837461,110.44848598775006,77.65950780895092
dreaddit,distilbert,101,typo_10,M0,clean,0.05,0,715,0.8727272727272727,1.46013986013986,0.5398601398601398,0.0,0.46013986013986014,0.05034965034965035,0.48951048951048953,0.5104895104895105,0.46013986013986014,0.7560975609756098,0.9258741258741259,0.9706293706293706,0.9971098265895953,346,330,0.9161849710982659,0.9797687861271677,0.7560975609756098,369,370,0.9159891598915989,0.978319783197832,social,0.823943661971831,142,129,0.8943661971830986,0.9929577464788732,social|1,0.5833333333333334,60,60,0.85,1.0,0.1,0.9730086000281968,299.3091780628789,287.2229271425662
dreaddit,distilbert,101,typo_10,M1,clean,0.1,0,715,0.8167832167832167,1.2769230769230768,0.7230769230769231,0.0,0.27692307692307694,0.16083916083916083,0.5622377622377622,0.43776223776223777,0.27692307692307694,0.6693766937669376,0.8671328671328671,0.9300699300699301,0.9739884393063584,346,330,0.8526011560693642,0.9421965317919075,0.6693766937669376,369,370,0.8536585365853658,0.940379403794038,social,0.7535211267605634,142,129,0.823943661971831,0.9647887323943662,social|1,0.45,60,60,0.7833333333333333,0.9833333333333333,0.1,0.9435272647524163,238.61396995472845,186.47727806757837
dreaddit,distilbert,101,typo_10,M1,clean,0.05,0,715,0.9412587412587412,1.5832167832167832,0.4167832167832168,0.0,0.5832167832167832,0.10909090909090909,0.3076923076923077,0.6923076923076923,0.5832167832167832,0.8997289972899729,0.9258741258741259,0.9706293706293706,0.9855491329479769,346,330,0.9161849710982659,0.9797687861271677,0.8997289972899729,369,370,0.9159891598915989,0.978319783197832,social,0.9225352112676056,142,129,0.8943661971830986,0.9929577464788732,financial|1,0.8333333333333334,54,57,0.8703703703703703,1.0,0.1,0.9769671193821765,513.9613390353556,481.17236085655657
dreaddit,distilbert,101,typo_10,M2,clean,0.1,0,715,0.8027972027972028,1.33986013986014,0.6601398601398601,0.0,0.33986013986013985,0.14405594405594405,0.5160839160839161,0.48391608391608393,0.33986013986013985,0.6395663956639567,0.8671328671328671,0.9300699300699301,0.976878612716763,346,330,0.8526011560693642,0.9421965317919075,0.6395663956639567,369,370,0.8536585365853658,0.940379403794038,ptsd,0.6456692913385826,127,138,0.8267716535433071,0.968503937007874,anxiety|1,0.43157894736842106,95,98,0.8210526315789474,0.9789473684210527,0.1,0.9431473910114824,350.0838071964535,303.52930118896563
dreaddit,distilbert,101,typo_10,M2,clean,0.05,0,715,0.9328671328671329,1.6447552447552447,0.35524475524475524,0.0,0.6447552447552447,0.08111888111888112,0.27412587412587414,0.7258741258741259,0.6447552447552447,0.8807588075880759,0.9258741258741259,0.9706293706293706,0.9884393063583815,346,330,0.9161849710982659,0.9797687861271677,0.8807588075880759,369,370,0.9159891598915989,0.978319783197832,ptsd,0.8503937007874016,127,138,0.8976377952755905,0.9921259842519685,ptsd|1,0.7804878048780488,82,79,0.8658536585365854,1.0,0.1,0.9776712564813509,592.700158215455,567.661387596535
dreaddit,distilbert,101,typo_10,M3,matched,0.1,0,715,0.8909090909090909,1.3734265734265734,0.6265734265734266,0.0,0.3734265734265734,0.33706293706293705,0.2895104895104895,0.7104895104895105,0.3734265734265734,0.9132791327913279,0.8671328671328671,0.9300699300699301,0.8670520231213873,346,330,0.8526011560693642,0.9421965317919075,0.9132791327913279,369,370,0.8536585365853658,0.940379403794038,financial,0.8671328671328671,143,144,0.8251748251748252,0.965034965034965,ptsd|0,0.8,45,59,0.7555555555555555,1.0,0.1,0.8716747340883814,536.1256011404045,363.6268934943685
dreaddit,distilbert,101,typo_10,M3,matched,0.05,0,715,0.9496503496503497,1.5902097902097903,0.4097902097902098,0.0,0.5902097902097903,0.25594405594405595,0.15384615384615385,0.8461538461538461,0.5902097902097903,0.9701897018970189,0.9258741258741259,0.9706293706293706,0.9277456647398844,346,330,0.9161849710982659,0.9797687861271677,0.9701897018970189,369,370,0.9159891598915989,0.978319783197832,social,0.9295774647887324,142,129,0.8943661971830986,0.9929577464788732,ptsd|0,0.8888888888888888,45,59,0.8444444444444444,1.0,0.1,0.931990068455598,739.5045193226499,631.6571894042639
dreaddit,distilbert,101,typo_10,M3-mix,mix,0.1,0,715,0.9202797202797203,1.4965034965034965,0.5034965034965035,0.0,0.4965034965034965,0.16503496503496504,0.3384615384615385,0.6615384615384615,0.4965034965034965,0.8834688346883469,0.8671328671328671,0.9300699300699301,0.9595375722543352,346,330,0.8526011560693642,0.9421965317919075,0.8834688346883469,369,370,0.8536585365853658,0.940379403794038,social,0.8873239436619719,142,129,0.823943661971831,0.9647887323943662,social|1,0.7666666666666667,60,60,0.7833333333333333,0.9833333333333333,0.1,0.9519306984977364,470.7168256653665,406.11635885144983
dreaddit,distilbert,101,typo_10,M3-mix,mix,0.05,0,715,0.9734265734265735,1.6937062937062937,0.3062937062937063,0.0,0.6937062937062937,0.1034965034965035,0.20279720279720279,0.7972027972027972,0.6937062937062937,0.962059620596206,0.9258741258741259,0.9706293706293706,0.9855491329479769,346,330,0.9161849710982659,0.9797687861271677,0.962059620596206,369,370,0.9159891598915989,0.978319783197832,social,0.9507042253521126,142,129,0.8943661971830986,0.9929577464788732,social|1,0.9,60,60,0.85,1.0,0.1,0.9832001817127998,655.4545169729155,623.7495496342246
dreaddit,distilbert,101,typo_10,M5,clean,0.1,0,715,0.737062937062937,1.0,1.0,0.0,0.0,0.43776223776223777,0.5622377622377622,0.43776223776223777,0.0,0.6693766937669376,0.8671328671328671,0.9300699300699301,0.8092485549132948,346,330,0.8526011560693642,0.9421965317919075,0.6693766937669376,369,370,0.8536585365853658,0.940379403794038,social,0.704225352112676,142,129,0.823943661971831,0.9647887323943662,social|1,0.45,60,60,0.7833333333333333,0.9833333333333333,0.1,0.7952613687986592,238.61396995472845,0.0
dreaddit,distilbert,101,typo_10,M5,clean,0.05,0,715,0.7202797202797203,1.0,1.0,0.0,0.0,0.6923076923076923,0.3076923076923077,0.6923076923076923,0.0,0.8997289972899729,0.9258741258741259,0.9706293706293706,0.5289017341040463,346,330,0.9161849710982659,0.9797687861271677,0.8997289972899729,369,370,0.9159891598915989,0.978319783197832,social,0.6619718309859155,142,129,0.8943661971830986,0.9929577464788732,abuse|0,0.46875,64,66,0.875,1.0,0.1,0.565984460422639,513.9613390353556,0.0
dreaddit,distilbert,13,clean,M0,clean,0.1,0,715,0.8699300699300699,1.193006993006993,0.806993006993007,0.0,0.193006993006993,0.5034965034965035,0.3034965034965035,0.6965034965034965,0.193006993006993,0.9295392953929539,0.8671328671328671,0.9300699300699301,0.8063583815028902,346,330,0.8526011560693642,0.9421965317919075,0.9295392953929539,369,370,0.8536585365853658,0.940379403794038,social,0.8309859154929577,142,129,0.823943661971831,0.9647887323943662,ptsd|0,0.7111111111111111,45,59,0.7555555555555555,1.0,0.1,0.8186764728918966,496.13312029074046,242.45186960540124
dreaddit,distilbert,13,clean,M0,clean,0.05,0,715,0.9230769230769231,1.3706293706293706,0.6293706293706294,0.0,0.3706293706293706,0.4111888111888112,0.21818181818181817,0.7818181818181819,0.3706293706293706,0.9701897018970189,0.9258741258741259,0.9706293706293706,0.8728323699421965,346,330,0.9161849710982659,0.9797687861271677,0.9701897018970189,369,370,0.9159891598915989,0.978319783197832,social,0.8802816901408451,142,129,0.8943661971830986,0.9929577464788732,ptsd|0,0.7777777777777778,45,59,0.8444444444444444,1.0,0.1,0.8825681031376789,619.8513401318984,437.6497955731002
dreaddit,distilbert,13,clean,M1,clean,0.1,0,715,0.8671328671328671,1.1552447552447553,0.8447552447552448,0.0,0.15524475524475526,0.46573426573426574,0.37902097902097903,0.620979020979021,0.15524475524475526,0.8970189701897019,0.8671328671328671,0.9300699300699301,0.8352601156069365,346,330,0.8526011560693642,0.9421965317919075,0.8970189701897019,369,370,0.8536585365853658,0.940379403794038,social,0.823943661971831,142,129,0.823943661971831,0.9647887323943662,ptsd|0,0.7333333333333333,45,59,0.7555555555555555,1.0,0.1,0.8414360010652131,383.63253285712045,160.5698889358836
dreaddit,distilbert,13,clean,M1,clean,0.05,0,715,0.9342657342657342,1.379020979020979,0.620979020979021,0.0,0.37902097902097903,0.34965034965034963,0.27132867132867133,0.7286713286713287,0.37902097902097903,0.948509485094851,0.9258741258741259,0.9706293706293706,0.9190751445086706,346,330,0.9161849710982659,0.9797687861271677,0.948509485094851,369,370,0.9159891598915989,0.978319783197832,social,0.9014084507042254,142,129,0.8943661971830986,0.9929577464788732,ptsd|0,0.8444444444444444,45,59,0.8444444444444444,1.0,0.1,0.9220185785672885,539.6486363707568,406.65366480254403
dreaddit,distilbert,13,clean,M2,clean,0.1,0,715,0.8867132867132868,1.2517482517482517,0.7482517482517482,0.0,0.2517482517482518,0.427972027972028,0.3202797202797203,0.6797202797202797,0.2517482517482518,0.9159891598915989,0.8671328671328671,0.9300699300699301,0.8554913294797688,346,330,0.8526011560693642,0.9421965317919075,0.9159891598915989,369,370,0.8536585365853658,0.940379403794038,social,0.8591549295774648,142,129,0.823943661971831,0.9647887323943662,ptsd|0,0.8,45,59,0.7555555555555555,1.0,0.1,0.8615411125209519,476.57001425505587,277.1355170199101
dreaddit,distilbert,13,clean,M2,clean,0.05,0,715,0.9384615384615385,1.441958041958042,0.558041958041958,0.0,0.44195804195804195,0.32867132867132864,0.22937062937062938,0.7706293706293706,0.44195804195804195,0.967479674796748,0.9258741258741259,0.9706293706293706,0.9075144508670521,346,330,0.9161849710982659,0.9797687861271677,0.967479674796748,369,370,0.9159891598915989,0.978319783197832,ptsd,0.8976377952755905,127,138,0.8976377952755905,0.9921259842519685,ptsd|0,0.8444444444444444,45,59,0.8444444444444444,1.0,0.1,0.9135109732600217,601.3722449363222,463.12170058116766
dreaddit,distilbert,13,clean,M3,matched,0.1,0,715,0.8671328671328671,1.1552447552447553,0.8447552447552448,0.0,0.15524475524475526,0.46573426573426574,0.37902097902097903,0.620979020979021,0.15524475524475526,0.8970189701897019,0.8671328671328671,0.9300699300699301,0.8352601156069365,346,330,0.8526011560693642,0.9421965317919075,0.8970189701897019,369,370,0.8536585365853658,0.940379403794038,social,0.823943661971831,142,129,0.823943661971831,0.9647887323943662,ptsd|0,0.7333333333333333,45,59,0.7555555555555555,1.0,0.1,0.8414360010652131,383.63253285712045,160.5698889358836
dreaddit,distilbert,13,clean,M3,matched,0.05,0,715,0.9342657342657342,1.379020979020979,0.620979020979021,0.0,0.37902097902097903,0.34965034965034963,0.27132867132867133,0.7286713286713287,0.37902097902097903,0.948509485094851,0.9258741258741259,0.9706293706293706,0.9190751445086706,346,330,0.9161849710982659,0.9797687861271677,0.948509485094851,369,370,0.9159891598915989,0.978319783197832,social,0.9014084507042254,142,129,0.8943661971830986,0.9929577464788732,ptsd|0,0.8444444444444444,45,59,0.8444444444444444,1.0,0.1,0.9220185785672885,539.6486363707568,406.65366480254403
dreaddit,distilbert,13,clean,M3-mix,mix,0.1,0,715,0.8909090909090909,1.2867132867132867,0.7132867132867133,0.0,0.2867132867132867,0.4993006993006993,0.213986013986014,0.786013986013986,0.2867132867132867,0.9728997289972899,0.8671328671328671,0.9300699300699301,0.8034682080924855,346,330,0.8526011560693642,0.9421965317919075,0.9728997289972899,369,370,0.8536585365853658,0.940379403794038,social,0.852112676056338,142,129,0.823943661971831,0.9647887323943662,ptsd|0,0.7111111111111111,45,59,0.7555555555555555,1.0,0.1,0.820411360182966,625.3246549806538,370.1262590660589
dreaddit,distilbert,13,clean,M3-mix,mix,0.05,0,715,0.9328671328671329,1.4377622377622377,0.5622377622377622,0.0,0.43776223776223777,0.386013986013986,0.17622377622377622,0.8237762237762237,0.43776223776223777,0.986449864498645,0.9258741258741259,0.9706293706293706,0.8757225433526011,346,330,0.9161849710982659,0.9797687861271677,0.986449864498645,369,370,0.9159891598915989,0.978319783197832,social,0.9014084507042254,142,129,0.8943661971830986,0.9929577464788732,ptsd|0,0.8,45,59,0.8444444444444444,1.0,0.1,0.8867952754672056,683.905102056801,508.91175963782763
dreaddit,distilbert,13,clean,M5,clean,0.1,0,715,0.7888111888111888,1.0,1.0,0.0,0.0,0.620979020979021,0.37902097902097903,0.620979020979021,0.0,0.8970189701897019,0.8671328671328671,0.9300699300699301,0.6734104046242775,346,330,0.8526011560693642,0.9421965317919075,0.8970189701897019,369,370,0.8536585365853658,0.940379403794038,social,0.7112676056338029,142,129,0.823943661971831,0.9647887323943662,ptsd|0,0.6,45,59,0.7555555555555555,1.0,0.1,0.69577126118082,383.63253285712045,0.0
dreaddit,distilbert,13,clean,M5,clean,0.05,0,715,0.7342657342657343,1.0,1.0,0.0,0.0,0.7286713286713287,0.27132867132867133,0.7286713286713287,0.0,0.948509485094851,0.9258741258741259,0.9706293706293706,0.5057803468208093,346,330,0.9161849710982659,0.9797687861271677,0.948509485094851,369,370,0.9159891598915989,0.978319783197832,social,0.6549295774647887,142,129,0.8943661971830986,0.9929577464788732,abuse|0,0.453125,64,66,0.875,1.0,0.1,0.5500532606482135,539.6486363707568,0.0
dreaddit,distilbert,13,head_75,M0,clean,0.1,0,715,0.8727272727272727,1.2279720279720279,0.772027972027972,0.0,0.22797202797202798,0.4405594405594406,0.33146853146853145,0.6685314685314685,0.22797202797202798,0.907859078590786,0.8671328671328671,0.9300699300699301,0.8352601156069365,346,330,0.8526011560693642,0.9421965317919075,0.907859078590786,369,370,0.8536585365853658,0.940379403794038,social,0.8309859154929577,142,129,0.823943661971831,0.9647887323943662,ptsd|0,0.7555555555555555,45,59,0.7555555555555555,1.0,0.1,0.8425200119053214,462.75122577815375,244.56663063740464
dreaddit,distilbert,13,head_75,M0,clean,0.05,0,715,0.9244755244755245,1.3818181818181818,0.6181818181818182,0.0,0.38181818181818183,0.36083916083916084,0.2573426573426573,0.7426573426573426,0.38181818181818183,0.943089430894309,0.9258741258741259,0.9706293706293706,0.9046242774566474,346,330,0.9161849710982659,0.9797687861271677,0.943089430894309,369,370,0.9159891598915989,0.978319783197832,social,0.8873239436619719,142,129,0.8943661971830986,0.9929577464788732,ptsd|0,0.8444444444444444,45,59,0.8444444444444444,1.0,0.1,0.9084707928004137,570.3205037830726,423.5067437379576
dreaddit,distilbert,13,head_75,M1,clean,0.1,0,715,0.848951048951049,1.172027972027972,0.827972027972028,0.0,0.17202797202797201,0.4041958041958042,0.42377622377622376,0.5762237762237762,0.17202797202797201,0.8292682926829268,0.8671328671328671,0.9300699300699301,0.869942196531792,346,330,0.8526011560693642,0.9421965317919075,0.8292682926829268,369,370,0.8536585365853658,0.940379403794038,social,0.7887323943661971,142,129,0.823943661971831,0.9647887323943662,social|1,0.6666666666666666,60,60,0.7833333333333333,0.9833333333333333,0.1,0.8658748061469054,358.64937262089387,175.47268825289407
dreaddit,distilbert,13,head_75,M1,clean,0.05,0,715,0.9230769230769231,1.3818181818181818,0.6181818181818182,0.0,0.38181818181818183,0.3132867132867133,0.3048951048951049,0.6951048951048951,0.38181818181818183,0.9186991869918699,0.9258741258741259,0.9706293706293706,0.9277456647398844,346,330,0.9161849710982659,0.9797687861271677,0.9186991869918699,369,370,0.9159891598915989,0.978319783197832,social,0.8943661971830986,142,129,0.8943661971830986,0.9929577464788732,social|1,0.8166666666666667,60,60,0.85,1.0,0.1,0.926841016965083,502.8525776587246,383.89413662922755
dreaddit,distilbert,13,head_75,M2,clean,0.1,0,715,0.8741258741258742,1.2517482517482517,0.7482517482517482,0.0,0.2517482517482518,0.37622377622377623,0.37202797202797205,0.627972027972028,0.2517482517482518,0.8672086720867209,0.8671328671328671,0.9300699300699301,0.8815028901734104,346,330,0.8526011560693642,0.9421965317919075,0.8672086720867209,369,370,0.8536585365853658,0.940379403794038,ptsd,0.8503937007874016,127,138,0.8267716535433071,0.968503937007874,anxiety|1,0.7894736842105263,95,98,0.8210526315789474,0.9789473684210527,0.1,0.8800734683647415,422.270000156649,253.83398342653945
dreaddit,distilbert,13,head_75,M2,clean,0.05,0,715,0.9286713286713286,1.4615384615384615,0.5384615384615384,0.0,0.46153846153846156,0.28251748251748254,0.25594405594405595,0.7440559440559441,0.46153846153846156,0.9322493224932249,0.9258741258741259,0.9706293706293706,0.9248554913294798,346,330,0.9161849710982659,0.9797687861271677,0.9322493224932249,369,370,0.9159891598915989,0.978319783197832,ptsd,0.8976377952755905,127,138,0.8976377952755905,0.9921259842519685,ptsd|0,0.8666666666666667,45,59,0.8444444444444444,1.0,0.1,0.9255948744458543,582.242273289785,466.91573852154704
dreaddit,distilbert,13,head_75,M3,matched,0.1,0,715,0.8727272727272727,1.2279720279720279,0.772027972027972,0.0,0.22797202797202798,0.4405594405594406,0.33146853146853145,0.6685314685314685,0.22797202797202798,0.907859078590786,0.8671328671328671,0.9300699300699301,0.8352601156069365,346,330,0.8526011560693642,0.9421965317919075,0.907859078590786,369,370,0.8536585365853658,0.940379403794038,social,0.8309859154929577,142,129,0.823943661971831,0.9647887323943662,ptsd|0,0.7555555555555555,45,59,0.7555555555555555,1.0,0.1,0.8425200119053214,462.75122577815375,244.56663063740464
dreaddit,distilbert,13,head_75,M3,matched,0.05,0,715,0.9328671328671329,1.4111888111888111,0.5888111888111888,0.0,0.4111888111888112,0.32447552447552447,0.26433566433566436,0.7356643356643356,0.4111888111888112,0.943089430894309,0.9258741258741259,0.9706293706293706,0.9219653179190751,346,330,0.9161849710982659,0.9797687861271677,0.943089430894309,369,370,0.9159891598915989,0.978319783197832,social,0.9014084507042254,142,129,0.8943661971830986,0.9929577464788732,ptsd|0,0.8666666666666667,45,59,0.8444444444444444,1.0,0.1,0.9240777292165986,557.3147234362518,431.5279540078638
dreaddit,distilbert,13,head_75,M3-mix,mix,0.1,0,715,0.8867132867132868,1.2811188811188812,0.7188811188811188,0.0,0.2811188811188811,0.46013986013986014,0.25874125874125875,0.7412587412587412,0.2811188811188811,0.943089430894309,0.8671328671328671,0.9300699300699301,0.8265895953757225,346,330,0.8526011560693642,0.9421965317919075,0.943089430894309,369,370,0.8536585365853658,0.940379403794038,social,0.8380281690140845,142,129,0.823943661971831,0.9647887323943662,ptsd|0,0.7777777777777778,45,59,0.7555555555555555,1.0,0.1,0.8382395789275813,567.7193477137083,338.75025455456864
dreaddit,distilbert,13,head_75,M3-mix,mix,0.05,0,715,0.9370629370629371,1.4643356643356644,0.5356643356643357,0.0,0.4643356643356643,0.34545454545454546,0.1902097902097902,0.8097902097902098,0.4643356643356643,0.964769647696477,0.9258741258741259,0.9706293706293706,0.9075144508670521,346,330,0.9161849710982659,0.9797687861271677,0.964769647696477,369,370,0.9159891598915989,0.978319783197832,social,0.9084507042253521,142,129,0.8943661971830986,0.9929577464788732,ptsd|0,0.8444444444444444,45,59,0.8444444444444444,1.0,0.1,0.9132399705499946,676.5347682378558,535.0321913623761
dreaddit,distilbert,13,head_75,M5,clean,0.1,0,715,0.7636363636363637,1.0,1.0,0.0,0.0,0.5762237762237762,0.42377622377622376,0.5762237762237762,0.0,0.8292682926829268,0.8671328671328671,0.9300699300699301,0.6936416184971098,346,330,0.8526011560693642,0.9421965317919075,0.8292682926829268,369,370,0.8536585365853658,0.940379403794038,social,0.6971830985915493,142,129,0.823943661971831,0.9647887323943662,ptsd|0,0.6444444444444445,45,59,0.7555555555555555,1.0,0.1,0.7072042859156915,358.64937262089387,0.0
dreaddit,distilbert,13,head_75,M5,clean,0.05,0,715,0.737062937062937,1.0,1.0,0.0,0.0,0.6951048951048951,0.3048951048951049,0.6951048951048951,0.0,0.9186991869918699,0.9258741258741259,0.9706293706293706,0.5433526011560693,346,330,0.9161849710982659,0.9797687861271677,0.9186991869918699,369,370,0.9159891598915989,0.978319783197832,social,0.6830985915492958,142,129,0.8943661971830986,0.9929577464788732,abuse|0,0.453125,64,66,0.875,1.0,0.1,0.5808872597396494,502.8525776587246,0.0
dreaddit,distilbert,13,head_50,M0,clean,0.1,0,715,0.8475524475524475,1.2083916083916084,0.7916083916083916,0.0,0.2083916083916084,0.4083916083916084,0.3832167832167832,0.6167832167832168,0.2083916083916084,0.8455284552845529,0.8671328671328671,0.9300699300699301,0.8497109826589595,346,330,0.8526011560693642,0.9421965317919075,0.8455284552845529,369,370,0.8536585365853658,0.940379403794038,social,0.7887323943661971,142,129,0.823943661971831,0.9647887323943662,social|1,0.7,60,60,0.7833333333333333,0.9833333333333333,0.1,0.8492927299215189,420.1019784764322,219.80121246299166
dreaddit,distilbert,13,head_50,M0,clean,0.05,0,715,0.9146853146853147,1.4111888111888111,0.5888111888111888,0.0,0.4111888111888112,0.31608391608391606,0.2727272727272727,0.7272727272727273,0.4111888111888112,0.9132791327913279,0.9258741258741259,0.9706293706293706,0.9161849710982659,346,330,0.9161849710982659,0.9797687861271677,0.9132791327913279,369,370,0.9159891598915989,0.978319783197832,social,0.8661971830985915,142,129,0.8943661971830986,0.9929577464788732,social|1,0.8166666666666667,60,60,0.85,1.0,0.1,0.9158943872675721,567.3394739727744,438.51841408587495
dreaddit,distilbert,13,head_50,M1,clean,0.1,0,715,0.8237762237762237,1.1692307692307693,0.8307692307692308,0.0,0.16923076923076924,0.36363636363636365,0.4671328671328671,0.5328671328671328,0.16923076923076924,0.7723577235772358,0.8671328671328671,0.9300699300699301,0.8786127167630058,346,330,0.8526011560693642,0.9421965317919075,0.7723577235772358,369,370,0.8536585365853658,0.940379403794038,social,0.7676056338028169,142,129,0.823943661971831,0.9647887323943662,social|1,0.6166666666666667,60,60,0.7833333333333333,0.9833333333333333,0.1,0.8679872174444289,326.94675501668314,158.61960931748047
dreaddit,distilbert,13,head_50,M1,clean,0.05,0,715,0.9090909090909091,1.393006993006993,0.606993006993007,0.0,0.393006993006993,0.25314685314685315,0.35384615384615387,0.6461538461538462,0.393006993006993,0.8672086720867209,0.9258741258741259,0.9706293706293706,0.953757225433526,346,330,0.9161849710982659,0.9797687861271677,0.8672086720867209,369,370,0.9159891598915989,0.978319783197832,social,0.8591549295774648,142,129,0.8943661971830986,0.9929577464788732,social|1,0.7333333333333333,60,60,0.85,1.0,0.1,0.9451023700988456,456.0850290583831,369.75108479408493
dreaddit,distilbert,13,head_50,M2,clean,0.1,0,715,0.8475524475524475,1.2601398601398601,0.7398601398601399,0.0,0.2601398601398601,0.33426573426573425,0.40559440559440557,0.5944055944055944,0.2601398601398601,0.8048780487804879,0.8671328671328671,0.9300699300699301,0.8930635838150289,346,330,0.8526011560693642,0.9421965317919075,0.8048780487804879,369,370,0.8536585365853658,0.940379403794038,ptsd,0.8110236220472441,127,138,0.8267716535433071,0.968503937007874,ptsd|1,0.7682926829268293,82,79,0.7926829268292683,0.975609756097561,0.1,0.8842450303115748,413.4357817566615,262.4504597647133
dreaddit,distilbert,13,head_50,M2,clean,0.05,0,715,0.9244755244755245,1.4895104895104896,0.5104895104895105,0.0,0.48951048951048953,0.21958041958041957,0.2909090909090909,0.7090909090909091,0.48951048951048953,0.8970189701897019,0.9258741258741259,0.9706293706293706,0.953757225433526,346,330,0.9161849710982659,0.9797687861271677,0.8970189701897019,369,370,0.9159891598915989,0.978319783197832,ptsd,0.8740157480314961,127,138,0.8976377952755905,0.9921259842519685,ptsd|1,0.8292682926829268,82,79,0.8658536585365854,1.0,0.1,0.9480833999091436,547.5053652270627,467.67548600341496
dreaddit,distilbert,13,head_50,M3,matched,0.1,0,715,0.8685314685314686,1.2769230769230768,0.7230769230769231,0.0,0.27692307692307694,0.4167832167832168,0.3062937062937063,0.6937062937062937,0.27692307692307694,0.8915989159891599,0.8671328671328671,0.9300699300699301,0.8439306358381503,346,330,0.8526011560693642,0.9421965317919075,0.8915989159891599,369,370,0.8536585365853658,0.940379403794038,social,0.823943661971831,142,129,0.823943661971831,0.9647887323943662,ptsd|0,0.7777777777777778,45,59,0.7555555555555555,1.0,0.1,0.8486974638532513,523.552955182731,316.9658661904538
dreaddit,distilbert,13,head_50,M3,matched,0.05,0,715,0.9412587412587412,1.5076923076923077,0.49230769230769234,0.0,0.5076923076923077,0.3020979020979021,0.1902097902097902,0.8097902097902098,0.5076923076923077,0.9539295392953929,0.9258741258741259,0.9706293706293706,0.9277456647398844,346,330,0.9161849710982659,0.9797687861271677,0.9539295392953929,369,370,0.9159891598915989,0.978319783197832,social,0.9295774647887324,142,129,0.8943661971830986,0.9929577464788732,ptsd|0,0.9111111111111111,45,59,0.8444444444444444,1.0,0.1,0.9303640521954353,685.855381675204,569.0649623259238
dreaddit,distilbert,13,head_50,M3-mix,mix,0.1,0,715,0.8881118881118881,1.3384615384615384,0.6615384615384615,0.0,0.3384615384615385,0.4097902097902098,0.2517482517482518,0.7482517482517482,0.3384615384615385,0.926829268292683,0.8671328671328671,0.9300699300699301,0.846820809248555,346,330,0.8526011560693642,0.9421965317919075,0.926829268292683,369,370,0.8536585365853658,0.940379403794038,social,0.852112676056338,142,129,0.823943661971831,0.9647887323943662,abuse|0,0.796875,64,66,0.796875,0.984375,0.1,0.8548216551529677,594.7060482165515,391.80412613374693
dreaddit,distilbert,13,head_50,M3-mix,mix,0.05,0,715,0.9622377622377623,1.6223776223776223,0.3776223776223776,0.0,0.6223776223776224,0.21958041958041957,0.15804195804195803,0.8419580419580419,0.6223776223776224,0.962059620596206,0.9258741258741259,0.9706293706293706,0.9624277456647399,346,330,0.9161849710982659,0.9797687861271677,0.962059620596206,369,370,0.9159891598915989,0.978319783197832,social,0.9507042253521126,142,129,0.8943661971830986,0.9929577464788732,ptsd|0,0.9333333333333333,45,59,0.8444444444444444,1.0,0.1,0.9623909331578865,738.6915111925686,665.8520920469321
dreaddit,distilbert,13,head_50,M5,clean,0.1,0,715,0.7482517482517482,1.0,1.0,0.0,0.0,0.5328671328671328,0.4671328671328671,0.5328671328671328,0.0,0.7723577235772358,0.8671328671328671,0.9300699300699301,0.7225433526011561,346,330,0.8526011560693642,0.9421965317919075,0.7723577235772358,369,370,0.8536585365853658,0.940379403794038,social,0.6619718309859155,142,129,0.823943661971831,0.9647887323943662,social|1,0.6166666666666667,60,60,0.7833333333333333,0.9833333333333333,0.1,0.7275247896987641,326.94675501668314,0.0
dreaddit,distilbert,13,head_50,M5,clean,0.05,0,715,0.7328671328671329,1.0,1.0,0.0,0.0,0.6461538461538462,0.35384615384615387,0.6461538461538462,0.0,0.8672086720867209,0.9258741258741259,0.9706293706293706,0.5895953757225434,346,330,0.9161849710982659,0.9797687861271677,0.8672086720867209,369,370,0.9159891598915989,0.978319783197832,social,0.6338028169014085,142,129,0.8943661971830986,0.9929577464788732,abuse|0,0.484375,64,66,0.875,1.0,0.1,0.6173567053589611,456.0850290583831,0.0
dreaddit,distilbert,13,head_25,M0,clean,0.1,0,715,0.8293706293706293,1.26993006993007,0.73006993006993,0.0,0.2699300699300699,0.2895104895104895,0.4405594405594406,0.5594405594405595,0.2699300699300699,0.7588075880758808,0.8671328671328671,0.9300699300699301,0.9046242774566474,346,330,0.8526011560693642,0.9421965317919075,0.7588075880758808,369,370,0.8536585365853658,0.940379403794038,ptsd,0.8031496062992126,127,138,0.8267716535433071,0.968503937007874,social|1,0.7166666666666667,60,60,0.7833333333333333,0.9833333333333333,0.1,0.8900426085185708,388.0194871312875,255.0268652975547
dreaddit,distilbert,13,head_25,M0,clean,0.05,0,715,0.9062937062937063,1.4783216783216784,0.5216783216783217,0.0,0.4783216783216783,0.22097902097902097,0.3006993006993007,0.6993006993006993,0.4783216783216783,0.8699186991869918,0.9258741258741259,0.9706293706293706,0.9450867052023122,346,330,0.9161849710982659,0.9797687861271677,0.8699186991869918,369,370,0.9159891598915989,0.978319783197832,social,0.8661971830985915,142,129,0.8943661971830986,0.9929577464788732,social|1,0.8,60,60,0.85,1.0,0.1,0.9375699046007803,552.5988063348842,465.5074643231982
dreaddit,distilbert,13,head_25,M1,clean,0.1,0,715,0.7734265734265734,1.172027972027972,0.827972027972028,0.0,0.17202797202797201,0.2517482517482518,0.5762237762237762,0.42377622377622376,0.17202797202797201,0.6395663956639567,0.8671328671328671,0.9300699300699301,0.9161849710982659,346,330,0.8526011560693642,0.9421965317919075,0.6395663956639567,369,370,0.8536585365853658,0.940379403794038,abuse,0.7253521126760564,142,142,0.823943661971831,0.9647887323943662,social|1,0.5833333333333334,60,60,0.7833333333333333,0.9833333333333333,0.1,0.8885231135548349,238.2340962137945,121.87916098814168
dreaddit,distilbert,13,head_25,M1,clean,0.05,0,715,0.8783216783216783,1.420979020979021,0.579020979020979,0.0,0.42097902097902096,0.17902097902097902,0.4,0.6,0.42097902097902096,0.7967479674796748,0.9258741258741259,0.9706293706293706,0.9653179190751445,346,330,0.9161849710982659,0.9797687861271677,0.7967479674796748,369,370,0.9159891598915989,0.978319783197832,ptsd,0.84251968503937,127,138,0.8976377952755905,0.9921259842519685,social|1,0.7333333333333333,60,60,0.85,1.0,0.1,0.9484609239155976,430.8308661121294,368.1806789166158
dreaddit,distilbert,13,head_25,M2,clean,0.1,0,715,0.7958041958041958,1.2433566433566434,0.7566433566433567,0.0,0.24335664335664337,0.24195804195804196,0.5146853146853146,0.4853146853146853,0.24335664335664337,0.6775067750677507,0.8671328671328671,0.9300699300699301,0.9219653179190751,346,330,0.8526011560693642,0.9421965317919075,0.6775067750677507,369,370,0.8536585365853658,0.940379403794038,anxiety,0.7018633540372671,161,147,0.8322981366459627,0.9627329192546584,anxiety|1,0.5263157894736842,95,98,0.8210526315789474,0.9789473684210527,0.1,0.8975194636339427,320.0628162350988,210.26520669830978
dreaddit,distilbert,13,head_25,M2,clean,0.05,0,715,0.8797202797202798,1.5034965034965035,0.4965034965034965,0.0,0.5034965034965035,0.15944055944055943,0.33706293706293705,0.6629370629370629,0.5034965034965035,0.7967479674796748,0.9258741258741259,0.9706293706293706,0.9682080924855492,346,330,0.9161849710982659,0.9797687861271677,0.7967479674796748,369,370,0.9159891598915989,0.978319783197832,ptsd,0.7716535433070866,127,138,0.8976377952755905,0.9921259842519685,anxiety|1,0.6631578947368421,95,98,0.8947368421052632,1.0,0.1,0.9510620799849618,547.8828892335166,491.35689333771955
dreaddit,distilbert,13,head_25,M3,matched,0.1,0,715,0.8951048951048951,1.4391608391608393,0.5608391608391609,0.0,0.43916083916083914,0.3328671328671329,0.22797202797202798,0.772027972027972,0.43916083916083914,0.9051490514905149,0.8671328671328671,0.9300699300699301,0.884393063583815,346,330,0.8526011560693642,0.9421965317919075,0.9051490514905149,369,370,0.8536585365853658,0.940379403794038,social,0.8591549295774648,142,129,0.823943661971831,0.9647887323943662,abuse|0,0.796875,64,66,0.796875,0.984375,0.1,0.886468662374485,657.5669282704387,499.86214891050645
dreaddit,distilbert,13,head_25,M3,matched,0.05,0,715,0.9370629370629371,1.6153846153846154,0.38461538461538464,0.0,0.6153846153846154,0.26433566433566436,0.12027972027972028,0.8797202797202798,0.6153846153846154,0.9566395663956639,0.9258741258741259,0.9706293706293706,0.9161849710982659,346,330,0.9161849710982659,0.9797687861271677,0.9566395663956639,369,370,0.9159891598915989,0.978319783197832,social,0.9084507042253521,142,129,0.8943661971830986,0.9929577464788732,abuse|0,0.84375,64,66,0.875,1.0,0.1,0.9202304306280057,813.583031784075,694.7890721681783
dreaddit,distilbert,13,head_25,M3-mix,mix,0.1,0,715,0.9132867132867133,1.5160839160839161,0.48391608391608393,0.0,0.5160839160839161,0.2755244755244755,0.2083916083916084,0.7916083916083916,0.5160839160839161,0.9132791327913279,0.8671328671328671,0.9300699300699301,0.9132947976878613,346,330,0.8526011560693642,0.9421965317919075,0.9132791327913279,369,370,0.8536585365853658,0.940379403794038,social,0.8873239436619719,142,129,0.823943661971831,0.9647887323943662,abuse|0,0.84375,64,66,0.796875,0.984375,0.1,0.9132932311982079,686.9926531635259,563.7005185080753
dreaddit,distilbert,13,head_25,M3-mix,mix,0.05,0,715,0.9594405594405594,1.7132867132867133,0.2867132867132867,0.0,0.7132867132867133,0.14265734265734265,0.14405594405594405,0.855944055944056,0.7132867132867133,0.943089430894309,0.9258741258741259,0.9706293706293706,0.976878612716763,346,330,0.9161849710982659,0.9797687861271677,0.943089430894309,369,370,0.9159891598915989,0.978319783197832,anxiety,0.937888198757764,161,147,0.9006211180124224,0.9875776397515528,anxiety|1,0.9157894736842105,95,98,0.8947368421052632,1.0,0.1,0.9734996945345177,781.0141454015696,734.7306421041088
dreaddit,distilbert,13,head_25,M5,clean,0.1,0,715,0.7202797202797203,1.0,1.0,0.0,0.0,0.42377622377622376,0.5762237762237762,0.42377622377622376,0.0,0.6395663956639567,0.8671328671328671,0.9300699300699301,0.8063583815028902,346,330,0.8526011560693642,0.9421965317919075,0.6395663956639567,369,370,0.8536585365853658,0.940379403794038,abuse,0.6549295774647887,142,142,0.823943661971831,0.9647887323943662,social|1,0.5833333333333334,60,60,0.7833333333333333,0.9833333333333333,0.1,0.7896791829189969,238.2340962137945,0.0
dreaddit,distilbert,13,head_25,M5,clean,0.05,0,715,0.7062937062937062,1.0,1.0,0.0,0.0,0.6,0.4,0.6,0.0,0.7967479674796748,0.9258741258741259,0.9706293706293706,0.6098265895953757,346,330,0.9161849710982659,0.9797687861271677,0.7967479674796748,369,370,0.9159891598915989,0.978319783197832,social,0.676056338028169,142,129,0.8943661971830986,0.9929577464788732,abuse|0,0.515625,64,66,0.875,1.0,0.1,0.6285187273838057,430.8308661121294,0.0
dreaddit,distilbert,13,tail_75,M0,clean,0.1,0,715,0.8671328671328671,1.1972027972027972,0.8027972027972028,0.0,0.1972027972027972,0.45314685314685316,0.34965034965034963,0.6503496503496503,0.1972027972027972,0.8997289972899729,0.8671328671328671,0.9300699300699301,0.8323699421965318,346,330,0.8526011560693642,0.9421965317919075,0.8997289972899729,369,370,0.8536585365853658,0.940379403794038,social,0.8028169014084507,142,129,0.823943661971831,0.9647887323943662,financial|1,0.7777777777777778,54,57,0.7962962962962963,1.0,0.1,0.8391058477058759,435.9266569544308,212.97288406410075
dreaddit,distilbert,13,tail_75,M0,clean,0.05,0,715,0.9174825174825175,1.3916083916083917,0.6083916083916084,0.0,0.3916083916083916,0.34825174825174826,0.2601398601398601,0.7398601398601399,0.3916083916083916,0.940379403794038,0.9258741258741259,0.9706293706293706,0.8930635838150289,346,330,0.9161849710982659,0.9797687861271677,0.940379403794038,369,370,0.9159891598915989,0.978319783197832,social,0.8732394366197183,142,129,0.8943661971830986,0.9929577464788732,ptsd|0,0.8222222222222222,45,59,0.8444444444444444,1.0,0.1,0.8977951658129298,567.4483450036812,413.752995911462
dreaddit,distilbert,13,tail_75,M1,clean,0.1,0,715,0.8517482517482518,1.1636363636363636,0.8363636363636363,0.0,0.16363636363636364,0.4083916083916084,0.427972027972028,0.5720279720279721,0.16363636363636364,0.8373983739837398,0.8671328671328671,0.9300699300699301,0.8670520231213873,346,330,0.8526011560693642,0.9421965317919075,0.8373983739837398,369,370,0.8536585365853658,0.940379403794038,social,0.7887323943661971,142,129,0.823943661971831,0.9647887323943662,social|1,0.7166666666666667,60,60,0.7833333333333333,0.9833333333333333,0.1,0.8640866582076225,343.8554443347902,157.53559847737208
dreaddit,distilbert,13,tail_75,M1,clean,0.05,0,715,0.916083916083916,1.3776223776223777,0.6223776223776224,0.0,0.3776223776223776,0.2993006993006993,0.3230769230769231,0.676923076923077,0.3776223776223776,0.9159891598915989,0.9258741258741259,0.9706293706293706,0.9161849710982659,346,330,0.9161849710982659,0.9797687861271677,0.9159891598915989,369,370,0.9159891598915989,0.978319783197832,social,0.8732394366197183,142,129,0.8943661971830986,0.9929577464788732,financial|1,0.8148148148148148,54,57,0.8703703703703703,1.0,0.1,0.9161653899775992,471.3677021163275,345.7986747497533
dreaddit,distilbert,13,tail_75,M2,clean,0.1,0,715,0.8685314685314686,1.248951048951049,0.7510489510489511,0.0,0.24895104895104894,0.3748251748251748,0.37622377622377623,0.6237762237762238,0.24895104895104894,0.8699186991869918,0.8671328671328671,0.9300699300699301,0.8670520231213873,346,330,0.8526011560693642,0.9421965317919075,0.8699186991869918,369,370,0.8536585365853658,0.940379403794038,social,0.8450704225352113,142,129,0.823943661971831,0.9647887323943662,financial|1,0.8148148148148148,54,57,0.7962962962962963,1.0,0.1,0.8673386907279478,412.1363785892194,232.3205977724517
dreaddit,distilbert,13,tail_75,M2,clean,0.05,0,715,0.9132867132867133,1.4391608391608393,0.5608391608391609,0.0,0.43916083916083914,0.27692307692307694,0.2839160839160839,0.7160839160839161,0.43916083916083914,0.9186991869918699,0.9258741258741259,0.9706293706293706,0.9075144508670521,346,330,0.9161849710982659,0.9797687861271677,0.9186991869918699,369,370,0.9159891598915989,0.978319783197832,ptsd,0.8661417322834646,127,138,0.8976377952755905,0.9921259842519685,ptsd|0,0.8222222222222222,45,59,0.8444444444444444,1.0,0.1,0.9086329244795339,541.869918699187,413.6464746150352
dreaddit,distilbert,13,tail_75,M3,matched,0.1,0,715,0.8685314685314686,1.2041958041958043,0.7958041958041958,0.0,0.2041958041958042,0.4461538461538462,0.34965034965034963,0.6503496503496503,0.2041958041958042,0.8997289972899729,0.8671328671328671,0.9300699300699301,0.8352601156069365,346,330,0.8526011560693642,0.9421965317919075,0.8997289972899729,369,370,0.8536585365853658,0.940379403794038,social,0.8028169014084507,142,129,0.823943661971831,0.9647887323943662,financial|1,0.7777777777777778,54,57,0.7962962962962963,1.0,0.1,0.8417070037752401,435.9266569544308,216.65805097357332
dreaddit,distilbert,13,tail_75,M3,matched,0.05,0,715,0.9384615384615385,1.4797202797202798,0.5202797202797202,0.0,0.4797202797202797,0.2783216783216783,0.24195804195804196,0.7580419580419581,0.4797202797202797,0.94579945799458,0.9258741258741259,0.9706293706293706,0.930635838150289,346,330,0.9161849710982659,0.9797687861271677,0.94579945799458,369,370,0.9159891598915989,0.978319783197832,social,0.9084507042253521,142,129,0.8943661971830986,0.9929577464788732,ptsd|0,0.8222222222222222,45,59,0.8444444444444444,1.0,0.1,0.9321522001347182,596.6030671867413,486.7498472672588
dreaddit,distilbert,13,tail_75,M3-mix,mix,0.1,0,715,0.8811188811188811,1.2727272727272727,0.7272727272727273,0.0,0.2727272727272727,0.4755244755244755,0.2517482517482518,0.7482517482517482,0.2727272727272727,0.94579945799458,0.8671328671328671,0.9300699300699301,0.8121387283236994,346,330,0.8526011560693642,0.9421965317919075,0.94579945799458,369,370,0.8536585365853658,0.940379403794038,social,0.823943661971831,142,129,0.823943661971831,0.9647887323943662,ptsd|0,0.7777777777777778,45,59,0.7555555555555555,1.0,0.1,0.8255048012907875,578.394974701192,334.794084935069
dreaddit,distilbert,13,tail_75,M3-mix,mix,0.05,0,715,0.9342657342657342,1.474125874125874,0.5258741258741259,0.0,0.47412587412587415,0.33986013986013985,0.18601398601398603,0.813986013986014,0.47412587412587415,0.9566395663956639,0.9258741258741259,0.9706293706293706,0.9104046242774566,346,330,0.9161849710982659,0.9797687861271677,0.9566395663956639,369,370,0.9159891598915989,0.978319783197832,social,0.9084507042253521,142,129,0.8943661971830986,0.9929577464788732,ptsd|0,0.8444444444444444,45,59,0.8444444444444444,1.0,0.1,0.9150281184892773,691.3286965239595,553.2402838479252
dreaddit,distilbert,13,tail_75,M5,clean,0.1,0,715,0.7762237762237763,1.0,1.0,0.0,0.0,0.5720279720279721,0.427972027972028,0.5720279720279721,0.0,0.8373983739837398,0.8671328671328671,0.9300699300699301,0.7109826589595376,346,330,0.8526011560693642,0.9421965317919075,0.8373983739837398,369,370,0.8536585365853658,0.940379403794038,social,0.6901408450704225,142,129,0.823943661971831,0.9647887323943662,ptsd|0,0.6444444444444445,45,59,0.7555555555555555,1.0,0.1,0.7236242304619579,343.8554443347902,0.0
dreaddit,distilbert,13,tail_75,M5,clean,0.05,0,715,0.7524475524475525,1.0,1.0,0.0,0.0,0.676923076923077,0.3230769230769231,0.676923076923077,0.0,0.9159891598915989,0.9258741258741259,0.9706293706293706,0.5780346820809249,346,330,0.9161849710982659,0.9797687861271677,0.9159891598915989,369,370,0.9159891598915989,0.978319783197832,social,0.676056338028169,142,129,0.8943661971830986,0.9929577464788732,anxiety|0,0.5303030303030303,66,49,0.8636363636363636,1.0,0.1,0.6118301298619924,471.3677021163275,0.0
dreaddit,distilbert,13,tail_50,M0,clean,0.1,0,715,0.8503496503496504,1.2195804195804196,0.7804195804195804,0.0,0.21958041958041957,0.38461538461538464,0.3958041958041958,0.6041958041958042,0.21958041958041957,0.8401084010840109,0.8671328671328671,0.9300699300699301,0.861271676300578,346,330,0.8526011560693642,0.9421965317919075,0.8401084010840109,369,370,0.8536585365853658,0.940379403794038,social,0.8098591549295775,142,129,0.823943661971831,0.9647887323943662,financial|1,0.7222222222222222,54,57,0.7962962962962963,1.0,0.1,0.8591553487789213,401.3518805708288,214.97877406519734
dreaddit,distilbert,13,tail_50,M0,clean,0.05,0,715,0.9090909090909091,1.4013986013986015,0.5986013986013986,0.0,0.4013986013986014,0.3020979020979021,0.2965034965034965,0.7034965034965035,0.4013986013986014,0.9051490514905149,0.9258741258741259,0.9706293706293706,0.9132947976878613,346,330,0.9161849710982659,0.9797687861271677,0.9051490514905149,369,370,0.9159891598915989,0.978319783197832,social,0.8661971830985915,142,129,0.8943661971830986,0.9929577464788732,financial|1,0.8148148148148148,54,57,0.8703703703703703,1.0,0.1,0.9124802230681266,530.1102808715948,401.6690947256294
dreaddit,distilbert,13,tail_50,M1,clean,0.1,0,715,0.820979020979021,1.1804195804195805,0.8195804195804196,0.0,0.18041958041958042,0.3412587412587413,0.4783216783216783,0.5216783216783217,0.18041958041958042,0.7642276422764228,0.8671328671328671,0.9300699300699301,0.8815028901734104,346,330,0.8526011560693642,0.9421965317919075,0.7642276422764228,369,370,0.8536585365853658,0.940379403794038,financial,0.7832167832167832,143,144,0.8251748251748252,0.965034965034965,financial|1,0.5740740740740741,54,57,0.7962962962962963,1.0,0.1,0.8697753653837117,313.127966539781,151.46701756034903
dreaddit,distilbert,13,tail_50,M1,clean,0.05,0,715,0.8923076923076924,1.3832167832167832,0.6167832167832168,0.0,0.3832167832167832,0.24475524475524477,0.37202797202797205,0.627972027972028,0.3832167832167832,0.8509485094850948,0.9258741258741259,0.9706293706293706,0.9364161849710982,346,330,0.9161849710982659,0.9797687861271677,0.8509485094850948,369,370,0.9159891598915989,0.978319783197832,social,0.8591549295774648,142,129,0.8943661971830986,0.9929577464788732,social|1,0.7333333333333333,60,60,0.85,1.0,0.1,0.927869417422498,436.2509203126714,337.56207215251345
dreaddit,distilbert,13,tail_50,M2,clean,0.1,0,715,0.8349650349650349,1.239160839160839,0.7608391608391608,0.0,0.23916083916083916,0.3090909090909091,0.45174825174825173,0.5482517482517483,0.23916083916083916,0.7804878048780488,0.8671328671328671,0.9300699300699301,0.8930635838150289,346,330,0.8526011560693642,0.9421965317919075,0.7804878048780488,369,370,0.8536585365853658,0.940379403794038,anxiety,0.8012422360248447,161,147,0.8322981366459627,0.9627329192546584,anxiety|1,0.7052631578947368,95,98,0.8210526315789474,0.9789473684210527,0.1,0.8818060059213308,348.56901170167777,202.46173849021727
dreaddit,distilbert,13,tail_50,M2,clean,0.05,0,715,0.9104895104895104,1.4615384615384615,0.5384615384615384,0.0,0.46153846153846156,0.2097902097902098,0.32867132867132864,0.6713286713286714,0.46153846153846156,0.8807588075880759,0.9258741258741259,0.9706293706293706,0.9421965317919075,346,330,0.9161849710982659,0.9797687861271677,0.8807588075880759,369,370,0.9159891598915989,0.978319783197832,ptsd,0.8582677165354331,127,138,0.8976377952755905,0.9921259842519685,financial|1,0.8148148148148148,54,57,0.8703703703703703,1.0,0.1,0.9360527593715243,491.2550715102527,404.00159781944643
dreaddit,distilbert,13,tail_50,M3,matched,0.1,0,715,0.8741258741258742,1.323076923076923,0.676923076923077,0.0,0.3230769230769231,0.4027972027972028,0.27412587412587414,0.7258741258741259,0.3230769230769231,0.9105691056910569,0.8671328671328671,0.9300699300699301,0.8352601156069365,346,330,0.8526011560693642,0.9421965317919075,0.9105691056910569,369,370,0.8536585365853658,0.940379403794038,social,0.8309859154929577,142,129,0.823943661971831,0.9647887323943662,ptsd|0,0.7111111111111111,45,59,0.7555555555555555,1.0,0.1,0.8427910146153486,567.0684712627474,356.2009492927299
dreaddit,distilbert,13,tail_50,M3,matched,0.05,0,715,0.9202797202797203,1.4839160839160839,0.5160839160839161,0.0,0.48391608391608393,0.34825174825174826,0.16783216783216784,0.8321678321678322,0.48391608391608393,0.959349593495935,0.9258741258741259,0.9706293706293706,0.8786127167630058,346,330,0.9161849710982659,0.9797687861271677,0.959349593495935,369,370,0.9159891598915989,0.978319783197832,ptsd,0.889763779527559,127,138,0.8976377952755905,0.9921259842519685,ptsd|0,0.7333333333333333,45,59,0.8444444444444444,1.0,0.1,0.8866864044362988,722.8135720663565,557.4674561774519
dreaddit,distilbert,13,tail_50,M3-mix,mix,0.1,0,715,0.8811188811188811,1.318881118881119,0.6811188811188811,0.0,0.31888111888111886,0.393006993006993,0.2881118881118881,0.7118881118881119,0.31888111888111886,0.907859078590786,0.8671328671328671,0.9300699300699301,0.8526011560693642,346,330,0.8526011560693642,0.9421965317919075,0.907859078590786,369,370,0.8536585365853658,0.940379403794038,social,0.852112676056338,142,129,0.823943661971831,0.9647887323943662,ptsd|0,0.7111111111111111,45,59,0.7555555555555555,1.0,0.1,0.8581269483215064,543.3870639284428,348.3974810846375
dreaddit,distilbert,13,tail_50,M3-mix,mix,0.05,0,715,0.9384615384615385,1.5986013986013985,0.4013986013986014,0.0,0.5986013986013986,0.22097902097902097,0.18041958041958042,0.8195804195804196,0.5986013986013986,0.940379403794038,0.9258741258741259,0.9706293706293706,0.9364161849710982,346,330,0.9161849710982659,0.9797687861271677,0.940379403794038,369,370,0.9159891598915989,0.978319783197832,financial,0.9020979020979021,143,144,0.8951048951048951,0.993006993006993,financial|1,0.8518518518518519,54,57,0.8703703703703703,1.0,0.1,0.9368125068533922,715.7142409574385,621.6324388677414
dreaddit,distilbert,13,tail_50,M5,clean,0.1,0,715,0.7510489510489511,1.0,1.0,0.0,0.0,0.5216783216783217,0.4783216783216783,0.5216783216783217,0.0,0.7642276422764228,0.8671328671328671,0.9300699300699301,0.7369942196531792,346,330,0.8526011560693642,0.9421965317919075,0.7642276422764228,369,370,0.8536585365853658,0.940379403794038,social,0.676056338028169,142,129,0.823943661971831,0.9647887323943662,financial|1,0.5740740740740741,54,57,0.7962962962962963,1.0,0.1,0.7397175619155036,313.127966539781,0.0
dreaddit,distilbert,13,tail_50,M5,clean,0.05,0,715,0.7342657342657343,1.0,1.0,0.0,0.0,0.627972027972028,0.37202797202797205,0.627972027972028,0.0,0.8509485094850948,0.9258741258741259,0.9706293706293706,0.6098265895953757,346,330,0.9161849710982659,0.9797687861271677,0.8509485094850948,369,370,0.9159891598915989,0.978319783197832,social,0.6338028169014085,142,129,0.8943661971830986,0.9929577464788732,ptsd|0,0.4888888888888889,45,59,0.8444444444444444,1.0,0.1,0.6339387815843476,436.2509203126714,0.0
dreaddit,distilbert,13,tail_25,M0,clean,0.1,0,715,0.8321678321678322,1.2475524475524475,0.7524475524475525,0.0,0.24755244755244754,0.2951048951048951,0.45734265734265733,0.5426573426573427,0.24755244755244754,0.7642276422764228,0.8671328671328671,0.9300699300699301,0.9046242774566474,346,330,0.8526011560693642,0.9421965317919075,0.7642276422764228,369,370,0.8536585365853658,0.940379403794038,social,0.7816901408450704,142,129,0.823943661971831,0.9647887323943662,social|1,0.6333333333333333,60,60,0.7833333333333333,0.9833333333333333,0.1,0.890584613938625,352.1453075802434,218.06867490640224
dreaddit,distilbert,13,tail_25,M0,clean,0.05,0,715,0.8965034965034965,1.4587412587412587,0.5412587412587413,0.0,0.45874125874125876,0.2097902097902098,0.33146853146853145,0.6685314685314685,0.45874125874125876,0.8536585365853658,0.9258741258741259,0.9706293706293706,0.9421965317919075,346,330,0.9161849710982659,0.9797687861271677,0.8536585365853658,369,370,0.9159891598915989,0.978319783197832,financial,0.8671328671328671,143,144,0.8951048951048951,0.993006993006993,financial|1,0.7222222222222222,54,57,0.8703703703703703,1.0,0.1,0.9333427322712533,509.35429296489497,422.10081927408874
dreaddit,distilbert,13,tail_25,M1,clean,0.1,0,715,0.779020979020979,1.1902097902097901,0.8097902097902098,0.0,0.1902097902097902,0.24335664335664337,0.5664335664335665,0.43356643356643354,0.1902097902097902,0.6422764227642277,0.8671328671328671,0.9300699300699301,0.9248554913294798,346,330,0.8526011560693642,0.9421965317919075,0.6422764227642277,369,370,0.8536585365853658,0.940379403794038,social,0.7394366197183099,142,129,0.823943661971831,0.9647887323943662,social|1,0.5,60,60,0.7833333333333333,0.9833333333333333,0.1,0.8965975844729546,254.1120353400066,146.37357645252752
dreaddit,distilbert,13,tail_25,M1,clean,0.05,0,715,0.8657342657342657,1.4027972027972029,0.5972027972027972,0.0,0.4027972027972028,0.16363636363636364,0.43356643356643354,0.5664335664335665,0.4027972027972028,0.7777777777777778,0.9258741258741259,0.9706293706293706,0.9595375722543352,346,330,0.9161849710982659,0.9797687861271677,0.7777777777777778,369,370,0.9159891598915989,0.978319783197832,social,0.8450704225352113,142,129,0.8943661971830986,0.9929577464788732,financial|1,0.6666666666666666,54,57,0.8703703703703703,1.0,0.1,0.9413615928066794,384.7141939627489,320.3847298588593
dreaddit,distilbert,13,tail_25,M2,clean,0.1,0,715,0.8041958041958042,1.274125874125874,0.7258741258741259,0.0,0.27412587412587414,0.22237762237762237,0.5034965034965035,0.4965034965034965,0.27412587412587414,0.6910569105691057,0.8671328671328671,0.9300699300699301,0.9248554913294798,346,330,0.8526011560693642,0.9421965317919075,0.6910569105691057,369,370,0.8536585365853658,0.940379403794038,ptsd,0.7165354330708661,127,138,0.8267716535433071,0.968503937007874,anxiety|1,0.5894736842105263,95,98,0.8210526315789474,0.9789473684210527,0.1,0.9014756332534424,329.2212979933268,225.54787975625425
dreaddit,distilbert,13,tail_25,M2,clean,0.05,0,715,0.8811188811188811,1.5132867132867134,0.48671328671328673,0.0,0.5132867132867133,0.13706293706293707,0.34965034965034963,0.6503496503496503,0.5132867132867133,0.8075880758807588,0.9258741258741259,0.9706293706293706,0.9595375722543352,346,330,0.9161849710982659,0.9797687861271677,0.8075880758807588,369,370,0.9159891598915989,0.978319783197832,ptsd,0.8188976377952756,127,138,0.8976377952755905,0.9921259842519685,anxiety|1,0.7263157894736842,95,98,0.8947368421052632,1.0,0.1,0.9443426226169775,515.1518711718909,455.97145855851625
dreaddit,distilbert,13,tail_25,M3,matched,0.1,0,715,0.8839160839160839,1.4531468531468532,0.5468531468531469,0.0,0.45314685314685316,0.34825174825174826,0.1986013986013986,0.8013986013986014,0.45314685314685316,0.9159891598915989,0.8671328671328671,0.9300699300699301,0.8497109826589595,346,330,0.8526011560693642,0.9421965317919075,0.9159891598915989,369,370,0.8536585365853658,0.940379403794038,social,0.8450704225352113,142,129,0.823943661971831,0.9647887323943662,financial|1,0.7962962962962963,54,57,0.7962962962962963,1.0,0.1,0.8563388003822235,702.8705922897379,514.2229428074628
dreaddit,distilbert,13,tail_25,M3,matched,0.05,0,715,0.9370629370629371,1.627972027972028,0.37202797202797205,0.0,0.627972027972028,0.2601398601398601,0.11188811188811189,0.8881118881118881,0.627972027972028,0.9566395663956639,0.9258741258741259,0.9706293706293706,0.9161849710982659,346,330,0.9161849710982659,0.9797687861271677,0.9566395663956639,369,370,0.9159891598915989,0.978319783197832,financial,0.916083916083916,143,144,0.8951048951048951,0.993006993006993,abuse|0,0.875,64,66,0.875,1.0,0.1,0.9202304306280057,829.1899682002601,711.2090167144446
dreaddit,distilbert,13,tail_25,M3-mix,mix,0.1,0,715,0.9020979020979021,1.4867132867132866,0.5132867132867133,0.0,0.48671328671328673,0.26713286713286716,0.24615384615384617,0.7538461538461538,0.48671328671328673,0.8888888888888888,0.8671328671328671,0.9300699300699301,0.9161849710982659,346,330,0.8526011560693642,0.9421965317919075,0.8888888888888888,369,370,0.8536585365853658,0.940379403794038,financial,0.8671328671328671,143,144,0.8251748251748252,0.965034965034965,financial|1,0.7592592592592593,54,57,0.7962962962962963,1.0,0.1,0.9134553628773282,637.732819524727,518.3968544887762
dreaddit,distilbert,13,tail_25,M3-mix,mix,0.05,0,715,0.9440559440559441,1.6881118881118882,0.3118881118881119,0.0,0.6881118881118881,0.1258741258741259,0.18601398601398603,0.813986013986014,0.6881118881118881,0.9186991869918699,0.9258741258741259,0.9706293706293706,0.9710982658959537,346,330,0.9161849710982659,0.9797687861271677,0.9186991869918699,369,370,0.9159891598915989,0.978319783197832,financial,0.9230769230769231,143,144,0.8951048951048951,0.993006993006993,financial|1,0.8148148148148148,54,57,0.8703703703703703,1.0,0.1,0.9658583580055454,723.9508435546783,676.2590660588687
dreaddit,distilbert,13,tail_25,M5,clean,0.1,0,715,0.7132867132867133,1.0,1.0,0.0,0.0,0.43356643356643354,0.5664335664335665,0.43356643356643354,0.0,0.6422764227642277,0.8671328671328671,0.9300699300699301,0.7890173410404624,346,330,0.8526011560693642,0.9421965317919075,0.6422764227642277,369,370,0.8536585365853658,0.940379403794038,social,0.647887323943662,142,129,0.823943661971831,0.9647887323943662,social|1,0.5,60,60,0.7833333333333333,0.9833333333333333,0.1,0.7743432492128389,254.1120353400066,0.0
dreaddit,distilbert,13,tail_25,M5,clean,0.05,0,715,0.7202797202797203,1.0,1.0,0.0,0.0,0.5664335664335665,0.43356643356643354,0.5664335664335665,0.0,0.7777777777777778,0.9258741258741259,0.9706293706293706,0.6589595375722543,346,330,0.9161849710982659,0.9797687861271677,0.7777777777777778,369,370,0.9159891598915989,0.978319783197832,social,0.5985915492957746,142,129,0.8943661971830986,0.9929577464788732,social|0,0.5487804878048781,82,69,0.8780487804878049,1.0,0.1,0.6708413615928066,384.7141939627489,0.0
dreaddit,distilbert,13,del_15,M0,clean,0.1,0,715,0.8755244755244755,1.2181818181818183,0.7818181818181819,0.0,0.21818181818181817,0.45174825174825173,0.3300699300699301,0.66993006993007,0.21818181818181817,0.9105691056910569,0.8671328671328671,0.9300699300699301,0.838150289017341,346,330,0.8526011560693642,0.9421965317919075,0.9105691056910569,369,370,0.8536585365853658,0.940379403794038,social,0.8309859154929577,142,129,0.823943661971831,0.9647887323943662,ptsd|0,0.7333333333333333,45,59,0.7555555555555555,1.0,0.1,0.8453921706847126,463.0222284881809,244.999765026552
dreaddit,distilbert,13,del_15,M0,clean,0.05,0,715,0.9244755244755245,1.3888111888111887,0.6111888111888112,0.0,0.3888111888111888,0.37622377622377623,0.23496503496503496,0.765034965034965,0.3888111888111888,0.9566395663956639,0.9258741258741259,0.9706293706293706,0.8901734104046243,346,330,0.9161849710982659,0.9797687861271677,0.9566395663956639,369,370,0.9159891598915989,0.978319783197832,social,0.8943661971830986,142,129,0.8943661971830986,0.9929577464788732,ptsd|0,0.7555555555555555,45,59,0.8444444444444444,1.0,0.1,0.8968200260037282,600.2882340962138,438.8426774441155
dreaddit,distilbert,13,del_15,M1,clean,0.1,0,715,0.8545454545454545,1.1622377622377622,0.8377622377622378,0.0,0.16223776223776223,0.42377622377622376,0.413986013986014,0.586013986013986,0.16223776223776223,0.8482384823848238,0.8671328671328671,0.9300699300699301,0.861271676300578,346,330,0.8526011560693642,0.9421965317919075,0.8482384823848238,369,370,0.8536585365853658,0.940379403794038,social,0.7887323943661971,142,129,0.823943661971831,0.9647887323943662,social|1,0.6833333333333333,60,60,0.7833333333333333,0.9833333333333333,0.1,0.8599683569090026,360.54639159108353,166.58520920469323
dreaddit,distilbert,13,del_15,M1,clean,0.05,0,715,0.9216783216783216,1.3762237762237761,0.6237762237762238,0.0,0.37622377622377623,0.3174825174825175,0.3062937062937063,0.6937062937062937,0.37622377622377623,0.926829268292683,0.9258741258741259,0.9706293706293706,0.9161849710982659,346,330,0.9161849710982659,0.9797687861271677,0.926829268292683,369,370,0.9159891598915989,0.978319783197832,social,0.8873239436619719,142,129,0.8943661971830986,0.9929577464788732,ptsd|0,0.8222222222222222,45,59,0.8444444444444444,1.0,0.1,0.9172494008177076,493.26096151134925,364.1688989144227
dreaddit,distilbert,13,del_15,M2,clean,0.1,0,715,0.8741258741258742,1.2377622377622377,0.7622377622377622,0.0,0.23776223776223776,0.3986013986013986,0.36363636363636365,0.6363636363636364,0.23776223776223776,0.8753387533875339,0.8671328671328671,0.9300699300699301,0.8728323699421965,346,330,0.8526011560693642,0.9421965317919075,0.8753387533875339,369,370,0.8536585365853658,0.940379403794038,ptsd,0.8267716535433071,127,138,0.8267716535433071,0.968503937007874,ptsd|0,0.7555555555555555,45,59,0.7555555555555555,1.0,0.1,0.8730830082867302,430.8864764948228,251.12395632626843
dreaddit,distilbert,13,del_15,M2,clean,0.05,0,715,0.9286713286713286,1.4587412587412587,0.5412587412587413,0.0,0.45874125874125876,0.28251748251748254,0.25874125874125875,0.7412587412587412,0.45874125874125876,0.9376693766937669,0.9258741258741259,0.9706293706293706,0.9190751445086706,346,330,0.9161849710982659,0.9797687861271677,0.9376693766937669,369,370,0.9159891598915989,0.978319783197832,ptsd,0.889763779527559,127,138,0.8976377952755905,0.9921259842519685,ptsd|0,0.8666666666666667,45,59,0.8444444444444444,1.0,0.1,0.9209345677271802,572.3796544323825,452.3928129454705
dreaddit,distilbert,13,del_15,M3,matched,0.1,0,715,0.8783216783216783,1.2251748251748251,0.7748251748251749,0.0,0.22517482517482518,0.43636363636363634,0.3384615384615385,0.6615384615384615,0.22517482517482518,0.9051490514905149,0.8671328671328671,0.9300699300699301,0.8497109826589595,346,330,0.8526011560693642,0.9421965317919075,0.9051490514905149,369,370,0.8536585365853658,0.940379403794038,social,0.8309859154929577,142,129,0.823943661971831,0.9647887323943662,ptsd|0,0.7333333333333333,45,59,0.7555555555555555,1.0,0.1,0.8552547895421151,452.07559879067,246.35477857668752
dreaddit,distilbert,13,del_15,M3,matched,0.05,0,715,0.9244755244755245,1.3818181818181818,0.6181818181818182,0.0,0.38181818181818183,0.3748251748251748,0.24335664335664337,0.7566433566433567,0.38181818181818183,0.9566395663956639,0.9258741258741259,0.9706293706293706,0.8901734104046243,346,330,0.9161849710982659,0.9797687861271677,0.9566395663956639,369,370,0.9159891598915989,0.978319783197832,social,0.8943661971830986,142,129,0.8943661971830986,0.9929577464788732,ptsd|0,0.7555555555555555,45,59,0.8444444444444444,1.0,0.1,0.8968200260037282,584.6812976800288,423.5067437379576
dreaddit,distilbert,13,del_15,M3-mix,mix,0.1,0,715,0.8951048951048951,1.2951048951048951,0.7048951048951049,0.0,0.2951048951048951,0.4671328671328671,0.23776223776223776,0.7622377622377622,0.2951048951048951,0.9566395663956639,0.8671328671328671,0.9300699300699301,0.8294797687861272,346,330,0.8526011560693642,0.9421965317919075,0.9566395663956639,369,370,0.8536585365853658,0.940379403794038,social,0.8380281690140845,142,129,0.823943661971831,0.9647887323943662,ptsd|0,0.7555555555555555,45,59,0.7555555555555555,1.0,0.1,0.8421957485470809,595.0859219574854,367.09196860754736
dreaddit,distilbert,13,del_15,M3-mix,mix,0.05,0,715,0.9328671328671329,1.4531468531468532,0.5468531468531469,0.0,0.45314685314685316,0.35524475524475524,0.1916083916083916,0.8083916083916084,0.45314685314685316,0.967479674796748,0.9258741258741259,0.9706293706293706,0.8959537572254336,346,330,0.9161849710982659,0.9797687861271677,0.967479674796748,369,370,0.9159891598915989,0.978319783197832,social,0.9084507042253521,142,129,0.8943661971830986,0.9929577464788732,ptsd|0,0.8222222222222222,45,59,0.8444444444444444,1.0,0.1,0.903106348982565,671.6034588091546,518.8832495261369
dreaddit,distilbert,13,del_15,M5,clean,0.1,0,715,0.7734265734265734,1.0,1.0,0.0,0.0,0.586013986013986,0.413986013986014,0.586013986013986,0.0,0.8482384823848238,0.8671328671328671,0.9300699300699301,0.6936416184971098,346,330,0.8526011560693642,0.9421965317919075,0.8482384823848238,369,370,0.8536585365853658,0.940379403794038,social,0.6901408450704225,142,129,0.823943661971831,0.9647887323943662,ptsd|0,0.6,45,59,0.7555555555555555,1.0,0.1,0.7091013048858812,360.54639159108353,0.0
dreaddit,distilbert,13,del_15,M5,clean,0.05,0,715,0.7468531468531469,1.0,1.0,0.0,0.0,0.6937062937062937,0.3062937062937063,0.6937062937062937,0.0,0.926829268292683,0.9258741258741259,0.9706293706293706,0.5549132947976878,346,330,0.9161849710982659,0.9797687861271677,0.926829268292683,369,370,0.9159891598915989,0.978319783197832,social,0.6619718309859155,142,129,0.8943661971830986,0.9929577464788732,abuse|0,0.484375,64,66,0.875,1.0,0.1,0.5921048921471873,493.26096151134925,0.0
dreaddit,distilbert,13,del_30,M0,clean,0.1,0,715,0.8769230769230769,1.2279720279720279,0.772027972027972,0.0,0.22797202797202798,0.3986013986013986,0.3734265734265734,0.6265734265734266,0.22797202797202798,0.8807588075880759,0.8671328671328671,0.9300699300699301,0.8728323699421965,346,330,0.8526011560693642,0.9421965317919075,0.8807588075880759,369,370,0.8536585365853658,0.940379403794038,social,0.8591549295774648,142,129,0.823943661971831,0.9647887323943662,ptsd|0,0.7777777777777778,45,59,0.7555555555555555,1.0,0.1,0.8736250137067845,408.0180772905996,228.25555712204522
dreaddit,distilbert,13,del_30,M0,clean,0.05,0,715,0.9328671328671329,1.4293706293706294,0.5706293706293706,0.0,0.42937062937062936,0.2951048951048951,0.2755244755244755,0.7244755244755244,0.42937062937062936,0.9376693766937669,0.9258741258741259,0.9706293706293706,0.9277456647398844,346,330,0.9161849710982659,0.9797687861271677,0.9376693766937669,369,370,0.9159891598915989,0.978319783197832,ptsd,0.905511811023622,127,138,0.8976377952755905,0.9921259842519685,ptsd|0,0.8222222222222222,45,59,0.8444444444444444,1.0,0.1,0.9287380359352727,541.1657816000125,425.7303758008679
dreaddit,distilbert,13,del_30,M1,clean,0.1,0,715,0.862937062937063,1.1874125874125874,0.8125874125874126,0.0,0.1874125874125874,0.34405594405594403,0.46853146853146854,0.5314685314685315,0.1874125874125874,0.8265582655826558,0.8671328671328671,0.9300699300699301,0.9017341040462428,346,330,0.8526011560693642,0.9421965317919075,0.8265582655826558,369,370,0.8536585365853658,0.940379403794038,social,0.8380281690140845,142,129,0.823943661971831,0.9647887323943662,social|1,0.7,60,60,0.7833333333333333,0.9833333333333333,0.1,0.8942165201998842,277.7425317605777,131.85065087645094
dreaddit,distilbert,13,del_30,M1,clean,0.05,0,715,0.9258741258741259,1.4181818181818182,0.5818181818181818,0.0,0.41818181818181815,0.23496503496503496,0.34685314685314683,0.6531468531468532,0.41818181818181815,0.8943089430894309,0.9258741258741259,0.9706293706293706,0.9595375722543352,346,330,0.9161849710982659,0.9797687861271677,0.8943089430894309,369,370,0.9159891598915989,0.978319783197832,social,0.9014084507042254,142,129,0.8943661971830986,0.9929577464788732,financial|1,0.7962962962962963,54,57,0.8703703703703703,1.0,0.1,0.9530147093378448,445.78927581183325,367.6386734965616
dreaddit,distilbert,13,del_30,M2,clean,0.1,0,715,0.8741258741258742,1.2797202797202798,0.7202797202797203,0.0,0.27972027972027974,0.31608391608391606,0.4041958041958042,0.5958041958041959,0.27972027972027974,0.8319783197831978,0.8671328671328671,0.9300699300699301,0.9190751445086706,346,330,0.8526011560693642,0.9421965317919075,0.8319783197831978,369,370,0.8536585365853658,0.940379403794038,ptsd,0.8503937007874016,127,138,0.8267716535433071,0.968503937007874,anxiety|1,0.7684210526315789,95,98,0.8210526315789474,0.9789473684210527,0.1,0.9103654620361232,392.73540423265507,266.24449770509267
dreaddit,distilbert,13,del_30,M2,clean,0.05,0,715,0.9342657342657342,1.5076923076923077,0.49230769230769234,0.0,0.5076923076923077,0.2013986013986014,0.2909090909090909,0.7090909090909091,0.5076923076923077,0.907859078590786,0.9258741258741259,0.9706293706293706,0.9624277456647399,346,330,0.9161849710982659,0.9797687861271677,0.907859078590786,369,370,0.9159891598915989,0.978319783197832,financial,0.9230769230769231,143,144,0.8951048951048951,0.993006993006993,anxiety|1,0.8736842105263158,95,98,0.8947368421052632,1.0,0.1,0.9569708789573445,538.1847517897145,468.8683678744302
dreaddit,distilbert,13,del_30,M3,matched,0.1,0,715,0.8825174825174825,1.2461538461538462,0.7538461538461538,0.0,0.24615384615384617,0.44195804195804195,0.3118881118881119,0.6881118881118881,0.24615384615384617,0.9132791327913279,0.8671328671328671,0.9300699300699301,0.8497109826589595,346,330,0.8526011560693642,0.9421965317919075,0.9132791327913279,369,370,0.8536585365853658,0.940379403794038,social,0.8661971830985915,142,129,0.823943661971831,0.9647887323943662,ptsd|0,0.7555555555555555,45,59,0.7555555555555555,1.0,0.1,0.8560677976721964,494.5071040305779,287.702272976487
dreaddit,distilbert,13,del_30,M3,matched,0.05,0,715,0.9300699300699301,1.441958041958042,0.558041958041958,0.0,0.44195804195804195,0.35244755244755244,0.2055944055944056,0.7944055944055944,0.44195804195804195,0.964769647696477,0.9258741258741259,0.9706293706293706,0.8930635838150289,346,330,0.9161849710982659,0.9797687861271677,0.964769647696477,369,370,0.9159891598915989,0.978319783197832,social,0.9084507042253521,142,129,0.8943661971830986,0.9929577464788732,ptsd|0,0.8,45,59,0.8444444444444444,1.0,0.1,0.9002341902031737,647.92205147485,493.4136942525495
dreaddit,distilbert,13,del_30,M3-mix,mix,0.1,0,715,0.9006993006993007,1.3132867132867132,0.6867132867132867,0.0,0.3132867132867133,0.4195804195804196,0.26713286713286716,0.7328671328671329,0.3132867132867133,0.9349593495934959,0.8671328671328671,0.9300699300699301,0.8641618497109826,346,330,0.8526011560693642,0.9421965317919075,0.9349593495934959,369,370,0.8536585365853658,0.940379403794038,ptsd,0.8740157480314961,127,138,0.8267716535433071,0.968503937007874,ptsd|0,0.7333333333333333,45,59,0.7555555555555555,1.0,0.1,0.871241599699234,559.1028713755346,368.2848504785626
dreaddit,distilbert,13,del_30,M3-mix,mix,0.05,0,715,0.9384615384615385,1.523076923076923,0.47692307692307695,0.0,0.5230769230769231,0.2853146853146853,0.1916083916083916,0.8083916083916084,0.5230769230769231,0.948509485094851,0.9258741258741259,0.9706293706293706,0.9277456647398844,346,330,0.9161849710982659,0.9797687861271677,0.948509485094851,369,370,0.9159891598915989,0.978319783197832,ptsd,0.9212598425196851,127,138,0.8976377952755905,0.9921259842519685,ptsd|0,0.8666666666666667,45,59,0.8444444444444444,1.0,0.1,0.929822046775381,687.914532324514,574.3761454955591
dreaddit,distilbert,13,del_30,M5,clean,0.1,0,715,0.8055944055944056,1.0,1.0,0.0,0.0,0.5314685314685315,0.46853146853146854,0.5314685314685315,0.0,0.8265582655826558,0.8671328671328671,0.9300699300699301,0.7832369942196532,346,330,0.8526011560693642,0.9421965317919075,0.8265582655826558,369,370,0.8536585365853658,0.940379403794038,social,0.7394366197183099,142,129,0.823943661971831,0.9647887323943662,ptsd|0,0.6444444444444445,45,59,0.7555555555555555,1.0,0.1,0.7875691213559535,277.7425317605777,0.0
dreaddit,distilbert,13,del_30,M5,clean,0.05,0,715,0.7538461538461538,1.0,1.0,0.0,0.0,0.6531468531468532,0.34685314685314683,0.6531468531468532,0.0,0.8943089430894309,0.9258741258741259,0.9706293706293706,0.6040462427745664,346,330,0.9161849710982659,0.9797687861271677,0.8943089430894309,369,370,0.9159891598915989,0.978319783197832,social,0.6408450704225352,142,129,0.8943661971830986,0.9929577464788732,ptsd|0,0.5111111111111111,45,59,0.8444444444444444,1.0,0.1,0.6330725128060529,445.78927581183325,0.0
dreaddit,distilbert,13,typo_05,M0,clean,0.1,0,715,0.8937062937062937,1.2783216783216784,0.7216783216783217,0.0,0.2783216783216783,0.32447552447552447,0.3972027972027972,0.6027972027972028,0.2783216783216783,0.8563685636856369,0.8671328671328671,0.9300699300699301,0.9335260115606936,346,330,0.8526011560693642,0.9421965317919075,0.8563685636856369,369,370,0.8536585365853658,0.940379403794038,social,0.8380281690140845,142,129,0.823943661971831,0.9647887323943662,social|1,0.6666666666666666,60,60,0.7833333333333333,0.9833333333333333,0.1,0.9258102667731879,384.76980434544225,268.30364835440264
dreaddit,distilbert,13,typo_05,M0,clean,0.05,0,715,0.9454545454545454,1.4531468531468532,0.5468531468531469,0.0,0.45314685314685316,0.24195804195804196,0.3048951048951049,0.6951048951048951,0.45314685314685316,0.924119241192412,0.9258741258741259,0.9706293706293706,0.9682080924855492,346,330,0.9161849710982659,0.9797687861271677,0.924119241192412,369,370,0.9159891598915989,0.978319783197832,social,0.9084507042253521,142,129,0.8943661971830986,0.9929577464788732,social|1,0.8166666666666667,60,60,0.85,1.0,0.1,0.9637992073562356,498.1922709400505,425.6771151526544
dreaddit,distilbert,13,typo_05,M1,clean,0.1,0,715,0.8545454545454545,1.2013986013986013,0.7986013986013986,0.0,0.2013986013986014,0.2783216783216783,0.5202797202797202,0.4797202797202797,0.2013986013986014,0.7615176151761518,0.8671328671328671,0.9300699300699301,0.953757225433526,346,330,0.8526011560693642,0.9421965317919075,0.7615176151761518,369,370,0.8536585365853658,0.940379403794038,social,0.8098591549295775,142,129,0.823943661971831,0.9647887323943662,social|1,0.6,60,60,0.7833333333333333,0.9833333333333333,0.1,0.9345332644077886,237.42343781819324,146.21144477340727
dreaddit,distilbert,13,typo_05,M1,clean,0.05,0,715,0.9230769230769231,1.4531468531468532,0.5468531468531469,0.0,0.45314685314685316,0.17622377622377622,0.3706293706293706,0.6293706293706294,0.45314685314685316,0.8753387533875339,0.9258741258741259,0.9706293706293706,0.9739884393063584,346,330,0.9161849710982659,0.9797687861271677,0.8753387533875339,369,370,0.9159891598915989,0.978319783197832,social,0.8661971830985915,142,129,0.8943661971830986,0.9929577464788732,social|1,0.7,60,60,0.85,1.0,0.1,0.9641234707144759,417.880696148002,362.7629744505537
dreaddit,distilbert,13,typo_05,M2,clean,0.1,0,715,0.8755244755244755,1.3146853146853146,0.6853146853146853,0.0,0.3146853146853147,0.23776223776223776,0.44755244755244755,0.5524475524475524,0.3146853146853147,0.7913279132791328,0.8671328671328671,0.9300699300699301,0.9653179190751445,346,330,0.8526011560693642,0.9421965317919075,0.7913279132791328,369,370,0.8536585365853658,0.940379403794038,anxiety,0.8012422360248447,161,147,0.8322981366459627,0.9627329192546584,anxiety|1,0.6631578947368421,95,98,0.8210526315789474,0.9789473684210527,0.1,0.9479189184955433,347.051866472422,273.0195654557702
dreaddit,distilbert,13,typo_05,M2,clean,0.05,0,715,0.9398601398601398,1.5412587412587413,0.45874125874125876,0.0,0.5412587412587413,0.14965034965034965,0.3090909090909091,0.6909090909090909,0.5412587412587413,0.9051490514905149,0.9258741258741259,0.9706293706293706,0.976878612716763,346,330,0.9161849710982659,0.9797687861271677,0.9051490514905149,369,370,0.9159891598915989,0.978319783197832,ptsd,0.8740157480314961,127,138,0.8976377952755905,0.9921259842519685,ptsd|1,0.8414634146341463,82,79,0.8658536585365854,1.0,0.1,0.9697056565941382,506.6998762473174,459.0613593997212
dreaddit,distilbert,13,typo_05,M3,matched,0.1,0,715,0.8993006993006993,1.2587412587412588,0.7412587412587412,0.0,0.25874125874125875,0.4027972027972028,0.3384615384615385,0.6615384615384615,0.25874125874125875,0.907859078590786,0.8671328671328671,0.9300699300699301,0.8901734104046243,346,330,0.8526011560693642,0.9421965317919075,0.907859078590786,369,370,0.8536585365853658,0.940379403794038,social,0.8661971830985915,142,129,0.823943661971831,0.9647887323943662,social|1,0.7666666666666667,60,60,0.7833333333333333,0.9833333333333333,0.1,0.8919419772232404,449.74544543133294,283.15083728871974
dreaddit,distilbert,13,typo_05,M3,matched,0.05,0,715,0.9496503496503497,1.4517482517482518,0.5482517482517483,0.0,0.45174825174825173,0.3034965034965035,0.24475524475524477,0.7552447552447552,0.45174825174825173,0.9566395663956639,0.9258741258741259,0.9706293706293706,0.9421965317919075,346,330,0.9161849710982659,0.9797687861271677,0.9566395663956639,369,370,0.9159891598915989,0.978319783197832,ptsd,0.9212598425196851,127,138,0.8976377952755905,0.9921259842519685,ptsd|0,0.8666666666666667,45,59,0.8444444444444444,1.0,0.1,0.9436408352522831,582.0801416106647,476.66948634804265
dreaddit,distilbert,13,typo_05,M3-mix,mix,0.1,0,715,0.9314685314685315,1.3846153846153846,0.6153846153846154,0.0,0.38461538461538464,0.32167832167832167,0.2937062937062937,0.7062937062937062,0.38461538461538464,0.9322493224932249,0.8671328671328671,0.9300699300699301,0.930635838150289,346,330,0.8526011560693642,0.9421965317919075,0.9322493224932249,369,370,0.8536585365853658,0.940379403794038,ptsd,0.905511811023622,127,138,0.8267716535433071,0.968503937007874,ptsd|0,0.8444444444444444,45,59,0.7555555555555555,1.0,0.1,0.9307971865845827,512.0110594169525,393.75675548663
dreaddit,distilbert,13,typo_05,M3-mix,mix,0.05,0,715,0.9664335664335665,1.5846153846153845,0.4153846153846154,0.0,0.5846153846153846,0.1944055944055944,0.22097902097902097,0.779020979020979,0.5846153846153846,0.964769647696477,0.9258741258741259,0.9706293706293706,0.9682080924855492,346,330,0.9161849710982659,0.9797687861271677,0.964769647696477,369,370,0.9159891598915989,0.978319783197832,ptsd,0.952755905511811,127,138,0.8976377952755905,0.9921259842519685,social|1,0.9166666666666666,60,60,0.85,1.0,0.1,0.9678642480066421,619.3093347118443,556.0082710653696
dreaddit,distilbert,13,typo_05,M5,clean,0.1,0,715,0.7902097902097902,1.0,1.0,0.0,0.0,0.4797202797202797,0.5202797202797202,0.4797202797202797,0.0,0.7615176151761518,0.8671328671328671,0.9300699300699301,0.8208092485549133,346,330,0.8526011560693642,0.9421965317919075,0.7615176151761518,369,370,0.8536585365853658,0.940379403794038,social,0.7323943661971831,142,129,0.823943661971831,0.9647887323943662,social|1,0.6,60,60,0.7833333333333333,0.9833333333333333,0.1,0.8148800852170371,237.42343781819324,0.0
dreaddit,distilbert,13,typo_05,M5,clean,0.05,0,715,0.7580419580419581,1.0,1.0,0.0,0.0,0.6293706293706294,0.3706293706293706,0.6293706293706294,0.0,0.8753387533875339,0.9258741258741259,0.9706293706293706,0.6329479768786127,346,330,0.9161849710982659,0.9797687861271677,0.8753387533875339,369,370,0.9159891598915989,0.978319783197832,social,0.6690140845070423,142,129,0.8943661971830986,0.9929577464788732,abuse|0,0.59375,64,66,0.875,1.0,0.1,0.6571870545295049,417.880696148002,0.0
dreaddit,distilbert,13,typo_10,M0,clean,0.1,0,715,0.8321678321678322,1.2811188811188812,0.7188811188811188,0.0,0.2811188811188811,0.18181818181818182,0.5370629370629371,0.46293706293706294,0.2811188811188811,0.6991869918699187,0.8671328671328671,0.9300699300699301,0.9739884393063584,346,330,0.8526011560693642,0.9421965317919075,0.6991869918699187,369,370,0.8536585365853658,0.940379403794038,ptsd,0.8031496062992126,127,138,0.8267716535433071,0.968503937007874,financial|1,0.5740740740740741,54,57,0.7962962962962963,1.0,0.1,0.9465082945627145,259.8030922505757,203.6013597130191
dreaddit,distilbert,13,typo_10,M0,clean,0.05,0,715,0.9286713286713286,1.525874125874126,0.47412587412587415,0.0,0.5258741258741259,0.1076923076923077,0.36643356643356645,0.6335664335664336,0.5258741258741259,0.8699186991869918,0.9258741258741259,0.9706293706293706,0.9913294797687862,346,330,0.9161849710982659,0.9797687861271677,0.8699186991869918,369,370,0.9159891598915989,0.978319783197832,social,0.8802816901408451,142,129,0.8943661971830986,0.9929577464788732,social|1,0.7333333333333333,60,60,0.85,1.0,0.1,0.9791884017106068,430.34447107476853,402.48680232467063
dreaddit,distilbert,13,typo_10,M1,clean,0.1,0,715,0.7566433566433567,1.1874125874125874,0.8125874125874126,0.0,0.1874125874125874,0.14405594405594405,0.6685314685314685,0.33146853146853145,0.1874125874125874,0.5392953929539296,0.8671328671328671,0.9300699300699301,0.9884393063583815,346,330,0.8526011560693642,0.9421965317919075,0.5392953929539296,369,370,0.8536585365853658,0.940379403794038,social,0.7112676056338029,142,129,0.823943661971831,0.9647887323943662,social|1,0.3333333333333333,60,60,0.7833333333333333,0.9833333333333333,0.1,0.9435249150179363,152.77346993123112,115.53957736109153
dreaddit,distilbert,13,typo_10,M1,clean,0.05,0,715,0.8713286713286713,1.4321678321678322,0.5678321678321678,0.0,0.43216783216783217,0.07832167832167833,0.48951048951048953,0.5104895104895105,0.43216783216783217,0.7506775067750677,0.9258741258741259,0.9706293706293706,1.0,346,330,0.9161849710982659,0.9797687861271677,0.7506775067750677,369,370,0.9159891598915989,0.978319783197832,social,0.8380281690140845,142,129,0.8943661971830986,0.9929577464788732,social|1,0.6166666666666667,60,60,0.85,1.0,0.1,0.9750677506775068,303.969484781553,288.7933330200354
dreaddit,distilbert,13,typo_10,M2,clean,0.1,0,715,0.786013986013986,1.288111888111888,0.7118881118881119,0.0,0.2881118881118881,0.12027972027972028,0.5916083916083916,0.4083916083916084,0.2881118881118881,0.5934959349593496,0.8671328671328671,0.9300699300699301,0.9913294797687862,346,330,0.8526011560693642,0.9421965317919075,0.5934959349593496,369,370,0.8536585365853658,0.940379403794038,anxiety,0.6832298136645962,161,147,0.8322981366459627,0.9627329192546584,anxiety|1,0.4631578947368421,95,98,0.8210526315789474,0.9789473684210527,0.1,0.9515461252878425,249.23398655951877,218.937293419177
dreaddit,distilbert,13,typo_10,M2,clean,0.05,0,715,0.8951048951048951,1.5496503496503498,0.45034965034965035,0.0,0.5496503496503496,0.057342657342657345,0.393006993006993,0.606993006993007,0.5496503496503496,0.7994579945799458,0.9258741258741259,0.9706293706293706,0.9971098265895953,346,330,0.9161849710982659,0.9797687861271677,0.7994579945799458,369,370,0.9159891598915989,0.978319783197832,anxiety,0.7950310559006211,161,147,0.9006211180124224,0.9875776397515528,anxiety|1,0.6526315789473685,95,98,0.8947368421052632,1.0,0.1,0.9773446433886305,441.50649309961307,428.0652286291649
dreaddit,distilbert,13,typo_10,M3,matched,0.1,0,715,0.8727272727272727,1.2853146853146853,0.7146853146853147,0.0,0.2853146853146853,0.393006993006993,0.32167832167832167,0.6783216783216783,0.2853146853146853,0.9024390243902439,0.8671328671328671,0.9300699300699301,0.8410404624277457,346,330,0.8526011560693642,0.9421965317919075,0.9024390243902439,369,370,0.8536585365853658,0.940379403794038,ptsd,0.84251968503937,127,138,0.8267716535433071,0.968503937007874,ptsd|0,0.7333333333333333,45,59,0.7555555555555555,1.0,0.1,0.8471803186239955,485.61962498237705,281.30942870122345
dreaddit,distilbert,13,typo_10,M3,matched,0.05,0,715,0.9258741258741259,1.4853146853146852,0.5146853146853146,0.0,0.4853146853146853,0.2923076923076923,0.22237762237762237,0.7776223776223776,0.4853146853146853,0.943089430894309,0.9258741258741259,0.9706293706293706,0.9075144508670521,346,330,0.9161849710982659,0.9797687861271677,0.943089430894309,369,370,0.9159891598915989,0.978319783197832,ptsd,0.8976377952755905,127,138,0.8976377952755905,0.9921259842519685,ptsd|0,0.8,45,59,0.8444444444444444,1.0,0.1,0.9110719488697778,635.3494055171767,504.1449316227267
dreaddit,distilbert,13,typo_10,M3-mix,mix,0.1,0,715,0.9202797202797203,1.46993006993007,0.5300699300699301,0.0,0.4699300699300699,0.17482517482517482,0.35524475524475524,0.6447552447552447,0.4699300699300699,0.8726287262872628,0.8671328671328671,0.9300699300699301,0.9710982658959537,346,330,0.8526011560693642,0.9421965317919075,0.8726287262872628,369,370,0.8536585365853658,0.940379403794038,social,0.8802816901408451,142,129,0.823943661971831,0.9647887323943662,social|1,0.7333333333333333,60,60,0.7833333333333333,0.9833333333333333,0.1,0.9612513119350847,448.8235662703448,391.64669392358667
dreaddit,distilbert,13,typo_10,M3-mix,mix,0.05,0,715,0.9622377622377623,1.6433566433566433,0.35664335664335667,0.0,0.6433566433566433,0.0951048951048951,0.26153846153846155,0.7384615384615385,0.6433566433566433,0.9322493224932249,0.9258741258741259,0.9706293706293706,0.9942196531791907,346,330,0.9161849710982659,0.9797687861271677,0.9322493224932249,369,370,0.9159891598915989,0.978319783197832,social,0.9295774647887324,142,129,0.8943661971830986,0.9929577464788732,social|1,0.85,60,60,0.85,1.0,0.1,0.9880226201105942,571.8376490123283,548.7491580118113
dreaddit,distilbert,13,typo_10,M5,clean,0.1,0,715,0.7090909090909091,1.0,1.0,0.0,0.0,0.33146853146853145,0.6685314685314685,0.33146853146853145,0.0,0.5392953929539296,0.8671328671328671,0.9300699300699301,0.8901734104046243,346,330,0.8526011560693642,0.9421965317919075,0.5392953929539296,369,370,0.8536585365853658,0.940379403794038,abuse,0.6619718309859155,142,142,0.823943661971831,0.9647887323943662,social|1,0.3333333333333333,60,60,0.7833333333333333,0.9833333333333333,0.1,0.8550856086595549,152.77346993123112,0.0
dreaddit,distilbert,13,typo_10,M5,clean,0.05,0,715,0.7482517482517482,1.0,1.0,0.0,0.0,0.5104895104895105,0.48951048951048953,0.5104895104895105,0.0,0.7506775067750677,0.9258741258741259,0.9706293706293706,0.7456647398843931,346,330,0.9161849710982659,0.9797687861271677,0.7506775067750677,369,370,0.9159891598915989,0.978319783197832,financial,0.6993006993006993,143,144,0.8951048951048951,0.993006993006993,social|1,0.6166666666666667,60,60,0.85,1.0,0.1,0.7461660165734606,303.969484781553,0.0
dreaddit,distilbert,2024,clean,M0,clean,0.1,0,715,0.8853146853146853,1.206993006993007,0.793006993006993,0.0,0.206993006993007,0.42377622377622376,0.36923076923076925,0.6307692307692307,0.206993006993007,0.907859078590786,0.8671328671328671,0.9300699300699301,0.861271676300578,346,330,0.8526011560693642,0.9421965317919075,0.907859078590786,369,370,0.8536585365853658,0.940379403794038,social,0.8450704225352113,142,129,0.823943661971831,0.9647887323943662,ptsd|0,0.7555555555555555,45,59,0.7555555555555555,1.0,0.1,0.8659304165295988,392.5200119053214,198.55882951893105
dreaddit,distilbert,2024,clean,M0,clean,0.05,0,715,0.9188811188811189,1.3608391608391608,0.6391608391608392,0.0,0.36083916083916084,0.34825174825174826,0.2909090909090909,0.7090909090909091,0.36083916083916084,0.9322493224932249,0.9258741258741259,0.9706293706293706,0.9046242774566474,346,330,0.9161849710982659,0.9797687861271677,0.9322493224932249,369,370,0.9159891598915989,0.978319783197832,social,0.8732394366197183,142,129,0.8943661971830986,0.9929577464788732,social|1,0.8166666666666667,60,60,0.85,1.0,0.1,0.9073867819603052,517.2133715556809,372.83863590080983
dreaddit,distilbert,2024,clean,M1,clean,0.1,0,715,0.8797202797202798,1.2055944055944057,0.7944055944055944,0.0,0.2055944055944056,0.4433566433566434,0.35104895104895106,0.6489510489510489,0.2055944055944056,0.9132791327913279,0.8671328671328671,0.9300699300699301,0.8439306358381503,346,330,0.8526011560693642,0.9421965317919075,0.9132791327913279,369,370,0.8536585365853658,0.940379403794038,social,0.8380281690140845,142,129,0.823943661971831,0.9647887323943662,ptsd|0,0.7555555555555555,45,59,0.7555555555555555,1.0,0.1,0.8508654855334681,421.6747340883814,209.93859360558926
dreaddit,distilbert,2024,clean,M1,clean,0.05,0,715,0.9258741258741259,1.3734265734265734,0.6265734265734266,0.0,0.3734265734265734,0.35104895104895106,0.2755244755244755,0.7244755244755244,0.3734265734265734,0.948509485094851,0.9258741258741259,0.9706293706293706,0.9017341040462428,346,330,0.9161849710982659,0.9797687861271677,0.948509485094851,369,370,0.9159891598915989,0.978319783197832,social,0.8943661971830986,142,129,0.8943661971830986,0.9929577464788732,ptsd|0,0.8444444444444444,45,59,0.8444444444444444,1.0,0.1,0.9064116421511037,531.8451681626643,384.598273728402
dreaddit,distilbert,2024,clean,M2,clean,0.1,0,715,0.8825174825174825,1.239160839160839,0.7608391608391608,0.0,0.23916083916083916,0.413986013986014,0.34685314685314683,0.6531468531468532,0.23916083916083916,0.8970189701897019,0.8671328671328671,0.9300699300699301,0.8670520231213873,346,330,0.8526011560693642,0.9421965317919075,0.8970189701897019,369,370,0.8536585365853658,0.940379403794038,social,0.8450704225352113,142,129,0.823943661971831,0.9647887323943662,social|1,0.8166666666666667,60,60,0.7833333333333333,0.9833333333333333,0.1,0.8700487178282188,443.4591224524963,256.0552657549697
dreaddit,distilbert,2024,clean,M2,clean,0.05,0,715,0.9552447552447553,1.4881118881118882,0.5118881118881119,0.0,0.4881118881118881,0.31608391608391606,0.1958041958041958,0.8041958041958042,0.4881118881118881,0.9701897018970189,0.9258741258741259,0.9706293706293706,0.9393063583815029,346,330,0.9161849710982659,0.9797687861271677,0.9701897018970189,369,370,0.9159891598915989,0.978319783197832,ptsd,0.9212598425196851,127,138,0.8976377952755905,0.9921259842519685,abuse|0,0.875,64,66,0.875,1.0,0.1,0.9423946927330544,661.4698372417251,551.2900042295221
dreaddit,distilbert,2024,clean,M3,matched,0.1,0,715,0.8797202797202798,1.2055944055944057,0.7944055944055944,0.0,0.2055944055944056,0.4433566433566434,0.35104895104895106,0.6489510489510489,0.2055944055944056,0.9132791327913279,0.8671328671328671,0.9300699300699301,0.8439306358381503,346,330,0.8526011560693642,0.9421965317919075,0.9132791327913279,369,370,0.8536585365853658,0.940379403794038,social,0.8380281690140845,142,129,0.823943661971831,0.9647887323943662,ptsd|0,0.7555555555555555,45,59,0.7555555555555555,1.0,0.1,0.8508654855334681,421.6747340883814,209.93859360558926
dreaddit,distilbert,2024,clean,M3,matched,0.05,0,715,0.9258741258741259,1.3734265734265734,0.6265734265734266,0.0,0.3734265734265734,0.35104895104895106,0.2755244755244755,0.7244755244755244,0.3734265734265734,0.948509485094851,0.9258741258741259,0.9706293706293706,0.9017341040462428,346,330,0.9161849710982659,0.9797687861271677,0.948509485094851,369,370,0.9159891598915989,0.978319783197832,social,0.8943661971830986,142,129,0.8943661971830986,0.9929577464788732,ptsd|0,0.8444444444444444,45,59,0.8444444444444444,1.0,0.1,0.9064116421511037,531.8451681626643,384.598273728402
dreaddit,distilbert,2024,clean,M3-mix,mix,0.1,0,715,0.9048951048951049,1.3342657342657342,0.6657342657342658,0.0,0.33426573426573425,0.4433566433566434,0.22237762237762237,0.7776223776223776,0.33426573426573425,0.9701897018970189,0.8671328671328671,0.9300699300699301,0.8352601156069365,346,330,0.8526011560693642,0.9421965317919075,0.9701897018970189,369,370,0.8536585365853658,0.940379403794038,social,0.852112676056338,142,129,0.823943661971831,0.9647887323943662,ptsd|0,0.7777777777777778,45,59,0.7555555555555555,1.0,0.1,0.8487530742359448,612.047871923806,393.32127136300267
dreaddit,distilbert,2024,clean,M3-mix,mix,0.05,0,715,0.9524475524475524,1.5020979020979022,0.4979020979020979,0.0,0.5020979020979021,0.34685314685314683,0.15104895104895105,0.848951048951049,0.5020979020979021,0.989159891598916,0.9258741258741259,0.9706293706293706,0.9132947976878613,346,330,0.9161849710982659,0.9797687861271677,0.989159891598916,369,370,0.9159891598915989,0.978319783197832,social,0.9295774647887324,142,129,0.8943661971830986,0.9929577464788732,abuse|0,0.859375,64,66,0.875,1.0,0.1,0.9208813070789668,728.3957579460189,591.282485079186
dreaddit,distilbert,2024,clean,M5,clean,0.1,0,715,0.7776223776223776,1.0,1.0,0.0,0.0,0.6489510489510489,0.35104895104895106,0.6489510489510489,0.0,0.9132791327913279,0.8671328671328671,0.9300699300699301,0.6329479768786127,346,330,0.8526011560693642,0.9421965317919075,0.9132791327913279,369,370,0.8536585365853658,0.940379403794038,social,0.7112676056338029,142,129,0.823943661971831,0.9647887323943662,abuse|0,0.53125,64,66,0.796875,0.984375,0.1,0.6609810924698842,421.6747340883814,0.0
dreaddit,distilbert,2024,clean,M5,clean,0.05,0,715,0.7384615384615385,1.0,1.0,0.0,0.0,0.7244755244755244,0.2755244755244755,0.7244755244755244,0.0,0.948509485094851,0.9258741258741259,0.9706293706293706,0.5144508670520231,346,330,0.9161849710982659,0.9797687861271677,0.948509485094851,369,370,0.9159891598915989,0.978319783197832,social,0.6408450704225352,142,129,0.8943661971830986,0.9929577464788732,abuse|0,0.421875,64,66,0.875,1.0,0.1,0.5578567288563059,531.8451681626643,0.0
dreaddit,distilbert,2024,head_75,M0,clean,0.1,0,715,0.855944055944056,1.206993006993007,0.793006993006993,0.0,0.206993006993007,0.386013986013986,0.406993006993007,0.593006993006993,0.206993006993007,0.8428184281842819,0.8671328671328671,0.9300699300699301,0.869942196531792,346,330,0.8526011560693642,0.9421965317919075,0.8428184281842819,369,370,0.8536585365853658,0.940379403794038,social,0.8098591549295775,142,129,0.823943661971831,0.9647887323943662,social|1,0.7166666666666667,60,60,0.7833333333333333,0.9833333333333333,0.1,0.8672298196970409,378.21247865657847,198.55882951893105
dreaddit,distilbert,2024,head_75,M0,clean,0.05,0,715,0.9048951048951049,1.3552447552447553,0.6447552447552447,0.0,0.35524475524475524,0.3146853146853147,0.3300699300699301,0.66993006993007,0.35524475524475524,0.8888888888888888,0.9258741258741259,0.9706293706293706,0.9219653179190751,346,330,0.9161849710982659,0.9797687861271677,0.8888888888888888,369,370,0.9159891598915989,0.978319783197832,social,0.852112676056338,142,129,0.8943661971830986,0.9929577464788732,social|1,0.75,60,60,0.85,1.0,0.1,0.9186576750160566,481.66345536287736,357.7737049046791
dreaddit,distilbert,2024,head_75,M1,clean,0.1,0,715,0.855944055944056,1.206993006993007,0.793006993006993,0.0,0.206993006993007,0.3958041958041958,0.3972027972027972,0.6027972027972028,0.206993006993007,0.8509485094850948,0.8671328671328671,0.9300699300699301,0.861271676300578,346,330,0.8526011560693642,0.9421965317919075,0.8509485094850948,369,370,0.8536585365853658,0.940379403794038,social,0.8028169014084507,142,129,0.823943661971831,0.9647887323943662,social|1,0.7166666666666667,60,60,0.7833333333333333,0.9833333333333333,0.1,0.8602393596190296,389.43011106411643,200.88898287826808
dreaddit,distilbert,2024,head_75,M1,clean,0.05,0,715,0.9132867132867133,1.3804195804195805,0.6195804195804195,0.0,0.3804195804195804,0.3174825174825175,0.3020979020979021,0.6979020979020979,0.3804195804195804,0.9051490514905149,0.9258741258741259,0.9706293706293706,0.9219653179190751,346,330,0.9161849710982659,0.9797687861271677,0.9051490514905149,369,370,0.9159891598915989,0.978319783197832,social,0.8661971830985915,142,129,0.8943661971830986,0.9929577464788732,social|1,0.7833333333333333,60,60,0.85,1.0,0.1,0.9202836912762191,519.7056565941383,395.2739007158858
dreaddit,distilbert,2024,head_75,M2,clean,0.1,0,715,0.848951048951049,1.2181818181818183,0.7818181818181819,0.0,0.21818181818181817,0.3804195804195804,0.4013986013986014,0.5986013986013986,0.21818181818181817,0.8238482384823849,0.8671328671328671,0.9300699300699301,0.8757225433526011,346,330,0.8526011560693642,0.9421965317919075,0.8238482384823849,369,370,0.8536585365853658,0.940379403794038,anxiety,0.7888198757763976,161,147,0.8322981366459627,0.9627329192546584,anxiety|1,0.7263157894736842,95,98,0.8210526315789474,0.9789473684210527,0.1,0.8705351128655796,404.9281764493945,231.01884487052962
dreaddit,distilbert,2024,head_75,M2,clean,0.05,0,715,0.9370629370629371,1.5076923076923077,0.49230769230769234,0.0,0.5076923076923077,0.2783216783216783,0.213986013986014,0.786013986013986,0.5076923076923077,0.9376693766937669,0.9258741258741259,0.9706293706293706,0.9364161849710982,346,330,0.9161849710982659,0.9797687861271677,0.9376693766937669,369,370,0.9159891598915989,0.978319783197832,ptsd,0.905511811023622,127,138,0.8976377952755905,0.9921259842519685,ptsd|0,0.8666666666666667,45,59,0.8444444444444444,1.0,0.1,0.9365415041433651,655.6166486520357,550.4237354512273
dreaddit,distilbert,2024,head_75,M3,matched,0.1,0,715,0.862937062937063,1.234965034965035,0.765034965034965,0.0,0.23496503496503496,0.4153846153846154,0.34965034965034963,0.6503496503496503,0.23496503496503496,0.8780487804878049,0.8671328671328671,0.9300699300699301,0.846820809248555,346,330,0.8526011560693642,0.9421965317919075,0.8780487804878049,369,370,0.8536585365853658,0.940379403794038,social,0.8028169014084507,142,129,0.823943661971831,0.9647887323943662,social|1,0.7333333333333333,60,60,0.7833333333333333,0.9833333333333333,0.1,0.8499436063724799,454.5678838291273,250.58195090621427
dreaddit,distilbert,2024,head_75,M3,matched,0.05,0,715,0.9230769230769231,1.4041958041958043,0.5958041958041959,0.0,0.4041958041958042,0.36083916083916084,0.23496503496503496,0.765034965034965,0.4041958041958042,0.948509485094851,0.9258741258741259,0.9706293706293706,0.8959537572254336,346,330,0.9161849710982659,0.9797687861271677,0.948509485094851,369,370,0.9159891598915989,0.978319783197832,social,0.8943661971830986,142,129,0.8943661971830986,0.9929577464788732,ptsd|0,0.8444444444444444,45,59,0.8444444444444444,1.0,0.1,0.9012093300123754,607.2786941742249,453.4744740510989
dreaddit,distilbert,2024,head_75,M3-mix,mix,0.1,0,715,0.8811188811188811,1.2923076923076924,0.7076923076923077,0.0,0.2923076923076923,0.4461538461538462,0.26153846153846155,0.7384615384615385,0.2923076923076923,0.926829268292683,0.8671328671328671,0.9300699300699301,0.8323699421965318,346,330,0.8526011560693642,0.9421965317919075,0.926829268292683,369,370,0.8536585365853658,0.940379403794038,social,0.8169014084507042,142,129,0.823943661971831,0.9647887323943662,ptsd|0,0.8,45,59,0.7555555555555555,1.0,0.1,0.841815874806147,576.4979557310023,354.89919639080784
dreaddit,distilbert,2024,head_75,M3-mix,mix,0.05,0,715,0.9356643356643357,1.4755244755244756,0.5244755244755245,0.0,0.4755244755244755,0.3328671328671329,0.1916083916083916,0.8083916083916084,0.4755244755244755,0.962059620596206,0.9258741258741259,0.9706293706293706,0.9075144508670521,346,330,0.9161849710982659,0.9797687861271677,0.962059620596206,369,370,0.9159891598915989,0.978319783197832,social,0.9154929577464789,142,129,0.8943661971830986,0.9929577464788732,ptsd|0,0.8666666666666667,45,59,0.8444444444444444,1.0,0.1,0.9129689678399675,676.2637655278287,537.200213042593
dreaddit,distilbert,2024,head_75,M5,clean,0.1,0,715,0.7594405594405594,1.0,1.0,0.0,0.0,0.6027972027972028,0.3972027972027972,0.6027972027972028,0.0,0.8509485094850948,0.8671328671328671,0.9300699300699301,0.661849710982659,346,330,0.8526011560693642,0.9421965317919075,0.8509485094850948,369,370,0.8536585365853658,0.940379403794038,social,0.6901408450704225,142,129,0.823943661971831,0.9647887323943662,anxiety|0,0.6060606060606061,66,49,0.7727272727272727,0.9848484848484849,0.1,0.6807595908329025,389.43011106411643,0.0
dreaddit,distilbert,2024,head_75,M5,clean,0.05,0,715,0.7202797202797203,1.0,1.0,0.0,0.0,0.6979020979020979,0.3020979020979021,0.6979020979020979,0.0,0.9051490514905149,0.9258741258741259,0.9706293706293706,0.523121387283237,346,330,0.9161849710982659,0.9797687861271677,0.9051490514905149,369,370,0.9159891598915989,0.978319783197832,social,0.6549295774647887,142,129,0.8943661971830986,0.9929577464788732,abuse|0,0.4375,64,66,0.875,1.0,0.1,0.5613241537039648,519.7056565941383,0.0
dreaddit,distilbert,2024,head_50,M0,clean,0.1,0,715,0.8335664335664336,1.2097902097902098,0.7902097902097902,0.0,0.2097902097902098,0.33986013986013985,0.45034965034965035,0.5496503496503496,0.2097902097902098,0.7777777777777778,0.8671328671328671,0.9300699300699301,0.8930635838150289,346,330,0.8526011560693642,0.9421965317919075,0.7777777777777778,369,370,0.8536585365853658,0.940379403794038,social,0.7816901408450704,142,129,0.823943661971831,0.9647887323943662,social|1,0.6333333333333333,60,60,0.7833333333333333,0.9833333333333333,0.1,0.8815350032113038,353.50032113037895,201.4309882983223
dreaddit,distilbert,2024,head_50,M0,clean,0.05,0,715,0.8993006993006993,1.3818181818181818,0.6181818181818182,0.0,0.38181818181818183,0.26853146853146853,0.34965034965034963,0.6503496503496503,0.38181818181818183,0.8536585365853658,0.9258741258741259,0.9706293706293706,0.9479768786127167,346,330,0.9161849710982659,0.9797687861271677,0.8536585365853658,369,370,0.9159891598915989,0.978319783197832,social,0.8802816901408451,142,129,0.8943661971830986,0.9929577464788732,social|1,0.7666666666666667,60,60,0.85,1.0,0.1,0.9385450444099817,475.5392640631609,381.5639832698905
dreaddit,distilbert,2024,head_50,M1,clean,0.1,0,715,0.8363636363636363,1.2083916083916084,0.7916083916083916,0.0,0.2083916083916084,0.35524475524475524,0.43636363636363634,0.5636363636363636,0.2083916083916084,0.7913279132791328,0.8671328671328671,0.9300699300699301,0.884393063583815,346,330,0.8526011560693642,0.9421965317919075,0.7913279132791328,369,370,0.8536585365853658,0.940379403794038,social,0.7816901408450704,142,129,0.823943661971831,0.9647887323943662,social|1,0.65,60,60,0.7833333333333333,0.9833333333333333,0.1,0.8750865485533468,367.86111502733525,205.82029230696932
dreaddit,distilbert,2024,head_50,M1,clean,0.05,0,715,0.9076923076923077,1.3972027972027972,0.6027972027972028,0.0,0.3972027972027972,0.2727272727272727,0.3300699300699301,0.66993006993007,0.3972027972027972,0.8726287262872628,0.9258741258741259,0.9706293706293706,0.9450867052023122,346,330,0.9161849710982659,0.9797687861271677,0.8726287262872628,369,370,0.9159891598915989,0.978319783197832,social,0.8802816901408451,142,129,0.8943661971830986,0.9929577464788732,social|1,0.7833333333333333,60,60,0.85,1.0,0.1,0.9378409073108074,495.6443755188997,398.525933236211
dreaddit,distilbert,2024,head_50,M2,clean,0.1,0,715,0.8335664335664336,1.2405594405594405,0.7594405594405594,0.0,0.24055944055944056,0.3328671328671329,0.42657342657342656,0.5734265734265734,0.24055944055944056,0.7750677506775068,0.8671328671328671,0.9300699300699301,0.8959537572254336,346,330,0.8526011560693642,0.9421965317919075,0.7750677506775068,369,370,0.8536585365853658,0.940379403794038,anxiety,0.7701863354037267,161,147,0.8322981366459627,0.9627329192546584,anxiety|1,0.6842105263157895,95,98,0.8210526315789474,0.9789473684210527,0.1,0.8838651565706409,400.0501276689067,251.66596174632267
dreaddit,distilbert,2024,head_50,M2,clean,0.05,0,715,0.9342657342657342,1.5370629370629372,0.46293706293706294,0.0,0.5370629370629371,0.22937062937062938,0.23356643356643356,0.7664335664335664,0.5370629370629371,0.9024390243902439,0.9258741258741259,0.9706293706293706,0.9682080924855492,346,330,0.9161849710982659,0.9797687861271677,0.9024390243902439,369,370,0.9159891598915989,0.978319783197832,anxiety,0.8944099378881988,161,147,0.9006211180124224,0.9875776397515528,anxiety|1,0.8315789473684211,95,98,0.8947368421052632,1.0,0.1,0.9616311856760187,649.4924573523192,579.4163259551672
dreaddit,distilbert,2024,head_50,M3,matched,0.1,0,715,0.8811188811188811,1.3524475524475525,0.6475524475524476,0.0,0.35244755244755244,0.37202797202797205,0.2755244755244755,0.7244755244755244,0.35244755244755244,0.8970189701897019,0.8671328671328671,0.9300699300699301,0.8641618497109826,346,330,0.8526011560693642,0.9421965317919075,0.8970189701897019,369,370,0.8536585365853658,0.940379403794038,social,0.8450704225352113,142,129,0.823943661971831,0.9647887323943662,social|1,0.8166666666666667,60,60,0.7833333333333333,0.9833333333333333,0.1,0.8674475617588546,576.1180819900684,394.51415323401795
dreaddit,distilbert,2024,head_50,M3,matched,0.05,0,715,0.9272727272727272,1.5034965034965035,0.4965034965034965,0.0,0.5034965034965035,0.3104895104895105,0.18601398601398603,0.813986013986014,0.5034965034965035,0.9349593495934959,0.9258741258741259,0.9706293706293706,0.9190751445086706,346,330,0.9161849710982659,0.9797687861271677,0.9349593495934959,369,370,0.9159891598915989,0.978319783197832,social,0.9014084507042254,142,129,0.8943661971830986,0.9929577464788732,anxiety|0,0.8939393939393939,66,49,0.8636363636363636,1.0,0.1,0.9206635650171531,709.969923398656,584.5630277112019
dreaddit,distilbert,2024,head_50,M3-mix,mix,0.1,0,715,0.8783216783216783,1.3384615384615384,0.6615384615384615,0.0,0.3384615384615385,0.3958041958041958,0.26573426573426573,0.7342657342657343,0.3384615384615385,0.907859078590786,0.8671328671328671,0.9300699300699301,0.846820809248555,346,330,0.8526011560693642,0.9421965317919075,0.907859078590786,369,370,0.8536585365853658,0.940379403794038,social,0.852112676056338,142,129,0.823943661971831,0.9647887323943662,abuse|0,0.78125,64,66,0.796875,0.984375,0.1,0.852924636182778,585.0055610382694,384.81366605573567
dreaddit,distilbert,2024,head_50,M3-mix,mix,0.05,0,715,0.9440559440559441,1.5594405594405594,0.4405594405594406,0.0,0.5594405594405595,0.22517482517482518,0.2153846153846154,0.7846153846153846,0.5594405594405595,0.9322493224932249,0.9258741258741259,0.9706293706293706,0.9566473988439307,346,330,0.9161849710982659,0.9797687861271677,0.9322493224932249,369,370,0.9159891598915989,0.978319783197832,social,0.9225352112676056,142,129,0.8943661971830986,0.9929577464788732,social|1,0.8833333333333333,60,60,0.85,1.0,0.1,0.9542075912088601,657.6757993013457,579.0920625969266
dreaddit,distilbert,2024,head_50,M5,clean,0.1,0,715,0.737062937062937,1.0,1.0,0.0,0.0,0.5636363636363636,0.43636363636363634,0.5636363636363636,0.0,0.7913279132791328,0.8671328671328671,0.9300699300699301,0.6791907514450867,346,330,0.8526011560693642,0.9421965317919075,0.7913279132791328,369,370,0.8536585365853658,0.940379403794038,social,0.6408450704225352,142,129,0.823943661971831,0.9647887323943662,abuse|0,0.578125,64,66,0.796875,0.984375,0.1,0.6904044676284913,367.86111502733525,0.0
dreaddit,distilbert,2024,head_50,M5,clean,0.05,0,715,0.7146853146853147,1.0,1.0,0.0,0.0,0.66993006993007,0.3300699300699301,0.66993006993007,0.0,0.8726287262872628,0.9258741258741259,0.9706293706293706,0.546242774566474,346,330,0.9161849710982659,0.9797687861271677,0.8726287262872628,369,370,0.9159891598915989,0.978319783197832,social,0.6197183098591549,142,129,0.8943661971830986,0.9929577464788732,abuse|0,0.4375,64,66,0.875,1.0,0.1,0.5788813697385529,495.6443755188997,0.0
dreaddit,distilbert,2024,head_25,M0,clean,0.1,0,715,0.8041958041958042,1.2363636363636363,0.7636363636363637,0.0,0.23636363636363636,0.24055944055944056,0.5230769230769231,0.47692307692307695,0.23636363636363636,0.6883468834688347,0.8671328671328671,0.9300699300699301,0.9277456647398844,346,330,0.8526011560693642,0.9421965317919075,0.6883468834688347,369,370,0.8536585365853658,0.940379403794038,anxiety,0.7701863354037267,161,147,0.8322981366459627,0.9627329192546584,social|1,0.6166666666666667,60,60,0.7833333333333333,0.9833333333333333,0.1,0.9038057866127794,295.13526638156554,190.2689662734778
dreaddit,distilbert,2024,head_25,M0,clean,0.05,0,715,0.8713286713286713,1.4111888111888111,0.5888111888111888,0.0,0.4111888111888112,0.1902097902097902,0.3986013986013986,0.6013986013986014,0.4111888111888112,0.7886178861788617,0.9258741258741259,0.9706293706293706,0.9595375722543352,346,330,0.9161849710982659,0.9797687861271677,0.7886178861788617,369,370,0.9159891598915989,0.978319783197832,ptsd,0.8346456692913385,127,138,0.8976377952755905,0.9921259842519685,social|1,0.7333333333333333,60,60,0.85,1.0,0.1,0.9424456036467879,440.4224822595047,370.9439666651002
dreaddit,distilbert,2024,head_25,M1,clean,0.1,0,715,0.8167832167832167,1.2573426573426574,0.7426573426573426,0.0,0.2573426573426573,0.24755244755244754,0.4951048951048951,0.5048951048951049,0.2573426573426573,0.7154471544715447,0.8671328671328671,0.9300699300699301,0.9248554913294798,346,330,0.8526011560693642,0.9421965317919075,0.7154471544715447,369,370,0.8536585365853658,0.940379403794038,anxiety,0.7763975155279503,161,147,0.8322981366459627,0.9627329192546584,social|1,0.65,60,60,0.7833333333333333,0.9833333333333333,0.1,0.9039146576436863,323.85685417547813,215.30538715791783
dreaddit,distilbert,2024,head_25,M1,clean,0.05,0,715,0.8797202797202798,1.4363636363636363,0.5636363636363636,0.0,0.43636363636363634,0.1972027972027972,0.36643356643356645,0.6335664335664336,0.43636363636363634,0.8102981029810298,0.9258741258741259,0.9706293706293706,0.953757225433526,346,330,0.9161849710982659,0.9797687861271677,0.8102981029810298,369,370,0.9159891598915989,0.978319783197832,anxiety,0.84472049689441,161,147,0.9006211180124224,0.9875776397515528,anxiety|1,0.7789473684210526,95,98,0.8947368421052632,1.0,0.1,0.9394113131882764,481.60784498018387,406.11400911696984
dreaddit,distilbert,2024,head_25,M2,clean,0.1,0,715,0.7986013986013986,1.2601398601398601,0.7398601398601399,0.0,0.2601398601398601,0.23916083916083916,0.5006993006993007,0.4993006993006993,0.2601398601398601,0.6802168021680217,0.8671328671328671,0.9300699300699301,0.9248554913294798,346,330,0.8526011560693642,0.9421965317919075,0.6802168021680217,369,370,0.8536585365853658,0.940379403794038,anxiety,0.6956521739130435,161,147,0.8322981366459627,0.9627329192546584,anxiety|1,0.5473684210526316,95,98,0.8210526315789474,0.9789473684210527,0.1,0.900391622413334,343.74422356940335,236.8187728120056
dreaddit,distilbert,2024,head_25,M2,clean,0.05,0,715,0.9132867132867133,1.6237762237762239,0.37622377622377623,0.0,0.6237762237762238,0.16083916083916083,0.2153846153846154,0.7846153846153846,0.6237762237762238,0.8672086720867209,0.9258741258741259,0.9706293706293706,0.9624277456647399,346,330,0.9161849710982659,0.9797687861271677,0.8672086720867209,369,370,0.9159891598915989,0.978319783197832,anxiety,0.8198757763975155,161,147,0.9006211180124224,0.9875776397515528,anxiety|1,0.7263157894736842,95,98,0.8947368421052632,1.0,0.1,0.952905838306938,713.5994799254352,652.1421746009368
dreaddit,distilbert,2024,head_25,M3,matched,0.1,0,715,0.8811188811188811,1.4125874125874125,0.5874125874125874,0.0,0.4125874125874126,0.34685314685314683,0.24055944055944056,0.7594405594405594,0.4125874125874126,0.8915989159891599,0.8671328671328671,0.9300699300699301,0.869942196531792,346,330,0.8526011560693642,0.9421965317919075,0.8915989159891599,369,370,0.8536585365853658,0.940379403794038,social,0.852112676056338,142,129,0.823943661971831,0.9647887323943662,abuse|0,0.796875,64,66,0.796875,0.984375,0.1,0.8721078684775287,645.8072904428467,473.741717185958
dreaddit,distilbert,2024,head_25,M3,matched,0.05,0,715,0.9440559440559441,1.6517482517482518,0.34825174825174826,0.0,0.6517482517482518,0.23496503496503496,0.11328671328671329,0.8867132867132868,0.6517482517482518,0.9539295392953929,0.9258741258741259,0.9706293706293706,0.9335260115606936,346,330,0.9161849710982659,0.9797687861271677,0.9539295392953929,369,370,0.9159891598915989,0.978319783197832,anxiety,0.9192546583850931,161,147,0.9006211180124224,0.9875776397515528,abuse|0,0.875,64,66,0.875,1.0,0.1,0.9355663643341635,828.918965490233,729.7969829409278
dreaddit,distilbert,2024,head_25,M3-mix,mix,0.1,0,715,0.9062937062937063,1.5034965034965035,0.4965034965034965,0.0,0.5034965034965035,0.25874125874125875,0.23776223776223776,0.7622377622377622,0.5034965034965035,0.8888888888888888,0.8671328671328671,0.9300699300699301,0.9248554913294798,346,330,0.8526011560693642,0.9421965317919075,0.8888888888888888,369,370,0.8536585365853658,0.940379403794038,anxiety,0.8881987577639752,161,147,0.8322981366459627,0.9627329192546584,social|1,0.85,60,60,0.7833333333333333,0.9833333333333333,0.1,0.9212588310854207,653.3397559409121,542.6202672431349
dreaddit,distilbert,2024,head_25,M3-mix,mix,0.05,0,715,0.9524475524475524,1.695104895104895,0.3048951048951049,0.0,0.6951048951048951,0.17622377622377622,0.12867132867132866,0.8713286713286713,0.6951048951048951,0.94579945799458,0.9258741258741259,0.9706293706293706,0.9595375722543352,346,330,0.9161849710982659,0.9797687861271677,0.94579945799458,369,370,0.9159891598915989,0.978319783197832,anxiety,0.9316770186335404,161,147,0.9006211180124224,0.9875776397515528,anxiety|1,0.9157894736842105,95,98,0.8947368421052632,1.0,0.1,0.9581637608283597,807.2967088052383,740.5282203111047
dreaddit,distilbert,2024,head_25,M5,clean,0.1,0,715,0.7174825174825175,1.0,1.0,0.0,0.0,0.5048951048951049,0.4951048951048951,0.5048951048951049,0.0,0.7154471544715447,0.8671328671328671,0.9300699300699301,0.7196531791907514,346,330,0.8526011560693642,0.9421965317919075,0.7154471544715447,369,370,0.8536585365853658,0.940379403794038,abuse,0.6830985915492958,142,142,0.823943661971831,0.9647887323943662,abuse|0,0.609375,64,66,0.796875,0.984375,0.1,0.7192325767188308,323.85685417547813,0.0
dreaddit,distilbert,2024,head_25,M5,clean,0.05,0,715,0.6867132867132867,1.0,1.0,0.0,0.0,0.6335664335664336,0.36643356643356645,0.6335664335664336,0.0,0.8102981029810298,0.9258741258741259,0.9706293706293706,0.5549132947976878,346,330,0.9161849710982659,0.9797687861271677,0.8102981029810298,369,370,0.9159891598915989,0.978319783197832,abuse,0.6690140845070423,142,142,0.8943661971830986,0.9929577464788732,abuse|0,0.40625,64,66,0.875,1.0,0.1,0.580451775616022,481.60784498018387,0.0
dreaddit,distilbert,2024,tail_75,M0,clean,0.1,0,715,0.8615384615384616,1.2041958041958043,0.7958041958041958,0.0,0.2041958041958042,0.393006993006993,0.4027972027972028,0.5972027972027972,0.2041958041958042,0.8563685636856369,0.8671328671328671,0.9300699300699301,0.8670520231213873,346,330,0.8526011560693642,0.9421965317919075,0.8563685636856369,369,370,0.8536585365853658,0.940379403794038,social,0.8098591549295775,142,129,0.823943661971831,0.9647887323943662,social|1,0.7166666666666667,60,60,0.7833333333333333,0.9833333333333333,0.1,0.8659836771778122,374.3651800679857,191.02636402086563
dreaddit,distilbert,2024,tail_75,M0,clean,0.05,0,715,0.9118881118881119,1.3678321678321679,0.6321678321678321,0.0,0.3678321678321678,0.3020979020979021,0.3300699300699301,0.66993006993007,0.3678321678321678,0.907859078590786,0.9258741258741259,0.9706293706293706,0.9161849710982659,346,330,0.9161849710982659,0.9797687861271677,0.907859078590786,369,370,0.9159891598915989,0.978319783197832,social,0.8591549295774648,142,129,0.8943661971830986,0.9929577464788732,social|1,0.7833333333333333,60,60,0.85,1.0,0.1,0.9153523818475179,465.3523818475179,339.24134906088943
dreaddit,distilbert,2024,tail_75,M1,clean,0.1,0,715,0.8643356643356643,1.2055944055944057,0.7944055944055944,0.0,0.2055944055944056,0.4041958041958042,0.3902097902097902,0.6097902097902098,0.2055944055944056,0.8672086720867209,0.8671328671328671,0.9300699300699301,0.861271676300578,346,330,0.8526011560693642,0.9421965317919075,0.8672086720867209,369,370,0.8536585365853658,0.940379403794038,social,0.8098591549295775,142,129,0.823943661971831,0.9647887323943662,social|1,0.7333333333333333,60,60,0.7833333333333333,0.9833333333333333,0.1,0.8618653758791923,388.4549712549149,198.28782680890396
dreaddit,distilbert,2024,tail_75,M1,clean,0.05,0,715,0.916083916083916,1.3762237762237761,0.6237762237762238,0.0,0.37622377622377623,0.3076923076923077,0.31608391608391606,0.6839160839160839,0.37622377622377623,0.9159891598915989,0.9258741258741259,0.9706293706293706,0.9161849710982659,346,330,0.9161849710982659,0.9797687861271677,0.9159891598915989,369,370,0.9159891598915989,0.978319783197832,social,0.8661971830985915,142,129,0.8943661971830986,0.9929577464788732,social|1,0.8,60,60,0.85,1.0,0.1,0.9161653899775992,484.3734824631484,357.1784388364115
dreaddit,distilbert,2024,tail_75,M2,clean,0.1,0,715,0.8601398601398601,1.2195804195804196,0.7804195804195804,0.0,0.21958041958041957,0.37902097902097903,0.4013986013986014,0.5986013986013986,0.21958041958041957,0.8509485094850948,0.8671328671328671,0.9300699300699301,0.869942196531792,346,330,0.8526011560693642,0.9421965317919075,0.8509485094850948,369,370,0.8536585365853658,0.940379403794038,social,0.823943661971831,142,129,0.823943661971831,0.9647887323943662,social|1,0.7666666666666667,60,60,0.7833333333333333,0.9833333333333333,0.1,0.8680428278271222,381.6266428560239,203.32800726851198
dreaddit,distilbert,2024,tail_75,M2,clean,0.05,0,715,0.9370629370629371,1.5020979020979022,0.4979020979020979,0.0,0.5020979020979021,0.26573426573426573,0.23216783216783216,0.7678321678321678,0.5020979020979021,0.940379403794038,0.9258741258741259,0.9706293706293706,0.9335260115606936,346,330,0.9161849710982659,0.9797687861271677,0.940379403794038,369,370,0.9159891598915989,0.978319783197832,ptsd,0.905511811023622,127,138,0.8976377952755905,0.9921259842519685,ptsd|0,0.8444444444444444,45,59,0.8444444444444444,1.0,0.1,0.9342113507840281,619.4714663909646,514.387424221063
dreaddit,distilbert,2024,tail_75,M3,matched,0.1,0,715,0.8783216783216783,1.2279720279720279,0.772027972027972,0.0,0.22797202797202798,0.4153846153846154,0.35664335664335667,0.6433566433566433,0.22797202797202798,0.8997289972899729,0.8671328671328671,0.9300699300699301,0.8554913294797688,346,330,0.8526011560693642,0.9421965317919075,0.8997289972899729,369,370,0.8536585365853658,0.940379403794038,social,0.8169014084507042,142,129,0.823943661971831,0.9647887323943662,social|1,0.7666666666666667,60,60,0.7833333333333333,0.9833333333333333,0.1,0.8599150962607893,422.92087660761,225.92540376270816
dreaddit,distilbert,2024,tail_75,M3,matched,0.05,0,715,0.9342657342657342,1.4853146853146852,0.5146853146853146,0.0,0.4853146853146853,0.2867132867132867,0.22797202797202798,0.772027972027972,0.4853146853146853,0.943089430894309,0.9258741258741259,0.9706293706293706,0.9248554913294798,346,330,0.9161849710982659,0.9797687861271677,0.943089430894309,369,370,0.9159891598915989,0.978319783197832,social,0.9014084507042254,142,129,0.8943661971830986,0.9929577464788732,ptsd|0,0.8444444444444444,45,59,0.8444444444444444,1.0,0.1,0.9266788852859628,624.94478123972,508.8052383414008
dreaddit,distilbert,2024,tail_75,M3-mix,mix,0.1,0,715,0.8797202797202798,1.2769230769230768,0.7230769230769231,0.0,0.27692307692307694,0.45874125874125876,0.26433566433566436,0.7356643356643356,0.27692307692307694,0.9349593495934959,0.8671328671328671,0.9300699300699301,0.8208092485549133,346,330,0.8526011560693642,0.9421965317919075,0.9349593495934959,369,370,0.8536585365853658,0.940379403794038,social,0.8028169014084507,142,129,0.823943661971831,0.9647887323943662,abuse|0,0.765625,64,66,0.796875,0.984375,0.1,0.8322242586587716,564.3051835142629,330.94678634647624
dreaddit,distilbert,2024,tail_75,M3-mix,mix,0.05,0,715,0.9356643356643357,1.4881118881118882,0.5118881118881119,0.0,0.4881118881118881,0.32727272727272727,0.18461538461538463,0.8153846153846154,0.4881118881118881,0.959349593495935,0.9258741258741259,0.9706293706293706,0.9104046242774566,346,330,0.9161849710982659,0.9797687861271677,0.959349593495935,369,370,0.9159891598915989,0.978319783197832,social,0.9154929577464789,142,129,0.8943661971830986,0.9929577464788732,social|1,0.8833333333333333,60,60,0.85,1.0,0.1,0.9152991211993045,691.5996992339866,555.9503109481963
dreaddit,distilbert,2024,tail_75,M5,clean,0.1,0,715,0.7692307692307693,1.0,1.0,0.0,0.0,0.6097902097902098,0.3902097902097902,0.6097902097902098,0.0,0.8672086720867209,0.8671328671328671,0.9300699300699301,0.6647398843930635,346,330,0.8526011560693642,0.9421965317919075,0.8672086720867209,369,370,0.8536585365853658,0.940379403794038,social,0.6830985915492958,142,129,0.823943661971831,0.9647887323943662,ptsd|0,0.6222222222222222,45,59,0.7555555555555555,1.0,0.1,0.6849867631624293,388.4549712549149,0.0
dreaddit,distilbert,2024,tail_75,M5,clean,0.05,0,715,0.7454545454545455,1.0,1.0,0.0,0.0,0.6839160839160839,0.31608391608391606,0.6839160839160839,0.0,0.9159891598915989,0.9258741258741259,0.9706293706293706,0.5635838150289018,346,330,0.9161849710982659,0.9797687861271677,0.9159891598915989,369,370,0.9159891598915989,0.978319783197832,social,0.6408450704225352,142,129,0.8943661971830986,0.9929577464788732,abuse|0,0.5,64,66,0.875,1.0,0.1,0.5988243495151715,484.3734824631484,0.0
dreaddit,distilbert,2024,tail_50,M0,clean,0.1,0,715,0.8419580419580419,1.220979020979021,0.779020979020979,0.0,0.22097902097902097,0.3258741258741259,0.45314685314685316,0.5468531468531469,0.22097902097902097,0.7886178861788617,0.8671328671328671,0.9300699300699301,0.8988439306358381,346,330,0.8526011560693642,0.9421965317919075,0.7886178861788617,369,370,0.8536585365853658,0.940379403794038,ptsd,0.8188976377952756,127,138,0.8267716535433071,0.968503937007874,financial|1,0.6666666666666666,54,57,0.7962962962962963,1.0,0.1,0.8878213261901405,338.9773955543024,194.27839654119083
dreaddit,distilbert,2024,tail_50,M0,clean,0.05,0,715,0.8881118881118881,1.3734265734265734,0.6265734265734266,0.0,0.3734265734265734,0.2517482517482518,0.3748251748251748,0.6251748251748251,0.3734265734265734,0.8455284552845529,0.9258741258741259,0.9706293706293706,0.9335260115606936,346,330,0.9161849710982659,0.9797687861271677,0.8455284552845529,369,370,0.9159891598915989,0.978319783197832,social,0.8591549295774648,142,129,0.8943661971830986,0.9929577464788732,social|1,0.7333333333333333,60,60,0.85,1.0,0.1,0.9247262559330796,435.7089148926172,333.3348998229867
dreaddit,distilbert,2024,tail_50,M1,clean,0.1,0,715,0.8419580419580419,1.2251748251748251,0.7748251748251749,0.0,0.22517482517482518,0.3356643356643357,0.43916083916083914,0.5608391608391609,0.22517482517482518,0.8021680216802168,0.8671328671328671,0.9300699300699301,0.884393063583815,346,330,0.8526011560693642,0.9421965317919075,0.8021680216802168,369,370,0.8536585365853658,0.940379403794038,financial,0.8181818181818182,143,144,0.8251748251748252,0.965034965034965,financial|1,0.6666666666666666,54,57,0.7962962962962963,1.0,0.1,0.8761705593934552,353.33818945125864,195.09140467127216
dreaddit,distilbert,2024,tail_50,M1,clean,0.05,0,715,0.8937062937062937,1.3888111888111887,0.6111888111888112,0.0,0.3888111888111888,0.2573426573426573,0.35384615384615387,0.6461538461538462,0.3888111888111888,0.8563685636856369,0.9258741258741259,0.9706293706293706,0.9335260115606936,346,330,0.9161849710982659,0.9797687861271677,0.8563685636856369,369,370,0.9159891598915989,0.978319783197832,financial,0.8601398601398601,143,144,0.8951048951048951,0.993006993006993,financial|1,0.7407407407407407,54,57,0.8703703703703703,1.0,0.1,0.9258102667731879,465.40564249573134,361.9476165859925
dreaddit,distilbert,2024,tail_50,M2,clean,0.1,0,715,0.8321678321678322,1.2377622377622377,0.7622377622377622,0.0,0.23776223776223776,0.32167832167832167,0.4405594405594406,0.5594405594405595,0.23776223776223776,0.7777777777777778,0.8671328671328671,0.9300699300699301,0.8901734104046243,346,330,0.8526011560693642,0.9421965317919075,0.7777777777777778,369,370,0.8536585365853658,0.940379403794038,anxiety,0.8012422360248447,161,147,0.8322981366459627,0.9627329192546584,anxiety|1,0.7052631578947368,95,98,0.8210526315789474,0.9789473684210527,0.1,0.8789338471419397,371.70841361592807,220.83196265488667
dreaddit,distilbert,2024,tail_50,M2,clean,0.05,0,715,0.9230769230769231,1.53006993006993,0.4699300699300699,0.0,0.5300699300699301,0.22237762237762237,0.24755244755244754,0.7524475524475525,0.5300699300699301,0.9105691056910569,0.9258741258741259,0.9706293706293706,0.9364161849710982,346,330,0.9161849710982659,0.9797687861271677,0.9105691056910569,369,370,0.9159891598915989,0.978319783197832,ptsd,0.8582677165354331,127,138,0.8976377952755905,0.9921259842519685,ptsd|0,0.8444444444444444,45,59,0.8444444444444444,1.0,0.1,0.9338314770430941,616.4904365806664,522.1376317809421
dreaddit,distilbert,2024,tail_50,M3,matched,0.1,0,715,0.8685314685314686,1.3202797202797203,0.6797202797202797,0.0,0.3202797202797203,0.4167832167832168,0.2629370629370629,0.737062937062937,0.3202797202797203,0.9105691056910569,0.8671328671328671,0.9300699300699301,0.8236994219653179,346,330,0.8526011560693642,0.9421965317919075,0.9105691056910569,369,370,0.8536585365853658,0.940379403794038,financial,0.8251748251748252,143,144,0.8251748251748252,0.965034965034965,ptsd|0,0.7111111111111111,45,59,0.7555555555555555,1.0,0.1,0.8323863903378917,587.8777198176606,364.97955731002395
dreaddit,distilbert,2024,tail_50,M3,matched,0.05,0,715,0.9454545454545454,1.574825174825175,0.4251748251748252,0.0,0.5748251748251748,0.27972027972027974,0.14545454545454545,0.8545454545454545,0.5748251748251748,0.967479674796748,0.9258741258741259,0.9706293706293706,0.9219653179190751,346,330,0.9161849710982659,0.9797687861271677,0.967479674796748,369,370,0.9159891598915989,0.978319783197832,ptsd,0.9212598425196851,127,138,0.8976377952755905,0.9921259842519685,ptsd|0,0.8222222222222222,45,59,0.8444444444444444,1.0,0.1,0.9265167536068425,757.4416090981721,640.3269263906511
dreaddit,distilbert,2024,tail_50,M3-mix,mix,0.1,0,715,0.8769230769230769,1.3328671328671329,0.6671328671328671,0.0,0.3328671328671329,0.3916083916083916,0.2755244755244755,0.7244755244755244,0.3328671328671329,0.907859078590786,0.8671328671328671,0.9300699300699301,0.8439306358381503,346,330,0.8526011560693642,0.9421965317919075,0.907859078590786,369,370,0.8536585365853658,0.940379403794038,social,0.8450704225352113,142,129,0.823943661971831,0.9647887323943662,ptsd|0,0.7333333333333333,45,59,0.7555555555555555,1.0,0.1,0.8503234801134139,566.7974685527203,365.0884283409308
dreaddit,distilbert,2024,tail_50,M3-mix,mix,0.05,0,715,0.9328671328671329,1.5804195804195804,0.4195804195804196,0.0,0.5804195804195804,0.2097902097902098,0.2097902097902098,0.7902097902097902,0.5804195804195804,0.924119241192412,0.9258741258741259,0.9706293706293706,0.9421965317919075,346,330,0.9161849710982659,0.9797687861271677,0.924119241192412,369,370,0.9159891598915989,0.978319783197832,social,0.9084507042253521,142,129,0.8943661971830986,0.9929577464788732,social|1,0.85,60,60,0.85,1.0,0.1,0.940388802731958,675.0708836568135,587.8174099660072
dreaddit,distilbert,2024,tail_50,M5,clean,0.1,0,715,0.7510489510489511,1.0,1.0,0.0,0.0,0.5608391608391609,0.43916083916083914,0.5608391608391609,0.0,0.8021680216802168,0.8671328671328671,0.9300699300699301,0.6965317919075145,346,330,0.8526011560693642,0.9421965317919075,0.8021680216802168,369,370,0.8536585365853658,0.940379403794038,social,0.6690140845070423,142,129,0.823943661971831,0.9647887323943662,ptsd|0,0.5555555555555556,45,59,0.7555555555555555,1.0,0.1,0.7070954148847848,353.33818945125864,0.0
dreaddit,distilbert,2024,tail_50,M5,clean,0.05,0,715,0.7216783216783217,1.0,1.0,0.0,0.0,0.6461538461538462,0.35384615384615387,0.6461538461538462,0.0,0.8563685636856369,0.9258741258741259,0.9706293706293706,0.5780346820809249,346,330,0.9161849710982659,0.9797687861271677,0.8563685636856369,369,370,0.9159891598915989,0.978319783197832,social,0.6197183098591549,142,129,0.8943661971830986,0.9929577464788732,ptsd|0,0.4666666666666667,45,59,0.8444444444444444,1.0,0.1,0.6058680702413961,465.40564249573134,0.0
dreaddit,distilbert,2024,tail_25,M0,clean,0.1,0,715,0.8083916083916084,1.2293706293706295,0.7706293706293706,0.0,0.22937062937062938,0.2545454545454545,0.5160839160839161,0.48391608391608393,0.22937062937062938,0.6991869918699187,0.8671328671328671,0.9300699300699301,0.9248554913294798,346,330,0.8526011560693642,0.9421965317919075,0.6991869918699187,369,370,0.8536585365853658,0.940379403794038,social,0.7746478873239436,142,129,0.823943661971831,0.9647887323943662,social|1,0.55,60,60,0.7833333333333333,0.9833333333333333,0.1,0.9022886413835237,298.8204332910381,188.91395272334228
dreaddit,distilbert,2024,tail_25,M0,clean,0.05,0,715,0.8643356643356643,1.4055944055944056,0.5944055944055944,0.0,0.40559440559440557,0.18181818181818182,0.4125874125874126,0.5874125874125874,0.40559440559440557,0.7831978319783198,0.9258741258741259,0.9706293706293706,0.9508670520231214,346,330,0.9161849710982659,0.9797687861271677,0.7831978319783198,369,370,0.9159891598915989,0.978319783197832,social,0.8450704225352113,142,129,0.8943661971830986,0.9929577464788732,financial|1,0.6666666666666666,54,57,0.8703703703703703,1.0,0.1,0.9341001300186412,419.07122828453726,344.2282688722841
dreaddit,distilbert,2024,tail_25,M1,clean,0.1,0,715,0.8097902097902098,1.2265734265734265,0.7734265734265734,0.0,0.22657342657342658,0.2727272727272727,0.5006993006993007,0.4993006993006993,0.22657342657342658,0.7073170731707317,0.8671328671328671,0.9300699300699301,0.9190751445086706,346,330,0.8526011560693642,0.9421965317919075,0.7073170731707317,369,370,0.8536585365853658,0.940379403794038,social,0.7676056338028169,142,129,0.823943661971831,0.9647887323943662,social|1,0.55,60,60,0.7833333333333333,0.9833333333333333,0.1,0.8978993373748766,320.4426899760327,202.35286745931046
dreaddit,distilbert,2024,tail_25,M1,clean,0.05,0,715,0.8755244755244755,1.4363636363636363,0.5636363636363636,0.0,0.43636363636363634,0.18321678321678322,0.3804195804195804,0.6195804195804195,0.43636363636363634,0.8048780487804879,0.9258741258741259,0.9706293706293706,0.9508670520231214,346,330,0.9161849710982659,0.9797687861271677,0.8048780487804879,369,370,0.9159891598915989,0.978319783197832,social,0.8450704225352113,142,129,0.8943661971830986,0.9929577464788732,financial|1,0.6851851851851852,54,57,0.8703703703703703,1.0,0.1,0.936268151698858,460.2565910052164,385.14262888293626
dreaddit,distilbert,2024,tail_25,M2,clean,0.1,0,715,0.8125874125874126,1.2545454545454546,0.7454545454545455,0.0,0.2545454545454545,0.25034965034965034,0.4951048951048951,0.5048951048951049,0.2545454545454545,0.7018970189701897,0.8671328671328671,0.9300699300699301,0.930635838150289,346,330,0.8526011560693642,0.9421965317919075,0.7018970189701897,369,370,0.8536585365853658,0.940379403794038,anxiety,0.7204968944099379,161,147,0.8322981366459627,0.9627329192546584,anxiety|1,0.5684210526315789,95,98,0.8210526315789474,0.9789473684210527,0.1,0.9077619562322792,335.50762097216347,231.07445525322308
dreaddit,distilbert,2024,tail_25,M2,clean,0.05,0,715,0.9146853146853147,1.6125874125874127,0.38741258741258744,0.0,0.6125874125874126,0.14685314685314685,0.24055944055944056,0.7594405594405594,0.6125874125874126,0.8699186991869918,0.9258741258741259,0.9706293706293706,0.9624277456647399,346,330,0.9161849710982659,0.9797687861271677,0.8699186991869918,369,370,0.9159891598915989,0.978319783197832,anxiety,0.84472049689441,161,147,0.9006211180124224,0.9875776397515528,anxiety|1,0.7578947368421053,95,98,0.8947368421052632,1.0,0.1,0.9531768410169651,664.4485173175432,605.7012390933157
dreaddit,distilbert,2024,tail_25,M3,matched,0.1,0,715,0.8783216783216783,1.4363636363636363,0.5636363636363636,0.0,0.43636363636363634,0.3678321678321678,0.1958041958041958,0.8041958041958042,0.43636363636363634,0.9159891598915989,0.8671328671328671,0.9300699300699301,0.838150289017341,346,330,0.8526011560693642,0.9421965317919075,0.9159891598915989,369,370,0.8536585365853658,0.940379403794038,social,0.8450704225352113,142,129,0.823943661971831,0.9647887323943662,ptsd|0,0.7777777777777778,45,59,0.7555555555555555,1.0,0.1,0.8459341761047668,708.0729044284662,506.3106035684635
dreaddit,distilbert,2024,tail_25,M3,matched,0.05,0,715,0.9412587412587412,1.627972027972028,0.37202797202797205,0.0,0.627972027972028,0.2545454545454545,0.11748251748251748,0.8825174825174825,0.627972027972028,0.9566395663956639,0.9258741258741259,0.9706293706293706,0.9248554913294798,346,330,0.9161849710982659,0.9797687861271677,0.9566395663956639,369,370,0.9159891598915989,0.978319783197832,ptsd,0.9291338582677166,127,138,0.8976377952755905,0.9921259842519685,ptsd|0,0.8444444444444444,45,59,0.8444444444444444,1.0,0.1,0.9280338988360982,818.7853439228035,708.8788633551076
dreaddit,distilbert,2024,tail_25,M3-mix,mix,0.1,0,715,0.9048951048951049,1.4657342657342658,0.5342657342657343,0.0,0.46573426573426574,0.2853146853146853,0.24895104895104894,0.7510489510489511,0.46573426573426574,0.8943089430894309,0.8671328671328671,0.9300699300699301,0.9161849710982659,346,330,0.8526011560693642,0.9421965317919075,0.8943089430894309,369,370,0.8536585365853658,0.940379403794038,social,0.8943661971830986,142,129,0.823943661971831,0.9647887323943662,financial|1,0.7962962962962963,54,57,0.7962962962962963,1.0,0.1,0.9139973682973824,627.8702006673246,505.0112004010214
dreaddit,distilbert,2024,tail_25,M3-mix,mix,0.05,0,715,0.9426573426573427,1.6685314685314685,0.33146853146853145,0.0,0.6685314685314685,0.16783216783216784,0.16363636363636364,0.8363636363636363,0.6685314685314685,0.9322493224932249,0.9258741258741259,0.9706293706293706,0.953757225433526,346,330,0.9161849710982659,0.9797687861271677,0.9322493224932249,369,370,0.9159891598915989,0.978319783197832,financial,0.9300699300699301,143,144,0.8951048951048951,0.993006993006993,financial|1,0.8703703703703703,54,57,0.8703703703703703,1.0,0.1,0.9516064351394959,753.9185738678196,684.1157949151747
dreaddit,distilbert,2024,tail_25,M5,clean,0.1,0,715,0.7146853146853147,1.0,1.0,0.0,0.0,0.4993006993006993,0.5006993006993007,0.4993006993006993,0.0,0.7073170731707317,0.8671328671328671,0.9300699300699301,0.7225433526011561,346,330,0.8526011560693642,0.9421965317919075,0.7073170731707317,369,370,0.8536585365853658,0.940379403794038,social,0.6197183098591549,142,129,0.823943661971831,0.9647887323943662,social|1,0.55,60,60,0.7833333333333333,0.9833333333333333,0.1,0.7210207246581136,320.4426899760327,0.0
dreaddit,distilbert,2024,tail_25,M5,clean,0.05,0,715,0.6951048951048951,1.0,1.0,0.0,0.0,0.6195804195804195,0.3804195804195804,0.6195804195804195,0.0,0.8048780487804879,0.9258741258741259,0.9706293706293706,0.5780346820809249,346,330,0.9161849710982659,0.9797687861271677,0.8048780487804879,369,370,0.9159891598915989,0.978319783197832,social,0.5633802816901409,142,129,0.8943661971830986,0.9929577464788732,social|0,0.4634146341463415,82,69,0.8780487804878049,1.0,0.1,0.6007190187508813,460.2565910052164,0.0
dreaddit,distilbert,2024,del_15,M0,clean,0.1,0,715,0.8713286713286713,1.2125874125874125,0.7874125874125875,0.0,0.2125874125874126,0.36923076923076925,0.41818181818181815,0.5818181818181818,0.2125874125874126,0.8455284552845529,0.8671328671328671,0.9300699300699301,0.8988439306358381,346,330,0.8526011560693642,0.9421965317919075,0.8455284552845529,369,370,0.8536585365853658,0.940379403794038,social,0.823943661971831,142,129,0.823943661971831,0.9647887323943662,social|1,0.7,60,60,0.7833333333333333,0.9833333333333333,0.1,0.8935123831007097,355.0730767423281,201.97299371837653
dreaddit,distilbert,2024,del_15,M0,clean,0.05,0,715,0.9188811188811189,1.3664335664335665,0.6335664335664336,0.0,0.36643356643356645,0.3062937062937063,0.32727272727272727,0.6727272727272727,0.36643356643356645,0.9051490514905149,0.9258741258741259,0.9706293706293706,0.9335260115606936,346,330,0.9161849710982659,0.9797687861271677,0.9051490514905149,369,370,0.9159891598915989,0.978319783197832,social,0.8661971830985915,142,129,0.8943661971830986,0.9929577464788732,social|1,0.7666666666666667,60,60,0.85,1.0,0.1,0.9306883155536757,472.88484734558335,359.94172658489595
dreaddit,distilbert,2024,del_15,M1,clean,0.1,0,715,0.8727272727272727,1.2013986013986013,0.7986013986013986,0.0,0.2013986013986014,0.3916083916083916,0.406993006993007,0.593006993006993,0.2013986013986014,0.8590785907859079,0.8671328671328671,0.9300699300699301,0.8872832369942196,346,330,0.8526011560693642,0.9421965317919075,0.8590785907859079,369,370,0.8536585365853658,0.940379403794038,social,0.8309859154929577,142,129,0.823943661971831,0.9647887323943662,social|1,0.7166666666666667,60,60,0.7833333333333333,0.9833333333333333,0.1,0.8844627723733884,364.2315585005561,197.47481867882266
dreaddit,distilbert,2024,del_15,M1,clean,0.05,0,715,0.9258741258741259,1.3832167832167832,0.6167832167832168,0.0,0.3832167832167832,0.3104895104895105,0.3062937062937063,0.6937062937062937,0.3832167832167832,0.924119241192412,0.9258741258741259,0.9706293706293706,0.9277456647398844,346,330,0.9161849710982659,0.9797687861271677,0.924119241192412,369,370,0.9159891598915989,0.978319783197832,social,0.8802816901408451,142,129,0.8943661971830986,0.9929577464788732,social|1,0.8,60,60,0.85,1.0,0.1,0.9273830223851371,495.5911148706863,377.1746792612435
dreaddit,distilbert,2024,del_15,M2,clean,0.1,0,715,0.8601398601398601,1.2181818181818183,0.7818181818181819,0.0,0.21818181818181817,0.37202797202797205,0.4097902097902098,0.5902097902097903,0.21818181818181817,0.8292682926829268,0.8671328671328671,0.9300699300699301,0.8930635838150289,346,330,0.8526011560693642,0.9421965317919075,0.8292682926829268,369,370,0.8536585365853658,0.940379403794038,anxiety,0.7888198757763976,161,147,0.8322981366459627,0.9627329192546584,social|1,0.7166666666666667,60,60,0.7833333333333333,0.9833333333333333,0.1,0.8866840547018187,384.6609333145355,226.3585381518555
dreaddit,distilbert,2024,del_15,M2,clean,0.05,0,715,0.951048951048951,1.5062937062937063,0.4937062937062937,0.0,0.5062937062937063,0.26573426573426573,0.22797202797202798,0.772027972027972,0.5062937062937063,0.948509485094851,0.9258741258741259,0.9706293706293706,0.953757225433526,346,330,0.9161849710982659,0.9797687861271677,0.948509485094851,369,370,0.9159891598915989,0.978319783197832,ptsd,0.905511811023622,127,138,0.8976377952755905,0.9921259842519685,ptsd|1,0.9024390243902439,82,79,0.8658536585365854,1.0,0.1,0.9532324513996586,620.2844745210458,531.5115058665037
dreaddit,distilbert,2024,del_15,M3,matched,0.1,0,715,0.8699300699300699,1.2251748251748251,0.7748251748251749,0.0,0.22517482517482518,0.43776223776223777,0.33706293706293705,0.6629370629370629,0.22517482517482518,0.8943089430894309,0.8671328671328671,0.9300699300699301,0.8439306358381503,346,330,0.8526011560693642,0.9421965317919075,0.8943089430894309,369,370,0.8536585365853658,0.940379403794038,social,0.8028169014084507,142,129,0.823943661971831,0.9647887323943662,social|1,0.7166666666666667,60,60,0.7833333333333333,0.9833333333333333,0.1,0.8489684665632784,463.9973682973824,253.34523865469865
dreaddit,distilbert,2024,del_15,M3,matched,0.05,0,715,0.9286713286713286,1.3944055944055944,0.6055944055944056,0.0,0.3944055944055944,0.36923076923076925,0.23636363636363636,0.7636363636363637,0.3944055944055944,0.9566395663956639,0.9258741258741259,0.9706293706293706,0.8988439306358381,346,330,0.9161849710982659,0.9797687861271677,0.9566395663956639,369,370,0.9159891598915989,0.978319783197832,social,0.8943661971830986,142,129,0.8943661971830986,0.9929577464788732,anxiety|0,0.8636363636363636,66,49,0.8636363636363636,1.0,0.1,0.9046234942118208,597.6870780268496,444.586995002898
dreaddit,distilbert,2024,del_15,M3-mix,mix,0.1,0,715,0.8979020979020979,1.304895104895105,0.6951048951048951,0.0,0.3048951048951049,0.4405594405594406,0.2545454545454545,0.7454545454545455,0.3048951048951049,0.94579945799458,0.8671328671328671,0.9300699300699301,0.846820809248555,346,330,0.8526011560693642,0.9421965317919075,0.94579945799458,369,370,0.8536585365853658,0.940379403794038,social,0.8591549295774648,142,129,0.823943661971831,0.9647887323943662,ptsd|0,0.7777777777777778,45,59,0.7555555555555555,1.0,0.1,0.8567186741231574,573.1926625624637,364.32868085906296
dreaddit,distilbert,2024,del_15,M3-mix,mix,0.05,0,715,0.9482517482517483,1.4881118881118882,0.5118881118881119,0.0,0.4881118881118881,0.3258741258741259,0.18601398601398603,0.813986013986014,0.4881118881118881,0.967479674796748,0.9258741258741259,0.9706293706293706,0.9277456647398844,346,330,0.9161849710982659,0.9797687861271677,0.967479674796748,369,370,0.9159891598915989,0.978319783197832,social,0.9295774647887324,142,129,0.8943661971830986,0.9929577464788732,abuse|0,0.90625,64,66,0.875,1.0,0.1,0.9317190657455708,682.0080830866114,560.6106176668703
dreaddit,distilbert,2024,del_15,M5,clean,0.1,0,715,0.7776223776223776,1.0,1.0,0.0,0.0,0.593006993006993,0.406993006993007,0.593006993006993,0.0,0.8590785907859079,0.8671328671328671,0.9300699300699301,0.6907514450867052,346,330,0.8526011560693642,0.9421965317919075,0.8590785907859079,369,370,0.8536585365853658,0.940379403794038,social,0.6901408450704225,142,129,0.823943661971831,0.9647887323943662,ptsd|0,0.6,45,59,0.7555555555555555,1.0,0.1,0.7075841596566255,364.2315585005561,0.0
dreaddit,distilbert,2024,del_15,M5,clean,0.05,0,715,0.7440559440559441,1.0,1.0,0.0,0.0,0.6937062937062937,0.3062937062937063,0.6937062937062937,0.0,0.924119241192412,0.9258741258741259,0.9706293706293706,0.5520231213872833,346,330,0.9161849710982659,0.9797687861271677,0.924119241192412,369,370,0.9159891598915989,0.978319783197832,social,0.6408450704225352,142,129,0.8943661971830986,0.9929577464788732,ptsd|0,0.4444444444444444,45,59,0.8444444444444444,1.0,0.1,0.5892327333677961,495.5911148706863,0.0
dreaddit,distilbert,2024,del_30,M0,clean,0.1,0,715,0.8741258741258742,1.2321678321678322,0.7678321678321678,0.0,0.23216783216783216,0.2937062937062937,0.47412587412587415,0.5258741258741259,0.23216783216783216,0.8157181571815718,0.8671328671328671,0.9300699300699301,0.9364161849710982,346,330,0.8526011560693642,0.9421965317919075,0.8157181571815718,369,370,0.8536585365853658,0.940379403794038,social,0.852112676056338,142,129,0.823943661971831,0.9647887323943662,social|1,0.7,60,60,0.7833333333333333,0.9833333333333333,0.1,0.9243463821921456,276.65852092046936,168.4845779093629
dreaddit,distilbert,2024,del_30,M0,clean,0.05,0,715,0.9146853146853147,1.3776223776223777,0.6223776223776224,0.0,0.3776223776223776,0.22937062937062938,0.393006993006993,0.606993006993007,0.3776223776223776,0.8644986449864499,0.9258741258741259,0.9706293706293706,0.9682080924855492,346,330,0.9161849710982659,0.9797687861271677,0.8644986449864499,369,370,0.9159891598915989,0.978319783197832,social,0.8873239436619719,142,129,0.8943661971830986,0.9929577464788732,social|1,0.75,60,60,0.85,1.0,0.1,0.9578371477356393,385.5828124755236,315.50668107837157
dreaddit,distilbert,2024,del_30,M1,clean,0.1,0,715,0.8755244755244755,1.2377622377622377,0.7622377622377622,0.0,0.23776223776223776,0.3076923076923077,0.45454545454545453,0.5454545454545454,0.23776223776223776,0.8238482384823849,0.8671328671328671,0.9300699300699301,0.930635838150289,346,330,0.8526011560693642,0.9421965317919075,0.8238482384823849,369,370,0.8536585365853658,0.940379403794038,social,0.852112676056338,142,129,0.823943661971831,0.9647887323943662,social|1,0.7,60,60,0.7833333333333333,0.9833333333333333,0.1,0.9199570781834987,306.08424581355644,190.53996898350488
dreaddit,distilbert,2024,del_30,M1,clean,0.05,0,715,0.9216783216783216,1.386013986013986,0.6139860139860139,0.0,0.386013986013986,0.23776223776223776,0.37622377622377623,0.6237762237762238,0.386013986013986,0.8807588075880759,0.9258741258741259,0.9706293706293706,0.9653179190751445,346,330,0.9161849710982659,0.9797687861271677,0.8807588075880759,369,370,0.9159891598915989,0.978319783197832,social,0.8873239436619719,142,129,0.8943661971830986,0.9929577464788732,social|1,0.75,60,60,0.85,1.0,0.1,0.9568620079264376,402.81576515187123,328.78346413521933
dreaddit,distilbert,2024,del_30,M2,clean,0.1,0,715,0.8657342657342657,1.241958041958042,0.7580419580419581,0.0,0.24195804195804196,0.2881118881118881,0.4699300699300699,0.5300699300699301,0.24195804195804196,0.7940379403794038,0.8671328671328671,0.9300699300699301,0.9421965317919075,346,330,0.8526011560693642,0.9421965317919075,0.7940379403794038,369,370,0.8536585365853658,0.940379403794038,anxiety,0.8012422360248447,161,147,0.8322981366459627,0.9627329192546584,anxiety|1,0.6947368421052632,95,98,0.8210526315789474,0.9789473684210527,0.1,0.9273806726506572,303.1032160032583,200.67359055093442
dreaddit,distilbert,2024,del_30,M2,clean,0.05,0,715,0.9524475524475524,1.5622377622377623,0.43776223776223777,0.0,0.5622377622377622,0.1958041958041958,0.24195804195804196,0.7580419580419581,0.5622377622377622,0.9295392953929539,0.9258741258741259,0.9706293706293706,0.976878612716763,346,330,0.9161849710982659,0.9797687861271677,0.9295392953929539,369,370,0.9159891598915989,0.978319783197832,anxiety,0.9254658385093167,161,147,0.9006211180124224,0.9875776397515528,anxiety|1,0.8842105263157894,95,98,0.8947368421052632,1.0,0.1,0.9721446809843821,610.5839873427636,554.0023810642731
dreaddit,distilbert,2024,del_30,M3,matched,0.1,0,715,0.8783216783216783,1.2307692307692308,0.7692307692307693,0.0,0.23076923076923078,0.43496503496503497,0.33426573426573425,0.6657342657342658,0.23076923076923078,0.8997289972899729,0.8671328671328671,0.9300699300699301,0.8554913294797688,346,330,0.8526011560693642,0.9421965317919075,0.8997289972899729,369,370,0.8536585365853658,0.940379403794038,social,0.8380281690140845,142,129,0.823943661971831,0.9647887323943662,ptsd|0,0.7777777777777778,45,59,0.7555555555555555,1.0,0.1,0.8599150962607893,464.53937371743666,263.7498629321553
dreaddit,distilbert,2024,del_30,M3,matched,0.05,0,715,0.9342657342657342,1.46013986013986,0.5398601398601398,0.0,0.46013986013986014,0.3412587412587413,0.1986013986013986,0.8013986013986014,0.46013986013986014,0.959349593495935,0.9258741258741259,0.9706293706293706,0.9075144508670521,346,330,0.9161849710982659,0.9797687861271677,0.959349593495935,369,370,0.9159891598915989,0.978319783197832,social,0.9014084507042254,142,129,0.8943661971830986,0.9929577464788732,ptsd|0,0.8444444444444444,45,59,0.8444444444444444,1.0,0.1,0.9126979651299404,665.588138540345,524.8985697949465
dreaddit,distilbert,2024,del_30,M3-mix,mix,0.1,0,715,0.8965034965034965,1.2993006993006992,0.7006993006993008,0.0,0.2993006993006993,0.3832167832167832,0.3174825174825175,0.6825174825174826,0.2993006993006993,0.9105691056910569,0.8671328671328671,0.9300699300699301,0.8815028901734104,346,330,0.8526011560693642,0.9421965317919075,0.9105691056910569,369,370,0.8536585365853658,0.940379403794038,social,0.8661971830985915,142,129,0.823943661971831,0.9647887323943662,ptsd|0,0.7777777777777778,45,59,0.7555555555555555,1.0,0.1,0.8844095117251751,486.43263311245835,316.6416028322133
dreaddit,distilbert,2024,del_30,M3-mix,mix,0.05,0,715,0.9440559440559441,1.5272727272727273,0.4727272727272727,0.0,0.5272727272727272,0.2601398601398601,0.2125874125874126,0.7874125874125875,0.5272727272727272,0.94579945799458,0.9258741258741259,0.9706293706293706,0.9421965317919075,346,330,0.9161849710982659,0.9797687861271677,0.94579945799458,369,370,0.9159891598915989,0.978319783197832,social,0.9225352112676056,142,129,0.8943661971830986,0.9929577464788732,social|1,0.8833333333333333,60,60,0.85,1.0,0.1,0.9425568244121747,651.2273446433887,554.2177733916067
dreaddit,distilbert,2024,del_30,M5,clean,0.1,0,715,0.7888111888111888,1.0,1.0,0.0,0.0,0.5454545454545454,0.45454545454545453,0.5454545454545454,0.0,0.8238482384823849,0.8671328671328671,0.9300699300699301,0.7514450867052023,346,330,0.8526011560693642,0.9421965317919075,0.8238482384823849,369,370,0.8536585365853658,0.940379403794038,social,0.7394366197183099,142,129,0.823943661971831,0.9647887323943662,ptsd|0,0.6222222222222222,45,59,0.7555555555555555,1.0,0.1,0.7586854018829206,306.08424581355644,0.0
dreaddit,distilbert,2024,del_30,M5,clean,0.05,0,715,0.7692307692307693,1.0,1.0,0.0,0.0,0.6237762237762238,0.37622377622377623,0.6237762237762238,0.0,0.8807588075880759,0.9258741258741259,0.9706293706293706,0.6502890173410405,346,330,0.9161849710982659,0.9797687861271677,0.8807588075880759,369,370,0.9159891598915989,0.978319783197832,social,0.6690140845070423,142,129,0.8943661971830986,0.9929577464788732,ptsd|0,0.5333333333333333,45,59,0.8444444444444444,1.0,0.1,0.673335996365744,402.81576515187123,0.0
dreaddit,distilbert,2024,typo_05,M0,clean,0.1,0,715,0.848951048951049,1.2335664335664336,0.7664335664335664,0.0,0.23356643356643356,0.26153846153846155,0.5048951048951049,0.4951048951048951,0.23356643356643356,0.7588075880758808,0.8671328671328671,0.9300699300699301,0.9450867052023122,346,330,0.8526011560693642,0.9421965317919075,0.7588075880758808,369,370,0.8536585365853658,0.940379403794038,social,0.795774647887324,142,129,0.823943661971831,0.9647887323943662,social|1,0.5833333333333334,60,60,0.7833333333333333,0.9833333333333333,0.1,0.9264587934896691,268.36630794053605,173.41588733806412
dreaddit,distilbert,2024,typo_05,M0,clean,0.05,0,715,0.9188811188811189,1.4111888111888111,0.5888111888111888,0.0,0.4111888111888112,0.1916083916083916,0.3972027972027972,0.6027972027972028,0.4111888111888112,0.8644986449864499,0.9258741258741259,0.9706293706293706,0.976878612716763,346,330,0.9161849710982659,0.9797687861271677,0.8644986449864499,369,370,0.9159891598915989,0.978319783197832,social,0.8732394366197183,142,129,0.8943661971830986,0.9929577464788732,social|1,0.7166666666666667,60,60,0.85,1.0,0.1,0.9656406159437317,377.77934426743116,322.0107461190219
dreaddit,distilbert,2024,typo_05,M1,clean,0.1,0,715,0.8685314685314686,1.2461538461538462,0.7538461538461538,0.0,0.24615384615384617,0.2811188811188811,0.4727272727272727,0.5272727272727272,0.24615384615384617,0.8021680216802168,0.8671328671328671,0.9300699300699301,0.9393063583815029,346,330,0.8526011560693642,0.9421965317919075,0.8021680216802168,369,370,0.8536585365853658,0.940379403794038,social,0.8098591549295775,142,129,0.823943661971831,0.9647887323943662,social|1,0.6166666666666667,60,60,0.7833333333333333,0.9833333333333333,0.1,0.9255925247113743,290.9104437865188,187.50567852499333
dreaddit,distilbert,2024,typo_05,M1,clean,0.05,0,715,0.9286713286713286,1.4321678321678322,0.5678321678321678,0.0,0.43216783216783217,0.1972027972027972,0.3706293706293706,0.6293706293706294,0.43216783216783217,0.8861788617886179,0.9258741258741259,0.9706293706293706,0.9739884393063584,346,330,0.9161849710982659,0.9797687861271677,0.8861788617886179,369,370,0.9159891598915989,0.978319783197832,social,0.8873239436619719,142,129,0.8943661971830986,0.9929577464788732,social|1,0.75,60,60,0.85,1.0,0.1,0.9652074815545844,408.5600827106538,349.377320362799
dreaddit,distilbert,2024,typo_05,M2,clean,0.1,0,715,0.8587412587412587,1.2783216783216784,0.7216783216783217,0.0,0.2783216783216783,0.2517482517482518,0.4699300699300699,0.5300699300699301,0.2783216783216783,0.7669376693766937,0.8671328671328671,0.9300699300699301,0.9566473988439307,346,330,0.8526011560693642,0.9421965317919075,0.7669376693766937,369,370,0.8536585365853658,0.940379403794038,anxiety,0.7950310559006211,161,147,0.8322981366459627,0.9627329192546584,anxiety|1,0.6631578947368421,95,98,0.8210526315789474,0.9789473684210527,0.1,0.937676425897207,326.4047495966289,242.67196140169494
dreaddit,distilbert,2024,typo_05,M2,clean,0.05,0,715,0.9566433566433566,1.5846153846153845,0.4153846153846154,0.0,0.5846153846153846,0.15244755244755245,0.2629370629370629,0.737062937062937,0.5846153846153846,0.940379403794038,0.9258741258741259,0.9706293706293706,0.9739884393063584,346,330,0.9161849710982659,0.9797687861271677,0.940379403794038,369,370,0.9159891598915989,0.978319783197832,ptsd,0.9291338582677166,127,138,0.8976377952755905,0.9921259842519685,ptsd|1,0.9024390243902439,82,79,0.8658536585365854,1.0,0.1,0.9706275357551264,562.2460328649529,511.7353572379655
dreaddit,distilbert,2024,typo_05,M3,matched,0.1,0,715,0.8811188811188811,1.2587412587412588,0.7412587412587412,0.0,0.25874125874125875,0.42097902097902096,0.3202797202797203,0.6797202797202797,0.25874125874125875,0.9105691056910569,0.8671328671328671,0.9300699300699301,0.8497109826589595,346,330,0.8526011560693642,0.9421965317919075,0.9105691056910569,369,370,0.8536585365853658,0.940379403794038,social,0.8661971830985915,142,129,0.823943661971831,0.9647887323943662,ptsd|0,0.7777777777777778,45,59,0.7555555555555555,1.0,0.1,0.8557967949621693,481.23032097373,278.49053057004556
dreaddit,distilbert,2024,typo_05,M3,matched,0.05,0,715,0.9398601398601398,1.4643356643356644,0.5356643356643357,0.0,0.4643356643356643,0.3356643356643357,0.2,0.8,0.4643356643356643,0.9728997289972899,0.9258741258741259,0.9706293706293706,0.9046242774566474,346,330,0.9161849710982659,0.9797687861271677,0.9728997289972899,369,370,0.9159891598915989,0.978319783197832,ptsd,0.9212598425196851,127,138,0.8976377952755905,0.9921259842519685,ptsd|0,0.8222222222222222,45,59,0.8444444444444444,1.0,0.1,0.9114518226107117,651.3362156742954,509.4005044096683
dreaddit,distilbert,2024,typo_05,M3-mix,mix,0.1,0,715,0.9286713286713286,1.4125874125874125,0.5874125874125874,0.0,0.4125874125874126,0.2867132867132867,0.3006993006993007,0.6993006993006993,0.4125874125874126,0.9349593495934959,0.8671328671328671,0.9300699300699301,0.9219653179190751,346,330,0.8526011560693642,0.9421965317919075,0.9349593495934959,369,370,0.8536585365853658,0.940379403794038,social,0.9084507042253521,142,129,0.823943661971831,0.9647887323943662,social|1,0.8666666666666667,60,60,0.7833333333333333,0.9833333333333333,0.1,0.9232647210865172,496.6751257107947,378.20542945313844
dreaddit,distilbert,2024,typo_05,M3-mix,mix,0.05,0,715,0.9692307692307692,1.613986013986014,0.386013986013986,0.0,0.6139860139860139,0.2013986013986014,0.18461538461538463,0.8153846153846154,0.6139860139860139,0.978319783197832,0.9258741258741259,0.9706293706293706,0.9595375722543352,346,330,0.9161849710982659,0.9797687861271677,0.978319783197832,369,370,0.9159891598915989,0.978319783197832,social,0.9577464788732394,142,129,0.8943661971830986,0.9929577464788732,social|1,0.9333333333333333,60,60,0.85,1.0,0.1,0.9614157933486849,675.2886257186271,603.6420884440059
dreaddit,distilbert,2024,typo_05,M5,clean,0.1,0,715,0.7846153846153846,1.0,1.0,0.0,0.0,0.5272727272727272,0.4727272727272727,0.5272727272727272,0.0,0.8021680216802168,0.8671328671328671,0.9300699300699301,0.7658959537572254,346,330,0.8526011560693642,0.9421965317919075,0.8021680216802168,369,370,0.8536585365853658,0.940379403794038,abuse,0.7535211267605634,142,142,0.823943661971831,0.9647887323943662,social|1,0.6166666666666667,60,60,0.7833333333333333,0.9833333333333333,0.1,0.7695231605495245,290.9104437865188,0.0
dreaddit,distilbert,2024,typo_05,M5,clean,0.05,0,715,0.7692307692307693,1.0,1.0,0.0,0.0,0.6293706293706294,0.3706293706293706,0.6293706293706294,0.0,0.8861788617886179,0.9258741258741259,0.9706293706293706,0.6445086705202312,346,330,0.9161849710982659,0.9797687861271677,0.8861788617886179,369,370,0.9159891598915989,0.978319783197832,social,0.6690140845070423,142,129,0.8943661971830986,0.9929577464788732,abuse|0,0.59375,64,66,0.875,1.0,0.1,0.6686756896470699,408.5600827106538,0.0
dreaddit,distilbert,2024,typo_10,M0,clean,0.1,0,715,0.765034965034965,1.2321678321678322,0.7678321678321678,0.0,0.23216783216783216,0.13006993006993006,0.6377622377622377,0.3622377622377622,0.23216783216783216,0.5663956639566395,0.8671328671328671,0.9300699300699301,0.976878612716763,346,330,0.8526011560693642,0.9421965317919075,0.5663956639566395,369,370,0.8536585365853658,0.940379403794038,social,0.7253521126760564,142,129,0.823943661971831,0.9647887323943662,social|1,0.36666666666666664,60,60,0.7833333333333333,0.9833333333333333,0.1,0.9358303178407507,186.69736986387207,142.85289095665524
dreaddit,distilbert,2024,typo_10,M0,clean,0.05,0,715,0.8545454545454545,1.3958041958041958,0.6041958041958042,0.0,0.3958041958041958,0.08951048951048951,0.5146853146853146,0.4853146853146853,0.3958041958041958,0.7235772357723578,0.9258741258741259,0.9706293706293706,0.9942196531791907,346,330,0.9161849710982659,0.9797687861271677,0.7235772357723578,369,370,0.9159891598915989,0.978319783197832,social,0.8309859154929577,142,129,0.8943661971830986,0.9929577464788732,social|1,0.6166666666666667,60,60,0.85,1.0,0.1,0.9671554114385075,280.45020912636875,258.4457289659602
dreaddit,distilbert,2024,typo_10,M1,clean,0.1,0,715,0.7678321678321678,1.2321678321678322,0.7678321678321678,0.0,0.23216783216783216,0.14265734265734265,0.6251748251748251,0.3748251748251748,0.23216783216783216,0.5772357723577236,0.8671328671328671,0.9300699300699301,0.9710982658959537,346,330,0.8526011560693642,0.9421965317919075,0.5772357723577236,369,370,0.8536585365853658,0.940379403794038,abuse,0.7323943661971831,142,142,0.823943661971831,0.9647887323943662,social|1,0.4,60,60,0.7833333333333333,0.9833333333333333,0.1,0.9317120165421308,200.78716105080127,149.84335103466643
dreaddit,distilbert,2024,typo_10,M1,clean,0.05,0,715,0.8755244755244755,1.4307692307692308,0.5692307692307692,0.0,0.4307692307692308,0.08951048951048951,0.4797202797202797,0.5202797202797202,0.4307692307692308,0.7642276422764228,0.9258741258741259,0.9706293706293706,0.9942196531791907,346,330,0.9161849710982659,0.9797687861271677,0.7642276422764228,369,370,0.9159891598915989,0.978319783197832,social,0.852112676056338,142,129,0.8943661971830986,0.9929577464788732,social|1,0.6666666666666666,60,60,0.85,1.0,0.1,0.9712204520889139,310.5268104704169,288.5223303100083
dreaddit,distilbert,2024,typo_10,M2,clean,0.1,0,715,0.7678321678321678,1.255944055944056,0.7440559440559441,0.0,0.25594405594405595,0.12307692307692308,0.620979020979021,0.37902097902097903,0.25594405594405595,0.5691056910569106,0.8671328671328671,0.9300699300699301,0.9797687861271677,346,330,0.8526011560693642,0.9421965317919075,0.5691056910569106,369,370,0.8536585365853658,0.940379403794038,anxiety,0.6894409937888198,161,147,0.8322981366459627,0.9627329192546584,anxiety|1,0.47368421052631576,95,98,0.8210526315789474,0.9789473684210527,0.1,0.938702476620142,215.58108933690494,175.4217773391607
dreaddit,distilbert,2024,typo_10,M2,clean,0.05,0,715,0.9146853146853147,1.5916083916083916,0.4083916083916084,0.0,0.5916083916083916,0.07272727272727272,0.3356643356643357,0.6643356643356644,0.5916083916083916,0.8346883468834688,0.9258741258741259,0.9706293706293706,1.0,346,330,0.9161849710982659,0.9797687861271677,0.8346883468834688,369,370,0.9159891598915989,0.978319783197832,anxiety,0.8136645962732919,161,147,0.9006211180124224,0.9875776397515528,anxiety|1,0.6842105263157895,95,98,0.8947368421052632,1.0,0.1,0.9834688346883469,517.8618982721619,503.7697573507527
dreaddit,distilbert,2024,typo_10,M3,matched,0.1,0,715,0.8783216783216783,1.3272727272727274,0.6727272727272727,0.0,0.32727272727272727,0.365034965034965,0.3076923076923077,0.6923076923076923,0.32727272727272727,0.9024390243902439,0.8671328671328671,0.9300699300699301,0.8526011560693642,346,330,0.8526011560693642,0.9421965317919075,0.9024390243902439,369,370,0.8536585365853658,0.940379403794038,ptsd,0.8503937007874016,127,138,0.8267716535433071,0.968503937007874,ptsd|0,0.7777777777777778,45,59,0.7555555555555555,1.0,0.1,0.8575849429014522,511.6311856760186,322.0616570327553
dreaddit,distilbert,2024,typo_10,M3,matched,0.05,0,715,0.9300699300699301,1.5132867132867134,0.48671328671328673,0.0,0.5132867132867133,0.2965034965034965,0.1902097902097902,0.8097902097902098,0.5132867132867133,0.9512195121951219,0.9258741258741259,0.9706293706293706,0.9075144508670521,346,330,0.9161849710982659,0.9797687861271677,0.9512195121951219,369,370,0.9159891598915989,0.978319783197832,ptsd,0.9133858267716536,127,138,0.8976377952755905,0.9921259842519685,ptsd|0,0.8222222222222222,45,59,0.8444444444444444,1.0,0.1,0.911884956999859,688.1855350345411,556.1680530100099
dreaddit,distilbert,2024,typo_10,M3-mix,mix,0.1,0,715,0.9118881118881119,1.4629370629370628,0.5370629370629371,0.0,0.46293706293706294,0.16083916083916083,0.37622377622377623,0.6237762237762238,0.46293706293706294,0.8644986449864499,0.8671328671328671,0.9300699300699301,0.9624277456647399,346,330,0.8526011560693642,0.9421965317919075,0.8644986449864499,369,370,0.8536585365853658,0.940379403794038,ptsd,0.8661417322834646,127,138,0.8267716535433071,0.968503937007874,social|1,0.7833333333333333,60,60,0.7833333333333333,0.9833333333333333,0.1,0.9526348355969109,416.7966853078936,355.3393799833952
dreaddit,distilbert,2024,typo_10,M3-mix,mix,0.05,0,715,0.9678321678321679,1.6755244755244756,0.32447552447552447,0.0,0.6755244755244755,0.11048951048951049,0.213986013986014,0.786013986013986,0.6755244755244755,0.9512195121951219,0.9258741258741259,0.9706293706293706,0.9855491329479769,346,330,0.9161849710982659,0.9797687861271677,0.9512195121951219,369,370,0.9159891598915989,0.978319783197832,social,0.9436619718309859,142,129,0.8943661971830986,0.9929577464788732,social|1,0.8833333333333333,60,60,0.85,1.0,0.1,0.9821161708726913,643.9658818553503,610.9059009665242
dreaddit,distilbert,2024,typo_10,M5,clean,0.1,0,715,0.7048951048951049,1.0,1.0,0.0,0.0,0.3748251748251748,0.6251748251748251,0.3748251748251748,0.0,0.5772357723577236,0.8671328671328671,0.9300699300699301,0.8410404624277457,346,330,0.8526011560693642,0.9421965317919075,0.5772357723577236,369,370,0.8536585365853658,0.940379403794038,abuse,0.647887323943662,142,142,0.823943661971831,0.9647887323943662,social|1,0.4,60,60,0.7833333333333333,0.9833333333333333,0.1,0.8146599934207435,200.78716105080127,0.0
dreaddit,distilbert,2024,typo_10,M5,clean,0.05,0,715,0.7524475524475525,1.0,1.0,0.0,0.0,0.5202797202797202,0.4797202797202797,0.5202797202797202,0.0,0.7642276422764228,0.9258741258741259,0.9706293706293706,0.7398843930635838,346,330,0.9161849710982659,0.9797687861271677,0.7642276422764228,369,370,0.9159891598915989,0.978319783197832,financial,0.7272727272727273,143,144,0.8951048951048951,0.993006993006993,abuse|0,0.640625,64,66,0.875,1.0,0.1,0.7423187179848677,310.5268104704169,0.0
dreaddit,distilbert,42,clean,M0,clean,0.1,0,715,0.8601398601398601,1.2307692307692308,0.7692307692307693,0.0,0.23076923076923078,0.5454545454545454,0.22377622377622378,0.7762237762237763,0.23076923076923078,0.9566395663956639,0.8671328671328671,0.9300699300699301,0.7572254335260116,346,330,0.8526011560693642,0.9421965317919075,0.9566395663956639,369,370,0.8536585365853658,0.940379403794038,social,0.8098591549295775,142,129,0.823943661971831,0.9647887323943662,ptsd|0,0.6222222222222222,45,59,0.7555555555555555,1.0,0.1,0.7771668468129769,621.097482651127,319.6735435562448
dreaddit,distilbert,42,clean,M0,clean,0.05,0,715,0.9118881118881119,1.4083916083916084,0.5916083916083916,0.0,0.4083916083916084,0.4405594405594406,0.15104895104895105,0.848951048951049,0.4083916083916084,0.981029810298103,0.9258741258741259,0.9706293706293706,0.838150289017341,346,330,0.9161849710982659,0.9797687861271677,0.981029810298103,369,370,0.9159891598915989,0.978319783197832,ptsd,0.889763779527559,127,138,0.8976377952755905,0.9921259842519685,ptsd|0,0.6888888888888889,45,59,0.8444444444444444,1.0,0.1,0.8524382411454172,735.38621802403,519.531776242618
dreaddit,distilbert,42,clean,M1,clean,0.1,0,715,0.8685314685314686,1.1958041958041958,0.8041958041958042,0.0,0.1958041958041958,0.4489510489510489,0.35524475524475524,0.6447552447552447,0.1958041958041958,0.9024390243902439,0.8671328671328671,0.9300699300699301,0.8323699421965318,346,330,0.8526011560693642,0.9421965317919075,0.9024390243902439,369,370,0.8536585365853658,0.940379403794038,social,0.823943661971831,142,129,0.823943661971831,0.9647887323943662,ptsd|0,0.6888888888888889,45,59,0.7555555555555555,1.0,0.1,0.839376850415903,423.19187931763713,201.05111455738836
dreaddit,distilbert,42,clean,M1,clean,0.05,0,715,0.9174825174825175,1.3832167832167832,0.6167832167832168,0.0,0.3832167832167832,0.3734265734265734,0.24335664335664337,0.7566433566433567,0.3832167832167832,0.948509485094851,0.9258741258741259,0.9706293706293706,0.884393063583815,346,330,0.9161849710982659,0.9797687861271677,0.948509485094851,369,370,0.9159891598915989,0.978319783197832,social,0.8732394366197183,142,129,0.8943661971830986,0.9929577464788732,ptsd|0,0.8,45,59,0.8444444444444444,1.0,0.1,0.8908047057349187,591.67175775804,426.10789980732176
dreaddit,distilbert,42,clean,M2,clean,0.1,0,715,0.8811188811188811,1.2587412587412588,0.7412587412587412,0.0,0.25874125874125875,0.4461538461538462,0.2951048951048951,0.7048951048951049,0.25874125874125875,0.9214092140921409,0.8671328671328671,0.9300699300699301,0.838150289017341,346,330,0.8526011560693642,0.9421965317919075,0.9214092140921409,369,370,0.8536585365853658,0.940379403794038,ptsd,0.8661417322834646,127,138,0.8267716535433071,0.968503937007874,abuse|0,0.796875,64,66,0.796875,0.984375,0.1,0.846476181524821,518.7305167849366,301.7920641634162
dreaddit,distilbert,42,clean,M2,clean,0.05,0,715,0.9300699300699301,1.4405594405594406,0.5594405594405595,0.0,0.4405594405594406,0.34685314685314683,0.2125874125874126,0.7874125874125875,0.4405594405594406,0.962059620596206,0.9258741258741259,0.9706293706293706,0.8959537572254336,346,330,0.9161849710982659,0.9797687861271677,0.962059620596206,369,370,0.9159891598915989,0.978319783197832,ptsd,0.905511811023622,127,138,0.8976377952755905,0.9921259842519685,abuse|0,0.828125,64,66,0.875,1.0,0.1,0.9025643435625108,637.2464244873663,486.1522314645112
dreaddit,distilbert,42,clean,M3,matched,0.1,0,715,0.8685314685314686,1.1958041958041958,0.8041958041958042,0.0,0.1958041958041958,0.4489510489510489,0.35524475524475524,0.6447552447552447,0.1958041958041958,0.9024390243902439,0.8671328671328671,0.9300699300699301,0.8323699421965318,346,330,0.8526011560693642,0.9421965317919075,0.9024390243902439,369,370,0.8536585365853658,0.940379403794038,social,0.823943661971831,142,129,0.823943661971831,0.9647887323943662,ptsd|0,0.6888888888888889,45,59,0.7555555555555555,1.0,0.1,0.839376850415903,423.19187931763713,201.05111455738836
dreaddit,distilbert,42,clean,M3,matched,0.05,0,715,0.9174825174825175,1.3832167832167832,0.6167832167832168,0.0,0.3832167832167832,0.3734265734265734,0.24335664335664337,0.7566433566433567,0.3832167832167832,0.948509485094851,0.9258741258741259,0.9706293706293706,0.884393063583815,346,330,0.9161849710982659,0.9797687861271677,0.948509485094851,369,370,0.9159891598915989,0.978319783197832,social,0.8732394366197183,142,129,0.8943661971830986,0.9929577464788732,ptsd|0,0.8,45,59,0.8444444444444444,1.0,0.1,0.8908047057349187,591.67175775804,426.10789980732176
dreaddit,distilbert,42,clean,M3-mix,mix,0.1,0,715,0.8741258741258742,1.2783216783216784,0.7216783216783217,0.0,0.2783216783216783,0.4825174825174825,0.23916083916083916,0.7608391608391608,0.2783216783216783,0.9566395663956639,0.8671328671328671,0.9300699300699301,0.7861271676300579,346,330,0.8526011560693642,0.9421965317919075,0.9566395663956639,369,370,0.8536585365853658,0.940379403794038,social,0.823943661971831,142,129,0.823943661971831,0.9647887323943662,ptsd|0,0.7111111111111111,45,59,0.7555555555555555,1.0,0.1,0.8031784075066185,592.4847658881214,326.5574823378292
dreaddit,distilbert,42,clean,M3-mix,mix,0.05,0,715,0.9258741258741259,1.46993006993007,0.5300699300699301,0.0,0.4699300699300699,0.36083916083916084,0.16923076923076924,0.8307692307692308,0.4699300699300699,0.975609756097561,0.9258741258741259,0.9706293706293706,0.8728323699421965,346,330,0.9161849710982659,0.9797687861271677,0.975609756097561,369,370,0.9159891598915989,0.978319783197832,social,0.8943661971830986,142,129,0.8943661971830986,0.9929577464788732,ptsd|0,0.7555555555555555,45,59,0.8444444444444444,1.0,0.1,0.883110108557733,706.23149584097,533.7860488431475
dreaddit,distilbert,42,clean,M5,clean,0.1,0,715,0.7706293706293706,1.0,1.0,0.0,0.0,0.6447552447552447,0.35524475524475524,0.6447552447552447,0.0,0.9024390243902439,0.8671328671328671,0.9300699300699301,0.630057803468208,346,330,0.8526011560693642,0.9421965317919075,0.9024390243902439,369,370,0.8536585365853658,0.940379403794038,social,0.7112676056338029,142,129,0.823943661971831,0.9647887323943662,ptsd|0,0.5555555555555556,45,59,0.7555555555555555,1.0,0.1,0.6572959255604116,423.19187931763713,0.0
dreaddit,distilbert,42,clean,M5,clean,0.05,0,715,0.7062937062937062,1.0,1.0,0.0,0.0,0.7566433566433567,0.24335664335664337,0.7566433566433567,0.0,0.948509485094851,0.9258741258741259,0.9706293706293706,0.4479768786127168,346,330,0.9161849710982659,0.9797687861271677,0.948509485094851,369,370,0.9159891598915989,0.978319783197832,social,0.6197183098591549,142,129,0.8943661971830986,0.9929577464788732,abuse|0,0.390625,64,66,0.875,1.0,0.1,0.4980301392609302,591.67175775804,0.0
dreaddit,distilbert,42,head_75,M0,clean,0.1,0,715,0.8615384615384616,1.26993006993007,0.73006993006993,0.0,0.2699300699300699,0.4881118881118881,0.24195804195804196,0.7580419580419581,0.2699300699300699,0.9376693766937669,0.8671328671328671,0.9300699300699301,0.7803468208092486,346,330,0.8526011560693642,0.9421965317919075,0.9376693766937669,369,370,0.8536585365853658,0.940379403794038,social,0.8098591549295775,142,129,0.823943661971831,0.9647887323943662,ptsd|0,0.6444444444444445,45,59,0.7555555555555555,1.0,0.1,0.7960790763977005,603.5935272647524,331.92192615567774
dreaddit,distilbert,42,head_75,M0,clean,0.05,0,715,0.9146853146853147,1.4489510489510489,0.551048951048951,0.0,0.4489510489510489,0.3986013986013986,0.15244755244755245,0.8475524475524475,0.4489510489510489,0.981029810298103,0.9258741258741259,0.9706293706293706,0.8439306358381503,346,330,0.9161849710982659,0.9797687861271677,0.981029810298103,369,370,0.9159891598915989,0.978319783197832,social,0.8873239436619719,142,129,0.8943661971830986,0.9929577464788732,ptsd|0,0.7555555555555555,45,59,0.8444444444444444,1.0,0.1,0.8576405532841456,732.7850619546657,529.7210081927409
dreaddit,distilbert,42,head_75,M1,clean,0.1,0,715,0.8321678321678322,1.1846153846153846,0.8153846153846154,0.0,0.18461538461538463,0.413986013986014,0.4013986013986014,0.5986013986013986,0.18461538461538463,0.8292682926829268,0.8671328671328671,0.9300699300699301,0.8352601156069365,346,330,0.8526011560693642,0.9421965317919075,0.8292682926829268,369,370,0.8536585365853658,0.940379403794038,social,0.7816901408450704,142,129,0.823943661971831,0.9647887323943662,social|1,0.6666666666666666,60,60,0.7833333333333333,0.9833333333333333,0.1,0.8346609333145355,400.2678697307204,187.23232608048625
dreaddit,distilbert,42,head_75,M1,clean,0.05,0,715,0.9104895104895104,1.4,0.6,0.0,0.4,0.32867132867132864,0.27132867132867133,0.7286713286713287,0.4,0.9186991869918699,0.9258741258741259,0.9706293706293706,0.9017341040462428,346,330,0.9161849710982659,0.9797687861271677,0.9186991869918699,369,370,0.9159891598915989,0.978319783197832,social,0.852112676056338,142,129,0.8943661971830986,0.9929577464788732,social|1,0.7833333333333333,60,60,0.85,1.0,0.1,0.9034306123408056,565.2803233234645,422.36947224963586
dreaddit,distilbert,42,head_75,M2,clean,0.1,0,715,0.8587412587412587,1.2643356643356642,0.7356643356643356,0.0,0.26433566433566436,0.4,0.3356643356643357,0.6643356643356644,0.26433566433566436,0.8672086720867209,0.8671328671328671,0.9300699300699301,0.8497109826589595,346,330,0.8526011560693642,0.9421965317919075,0.8672086720867209,369,370,0.8536585365853658,0.940379403794038,ptsd,0.8267716535433071,127,138,0.8267716535433071,0.968503937007874,social|1,0.8166666666666667,60,60,0.7833333333333333,0.9833333333333333,0.1,0.8514607516017357,489.9000579601172,291.2253082068393
dreaddit,distilbert,42,head_75,M2,clean,0.05,0,715,0.9146853146853147,1.4391608391608393,0.5608391608391609,0.0,0.43916083916083914,0.31888111888111886,0.24195804195804196,0.7580419580419581,0.43916083916083914,0.9295392953929539,0.9258741258741259,0.9706293706293706,0.8988439306358381,346,330,0.9161849710982659,0.9797687861271677,0.9295392953929539,369,370,0.9159891598915989,0.978319783197832,ptsd,0.8740157480314961,127,138,0.8976377952755905,0.9921259842519685,financial|0,0.8651685393258427,89,87,0.8764044943820225,1.0,0.1,0.9019134671115497,610.5839873427636,467.2400018797876
dreaddit,distilbert,42,head_75,M3,matched,0.1,0,715,0.855944055944056,1.2237762237762237,0.7762237762237763,0.0,0.22377622377622378,0.43916083916083914,0.33706293706293705,0.6629370629370629,0.22377622377622378,0.8861788617886179,0.8671328671328671,0.9300699300699301,0.8236994219653179,346,330,0.8526011560693642,0.9421965317919075,0.8861788617886179,369,370,0.8536585365853658,0.940379403794038,social,0.8098591549295775,142,129,0.823943661971831,0.9647887323943662,ptsd|0,0.7111111111111111,45,59,0.7555555555555555,1.0,0.1,0.8299473659476478,470.9878283753936,243.75362250732334
dreaddit,distilbert,42,head_75,M3,matched,0.05,0,715,0.9230769230769231,1.4489510489510489,0.551048951048951,0.0,0.4489510489510489,0.3104895104895105,0.24055944055944056,0.7594405594405594,0.4489510489510489,0.9376693766937669,0.9258741258741259,0.9706293706293706,0.9075144508670521,346,330,0.9161849710982659,0.9797687861271677,0.9376693766937669,369,370,0.9159891598915989,0.978319783197832,social,0.8591549295774648,142,129,0.8943661971830986,0.9929577464788732,social|1,0.7833333333333333,60,60,0.85,1.0,0.1,0.9105299434497236,606.1946833341167,471.4671742093144
dreaddit,distilbert,42,head_75,M3-mix,mix,0.1,0,715,0.8615384615384616,1.255944055944056,0.7440559440559441,0.0,0.25594405594405595,0.47692307692307695,0.26713286713286716,0.7328671328671329,0.25594405594405595,0.9214092140921409,0.8671328671328671,0.9300699300699301,0.7976878612716763,346,330,0.8526011560693642,0.9421965317919075,0.9214092140921409,369,370,0.8536585365853658,0.940379403794038,social,0.8098591549295775,142,129,0.823943661971831,0.9647887323943662,ptsd|0,0.7333333333333333,45,59,0.7555555555555555,1.0,0.1,0.8100599965537227,570.7536381722198,315.23097889938435
dreaddit,distilbert,42,head_75,M3-mix,mix,0.05,0,715,0.9258741258741259,1.441958041958042,0.558041958041958,0.0,0.44195804195804195,0.35804195804195804,0.2,0.8,0.44195804195804195,0.9566395663956639,0.9258741258741259,0.9706293706293706,0.8930635838150289,346,330,0.9161849710982659,0.9797687861271677,0.9566395663956639,369,370,0.9159891598915989,0.978319783197832,social,0.8802816901408451,142,129,0.8943661971830986,0.9929577464788732,ptsd|0,0.8222222222222222,45,59,0.8444444444444444,1.0,0.1,0.8994211820730924,665.3171358303179,509.7247677679089
dreaddit,distilbert,42,head_75,M5,clean,0.1,0,715,0.7412587412587412,1.0,1.0,0.0,0.0,0.5986013986013986,0.4013986013986014,0.5986013986013986,0.0,0.8292682926829268,0.8671328671328671,0.9300699300699301,0.6473988439306358,346,330,0.8526011560693642,0.9421965317919075,0.8292682926829268,369,370,0.8536585365853658,0.940379403794038,social,0.7112676056338029,142,129,0.823943661971831,0.9647887323943662,ptsd|0,0.5777777777777777,45,59,0.7555555555555555,1.0,0.1,0.6655857888058649,400.2678697307204,0.0
dreaddit,distilbert,42,head_75,M5,clean,0.05,0,715,0.7034965034965035,1.0,1.0,0.0,0.0,0.7286713286713287,0.27132867132867133,0.7286713286713287,0.0,0.9186991869918699,0.9258741258741259,0.9706293706293706,0.47398843930635837,346,330,0.9161849710982659,0.9797687861271677,0.9186991869918699,369,370,0.9159891598915989,0.978319783197832,social,0.6338028169014085,142,129,0.8943661971830986,0.9929577464788732,ptsd|0,0.4222222222222222,45,59,0.8444444444444444,1.0,0.1,0.5184595140749095,565.2803233234645,0.0
dreaddit,distilbert,42,head_50,M0,clean,0.1,0,715,0.8657342657342657,1.2993006993006992,0.7006993006993008,0.0,0.2993006993006993,0.42097902097902096,0.27972027972027974,0.7202797202797203,0.2993006993006993,0.9024390243902439,0.8671328671328671,0.9300699300699301,0.8265895953757225,346,330,0.8526011560693642,0.9421965317919075,0.9024390243902439,369,370,0.8536585365853658,0.940379403794038,social,0.823943661971831,142,129,0.823943661971831,0.9647887323943662,ptsd|0,0.7555555555555555,45,59,0.7555555555555555,1.0,0.1,0.8341745382771747,563.6543070633019,342.27328978492096
dreaddit,distilbert,42,head_50,M0,clean,0.05,0,715,0.9258741258741259,1.4867132867132866,0.5132867132867133,0.0,0.48671328671328673,0.3300699300699301,0.18321678321678322,0.8167832167832167,0.48671328671328673,0.9566395663956639,0.9258741258741259,0.9706293706293706,0.8930635838150289,346,330,0.9161849710982659,0.9797687861271677,0.9566395663956639,369,370,0.9159891598915989,0.978319783197832,social,0.9084507042253521,142,129,0.8943661971830986,0.9929577464788732,ptsd|0,0.8222222222222222,45,59,0.8444444444444444,1.0,0.1,0.8994211820730924,696.5310086626878,546.3586948008209
dreaddit,distilbert,42,head_50,M1,clean,0.1,0,715,0.820979020979021,1.2027972027972027,0.7972027972027972,0.0,0.20279720279720279,0.3412587412587413,0.45594405594405596,0.544055944055944,0.20279720279720279,0.7642276422764228,0.8671328671328671,0.9300699300699301,0.8815028901734104,346,330,0.8526011560693642,0.9421965317919075,0.7642276422764228,369,370,0.8536585365853658,0.940379403794038,social,0.7605633802816901,142,129,0.823943661971831,0.9647887323943662,social|1,0.5666666666666667,60,60,0.7833333333333333,0.9833333333333333,0.1,0.8697753653837117,354.7464636496076,193.0855146701756
dreaddit,distilbert,42,head_50,M1,clean,0.05,0,715,0.9104895104895104,1.4223776223776223,0.5776223776223777,0.0,0.4223776223776224,0.2727272727272727,0.3048951048951049,0.6951048951048951,0.4223776223776224,0.8807588075880759,0.9258741258741259,0.9706293706293706,0.9421965317919075,346,330,0.9161849710982659,0.9797687861271677,0.8807588075880759,369,370,0.9159891598915989,0.978319783197832,social,0.8450704225352113,142,129,0.8943661971830986,0.9929577464788732,social|1,0.7166666666666667,60,60,0.85,1.0,0.1,0.9360527593715243,535.4747246894434,436.02612904741767
dreaddit,distilbert,42,head_50,M2,clean,0.1,0,715,0.8419580419580419,1.2783216783216784,0.7216783216783217,0.0,0.2783216783216783,0.3328671328671329,0.3888111888111888,0.6111888111888112,0.2783216783216783,0.7994579945799458,0.8671328671328671,0.9300699300699301,0.8872832369942196,346,330,0.8526011560693642,0.9421965317919075,0.7994579945799458,369,370,0.8536585365853658,0.940379403794038,anxiety,0.7763975155279503,161,147,0.8322981366459627,0.9627329192546584,anxiety|1,0.7052631578947368,95,98,0.8210526315789474,0.9789473684210527,0.1,0.8785007127527923,449.3099613077056,293.9353353071103
dreaddit,distilbert,42,head_50,M2,clean,0.05,0,715,0.9132867132867133,1.4811188811188811,0.5188811188811189,0.0,0.4811188811188811,0.24195804195804196,0.27692307692307694,0.7230769230769231,0.4811188811188811,0.8888888888888888,0.9258741258741259,0.9706293706293706,0.9393063583815029,346,330,0.9161849710982659,0.9797687861271677,0.8888888888888888,369,370,0.9159891598915989,0.978319783197832,ptsd,0.8740157480314961,127,138,0.8976377952755905,0.9921259842519685,ptsd|1,0.8170731707317073,82,79,0.8658536585365854,1.0,0.1,0.9342646114322415,580.5073859987154,484.69069661794884
dreaddit,distilbert,42,head_50,M3,matched,0.1,0,715,0.8811188811188811,1.3468531468531468,0.6531468531468532,0.0,0.34685314685314683,0.37622377622377623,0.27692307692307694,0.7230769230769231,0.34685314685314683,0.9024390243902439,0.8671328671328671,0.9300699300699301,0.8583815028901735,346,330,0.8526011560693642,0.9421965317919075,0.9024390243902439,369,370,0.8536585365853658,0.940379403794038,social,0.8309859154929577,142,129,0.823943661971831,0.9647887323943662,social|1,0.7666666666666667,60,60,0.7833333333333333,0.9833333333333333,0.1,0.8627872550401805,568.8566192020302,381.7793755972242
dreaddit,distilbert,42,head_50,M3,matched,0.05,0,715,0.9398601398601398,1.5062937062937063,0.4937062937062937,0.0,0.5062937062937063,0.3034965034965035,0.1902097902097902,0.8097902097902098,0.5062937062937063,0.9566395663956639,0.9258741258741259,0.9706293706293706,0.9219653179190751,346,330,0.9161849710982659,0.9797687861271677,0.9566395663956639,369,370,0.9159891598915989,0.978319783197832,social,0.9154929577464789,142,129,0.8943661971830986,0.9929577464788732,ptsd|0,0.8888888888888888,45,59,0.8444444444444444,1.0,0.1,0.925432742766734,683.5252283158669,561.8034995378856
dreaddit,distilbert,42,head_50,M3-mix,mix,0.1,0,715,0.8713286713286713,1.3202797202797203,0.6797202797202797,0.0,0.3202797202797203,0.41818181818181815,0.26153846153846155,0.7384615384615385,0.3202797202797203,0.9105691056910569,0.8671328671328671,0.9300699300699301,0.8294797687861272,346,330,0.8526011560693642,0.9421965317919075,0.9105691056910569,369,370,0.8536585365853658,0.940379403794038,social,0.8309859154929577,142,129,0.823943661971831,0.9647887323943662,abuse|0,0.765625,64,66,0.796875,0.984375,0.1,0.8375887024766202,590.4788758870247,371.97001738803516
dreaddit,distilbert,42,head_50,M3-mix,mix,0.05,0,715,0.9440559440559441,1.5314685314685315,0.46853146853146854,0.0,0.5314685314685315,0.26713286713286716,0.2013986013986014,0.7986013986013986,0.5314685314685315,0.948509485094851,0.9258741258741259,0.9706293706293706,0.9393063583815029,346,330,0.9161849710982659,0.9797687861271677,0.948509485094851,369,370,0.9159891598915989,0.978319783197832,social,0.9295774647887324,142,129,0.8943661971830986,0.9929577464788732,social|1,0.9,60,60,0.85,1.0,0.1,0.9402266710528377,669.7064398389649,569.0117016777106
dreaddit,distilbert,42,head_50,M5,clean,0.1,0,715,0.7286713286713287,1.0,1.0,0.0,0.0,0.544055944055944,0.45594405594405596,0.544055944055944,0.0,0.7642276422764228,0.8671328671328671,0.9300699300699301,0.6907514450867052,346,330,0.8526011560693642,0.9421965317919075,0.7642276422764228,369,370,0.8536585365853658,0.940379403794038,abuse,0.6690140845070423,142,142,0.823943661971831,0.9647887323943662,social|1,0.5666666666666667,60,60,0.7833333333333333,0.9833333333333333,0.1,0.698099064805677,354.7464636496076,0.0
dreaddit,distilbert,42,head_50,M5,clean,0.05,0,715,0.6979020979020979,1.0,1.0,0.0,0.0,0.6951048951048951,0.3048951048951049,0.6951048951048951,0.0,0.8807588075880759,0.9258741258741259,0.9706293706293706,0.5028901734104047,346,330,0.9161849710982659,0.9797687861271677,0.8807588075880759,369,370,0.9159891598915989,0.978319783197832,social,0.5845070422535211,142,129,0.8943661971830986,0.9929577464788732,abuse|0,0.421875,64,66,0.875,1.0,0.1,0.5406770368281718,535.4747246894434,0.0
dreaddit,distilbert,42,head_25,M0,clean,0.1,0,715,0.855944055944056,1.344055944055944,0.6559440559440559,0.0,0.34405594405594403,0.31888111888111886,0.33706293706293705,0.6629370629370629,0.34405594405594403,0.8265582655826558,0.8671328671328671,0.9300699300699301,0.8872832369942196,346,330,0.8526011560693642,0.9421965317919075,0.8265582655826558,369,370,0.8536585365853658,0.940379403794038,social,0.8169014084507042,142,129,0.823943661971831,0.9647887323943662,social|1,0.7333333333333333,60,60,0.7833333333333333,0.9833333333333333,0.1,0.8812107398530633,522.251202280809,369.58660338048463
dreaddit,distilbert,42,head_25,M0,clean,0.05,0,715,0.9384615384615385,1.593006993006993,0.406993006993007,0.0,0.593006993006993,0.23496503496503496,0.17202797202797201,0.827972027972028,0.593006993006993,0.948509485094851,0.9258741258741259,0.9706293706293706,0.9277456647398844,346,330,0.9161849710982659,0.9797687861271677,0.948509485094851,369,370,0.9159891598915989,0.978319783197832,social,0.9084507042253521,142,129,0.8943661971830986,0.9929577464788732,abuse|0,0.890625,64,66,0.875,1.0,0.1,0.929822046775381,724.3307172956124,620.548428027633
dreaddit,distilbert,42,head_25,M1,clean,0.1,0,715,0.786013986013986,1.206993006993007,0.793006993006993,0.0,0.206993006993007,0.24335664335664337,0.5496503496503496,0.45034965034965035,0.206993006993007,0.6585365853658537,0.8671328671328671,0.9300699300699301,0.9219653179190751,346,330,0.8526011560693642,0.9421965317919075,0.6585365853658537,369,370,0.8536585365853658,0.940379403794038,social,0.7464788732394366,142,129,0.823943661971831,0.9647887323943662,social|1,0.55,60,60,0.7833333333333333,0.9833333333333333,0.1,0.8956224446637531,271.34498801635414,161.27637576953808
dreaddit,distilbert,42,head_25,M1,clean,0.05,0,715,0.8755244755244755,1.441958041958042,0.558041958041958,0.0,0.44195804195804195,0.1874125874125874,0.3706293706293706,0.6293706293706294,0.44195804195804195,0.7940379403794038,0.9258741258741259,0.9706293706293706,0.9624277456647399,346,330,0.9161849710982659,0.9797687861271677,0.7940379403794038,369,370,0.9159891598915989,0.978319783197832,social,0.8450704225352113,142,129,0.8943661971830986,0.9929577464788732,social|1,0.6833333333333333,60,60,0.85,1.0,0.1,0.9455887651362063,487.78529692811384,421.17894011310057
dreaddit,distilbert,42,head_25,M2,clean,0.1,0,715,0.7888111888111888,1.2853146853146853,0.7146853146853147,0.0,0.2853146853146853,0.23356643356643356,0.4811188811188811,0.5188811188811189,0.2853146853146853,0.6639566395663956,0.8671328671328671,0.9300699300699301,0.9219653179190751,346,330,0.8526011560693642,0.9421965317919075,0.6639566395663956,369,370,0.8536585365853658,0.940379403794038,anxiety,0.6770186335403726,161,147,0.8322981366459627,0.9627329192546584,anxiety|1,0.49473684210526314,95,98,0.8210526315789474,0.9789473684210527,0.1,0.8961644500838072,394.14132869652394,285.9697354198976
dreaddit,distilbert,42,head_25,M2,clean,0.05,0,715,0.8713286713286713,1.5132867132867134,0.48671328671328673,0.0,0.5132867132867133,0.16643356643356644,0.3202797202797203,0.6797202797202797,0.5132867132867133,0.7967479674796748,0.9258741258741259,0.9706293706293706,0.9508670520231214,346,330,0.9161849710982659,0.9797687861271677,0.7967479674796748,369,370,0.9159891598915989,0.978319783197832,ptsd,0.7637795275590551,127,138,0.8976377952755905,0.9921259842519685,ptsd|1,0.6463414634146342,82,79,0.8658536585365854,1.0,0.1,0.9354551435687768,579.0967620658865,507.23483246393164
dreaddit,distilbert,42,head_25,M3,matched,0.1,0,715,0.8965034965034965,1.4503496503496502,0.5496503496503496,0.0,0.45034965034965035,0.33426573426573425,0.2153846153846154,0.7846153846153846,0.45034965034965035,0.9186991869918699,0.8671328671328671,0.9300699300699301,0.8728323699421965,346,330,0.8526011560693642,0.9421965317919075,0.9186991869918699,369,370,0.8536585365853658,0.940379403794038,social,0.8591549295774648,142,129,0.823943661971831,0.9647887323943662,abuse|0,0.8125,64,66,0.796875,0.984375,0.1,0.8774190516471639,669.326566098031,502.0301705907233
dreaddit,distilbert,42,head_25,M3,matched,0.05,0,715,0.9412587412587412,1.6055944055944056,0.3944055944055944,0.0,0.6055944055944056,0.24895104895104894,0.14545454545454545,0.8545454545454545,0.6055944055944056,0.959349593495935,0.9258741258741259,0.9706293706293706,0.9219653179190751,346,330,0.9161849710982659,0.9797687861271677,0.959349593495935,369,370,0.9159891598915989,0.978319783197832,social,0.8943661971830986,142,129,0.8943661971830986,0.9929577464788732,social|0,0.8902439024390244,82,69,0.8780487804878049,1.0,0.1,0.9257037454767612,764.4320691761831,653.2794460892586
dreaddit,distilbert,42,head_25,M3-mix,mix,0.1,0,715,0.9188811188811189,1.5146853146853148,0.4853146853146853,0.0,0.5146853146853146,0.2699300699300699,0.2153846153846154,0.7846153846153846,0.5146853146853146,0.9214092140921409,0.8671328671328671,0.9300699300699301,0.9161849710982659,346,330,0.8526011560693642,0.9421965317919075,0.9214092140921409,369,370,0.8536585365853658,0.940379403794038,social,0.8732394366197183,142,129,0.823943661971831,0.9647887323943662,social|1,0.85,60,60,0.7833333333333333,0.9833333333333333,0.1,0.9167073953976534,666.9964127386938,547.1184422826886
dreaddit,distilbert,42,head_25,M3-mix,mix,0.05,0,715,0.9636363636363636,1.6825174825174825,0.3174825174825175,0.0,0.6825174825174826,0.17202797202797201,0.14545454545454545,0.8545454545454545,0.6825174825174826,0.959349593495935,0.9258741258741259,0.9706293706293706,0.9682080924855492,346,330,0.9161849710982659,0.9797687861271677,0.959349593495935,369,370,0.9159891598915989,0.978319783197832,social,0.9436619718309859,142,129,0.8943661971830986,0.9929577464788732,social|1,0.9166666666666666,60,60,0.85,1.0,0.1,0.9673222425865878,764.4320691761831,705.4670488901422
dreaddit,distilbert,42,head_25,M5,clean,0.1,0,715,0.7132867132867133,1.0,1.0,0.0,0.0,0.45034965034965035,0.5496503496503496,0.45034965034965035,0.0,0.6585365853658537,0.8671328671328671,0.9300699300699301,0.7716763005780347,346,330,0.8526011560693642,0.9421965317919075,0.6585365853658537,369,370,0.8536585365853658,0.940379403794038,abuse,0.6619718309859155,142,142,0.823943661971831,0.9647887323943662,social|1,0.55,60,60,0.7833333333333333,0.9833333333333333,0.1,0.7603623290568167,271.34498801635414,0.0
dreaddit,distilbert,42,head_25,M5,clean,0.05,0,715,0.6741258741258741,1.0,1.0,0.0,0.0,0.6293706293706294,0.3706293706293706,0.6293706293706294,0.0,0.7940379403794038,0.9258741258741259,0.9706293706293706,0.546242774566474,346,330,0.9161849710982659,0.9797687861271677,0.7940379403794038,369,370,0.9159891598915989,0.978319783197832,social,0.6408450704225352,142,129,0.8943661971830986,0.9929577464788732,ptsd|0,0.4666666666666667,45,59,0.8444444444444444,1.0,0.1,0.5710222911477669,487.78529692811384,0.0
dreaddit,distilbert,42,tail_75,M0,clean,0.1,0,715,0.8657342657342657,1.255944055944056,0.7440559440559441,0.0,0.25594405594405595,0.4811188811188811,0.2629370629370629,0.737062937062937,0.25594405594405595,0.9322493224932249,0.8671328671328671,0.9300699300699301,0.7947976878612717,346,330,0.8526011560693642,0.9421965317919075,0.9322493224932249,369,370,0.8536585365853658,0.940379403794038,social,0.795774647887324,142,129,0.823943661971831,0.9647887323943662,ptsd|0,0.7111111111111111,45,59,0.7555555555555555,1.0,0.1,0.808542851324467,569.2364929429641,310.5706721807103
dreaddit,distilbert,42,tail_75,M0,clean,0.05,0,715,0.9258741258741259,1.4587412587412587,0.5412587412587413,0.0,0.45874125874125876,0.3706293706293706,0.17062937062937064,0.8293706293706293,0.45874125874125876,0.967479674796748,0.9258741258741259,0.9706293706293706,0.8815028901734104,346,330,0.9161849710982659,0.9797687861271677,0.967479674796748,369,370,0.9159891598915989,0.978319783197832,social,0.8873239436619719,142,129,0.8943661971830986,0.9929577464788732,ptsd|0,0.7777777777777778,45,59,0.8444444444444444,1.0,0.1,0.8901005686357443,710.620799849617,543.2687939596159
dreaddit,distilbert,42,tail_75,M1,clean,0.1,0,715,0.8643356643356643,1.2181818181818183,0.7818181818181819,0.0,0.21818181818181817,0.3804195804195804,0.4013986013986014,0.5986013986013986,0.21818181818181817,0.8509485094850948,0.8671328671328671,0.9300699300699301,0.8786127167630058,346,330,0.8526011560693642,0.9421965317919075,0.8509485094850948,369,370,0.8536585365853658,0.940379403794038,social,0.7887323943661971,142,129,0.823943661971831,0.9647887323943662,social|1,0.6666666666666666,60,60,0.7833333333333333,0.9833333333333333,0.1,0.8758462960352147,381.6266428560239,210.0474646364961
dreaddit,distilbert,42,tail_75,M1,clean,0.05,0,715,0.9146853146853147,1.4167832167832168,0.5832167832167832,0.0,0.4167832167832168,0.29790209790209793,0.2853146853146853,0.7146853146853147,0.4167832167832168,0.9186991869918699,0.9258741258741259,0.9706293706293706,0.9104046242774566,346,330,0.9161849710982659,0.9797687861271677,0.9186991869918699,369,370,0.9159891598915989,0.978319783197832,social,0.8802816901408451,142,129,0.8943661971830986,0.9929577464788732,ptsd|0,0.8222222222222222,45,59,0.8444444444444444,1.0,0.1,0.911234080548898,539.2687626298228,409.31043125460155
dreaddit,distilbert,42,tail_75,M2,clean,0.1,0,715,0.862937062937063,1.2615384615384615,0.7384615384615385,0.0,0.26153846153846155,0.38181818181818183,0.35664335664335667,0.6433566433566433,0.26153846153846155,0.8644986449864499,0.8671328671328671,0.9300699300699301,0.861271676300578,346,330,0.8526011560693642,0.9421965317919075,0.8644986449864499,369,370,0.8536585365853658,0.940379403794038,ptsd,0.8346456692913385,127,138,0.8267716535433071,0.968503937007874,ptsd|0,0.8222222222222222,45,59,0.7555555555555555,1.0,0.1,0.8615943731691652,453.21287027899183,267.38176919341447
dreaddit,distilbert,42,tail_75,M2,clean,0.05,0,715,0.9230769230769231,1.4811188811188811,0.5188811188811189,0.0,0.4811188811188811,0.26433566433566436,0.2545454545454545,0.7454545454545455,0.4811188811188811,0.926829268292683,0.9258741258741259,0.9706293706293706,0.9190751445086706,346,330,0.9161849710982659,0.9797687861271677,0.926829268292683,369,370,0.9159891598915989,0.978319783197832,ptsd,0.8976377952755905,127,138,0.8976377952755905,0.9921259842519685,ptsd|0,0.8888888888888888,45,59,0.8444444444444444,1.0,0.1,0.9198505568870717,589.5037360778233,473.0399298212635
dreaddit,distilbert,42,tail_75,M3,matched,0.1,0,715,0.8699300699300699,1.2265734265734265,0.7734265734265734,0.0,0.22657342657342658,0.4489510489510489,0.32447552447552447,0.6755244755244755,0.22657342657342658,0.9051490514905149,0.8671328671328671,0.9300699300699301,0.8323699421965318,346,330,0.8526011560693642,0.9421965317919075,0.9051490514905149,369,370,0.8536585365853658,0.940379403794038,social,0.8309859154929577,142,129,0.823943661971831,0.9647887323943662,ptsd|0,0.7333333333333333,45,59,0.7555555555555555,1.0,0.1,0.8396478531259302,478.0871594843116,255.94639472406283
dreaddit,distilbert,42,tail_75,M3,matched,0.05,0,715,0.9132867132867133,1.4055944055944056,0.5944055944055944,0.0,0.40559440559440557,0.34825174825174826,0.24615384615384617,0.7538461538461538,0.40559440559440557,0.9349593495934959,0.9258741258741259,0.9706293706293706,0.8901734104046243,346,330,0.9161849710982659,0.9797687861271677,0.9349593495934959,369,370,0.9159891598915989,0.978319783197832,social,0.8802816901408451,142,129,0.8943661971830986,0.9929577464788732,ptsd|0,0.7777777777777778,45,59,0.8444444444444444,1.0,0.1,0.8946520043235114,598.120212415997,442.0947099644407
dreaddit,distilbert,42,tail_75,M3-mix,mix,0.1,0,715,0.862937062937063,1.2461538461538462,0.7538461538461538,0.0,0.24615384615384617,0.4811188811188811,0.2727272727272727,0.7272727272727273,0.24615384615384617,0.924119241192412,0.8671328671328671,0.9300699300699301,0.7976878612716763,346,330,0.8526011560693642,0.9421965317919075,0.924119241192412,369,370,0.8536585365853658,0.940379403794038,social,0.8028169014084507,142,129,0.823943661971831,0.9647887323943662,ptsd|0,0.7111111111111111,45,59,0.7555555555555555,1.0,0.1,0.81033099926375,558.0188605354261,301.68319313250936
dreaddit,distilbert,42,tail_75,M3-mix,mix,0.05,0,715,0.9188811188811189,1.441958041958042,0.558041958041958,0.0,0.44195804195804195,0.35384615384615387,0.2041958041958042,0.7958041958041958,0.44195804195804195,0.9539295392953929,0.9258741258741259,0.9706293706293706,0.8815028901734104,346,330,0.9161849710982659,0.9797687861271677,0.9539295392953929,369,370,0.9159891598915989,0.978319783197832,social,0.8732394366197183,142,129,0.8943661971830986,0.9929577464788732,ptsd|0,0.8,45,59,0.8444444444444444,1.0,0.1,0.8887455550856087,659.8438209815624,495.7438476118865
dreaddit,distilbert,42,tail_75,M5,clean,0.1,0,715,0.7636363636363637,1.0,1.0,0.0,0.0,0.5986013986013986,0.4013986013986014,0.5986013986013986,0.0,0.8509485094850948,0.8671328671328671,0.9300699300699301,0.6705202312138728,346,330,0.8526011560693642,0.9421965317919075,0.8509485094850948,369,370,0.8536585365853658,0.940379403794038,social,0.676056338028169,142,129,0.823943661971831,0.9647887323943662,ptsd|0,0.5777777777777777,45,59,0.7555555555555555,1.0,0.1,0.688563059040995,381.6266428560239,0.0
dreaddit,distilbert,42,tail_75,M5,clean,0.05,0,715,0.7174825174825175,1.0,1.0,0.0,0.0,0.7146853146853147,0.2853146853146853,0.7146853146853147,0.0,0.9186991869918699,0.9258741258741259,0.9706293706293706,0.5028901734104047,346,330,0.9161849710982659,0.9797687861271677,0.9186991869918699,369,370,0.9159891598915989,0.978319783197832,social,0.647887323943662,142,129,0.8943661971830986,0.9929577464788732,anxiety|0,0.4393939393939394,66,49,0.8636363636363636,1.0,0.1,0.5444710747685512,539.2687626298228,0.0
dreaddit,distilbert,42,tail_50,M0,clean,0.1,0,715,0.8573426573426574,1.283916083916084,0.7160839160839161,0.0,0.2839160839160839,0.413986013986014,0.3020979020979021,0.6979020979020979,0.2839160839160839,0.8915989159891599,0.8671328671328671,0.9300699300699301,0.8208092485549133,346,330,0.8526011560693642,0.9421965317919075,0.8915989159891599,369,370,0.8536585365853658,0.940379403794038,social,0.8098591549295775,142,129,0.823943661971831,0.9647887323943662,ptsd|0,0.6666666666666666,45,59,0.7555555555555555,1.0,0.1,0.827888215298338,531.3564233908235,306.67011294390403
dreaddit,distilbert,42,tail_50,M0,clean,0.05,0,715,0.9230769230769231,1.5006993006993008,0.4993006993006993,0.0,0.5006993006993007,0.3090909090909091,0.1902097902097902,0.8097902097902098,0.5006993006993007,0.948509485094851,0.9258741258741259,0.9706293706293706,0.8959537572254336,346,330,0.9161849710982659,0.9797687861271677,0.948509485094851,369,370,0.9159891598915989,0.978319783197832,social,0.8661971830985915,142,129,0.8943661971830986,0.9929577464788732,ptsd|0,0.8222222222222222,45,59,0.8444444444444444,1.0,0.1,0.9012093300123754,690.5156883938781,546.7385685417547
dreaddit,distilbert,42,tail_50,M1,clean,0.1,0,715,0.8223776223776224,1.2055944055944057,0.7944055944055944,0.0,0.2055944055944056,0.32447552447552447,0.4699300699300699,0.5300699300699301,0.2055944055944056,0.7615176151761518,0.8671328671328671,0.9300699300699301,0.8872832369942196,346,330,0.8526011560693642,0.9421965317919075,0.7615176151761518,369,370,0.8536585365853658,0.940379403794038,social,0.7746478873239436,142,129,0.823943661971831,0.9647887323943662,financial|1,0.6296296296296297,54,57,0.7962962962962963,1.0,0.1,0.8747066748124128,331.065056315303,177.31644657487035
dreaddit,distilbert,42,tail_50,M1,clean,0.05,0,715,0.8993006993006993,1.4293706293706294,0.5706293706293706,0.0,0.42937062937062936,0.24055944055944056,0.3300699300699301,0.66993006993007,0.42937062937062936,0.8753387533875339,0.9258741258741259,0.9706293706293706,0.9248554913294798,346,330,0.9161849710982659,0.9797687861271677,0.8753387533875339,369,370,0.9159891598915989,0.978319783197832,social,0.8591549295774648,142,129,0.8943661971830986,0.9929577464788732,social|1,0.7666666666666667,60,60,0.85,1.0,0.1,0.9199038175352852,493.3142221595627,386.11776869213776
dreaddit,distilbert,42,tail_50,M2,clean,0.1,0,715,0.8265734265734266,1.2657342657342658,0.7342657342657343,0.0,0.26573426573426573,0.3174825174825175,0.4167832167832168,0.5832167832167832,0.26573426573426573,0.7804878048780488,0.8671328671328671,0.9300699300699301,0.8757225433526011,346,330,0.8526011560693642,0.9421965317919075,0.7804878048780488,369,370,0.8536585365853658,0.940379403794038,ptsd,0.7874015748031497,127,138,0.8267716535433071,0.968503937007874,anxiety|1,0.7052631578947368,95,98,0.8210526315789474,0.9789473684210527,0.1,0.866199069505146,413.5979134357818,251.88370380813635
dreaddit,distilbert,42,tail_50,M2,clean,0.05,0,715,0.8951048951048951,1.4713286713286713,0.5286713286713287,0.0,0.47132867132867134,0.213986013986014,0.3146853146853147,0.6853146853146853,0.47132867132867134,0.8672086720867209,0.9258741258741259,0.9706293706293706,0.9248554913294798,346,330,0.9161849710982659,0.9797687861271677,0.8672086720867209,369,370,0.9159891598915989,0.978319783197832,ptsd,0.84251968503937,127,138,0.8976377952755905,0.9921259842519685,ptsd|1,0.8170731707317073,82,79,0.8658536585365854,1.0,0.1,0.9190908094052039,528.9173990005795,426.86999702366967
dreaddit,distilbert,42,tail_50,M3,matched,0.1,0,715,0.8727272727272727,1.3286713286713288,0.6713286713286714,0.0,0.32867132867132864,0.406993006993007,0.26433566433566436,0.7356643356643356,0.32867132867132864,0.9159891598915989,0.8671328671328671,0.9300699300699301,0.8265895953757225,346,330,0.8526011560693642,0.9421965317919075,0.9159891598915989,369,370,0.8536585365853658,0.940379403794038,social,0.8380281690140845,142,129,0.823943661971831,0.9647887323943662,ptsd|0,0.6666666666666666,45,59,0.7555555555555555,1.0,0.1,0.8355295518273103,580.6162570296223,361.9452668515125
dreaddit,distilbert,42,tail_50,M3,matched,0.05,0,715,0.9202797202797203,1.4993006993006992,0.5006993006993007,0.0,0.4993006993006993,0.3384615384615385,0.16223776223776223,0.8377622377622378,0.4993006993006993,0.962059620596206,0.9258741258741259,0.9706293706293706,0.8757225433526011,346,330,0.9161849710982659,0.9797687861271677,0.962059620596206,369,370,0.9159891598915989,0.978319783197832,social,0.852112676056338,142,129,0.8943661971830986,0.9929577464788732,ptsd|0,0.7777777777777778,45,59,0.8444444444444444,1.0,0.1,0.8843562510769617,730.8880429844761,565.1087927064241
dreaddit,distilbert,42,tail_50,M3-mix,mix,0.1,0,715,0.8643356643356643,1.2979020979020979,0.7020979020979021,0.0,0.29790209790209793,0.4167832167832168,0.2853146853146853,0.7146853146853147,0.29790209790209793,0.907859078590786,0.8671328671328671,0.9300699300699301,0.8179190751445087,346,330,0.8526011560693642,0.9421965317919075,0.907859078590786,369,370,0.8536585365853658,0.940379403794038,social,0.8028169014084507,142,129,0.823943661971831,0.9647887323943662,ptsd|0,0.7555555555555555,45,59,0.7555555555555555,1.0,0.1,0.8269130754891364,548.5893760671711,321.03090684086027
dreaddit,distilbert,42,tail_50,M3-mix,mix,0.05,0,715,0.9286713286713286,1.5468531468531468,0.45314685314685316,0.0,0.5468531468531469,0.23776223776223776,0.2153846153846154,0.7846153846153846,0.5468531468531469,0.9349593495934959,0.9258741258741259,0.9706293706293706,0.9219653179190751,346,330,0.9161849710982659,0.9797687861271677,0.9349593495934959,369,370,0.9159891598915989,0.978319783197832,ptsd,0.905511811023622,127,138,0.8976377952755905,0.9921259842519685,ptsd|0,0.8222222222222222,45,59,0.8444444444444444,1.0,0.1,0.9232647210865172,655.3456459420086,546.3610445353008
dreaddit,distilbert,42,tail_50,M5,clean,0.1,0,715,0.7398601398601399,1.0,1.0,0.0,0.0,0.5300699300699301,0.4699300699300699,0.5300699300699301,0.0,0.7615176151761518,0.8671328671328671,0.9300699300699301,0.7167630057803468,346,330,0.8526011560693642,0.9421965317919075,0.7615176151761518,369,370,0.8536585365853658,0.940379403794038,social,0.676056338028169,142,129,0.823943661971831,0.9647887323943662,ptsd|0,0.6222222222222222,45,59,0.7555555555555555,1.0,0.1,0.7212384667199273,331.065056315303,0.0
dreaddit,distilbert,42,tail_50,M5,clean,0.05,0,715,0.7174825174825175,1.0,1.0,0.0,0.0,0.66993006993007,0.3300699300699301,0.66993006993007,0.0,0.8753387533875339,0.9258741258741259,0.9706293706293706,0.5491329479768786,346,330,0.9161849710982659,0.9797687861271677,0.8753387533875339,369,370,0.9159891598915989,0.978319783197832,social,0.6408450704225352,142,129,0.8943661971830986,0.9929577464788732,ptsd|0,0.4666666666666667,45,59,0.8444444444444444,1.0,0.1,0.5817535285179442,493.3142221595627,0.0
dreaddit,distilbert,42,tail_25,M0,clean,0.1,0,715,0.8643356643356643,1.337062937062937,0.6629370629370629,0.0,0.33706293706293705,0.3020979020979021,0.36083916083916084,0.6391608391608392,0.33706293706293705,0.8455284552845529,0.8671328671328671,0.9300699300699301,0.884393063583815,346,330,0.8526011560693642,0.9421965317919075,0.8455284552845529,369,370,0.8536585365853658,0.940379403794038,social,0.8169014084507042,142,129,0.823943661971831,0.9647887323943662,financial|1,0.7407407407407407,54,57,0.7962962962962963,1.0,0.1,0.8805066027538888,461.7204755862587,309.9777558469226
dreaddit,distilbert,42,tail_25,M0,clean,0.05,0,715,0.9174825174825175,1.558041958041958,0.44195804195804195,0.0,0.558041958041958,0.1986013986013986,0.24335664335664337,0.7566433566433567,0.558041958041958,0.9051490514905149,0.9258741258741259,0.9706293706293706,0.930635838150289,346,330,0.9161849710982659,0.9797687861271677,0.9051490514905149,369,370,0.9159891598915989,0.978319783197832,social,0.8802816901408451,142,129,0.8943661971830986,0.9929577464788732,social|1,0.8333333333333334,60,60,0.85,1.0,0.1,0.9280871594843116,628.954211507433,534.5481460594953
dreaddit,distilbert,42,tail_25,M1,clean,0.1,0,715,0.7818181818181819,1.2279720279720279,0.772027972027972,0.0,0.22797202797202798,0.21818181818181817,0.5538461538461539,0.4461538461538462,0.22797202797202798,0.6476964769647696,0.8671328671328671,0.9300699300699301,0.9248554913294798,346,330,0.8526011560693642,0.9421965317919075,0.6476964769647696,369,370,0.8536585365853658,0.940379403794038,social,0.7535211267605634,142,129,0.823943661971831,0.9647887323943662,social|1,0.5333333333333333,60,60,0.7833333333333333,0.9833333333333333,0.1,0.8971395898930088,272.8621332456099,170.0017231386187
dreaddit,distilbert,42,tail_25,M1,clean,0.05,0,715,0.8825174825174825,1.4489510489510489,0.551048951048951,0.0,0.4489510489510489,0.15664335664335666,0.3944055944055944,0.6055944055944056,0.4489510489510489,0.8157181571815718,0.9258741258741259,0.9706293706293706,0.953757225433526,346,330,0.9161849710982659,0.9797687861271677,0.8157181571815718,369,370,0.9159891598915989,0.978319783197832,social,0.852112676056338,142,129,0.8943661971830986,0.9929577464788732,financial|1,0.7037037037037037,54,57,0.8703703703703703,1.0,0.1,0.9399533186083306,424.92441687422655,357.28965960179835
dreaddit,distilbert,42,tail_25,M2,clean,0.1,0,715,0.7818181818181819,1.2685314685314686,0.7314685314685314,0.0,0.26853146853146853,0.2125874125874126,0.5188811188811189,0.4811188811188811,0.26853146853146853,0.6504065040650406,0.8671328671328671,0.9300699300699301,0.9219653179190751,346,330,0.8526011560693642,0.9421965317919075,0.6504065040650406,369,370,0.8536585365853658,0.940379403794038,anxiety,0.6645962732919255,161,147,0.8322981366459627,0.9627329192546584,anxiety|1,0.47368421052631576,95,98,0.8210526315789474,0.9789473684210527,0.1,0.8948094365336717,335.56088162037696,231.45432899415698
dreaddit,distilbert,42,tail_25,M2,clean,0.05,0,715,0.862937062937063,1.4867132867132866,0.5132867132867133,0.0,0.48671328671328673,0.14685314685314685,0.36643356643356645,0.6335664335664336,0.48671328671328673,0.7804878048780488,0.9258741258741259,0.9706293706293706,0.9508670520231214,346,330,0.9161849710982659,0.9797687861271677,0.7804878048780488,369,370,0.9159891598915989,0.978319783197832,ptsd,0.7795275590551181,127,138,0.8976377952755905,0.9921259842519685,ptsd|1,0.6707317073170732,82,79,0.8658536585365854,1.0,0.1,0.9338291273086141,507.2395319328916,439.17164027131605
dreaddit,distilbert,42,tail_25,M3,matched,0.1,0,715,0.8909090909090909,1.4545454545454546,0.5454545454545454,0.0,0.45454545454545453,0.3300699300699301,0.2153846153846154,0.7846153846153846,0.45454545454545453,0.9186991869918699,0.8671328671328671,0.9300699300699301,0.861271676300578,346,330,0.8526011560693642,0.9421965317919075,0.9186991869918699,369,370,0.8536585365853658,0.940379403794038,social,0.852112676056338,142,129,0.823943661971831,0.9647887323943662,ptsd|0,0.8,45,59,0.7555555555555555,1.0,0.1,0.8670144273697072,669.326566098031,493.52256528345634
dreaddit,distilbert,42,tail_25,M3,matched,0.05,0,715,0.9286713286713286,1.6013986013986015,0.3986013986013986,0.0,0.6013986013986014,0.26573426573426573,0.13286713286713286,0.8671328671328671,0.6013986013986014,0.94579945799458,0.9258741258741259,0.9706293706293706,0.9104046242774566,346,330,0.9161849710982659,0.9797687861271677,0.94579945799458,369,370,0.9159891598915989,0.978319783197832,social,0.9014084507042254,142,129,0.8943661971830986,0.9929577464788732,financial|1,0.8888888888888888,54,57,0.8703703703703703,1.0,0.1,0.913944107649169,799.493240597146,675.7679715525479
dreaddit,distilbert,42,tail_25,M3-mix,mix,0.1,0,715,0.8951048951048951,1.4643356643356644,0.5356643356643357,0.0,0.4643356643356643,0.24895104895104894,0.2867132867132867,0.7132867132867133,0.4643356643356643,0.8753387533875339,0.8671328671328671,0.9300699300699301,0.9161849710982659,346,330,0.8526011560693642,0.9421965317919075,0.8753387533875339,369,370,0.8536585365853658,0.940379403794038,social,0.8732394366197183,142,129,0.823943661971831,0.9647887323943662,financial|1,0.7962962962962963,54,57,0.7962962962962963,1.0,0.1,0.9121003493271926,573.9500603098518,458.13713050425304
dreaddit,distilbert,42,tail_25,M3-mix,mix,0.05,0,715,0.9482517482517483,1.6741258741258742,0.3258741258741259,0.0,0.6741258741258741,0.13426573426573427,0.1916083916083916,0.8083916083916084,0.6741258741258741,0.9295392953929539,0.9258741258741259,0.9706293706293706,0.9682080924855492,346,330,0.9161849710982659,0.9797687861271677,0.9295392953929539,369,370,0.9159891598915989,0.978319783197832,social,0.9366197183098591,142,129,0.8943661971830986,0.9929577464788732,financial|1,0.8703703703703703,54,57,0.8703703703703703,1.0,0.1,0.9643412127762897,704.2256058398734,652.5776587245642
dreaddit,distilbert,42,tail_25,M5,clean,0.1,0,715,0.7062937062937062,1.0,1.0,0.0,0.0,0.4461538461538462,0.5538461538461539,0.4461538461538462,0.0,0.6476964769647696,0.8671328671328671,0.9300699300699301,0.7687861271676301,346,330,0.8526011560693642,0.9421965317919075,0.6476964769647696,369,370,0.8536585365853658,0.940379403794038,social,0.6690140845070423,142,129,0.823943661971831,0.9647887323943662,social|1,0.5333333333333333,60,60,0.7833333333333333,0.9833333333333333,0.1,0.756677162147344,272.8621332456099,0.0
dreaddit,distilbert,42,tail_25,M5,clean,0.05,0,715,0.7202797202797203,1.0,1.0,0.0,0.0,0.6055944055944056,0.3944055944055944,0.6055944055944056,0.0,0.8157181571815718,0.9258741258741259,0.9706293706293706,0.6184971098265896,346,330,0.9161849710982659,0.9797687861271677,0.8157181571815718,369,370,0.9159891598915989,0.978319783197832,social,0.5845070422535211,142,129,0.8943661971830986,0.9929577464788732,social|0,0.4878048780487805,82,69,0.8780487804878049,1.0,0.1,0.6382192145620879,424.92441687422655,0.0
dreaddit,distilbert,42,del_15,M0,clean,0.1,0,715,0.8783216783216783,1.274125874125874,0.7258741258741259,0.0,0.27412587412587414,0.4797202797202797,0.24615384615384617,0.7538461538461538,0.27412587412587414,0.948509485094851,0.8671328671328671,0.9300699300699301,0.8034682080924855,346,330,0.8526011560693642,0.9421965317919075,0.948509485094851,369,370,0.8536585365853658,0.940379403794038,ptsd,0.8346456692913385,127,138,0.8267716535433071,0.968503937007874,ptsd|0,0.6222222222222222,45,59,0.7555555555555555,1.0,0.1,0.8179723357927222,586.4694456193117,335.0650876450961
dreaddit,distilbert,42,del_15,M0,clean,0.05,0,715,0.9244755244755245,1.4503496503496502,0.5496503496503496,0.0,0.45034965034965035,0.393006993006993,0.15664335664335666,0.8433566433566434,0.45034965034965035,0.981029810298103,0.9258741258741259,0.9706293706293706,0.8641618497109826,346,330,0.9161849710982659,0.9797687861271677,0.981029810298103,369,370,0.9159891598915989,0.978319783197832,ptsd,0.905511811023622,127,138,0.8976377952755905,0.9921259842519685,ptsd|0,0.7333333333333333,45,59,0.8444444444444444,1.0,0.1,0.8758486457696947,724.9815937465734,539.3126243401163
dreaddit,distilbert,42,del_15,M1,clean,0.1,0,715,0.8601398601398601,1.1986013986013986,0.8013986013986014,0.0,0.1986013986013986,0.4013986013986014,0.4,0.6,0.1986013986013986,0.8644986449864499,0.8671328671328671,0.9300699300699301,0.8554913294797688,346,330,0.8526011560693642,0.9421965317919075,0.8644986449864499,369,370,0.8536585365853658,0.940379403794038,social,0.7887323943661971,142,129,0.823943661971831,0.9647887323943662,social|1,0.65,60,60,0.7833333333333333,0.9833333333333333,0.1,0.856392061030437,372.5770321287028,178.29158638407193
dreaddit,distilbert,42,del_15,M1,clean,0.05,0,715,0.9174825174825175,1.4,0.6,0.0,0.4,0.33426573426573425,0.26573426573426573,0.7342657342657343,0.4,0.943089430894309,0.9258741258741259,0.9706293706293706,0.8901734104046243,346,330,0.9161849710982659,0.9797687861271677,0.943089430894309,369,370,0.9159891598915989,0.978319783197832,ptsd,0.8818897637795275,127,138,0.8976377952755905,0.9921259842519685,ptsd|0,0.7777777777777778,45,59,0.8444444444444444,1.0,0.1,0.8954650124535928,554.7135673668876,401.3980920156023
dreaddit,distilbert,42,del_15,M2,clean,0.1,0,715,0.8699300699300699,1.2713286713286713,0.7286713286713287,0.0,0.27132867132867133,0.38741258741258744,0.3412587412587413,0.6587412587412588,0.27132867132867133,0.8753387533875339,0.8671328671328671,0.9300699300699301,0.8641618497109826,346,330,0.8526011560693642,0.9421965317919075,0.8753387533875339,369,370,0.8536585365853658,0.940379403794038,anxiety,0.8136645962732919,161,147,0.8322981366459627,0.9627329192546584,ptsd|0,0.7777777777777778,45,59,0.7555555555555555,1.0,0.1,0.8652795400786377,472.50497360464936,287.9200150383007
dreaddit,distilbert,42,del_15,M2,clean,0.05,0,715,0.9384615384615385,1.4685314685314685,0.5314685314685315,0.0,0.46853146853146854,0.2965034965034965,0.23496503496503496,0.765034965034965,0.46853146853146854,0.948509485094851,0.9258741258741259,0.9706293706293706,0.9277456647398844,346,330,0.9161849710982659,0.9797687861271677,0.948509485094851,369,370,0.9159891598915989,0.978319783197832,ptsd,0.9133858267716536,127,138,0.8976377952755905,0.9921259842519685,abuse|0,0.859375,64,66,0.875,1.0,0.1,0.929822046775381,607.2786941742249,491.5722856650532
dreaddit,distilbert,42,del_15,M3,matched,0.1,0,715,0.8713286713286713,1.2195804195804196,0.7804195804195804,0.0,0.21958041958041957,0.45174825174825173,0.32867132867132864,0.6713286713286714,0.21958041958041957,0.9105691056910569,0.8671328671328671,0.9300699300699301,0.8294797687861272,346,330,0.8526011560693642,0.9421965317919075,0.9105691056910569,369,370,0.8536585365853658,0.940379403794038,social,0.8098591549295775,142,129,0.823943661971831,0.9647887323943662,ptsd|0,0.6666666666666666,45,59,0.7555555555555555,1.0,0.1,0.8375887024766202,465.623384557545,240.61046101790495
dreaddit,distilbert,42,del_15,M3,matched,0.05,0,715,0.9244755244755245,1.4335664335664335,0.5664335664335665,0.0,0.43356643356643354,0.3622377622377622,0.2041958041958042,0.7958041958041958,0.43356643356643354,0.964769647696477,0.9258741258741259,0.9706293706293706,0.8815028901734104,346,330,0.9161849710982659,0.9797687861271677,0.964769647696477,369,370,0.9159891598915989,0.978319783197832,ptsd,0.889763779527559,127,138,0.8976377952755905,0.9921259842519685,ptsd|0,0.7333333333333333,45,59,0.8444444444444444,1.0,0.1,0.8898295659257172,650.5232075442142,484.79721791437566
dreaddit,distilbert,42,del_15,M3-mix,mix,0.1,0,715,0.8713286713286713,1.2755244755244755,0.7244755244755244,0.0,0.2755244755244755,0.46013986013986014,0.26433566433566436,0.7356643356643356,0.2755244755244755,0.9322493224932249,0.8671328671328671,0.9300699300699301,0.8063583815028902,346,330,0.8526011560693642,0.9421965317919075,0.9322493224932249,369,370,0.8536585365853658,0.940379403794038,social,0.823943661971831,142,129,0.823943661971831,0.9647887323943662,ptsd|0,0.7111111111111111,45,59,0.7555555555555555,1.0,0.1,0.8189474756019237,566.6353368736,321.3551701991008
dreaddit,distilbert,42,del_15,M3-mix,mix,0.05,0,715,0.9300699300699301,1.4447552447552447,0.5552447552447553,0.0,0.44475524475524475,0.35664335664335667,0.1986013986013986,0.8013986013986014,0.44475524475524475,0.967479674796748,0.9258741258741259,0.9706293706293706,0.8901734104046243,346,330,0.9161849710982659,0.9797687861271677,0.967479674796748,369,370,0.9159891598915989,0.978319783197832,ptsd,0.8976377952755905,127,138,0.8976377952755905,0.9921259842519685,ptsd|0,0.8,45,59,0.8444444444444444,1.0,0.1,0.8979040368438367,658.5976784623339,500.94615975061487
dreaddit,distilbert,42,del_15,M5,clean,0.1,0,715,0.7762237762237763,1.0,1.0,0.0,0.0,0.6,0.4,0.6,0.0,0.8644986449864499,0.8671328671328671,0.9300699300699301,0.6820809248554913,346,330,0.8526011560693642,0.9421965317919075,0.8644986449864499,369,370,0.8536585365853658,0.940379403794038,social,0.6901408450704225,142,129,0.823943661971831,0.9647887323943662,ptsd|0,0.5555555555555556,45,59,0.7555555555555555,1.0,0.1,0.7003226968685872,372.5770321287028,0.0
dreaddit,distilbert,42,del_15,M5,clean,0.05,0,715,0.7230769230769231,1.0,1.0,0.0,0.0,0.7342657342657343,0.26573426573426573,0.7342657342657343,0.0,0.943089430894309,0.9258741258741259,0.9706293706293706,0.4884393063583815,346,330,0.9161849710982659,0.9797687861271677,0.943089430894309,369,370,0.9159891598915989,0.978319783197832,social,0.6549295774647887,142,129,0.8943661971830986,0.9929577464788732,ptsd|0,0.4,45,59,0.8444444444444444,1.0,0.1,0.5339043188119743,554.7135673668876,0.0
dreaddit,distilbert,42,del_30,M0,clean,0.1,0,715,0.8951048951048951,1.3034965034965036,0.6965034965034965,0.0,0.3034965034965035,0.413986013986014,0.28251748251748254,0.7174825174825175,0.3034965034965035,0.9295392953929539,0.8671328671328671,0.9300699300699301,0.8583815028901735,346,330,0.8526011560693642,0.9421965317919075,0.9295392953929539,369,370,0.8536585365853658,0.940379403794038,ptsd,0.8582677165354331,127,138,0.8267716535433071,0.968503937007874,ptsd|0,0.6888888888888889,45,59,0.7555555555555555,1.0,0.1,0.8654972821404515,535.1504613312029,340.75614455566523
dreaddit,distilbert,42,del_30,M0,clean,0.05,0,715,0.9440559440559441,1.5188811188811189,0.4811188811188811,0.0,0.5188811188811189,0.3104895104895105,0.17062937062937064,0.8293706293706293,0.5188811188811189,0.9728997289972899,0.9258741258741259,0.9706293706293706,0.9132947976878613,346,330,0.9161849710982659,0.9797687861271677,0.9728997289972899,369,370,0.9159891598915989,0.978319783197832,ptsd,0.9212598425196851,127,138,0.8976377952755905,0.9921259842519685,ptsd|0,0.8,45,59,0.8444444444444444,1.0,0.1,0.9192552908188041,705.9604931309428,575.8932907248147
dreaddit,distilbert,42,del_30,M1,clean,0.1,0,715,0.8587412587412587,1.2321678321678322,0.7678321678321678,0.0,0.23216783216783216,0.31888111888111886,0.4489510489510489,0.551048951048951,0.23216783216783216,0.8130081300813008,0.8671328671328671,0.9300699300699301,0.9075144508670521,346,330,0.8526011560693642,0.9421965317919075,0.8130081300813008,369,370,0.8536585365853658,0.940379403794038,social,0.8309859154929577,142,129,0.823943661971831,0.9647887323943662,social|1,0.65,60,60,0.7833333333333333,0.9833333333333333,0.1,0.898063818788477,325.8094835283612,189.45595814339646
dreaddit,distilbert,42,del_30,M1,clean,0.05,0,715,0.9244755244755245,1.420979020979021,0.579020979020979,0.0,0.42097902097902096,0.26153846153846155,0.3174825174825175,0.6825174825174826,0.42097902097902096,0.9105691056910569,0.9258741258741259,0.9706293706293706,0.9393063583815029,346,330,0.9161849710982659,0.9797687861271677,0.9105691056910569,369,370,0.9159891598915989,0.978319783197832,social,0.8943661971830986,142,129,0.8943661971830986,0.9929577464788732,social|1,0.8,60,60,0.85,1.0,0.1,0.9364326331124583,486.43263311245835,386.82190579131225
dreaddit,distilbert,42,del_30,M2,clean,0.1,0,715,0.8643356643356643,1.2951048951048951,0.7048951048951049,0.0,0.2951048951048951,0.3006993006993007,0.4041958041958042,0.5958041958041959,0.2951048951048951,0.8021680216802168,0.8671328671328671,0.9300699300699301,0.930635838150289,346,330,0.8526011560693642,0.9421965317919075,0.8021680216802168,369,370,0.8536585365853658,0.940379403794038,anxiety,0.8012422360248447,161,147,0.8322981366459627,0.9627329192546584,anxiety|1,0.7052631578947368,95,98,0.8210526315789474,0.9789473684210527,0.1,0.9177890565032818,418.3670911853627,304.1778279054467
dreaddit,distilbert,42,del_30,M2,clean,0.05,0,715,0.9286713286713286,1.5202797202797202,0.4797202797202797,0.0,0.5202797202797202,0.2125874125874126,0.26713286713286716,0.7328671328671329,0.5202797202797202,0.9051490514905149,0.9258741258741259,0.9706293706293706,0.953757225433526,346,330,0.9161849710982659,0.9797687861271677,0.9051490514905149,369,370,0.9159891598915989,0.978319783197832,ptsd,0.905511811023622,127,138,0.8976377952755905,0.9921259842519685,anxiety|1,0.8631578947368421,95,98,0.8947368421052632,1.0,0.1,0.9488964080392249,584.7345583282423,506.25969265473003
dreaddit,distilbert,42,del_30,M3,matched,0.1,0,715,0.8853146853146853,1.2769230769230768,0.7230769230769231,0.0,0.27692307692307694,0.43216783216783217,0.2909090909090909,0.7090909090909091,0.27692307692307694,0.924119241192412,0.8671328671328671,0.9300699300699301,0.8439306358381503,346,330,0.8526011560693642,0.9421965317919075,0.924119241192412,369,370,0.8536585365853658,0.940379403794038,ptsd,0.8503937007874016,127,138,0.8267716535433071,0.968503937007874,ptsd|0,0.6666666666666666,45,59,0.7555555555555555,1.0,0.1,0.8519494963735765,524.2038316336921,314.6357128311168
dreaddit,distilbert,42,del_30,M3,matched,0.05,0,715,0.9342657342657342,1.4797202797202798,0.5202797202797202,0.0,0.4797202797202797,0.3174825174825175,0.20279720279720279,0.7972027972027972,0.4797202797202797,0.959349593495935,0.9258741258741259,0.9706293706293706,0.9075144508670521,346,330,0.9161849710982659,0.9797687861271677,0.959349593495935,369,370,0.9159891598915989,0.978319783197832,social,0.9154929577464789,142,129,0.8943661971830986,0.9929577464788732,ptsd|0,0.8,45,59,0.8444444444444444,1.0,0.1,0.9126979651299404,657.7846703322525,521.7021476573148
dreaddit,distilbert,42,del_30,M3-mix,mix,0.1,0,715,0.8783216783216783,1.274125874125874,0.7258741258741259,0.0,0.27412587412587414,0.4307692307692308,0.2951048951048951,0.7048951048951049,0.27412587412587414,0.9159891598915989,0.8671328671328671,0.9300699300699301,0.838150289017341,346,330,0.8526011560693642,0.9421965317919075,0.9159891598915989,369,370,0.8536585365853658,0.940379403794038,social,0.8380281690140845,142,129,0.823943661971831,0.9647887323943662,ptsd|0,0.6666666666666666,45,59,0.7555555555555555,1.0,0.1,0.8459341761047668,523.3908235036108,309.43340069238843
dreaddit,distilbert,42,del_30,M3-mix,mix,0.05,0,715,0.9300699300699301,1.4629370629370628,0.5370629370629371,0.0,0.46293706293706294,0.3090909090909091,0.22797202797202798,0.772027972027972,0.46293706293706294,0.94579945799458,0.9258741258741259,0.9706293706293706,0.9132947976878613,346,330,0.9161849710982659,0.9797687861271677,0.94579945799458,369,370,0.9159891598915989,0.978319783197832,ptsd,0.905511811023622,127,138,0.8976377952755905,0.9921259842519685,ptsd|0,0.8,45,59,0.8444444444444444,1.0,0.1,0.9165452637185332,622.6146278803828,492.81842818428186
dreaddit,distilbert,42,del_30,M5,clean,0.1,0,715,0.772027972027972,1.0,1.0,0.0,0.0,0.551048951048951,0.4489510489510489,0.551048951048951,0.0,0.8130081300813008,0.8671328671328671,0.9300699300699301,0.7283236994219653,346,330,0.8526011560693642,0.9421965317919075,0.8130081300813008,369,370,0.8536585365853658,0.940379403794038,social,0.6971830985915493,142,129,0.823943661971831,0.9647887323943662,ptsd|0,0.5777777777777777,45,59,0.7555555555555555,1.0,0.1,0.7367921424878988,325.8094835283612,0.0
dreaddit,distilbert,42,del_30,M5,clean,0.05,0,715,0.7412587412587412,1.0,1.0,0.0,0.0,0.6825174825174826,0.3174825174825175,0.6825174825174826,0.0,0.9105691056910569,0.9258741258741259,0.9706293706293706,0.5606936416184971,346,330,0.9161849710982659,0.9797687861271677,0.9105691056910569,369,370,0.9159891598915989,0.978319783197832,social,0.647887323943662,142,129,0.8943661971830986,0.9929577464788732,ptsd|0,0.4888888888888889,45,59,0.8444444444444444,1.0,0.1,0.5956811880257531,486.43263311245835,0.0
dreaddit,distilbert,42,typo_05,M0,clean,0.1,0,715,0.9062937062937063,1.3552447552447553,0.6447552447552447,0.0,0.35524475524475524,0.38181818181818183,0.2629370629370629,0.737062937062937,0.35524475524475524,0.9376693766937669,0.8671328671328671,0.9300699300699301,0.8728323699421965,346,330,0.8526011560693642,0.9421965317919075,0.9376693766937669,369,370,0.8536585365853658,0.940379403794038,social,0.8732394366197183,142,129,0.823943661971831,0.9647887323943662,ptsd|0,0.7555555555555555,45,59,0.7555555555555555,1.0,0.1,0.8793160706173536,564.5761862242899,388.06569857606087
dreaddit,distilbert,42,typo_05,M0,clean,0.05,0,715,0.9566433566433566,1.572027972027972,0.427972027972028,0.0,0.5720279720279721,0.2573426573426573,0.17062937062937064,0.8293706293706293,0.5720279720279721,0.9701897018970189,0.9258741258741259,0.9706293706293706,0.9421965317919075,346,330,0.9161849710982659,0.9797687861271677,0.9701897018970189,369,370,0.9159891598915989,0.978319783197832,social,0.9295774647887324,142,129,0.8943661971830986,0.9929577464788732,ptsd|0,0.8888888888888888,45,59,0.8444444444444444,1.0,0.1,0.9449958488024186,708.2906464902799,611.8230806585523
dreaddit,distilbert,42,typo_05,M1,clean,0.1,0,715,0.8699300699300699,1.2573426573426574,0.7426573426573426,0.0,0.2573426573426573,0.2699300699300699,0.4727272727272727,0.5272727272727272,0.2573426573426573,0.8048780487804879,0.8671328671328671,0.9300699300699301,0.9393063583815029,346,330,0.8526011560693642,0.9421965317919075,0.8048780487804879,369,370,0.8536585365853658,0.940379403794038,social,0.8169014084507042,142,129,0.823943661971831,0.9647887323943662,social|1,0.6333333333333333,60,60,0.7833333333333333,0.9833333333333333,0.1,0.9258635274214013,288.58029042718175,187.34354684587308
dreaddit,distilbert,42,typo_05,M1,clean,0.05,0,715,0.9440559440559441,1.5118881118881118,0.4881118881118881,0.0,0.5118881118881119,0.2055944055944056,0.28251748251748254,0.7174825174825175,0.5118881118881119,0.924119241192412,0.9258741258741259,0.9706293706293706,0.9653179190751445,346,330,0.9161849710982659,0.9797687861271677,0.924119241192412,369,370,0.9159891598915989,0.978319783197832,social,0.8943661971830986,142,129,0.8943661971830986,0.9929577464788732,social|1,0.7833333333333333,60,60,0.85,1.0,0.1,0.9611980512868712,539.8107680498771,472.0115293638486
dreaddit,distilbert,42,typo_05,M2,clean,0.1,0,715,0.8741258741258742,1.3496503496503496,0.6503496503496503,0.0,0.34965034965034963,0.25034965034965034,0.4,0.6,0.34965034965034963,0.8075880758807588,0.8671328671328671,0.9300699300699301,0.9450867052023122,346,330,0.8526011560693642,0.9421965317919075,0.8075880758807588,369,370,0.8536585365853658,0.940379403794038,anxiety,0.8012422360248447,161,147,0.8322981366459627,0.9627329192546584,anxiety|1,0.6736842105263158,95,98,0.8210526315789474,0.9789473684210527,0.1,0.9313368422701569,421.51025267478116,328.727853752526
dreaddit,distilbert,42,typo_05,M2,clean,0.05,0,715,0.9426573426573427,1.5608391608391607,0.43916083916083914,0.0,0.5608391608391609,0.16223776223776223,0.27692307692307694,0.7230769230769231,0.5608391608391609,0.9214092140921409,0.9258741258741259,0.9706293706293706,0.9653179190751445,346,330,0.9161849710982659,0.9797687861271677,0.9214092140921409,369,370,0.9159891598915989,0.978319783197832,ptsd,0.8976377952755905,127,138,0.8976377952755905,0.9921259842519685,ptsd|1,0.8414634146341463,82,79,0.8658536585365854,1.0,0.1,0.9609270485768442,552.5455456866708,493.1473910114824
dreaddit,distilbert,42,typo_05,M3,matched,0.1,0,715,0.8853146853146853,1.2755244755244755,0.7244755244755244,0.0,0.2755244755244755,0.40559440559440557,0.31888111888111886,0.6811188811188811,0.2755244755244755,0.9105691056910569,0.8671328671328671,0.9300699300699301,0.8583815028901735,346,330,0.8526011560693642,0.9421965317919075,0.9105691056910569,369,370,0.8536585365853658,0.940379403794038,social,0.8450704225352113,142,129,0.823943661971831,0.9647887323943662,ptsd|0,0.7333333333333333,45,59,0.7555555555555555,1.0,0.1,0.8636002631702618,483.83147704309414,291.06317652771907
dreaddit,distilbert,42,typo_05,M3,matched,0.05,0,715,0.9398601398601398,1.4587412587412587,0.5412587412587413,0.0,0.45874125874125876,0.3132867132867133,0.22797202797202798,0.772027972027972,0.45874125874125876,0.9566395663956639,0.9258741258741259,0.9706293706293706,0.9219653179190751,346,330,0.9161849710982659,0.9797687861271677,0.9566395663956639,369,370,0.9159891598915989,0.978319783197832,ptsd,0.905511811023622,127,138,0.8976377952755905,0.9921259842519685,ptsd|0,0.8444444444444444,45,59,0.8444444444444444,1.0,0.1,0.925432742766734,613.2940144430347,489.6752666948635
dreaddit,distilbert,42,typo_05,M3-mix,mix,0.1,0,715,0.9258741258741259,1.4377622377622377,0.5622377622377622,0.0,0.43776223776223777,0.2853146853146853,0.27692307692307694,0.7230769230769231,0.43776223776223777,0.926829268292683,0.8671328671328671,0.9300699300699301,0.9248554913294798,346,330,0.8526011560693642,0.9421965317919075,0.926829268292683,369,370,0.8536585365853658,0.940379403794038,social,0.8943661971830986,142,129,0.823943661971831,0.9647887323943662,social|1,0.8,60,60,0.7833333333333333,0.9833333333333333,0.1,0.9250528690258001,547.8852389679967,432.01669877970454
dreaddit,distilbert,42,typo_05,M3-mix,mix,0.05,0,715,0.9622377622377623,1.5972027972027971,0.4027972027972028,0.0,0.5972027972027972,0.1958041958041958,0.206993006993007,0.793006993006993,0.5972027972027972,0.962059620596206,0.9258741258741259,0.9706293706293706,0.9624277456647399,346,330,0.9161849710982659,0.9797687861271677,0.962059620596206,369,370,0.9159891598915989,0.978319783197832,social,0.9154929577464789,142,129,0.8943661971830986,0.9929577464788732,social|1,0.85,60,60,0.85,1.0,0.1,0.9623909331578865,647.6510487648229,579.4186756896471
dreaddit,distilbert,42,typo_05,M5,clean,0.1,0,715,0.7874125874125875,1.0,1.0,0.0,0.0,0.5272727272727272,0.4727272727272727,0.5272727272727272,0.0,0.8048780487804879,0.8671328671328671,0.9300699300699301,0.7687861271676301,346,330,0.8526011560693642,0.9421965317919075,0.8048780487804879,369,370,0.8536585365853658,0.940379403794038,social,0.7394366197183099,142,129,0.823943661971831,0.9647887323943662,social|1,0.6333333333333333,60,60,0.7833333333333333,0.9833333333333333,0.1,0.7723953193289159,288.58029042718175,0.0
dreaddit,distilbert,42,typo_05,M5,clean,0.05,0,715,0.7202797202797203,1.0,1.0,0.0,0.0,0.7174825174825175,0.28251748251748254,0.7174825174825175,0.0,0.924119241192412,0.9258741258741259,0.9706293706293706,0.5028901734104047,346,330,0.9161849710982659,0.9797687861271677,0.924119241192412,369,370,0.9159891598915989,0.978319783197832,social,0.6338028169014085,142,129,0.8943661971830986,0.9929577464788732,anxiety|0,0.4393939393939394,66,49,0.8636363636363636,1.0,0.1,0.5450130801886054,539.8107680498771,0.0
dreaddit,distilbert,42,typo_10,M0,clean,0.1,0,715,0.8937062937062937,1.3902097902097903,0.6097902097902098,0.0,0.3902097902097902,0.2629370629370629,0.34685314685314683,0.6531468531468532,0.3902097902097902,0.8753387533875339,0.8671328671328671,0.9300699300699301,0.9132947976878613,346,330,0.8526011560693642,0.9421965317919075,0.8753387533875339,369,370,0.8536585365853658,0.940379403794038,ptsd,0.8582677165354331,127,138,0.8267716535433071,0.968503937007874,social|1,0.7333333333333333,60,60,0.7833333333333333,0.9833333333333333,0.1,0.9094991932578285,462.10034932719276,341.247239061986
dreaddit,distilbert,42,typo_10,M0,clean,0.05,0,715,0.972027972027972,1.6657342657342658,0.33426573426573425,0.0,0.6657342657342658,0.14125874125874127,0.193006993006993,0.806993006993007,0.6657342657342658,0.959349593495935,0.9258741258741259,0.9706293706293706,0.9855491329479769,346,330,0.9161849710982659,0.9797687861271677,0.959349593495935,369,370,0.9159891598915989,0.978319783197832,social,0.9507042253521126,142,129,0.8943661971830986,0.9929577464788732,social|1,0.8833333333333333,60,60,0.85,1.0,0.1,0.9829291790027727,675.9927628178016,636.9707223083791
dreaddit,distilbert,42,typo_10,M1,clean,0.1,0,715,0.7916083916083916,1.2447552447552448,0.7552447552447552,0.0,0.24475524475524477,0.15104895104895105,0.6041958041958042,0.3958041958041958,0.24475524475524477,0.6151761517615176,0.8671328671328671,0.9300699300699301,0.9797687861271677,346,330,0.8526011560693642,0.9421965317919075,0.6151761517615176,369,370,0.8536585365853658,0.940379403794038,abuse,0.7253521126760564,142,142,0.823943661971831,0.9647887323943662,social|1,0.38333333333333336,60,60,0.7833333333333333,0.9833333333333333,0.1,0.9433095226906026,207.18235506054484,161.60298886225857
dreaddit,distilbert,42,typo_10,M1,clean,0.05,0,715,0.9188811188811189,1.5202797202797202,0.4797202797202797,0.0,0.5202797202797202,0.09090909090909091,0.3888111888111888,0.6111888111888112,0.5202797202797202,0.8482384823848238,0.9258741258741259,0.9706293706293706,0.9942196531791907,346,330,0.9161849710982659,0.9797687861271677,0.8482384823848238,369,370,0.9159891598915989,0.978319783197832,social,0.8661971830985915,142,129,0.8943661971830986,0.9929577464788732,social|1,0.6833333333333333,60,60,0.85,1.0,0.1,0.979621536099754,407.36720083963843,385.0917179692028
dreaddit,distilbert,42,typo_10,M2,clean,0.1,0,715,0.8013986013986014,1.3244755244755244,0.6755244755244755,0.0,0.32447552447552447,0.15244755244755245,0.5230769230769231,0.47692307692307695,0.32447552447552447,0.6449864498644986,0.8671328671328671,0.9300699300699301,0.9682080924855492,346,330,0.8526011560693642,0.9421965317919075,0.6449864498644986,369,370,0.8536585365853658,0.940379403794038,anxiety,0.6770186335403726,161,147,0.8322981366459627,0.9627329192546584,anxiety|1,0.45263157894736844,95,98,0.8210526315789474,0.9789473684210527,0.1,0.9358859282234442,332.41772013095857,277.2467377852969
dreaddit,distilbert,42,typo_10,M2,clean,0.05,0,715,0.9090909090909091,1.593006993006993,0.406993006993007,0.0,0.593006993006993,0.07132867132867132,0.3356643356643357,0.6643356643356644,0.593006993006993,0.8346883468834688,0.9258741258741259,0.9706293706293706,0.9884393063583815,346,330,0.9161849710982659,0.9797687861271677,0.8346883468834688,369,370,0.9159891598915989,0.978319783197832,ptsd,0.8110236220472441,127,138,0.8976377952755905,0.9921259842519685,ptsd|1,0.7073170731707317,82,79,0.8658536585365854,1.0,0.1,0.9730642104108902,517.8618982721619,494.72014662343156
dreaddit,distilbert,42,typo_10,M3,matched,0.1,0,715,0.8825174825174825,1.3272727272727274,0.6727272727272727,0.0,0.32727272727272727,0.3678321678321678,0.3048951048951049,0.6951048951048951,0.32727272727272727,0.9024390243902439,0.8671328671328671,0.9300699300699301,0.861271676300578,346,330,0.8526011560693642,0.9421965317919075,0.9024390243902439,369,370,0.8536585365853658,0.940379403794038,ptsd,0.8188976377952756,127,138,0.8267716535433071,0.968503937007874,ptsd|0,0.7111111111111111,45,59,0.7555555555555555,1.0,0.1,0.8653884111095446,516.8334978147469,333.7124238294406
dreaddit,distilbert,42,typo_10,M3,matched,0.05,0,715,0.9230769230769231,1.4937062937062937,0.5062937062937063,0.0,0.4937062937062937,0.29790209790209793,0.2083916083916084,0.7916083916083916,0.4937062937062937,0.9512195121951219,0.9258741258741259,0.9706293706293706,0.8930635838150289,346,330,0.9161849710982659,0.9797687861271677,0.9512195121951219,369,370,0.9159891598915989,0.978319783197832,ptsd,0.8818897637795275,127,138,0.8976377952755905,0.9921259842519685,ptsd|0,0.7777777777777778,45,59,0.8444444444444444,1.0,0.1,0.8988791766530382,654.370506132807,510.43125460156335
dreaddit,distilbert,42,typo_10,M3-mix,mix,0.1,0,715,0.8951048951048951,1.4405594405594406,0.5594405594405595,0.0,0.4405594405594406,0.1916083916083916,0.3678321678321678,0.6321678321678321,0.4405594405594406,0.8455284552845529,0.8671328671328671,0.9300699300699301,0.9479768786127167,346,330,0.8526011560693642,0.9421965317919075,0.8455284552845529,369,370,0.8536585365853658,0.940379403794038,social,0.852112676056338,142,129,0.823943661971831,0.9647887323943662,social|1,0.6833333333333333,60,60,0.7833333333333333,0.9833333333333333,0.1,0.9377320362799004,448.71469523943796,369.64456349765805
dreaddit,distilbert,42,typo_10,M3-mix,mix,0.05,0,715,0.9552447552447553,1.6377622377622378,0.3622377622377622,0.0,0.6377622377622377,0.11468531468531469,0.24755244755244754,0.7524475524475525,0.6377622377622377,0.9322493224932249,0.9258741258741259,0.9706293706293706,0.9797687861271677,346,330,0.9161849710982659,0.9797687861271677,0.9322493224932249,369,370,0.9159891598915989,0.978319783197832,social,0.9084507042253521,142,129,0.8943661971830986,0.9929577464788732,social|1,0.8166666666666667,60,60,0.85,1.0,0.1,0.9750168397637734,597.8492097059699,559.3159139683883
dreaddit,distilbert,42,typo_10,M5,clean,0.1,0,715,0.7230769230769231,1.0,1.0,0.0,0.0,0.3958041958041958,0.6041958041958042,0.3958041958041958,0.0,0.6151761517615176,0.8671328671328671,0.9300699300699301,0.838150289017341,346,330,0.8526011560693642,0.9421965317919075,0.6151761517615176,369,370,0.8536585365853658,0.940379403794038,abuse,0.6690140845070423,142,142,0.823943661971831,0.9647887323943662,social|1,0.38333333333333336,60,60,0.7833333333333333,0.9833333333333333,0.1,0.8158528752917587,207.18235506054484,0.0
dreaddit,distilbert,42,typo_10,M5,clean,0.05,0,715,0.7482517482517482,1.0,1.0,0.0,0.0,0.6111888111888112,0.3888111888111888,0.6111888111888112,0.0,0.8482384823848238,0.9258741258741259,0.9706293706293706,0.6416184971098265,346,330,0.9161849710982659,0.9797687861271677,0.8482384823848238,369,370,0.9159891598915989,0.978319783197832,social,0.6830985915492958,142,129,0.8943661971830986,0.9929577464788732,ptsd|0,0.6,45,59,0.8444444444444444,1.0,0.1,0.6622804956373263,407.36720083963843,0.0
dreaddit,distilbert,7777,clean,M0,clean,0.1,0,715,0.8643356643356643,1.2041958041958043,0.7958041958041958,0.0,0.2041958041958042,0.5132867132867133,0.28251748251748254,0.7174825174825175,0.2041958041958042,0.943089430894309,0.8671328671328671,0.9300699300699301,0.7803468208092486,346,330,0.8526011560693642,0.9421965317919075,0.943089430894309,369,370,0.8536585365853658,0.940379403794038,social,0.795774647887324,142,129,0.823943661971831,0.9647887323943662,ptsd|0,0.7111111111111111,45,59,0.7555555555555555,1.0,0.1,0.7966210818177547,523.4996945345176,246.9500446449551
dreaddit,distilbert,7777,clean,M0,clean,0.05,0,715,0.9104895104895104,1.3496503496503496,0.6503496503496503,0.0,0.34965034965034963,0.42377622377622376,0.22657342657342658,0.7734265734265734,0.34965034965034963,0.964769647696477,0.9258741258741259,0.9706293706293706,0.8526011560693642,346,330,0.9161849710982659,0.9797687861271677,0.964769647696477,369,370,0.9159891598915989,0.978319783197832,social,0.8661971830985915,142,129,0.8943661971830986,0.9929577464788732,ptsd|0,0.7777777777777778,45,59,0.8444444444444444,1.0,0.1,0.8638180052320755,608.9047104343877,407.953067969986
dreaddit,distilbert,7777,clean,M1,clean,0.1,0,715,0.8657342657342657,1.1734265734265734,0.8265734265734266,0.0,0.17342657342657342,0.43356643356643354,0.393006993006993,0.606993006993007,0.17342657342657342,0.8834688346883469,0.8671328671328671,0.9300699300699301,0.846820809248555,346,330,0.8526011560693642,0.9421965317919075,0.8834688346883469,369,370,0.8536585365853658,0.940379403794038,social,0.8028169014084507,142,129,0.823943661971831,0.9647887323943662,social|1,0.7666666666666667,60,60,0.7833333333333333,0.9833333333333333,0.1,0.8504856117925341,369.2717389601642,161.76277080689883
dreaddit,distilbert,7777,clean,M1,clean,0.05,0,715,0.9258741258741259,1.3762237762237761,0.6237762237762238,0.0,0.37622377622377623,0.33706293706293705,0.2867132867132867,0.7132867132867133,0.37622377622377623,0.940379403794038,0.9258741258741259,0.9706293706293706,0.9104046242774566,346,330,0.9161849710982659,0.9797687861271677,0.940379403794038,369,370,0.9159891598915989,0.978319783197832,social,0.8661971830985915,142,129,0.8943661971830986,0.9929577464788732,ptsd|0,0.8222222222222222,45,59,0.8444444444444444,1.0,0.1,0.9134021022291148,518.0263796857621,380.4799724297821
dreaddit,distilbert,7777,clean,M2,clean,0.1,0,715,0.8727272727272727,1.2167832167832169,0.7832167832167832,0.0,0.21678321678321677,0.4251748251748252,0.35804195804195804,0.641958041958042,0.21678321678321677,0.8970189701897019,0.8671328671328671,0.9300699300699301,0.846820809248555,346,330,0.8526011560693642,0.9421965317919075,0.8970189701897019,369,370,0.8536585365853658,0.940379403794038,ptsd,0.8503937007874016,127,138,0.8267716535433071,0.968503937007874,ptsd|0,0.7777777777777778,45,59,0.7555555555555555,1.0,0.1,0.8518406253426696,422.6498738975829,216.76692200448016
dreaddit,distilbert,7777,clean,M2,clean,0.05,0,715,0.9496503496503497,1.4993006993006992,0.5006993006993007,0.0,0.4993006993006993,0.26573426573426573,0.23496503496503496,0.765034965034965,0.4993006993006993,0.9539295392953929,0.9258741258741259,0.9706293706293706,0.9450867052023122,346,330,0.9161849710982659,0.9797687861271677,0.9539295392953929,369,370,0.9159891598915989,0.978319783197832,ptsd,0.8661417322834646,127,138,0.8976377952755905,0.9921259842519685,ptsd|0,0.8,45,59,0.8444444444444444,1.0,0.1,0.9459709886116203,602.6183874555509,506.8549587229976
dreaddit,distilbert,7777,clean,M3,matched,0.1,0,715,0.8657342657342657,1.1734265734265734,0.8265734265734266,0.0,0.17342657342657342,0.43356643356643354,0.393006993006993,0.606993006993007,0.17342657342657342,0.8834688346883469,0.8671328671328671,0.9300699300699301,0.846820809248555,346,330,0.8526011560693642,0.9421965317919075,0.8834688346883469,369,370,0.8536585365853658,0.940379403794038,social,0.8028169014084507,142,129,0.823943661971831,0.9647887323943662,social|1,0.7666666666666667,60,60,0.7833333333333333,0.9833333333333333,0.1,0.8504856117925341,369.2717389601642,161.76277080689883
dreaddit,distilbert,7777,clean,M3,matched,0.05,0,715,0.9258741258741259,1.3762237762237761,0.6237762237762238,0.0,0.37622377622377623,0.33706293706293705,0.2867132867132867,0.7132867132867133,0.37622377622377623,0.940379403794038,0.9258741258741259,0.9706293706293706,0.9104046242774566,346,330,0.9161849710982659,0.9797687861271677,0.940379403794038,369,370,0.9159891598915989,0.978319783197832,social,0.8661971830985915,142,129,0.8943661971830986,0.9929577464788732,ptsd|0,0.8222222222222222,45,59,0.8444444444444444,1.0,0.1,0.9134021022291148,518.0263796857621,380.4799724297821
dreaddit,distilbert,7777,clean,M3-mix,mix,0.1,0,715,0.8965034965034965,1.3034965034965036,0.6965034965034965,0.0,0.3034965034965035,0.46013986013986014,0.23636363636363636,0.7636363636363637,0.3034965034965035,0.964769647696477,0.8671328671328671,0.9300699300699301,0.8236994219653179,346,330,0.8526011560693642,0.9421965317919075,0.964769647696477,369,370,0.8536585365853658,0.940379403794038,social,0.8309859154929577,142,129,0.823943661971831,0.9647887323943662,ptsd|0,0.7555555555555555,45,59,0.7555555555555555,1.0,0.1,0.8378064445384338,590.6966179488385,359.3973714303617
dreaddit,distilbert,7777,clean,M3-mix,mix,0.05,0,715,0.9454545454545454,1.4923076923076923,0.5076923076923077,0.0,0.49230769230769234,0.3356643356643357,0.17202797202797201,0.827972027972028,0.49230769230769234,0.978319783197832,0.9258741258741259,0.9706293706293706,0.9104046242774566,346,330,0.9161849710982659,0.9797687861271677,0.978319783197832,369,370,0.9159891598915989,0.978319783197832,social,0.9084507042253521,142,129,0.8943661971830986,0.9929577464788732,ptsd|0,0.8666666666666667,45,59,0.8444444444444444,1.0,0.1,0.9171961401694941,698.6990303429046,561.4236257969517
dreaddit,distilbert,7777,clean,M5,clean,0.1,0,715,0.7888111888111888,1.0,1.0,0.0,0.0,0.606993006993007,0.393006993006993,0.606993006993007,0.0,0.8834688346883469,0.8671328671328671,0.9300699300699301,0.6878612716763006,346,330,0.8526011560693642,0.9421965317919075,0.8834688346883469,369,370,0.8536585365853658,0.940379403794038,social,0.6971830985915493,142,129,0.823943661971831,0.9647887323943662,ptsd|0,0.6,45,59,0.7555555555555555,1.0,0.1,0.7074220279775053,369.2717389601642,0.0
dreaddit,distilbert,7777,clean,M5,clean,0.05,0,715,0.7412587412587412,1.0,1.0,0.0,0.0,0.7132867132867133,0.2867132867132867,0.7132867132867133,0.0,0.940379403794038,0.9258741258741259,0.9706293706293706,0.5289017341040463,346,330,0.9161849710982659,0.9797687861271677,0.940379403794038,369,370,0.9159891598915989,0.978319783197832,social,0.647887323943662,142,129,0.8943661971830986,0.9929577464788732,abuse|0,0.375,64,66,0.875,1.0,0.1,0.5700495010730454,518.0263796857621,0.0
dreaddit,distilbert,7777,head_75,M0,clean,0.1,0,715,0.8671328671328671,1.241958041958042,0.7580419580419581,0.0,0.24195804195804196,0.4489510489510489,0.3090909090909091,0.6909090909090909,0.24195804195804196,0.9051490514905149,0.8671328671328671,0.9300699300699301,0.8265895953757225,346,330,0.8526011560693642,0.9421965317919075,0.9051490514905149,369,370,0.8536585365853658,0.940379403794038,social,0.823943661971831,142,129,0.823943661971831,0.9647887323943662,ptsd|0,0.7777777777777778,45,59,0.7555555555555555,1.0,0.1,0.8344455409872018,506.6998762473174,279.8988047683946
dreaddit,distilbert,7777,head_75,M0,clean,0.05,0,715,0.9076923076923077,1.3734265734265734,0.6265734265734266,0.0,0.3734265734265734,0.36923076923076925,0.2573426573426573,0.7426573426573426,0.3734265734265734,0.9376693766937669,0.9258741258741259,0.9706293706293706,0.8757225433526011,346,330,0.9161849710982659,0.9797687861271677,0.9376693766937669,369,370,0.9159891598915989,0.978319783197832,social,0.852112676056338,142,129,0.8943661971830986,0.9929577464788732,ptsd|0,0.8222222222222222,45,59,0.8444444444444444,1.0,0.1,0.8819172266867178,574.9808105017466,403.2395006030985
dreaddit,distilbert,7777,head_75,M1,clean,0.1,0,715,0.8447552447552448,1.1902097902097901,0.8097902097902098,0.0,0.1902097902097902,0.37902097902097903,0.4307692307692308,0.5692307692307692,0.1902097902097902,0.8211382113821138,0.8671328671328671,0.9300699300699301,0.869942196531792,346,330,0.8526011560693642,0.9421965317919075,0.8211382113821138,369,370,0.8536585365853658,0.940379403794038,social,0.795774647887324,142,129,0.823943661971831,0.9647887323943662,social|1,0.7166666666666667,60,60,0.7833333333333333,0.9833333333333333,0.1,0.8650617980168241,352.6340523520842,174.33541676457227
dreaddit,distilbert,7777,head_75,M1,clean,0.05,0,715,0.9146853146853147,1.3762237762237761,0.6237762237762238,0.0,0.37622377622377623,0.3020979020979021,0.32167832167832167,0.6783216783216783,0.37622377622377623,0.9024390243902439,0.9258741258741259,0.9706293706293706,0.9277456647398844,346,330,0.9161849710982659,0.9797687861271677,0.9024390243902439,369,370,0.9159891598915989,0.978319783197832,social,0.8732394366197183,142,129,0.8943661971830986,0.9929577464788732,social|1,0.8,60,60,0.85,1.0,0.1,0.9252150007049204,485.61962498237705,368.8292056330968
dreaddit,distilbert,7777,head_75,M2,clean,0.1,0,715,0.855944055944056,1.2321678321678322,0.7678321678321678,0.0,0.23216783216783216,0.3734265734265734,0.3944055944055944,0.6055944055944056,0.23216783216783216,0.8373983739837398,0.8671328671328671,0.9300699300699301,0.8757225433526011,346,330,0.8526011560693642,0.9421965317919075,0.8373983739837398,369,370,0.8536585365853658,0.940379403794038,ptsd,0.8188976377952756,127,138,0.8267716535433071,0.968503937007874,social|1,0.7666666666666667,60,60,0.7833333333333333,0.9833333333333333,0.1,0.8718901264157151,406.28318999953007,233.7288719708006
dreaddit,distilbert,7777,head_75,M2,clean,0.05,0,715,0.9412587412587412,1.5160839160839161,0.48391608391608393,0.0,0.5160839160839161,0.22937062937062938,0.2545454545454545,0.7454545454545455,0.5160839160839161,0.9295392953929539,0.9258741258741259,0.9706293706293706,0.953757225433526,346,330,0.9161849710982659,0.9797687861271677,0.9295392953929539,369,370,0.9159891598915989,0.978319783197832,ptsd,0.8818897637795275,127,138,0.8976377952755905,0.9921259842519685,ptsd|0,0.8444444444444444,45,59,0.8444444444444444,1.0,0.1,0.9513354324294688,587.1735827184862,505.4466845246487
dreaddit,distilbert,7777,head_75,M3,matched,0.1,0,715,0.8573426573426574,1.2265734265734265,0.7734265734265734,0.0,0.22657342657342658,0.4041958041958042,0.36923076923076925,0.6307692307692307,0.22657342657342658,0.8672086720867209,0.8671328671328671,0.9300699300699301,0.846820809248555,346,330,0.8526011560693642,0.9421965317919075,0.8672086720867209,369,370,0.8536585365853658,0.940379403794038,social,0.8028169014084507,142,129,0.823943661971831,0.9647887323943662,social|1,0.75,60,60,0.7833333333333333,0.9833333333333333,0.1,0.8488595955323716,427.4723122953774,225.65440105268107
dreaddit,distilbert,7777,head_75,M3,matched,0.05,0,715,0.9258741258741259,1.413986013986014,0.586013986013986,0.0,0.413986013986014,0.3230769230769231,0.2629370629370629,0.737062937062937,0.413986013986014,0.9349593495934959,0.9258741258741259,0.9706293706293706,0.9161849710982659,346,330,0.9161849710982659,0.9797687861271677,0.9349593495934959,369,370,0.9159891598915989,0.978319783197832,social,0.8802816901408451,142,129,0.8943661971830986,0.9929577464788732,social|1,0.8333333333333334,60,60,0.85,1.0,0.1,0.9180624089477889,566.9063395836271,436.7302661465921
dreaddit,distilbert,7777,head_75,M3-mix,mix,0.1,0,715,0.8755244755244755,1.26993006993007,0.73006993006993,0.0,0.2699300699300699,0.46153846153846156,0.26853146853146853,0.7314685314685314,0.2699300699300699,0.9214092140921409,0.8671328671328671,0.9300699300699301,0.8265895953757225,346,330,0.8526011560693642,0.9421965317919075,0.9214092140921409,369,370,0.8536585365853658,0.940379403794038,social,0.823943661971831,142,129,0.823943661971831,0.9647887323943662,ptsd|0,0.7555555555555555,45,59,0.7555555555555555,1.0,0.1,0.8360715572473645,568.1524821028557,338.91238623368895
dreaddit,distilbert,7777,head_75,M3-mix,mix,0.05,0,715,0.9412587412587412,1.46993006993007,0.5300699300699301,0.0,0.4699300699300699,0.3104895104895105,0.21958041958041957,0.7804195804195804,0.4699300699300699,0.959349593495935,0.9258741258741259,0.9706293706293706,0.9219653179190751,346,330,0.9161849710982659,0.9797687861271677,0.959349593495935,369,370,0.9159891598915989,0.978319783197832,social,0.8943661971830986,142,129,0.8943661971830986,0.9929577464788732,ptsd|0,0.8444444444444444,45,59,0.8444444444444444,1.0,0.1,0.9257037454767612,626.5707974998826,503.4940551717656
dreaddit,distilbert,7777,head_75,M5,clean,0.1,0,715,0.7622377622377622,1.0,1.0,0.0,0.0,0.5692307692307692,0.4307692307692308,0.5692307692307692,0.0,0.8211382113821138,0.8671328671328671,0.9300699300699301,0.6994219653179191,346,330,0.8526011560693642,0.9421965317919075,0.8211382113821138,369,370,0.8536585365853658,0.940379403794038,social,0.7183098591549296,142,129,0.823943661971831,0.9647887323943662,ptsd|0,0.6222222222222222,45,59,0.7555555555555555,1.0,0.1,0.7115935899243386,352.6340523520842,0.0
dreaddit,distilbert,7777,head_75,M5,clean,0.05,0,715,0.737062937062937,1.0,1.0,0.0,0.0,0.6783216783216783,0.32167832167832167,0.6783216783216783,0.0,0.9024390243902439,0.9258741258741259,0.9706293706293706,0.5606936416184971,346,330,0.9161849710982659,0.9797687861271677,0.9024390243902439,369,370,0.9159891598915989,0.978319783197832,social,0.6549295774647887,142,129,0.8943661971830986,0.9929577464788732,abuse|0,0.5,64,66,0.875,1.0,0.1,0.5948681798956718,485.61962498237705,0.0
dreaddit,distilbert,7777,head_50,M0,clean,0.1,0,715,0.8601398601398601,1.2601398601398601,0.7398601398601399,0.0,0.2601398601398601,0.386013986013986,0.35384615384615387,0.6461538461538462,0.2601398601398601,0.8590785907859079,0.8671328671328671,0.9300699300699301,0.861271676300578,346,330,0.8526011560693642,0.9421965317919075,0.8590785907859079,369,370,0.8536585365853658,0.940379403794038,social,0.8098591549295775,142,129,0.823943661971831,0.9647887323943662,social|1,0.7166666666666667,60,60,0.7833333333333333,0.9833333333333333,0.1,0.861052367749111,463.07548913639425,276.43137992073565
dreaddit,distilbert,7777,head_50,M0,clean,0.05,0,715,0.9104895104895104,1.3958041958041958,0.6041958041958042,0.0,0.3958041958041958,0.3062937062937063,0.29790209790209793,0.7020979020979021,0.3958041958041958,0.8970189701897019,0.9258741258741259,0.9706293706293706,0.9248554913294798,346,330,0.9161849710982659,0.9797687861271677,0.8970189701897019,369,370,0.9159891598915989,0.978319783197832,social,0.8732394366197183,142,129,0.8943661971830986,0.9929577464788732,social|1,0.8,60,60,0.85,1.0,0.1,0.9220718392155021,534.4995848802419,414.5660040415433
dreaddit,distilbert,7777,head_50,M1,clean,0.1,0,715,0.8237762237762237,1.186013986013986,0.813986013986014,0.0,0.18601398601398603,0.32167832167832167,0.49230769230769234,0.5076923076923077,0.18601398601398603,0.7425474254742548,0.8671328671328671,0.9300699300699301,0.9104046242774566,346,330,0.8526011560693642,0.9421965317919075,0.7425474254742548,369,370,0.8536585365853658,0.940379403794038,social,0.7746478873239436,142,129,0.823943661971831,0.9647887323943662,social|1,0.6,60,60,0.7833333333333333,0.9833333333333333,0.1,0.8936189043971364,305.7576327208359,171.1922552751539
dreaddit,distilbert,7777,head_50,M1,clean,0.05,0,715,0.9062937062937063,1.4083916083916084,0.5916083916083916,0.0,0.4083916083916084,0.23216783216783216,0.3594405594405594,0.6405594405594406,0.4083916083916084,0.8509485094850948,0.9258741258741259,0.9706293706293706,0.9653179190751445,346,330,0.9161849710982659,0.9797687861271677,0.8509485094850948,369,370,0.9159891598915989,0.978319783197832,social,0.8450704225352113,142,129,0.8943661971830986,0.9929577464788732,social|1,0.7166666666666667,60,60,0.85,1.0,0.1,0.9538809781161395,459.66132493694886,386.71303476040544
dreaddit,distilbert,7777,head_50,M2,clean,0.1,0,715,0.8251748251748252,1.2237762237762237,0.7762237762237763,0.0,0.22377622377622378,0.3174825174825175,0.45874125874125876,0.5412587412587413,0.22377622377622378,0.7452574525745257,0.8671328671328671,0.9300699300699301,0.9104046242774566,346,330,0.8526011560693642,0.9421965317919075,0.7452574525745257,369,370,0.8536585365853658,0.940379403794038,ptsd,0.7716535433070866,127,138,0.8267716535433071,0.968503937007874,social|1,0.65,60,60,0.7833333333333333,0.9833333333333333,0.1,0.8938899071071635,365.8552250262387,232.102855710638
dreaddit,distilbert,7777,head_50,M2,clean,0.05,0,715,0.9258741258741259,1.5314685314685315,0.46853146853146854,0.0,0.5314685314685315,0.17202797202797201,0.2965034965034965,0.7034965034965035,0.5314685314685315,0.8753387533875339,0.9258741258741259,0.9706293706293706,0.9797687861271677,346,330,0.9161849710982659,0.9797687861271677,0.8753387533875339,369,370,0.9159891598915989,0.978319783197832,ptsd,0.8267716535433071,127,138,0.8976377952755905,0.9921259842519685,ptsd|1,0.7804878048780488,82,79,0.8658536585365854,1.0,0.1,0.9693257828532043,555.7419678243025,506.0975609756098
dreaddit,distilbert,7777,head_50,M3,matched,0.1,0,715,0.8853146853146853,1.3286713286713288,0.6713286713286714,0.0,0.32867132867132864,0.37622377622377623,0.2951048951048951,0.7048951048951049,0.32867132867132864,0.8997289972899729,0.8671328671328671,0.9300699300699301,0.869942196531792,346,330,0.8526011560693642,0.9421965317919075,0.8997289972899729,369,370,0.8536585365853658,0.940379403794038,social,0.8450704225352113,142,129,0.823943661971831,0.9647887323943662,social|1,0.8,60,60,0.7833333333333333,0.9833333333333333,0.1,0.87292087660761,537.3717436596331,359.61511349217545
dreaddit,distilbert,7777,head_50,M3,matched,0.05,0,715,0.9328671328671329,1.4895104895104896,0.5104895104895105,0.0,0.48951048951048953,0.3174825174825175,0.193006993006993,0.806993006993007,0.48951048951048953,0.948509485094851,0.9258741258741259,0.9706293706293706,0.9161849710982659,346,330,0.9161849710982659,0.9797687861271677,0.948509485094851,369,370,0.9159891598915989,0.978319783197832,social,0.9154929577464789,142,129,0.8943661971830986,0.9929577464788732,ptsd|0,0.8444444444444444,45,59,0.8444444444444444,1.0,0.1,0.9194174224979244,685.3133762551498,556.2213136582234
dreaddit,distilbert,7777,head_50,M3-mix,mix,0.1,0,715,0.8797202797202798,1.309090909090909,0.6909090909090909,0.0,0.3090909090909091,0.406993006993007,0.2839160839160839,0.7160839160839161,0.3090909090909091,0.9024390243902439,0.8671328671328671,0.9300699300699301,0.8554913294797688,346,330,0.8526011560693642,0.9421965317919075,0.9024390243902439,369,370,0.8536585365853658,0.940379403794038,social,0.852112676056338,142,129,0.823943661971831,0.9647887323943662,abuse|0,0.796875,64,66,0.796875,0.984375,0.1,0.8601860989708163,555.8508388552094,360.48138227047014
dreaddit,distilbert,7777,head_50,M3-mix,mix,0.05,0,715,0.9440559440559441,1.579020979020979,0.42097902097902096,0.0,0.579020979020979,0.1944055944055944,0.22657342657342658,0.7734265734265734,0.579020979020979,0.9214092140921409,0.9258741258741259,0.9706293706293706,0.9682080924855492,346,330,0.9161849710982659,0.9797687861271677,0.9214092140921409,369,370,0.9159891598915989,0.978319783197832,ptsd,0.9212598425196851,127,138,0.8976377952755905,0.9921259842519685,social|1,0.8666666666666667,60,60,0.85,1.0,0.1,0.9635282046462084,646.1871641837806,582.886100537306
dreaddit,distilbert,7777,head_50,M5,clean,0.1,0,715,0.7426573426573426,1.0,1.0,0.0,0.0,0.5076923076923077,0.49230769230769234,0.5076923076923077,0.0,0.7425474254742548,0.8671328671328671,0.9300699300699301,0.7427745664739884,346,330,0.8526011560693642,0.9421965317919075,0.7425474254742548,369,370,0.8536585365853658,0.940379403794038,social,0.6690140845070423,142,129,0.823943661971831,0.9647887323943662,social|1,0.6,60,60,0.7833333333333333,0.9833333333333333,0.1,0.7427518523740151,305.7576327208359,0.0
dreaddit,distilbert,7777,head_50,M5,clean,0.05,0,715,0.7216783216783217,1.0,1.0,0.0,0.0,0.6405594405594406,0.3594405594405594,0.6405594405594406,0.0,0.8509485094850948,0.9258741258741259,0.9706293706293706,0.5838150289017341,346,330,0.9161849710982659,0.9797687861271677,0.8509485094850948,369,370,0.9159891598915989,0.978319783197832,social,0.6197183098591549,142,129,0.8943661971830986,0.9929577464788732,abuse|0,0.4375,64,66,0.875,1.0,0.1,0.6105283769600702,459.66132493694886,0.0
dreaddit,distilbert,7777,head_25,M0,clean,0.1,0,715,0.848951048951049,1.318881118881119,0.6811188811188811,0.0,0.31888111888111886,0.2755244755244755,0.40559440559440557,0.5944055944055944,0.31888111888111886,0.7913279132791328,0.8671328671328671,0.9300699300699301,0.9104046242774566,346,330,0.8526011560693642,0.9421965317919075,0.7913279132791328,369,370,0.8536585365853658,0.940379403794038,social,0.8098591549295775,142,129,0.823943661971831,0.9647887323943662,social|1,0.7166666666666667,60,60,0.7833333333333333,0.9833333333333333,0.1,0.8984969531776242,425.0865485533468,299.46426053855913
dreaddit,distilbert,7777,head_25,M0,clean,0.05,0,715,0.8867132867132868,1.4685314685314685,0.5314685314685315,0.0,0.46853146853146854,0.2041958041958042,0.32727272727272727,0.6727272727272727,0.46853146853146854,0.8346883468834688,0.9258741258741259,0.9706293706293706,0.9421965317919075,346,330,0.9161849710982659,0.9797687861271677,0.8346883468834688,369,370,0.9159891598915989,0.978319783197832,social,0.8591549295774648,142,129,0.8943661971830986,0.9929577464788732,social|1,0.7833333333333333,60,60,0.85,1.0,0.1,0.9314457133010636,533.468834688347,447.299371837649
dreaddit,distilbert,7777,head_25,M1,clean,0.1,0,715,0.779020979020979,1.1958041958041958,0.8041958041958042,0.0,0.1958041958041958,0.21678321678321677,0.5874125874125874,0.4125874125874126,0.1958041958041958,0.6287262872628726,0.8671328671328671,0.9300699300699301,0.9393063583815029,346,330,0.8526011560693642,0.9421965317919075,0.6287262872628726,369,370,0.8536585365853658,0.940379403794038,ptsd,0.7480314960629921,127,138,0.8267716535433071,0.968503937007874,social|1,0.55,60,60,0.7833333333333333,0.9833333333333333,0.1,0.9082483512696399,226.74546109622946,135.80682049595063
dreaddit,distilbert,7777,head_25,M1,clean,0.05,0,715,0.8755244755244755,1.4293706293706294,0.5706293706293706,0.0,0.42937062937062936,0.15664335664335666,0.413986013986014,0.586013986013986,0.42937062937062936,0.7831978319783198,0.9258741258741259,0.9706293706293706,0.9739884393063584,346,330,0.9161849710982659,0.9797687861271677,0.7831978319783198,369,370,0.9159891598915989,0.978319783197832,ptsd,0.8267716535433071,127,138,0.8976377952755905,0.9921259842519685,social|1,0.7166666666666667,60,60,0.85,1.0,0.1,0.9549093785735545,416.470072215173,365.14638845810424
dreaddit,distilbert,7777,head_25,M2,clean,0.1,0,715,0.7958041958041958,1.241958041958042,0.7580419580419581,0.0,0.24195804195804196,0.2097902097902098,0.5482517482517483,0.45174825174825173,0.24195804195804196,0.6504065040650406,0.8671328671328671,0.9300699300699301,0.9508670520231214,346,330,0.8526011560693642,0.9421965317919075,0.6504065040650406,369,370,0.8536585365853658,0.940379403794038,anxiety,0.6956521739130435,161,147,0.8322981366459627,0.9627329192546584,anxiety|1,0.5263157894736842,95,98,0.8210526315789474,0.9789473684210527,0.1,0.9208209972273134,280.9366041637295,200.67359055093442
dreaddit,distilbert,7777,head_25,M2,clean,0.05,0,715,0.8965034965034965,1.5776223776223777,0.4223776223776224,0.0,0.5776223776223777,0.0937062937062937,0.32867132867132864,0.6713286713286714,0.5776223776223777,0.8075880758807588,0.9258741258741259,0.9706293706293706,0.9913294797687862,346,330,0.9161849710982659,0.9797687861271677,0.8075880758807588,369,370,0.9159891598915989,0.978319783197832,ptsd,0.7716535433070866,127,138,0.8976377952755905,0.9921259842519685,ptsd|1,0.6707317073170732,82,79,0.8658536585365854,1.0,0.1,0.9729553393799835,554.1692122123534,529.0215705625266
dreaddit,distilbert,7777,head_25,M3,matched,0.1,0,715,0.8769230769230769,1.406993006993007,0.593006993006993,0.0,0.406993006993007,0.34265734265734266,0.25034965034965034,0.7496503496503496,0.406993006993007,0.8807588075880759,0.8671328671328671,0.9300699300699301,0.8728323699421965,346,330,0.8526011560693642,0.9421965317919075,0.8807588075880759,369,370,0.8536585365853658,0.940379403794038,social,0.823943661971831,142,129,0.823943661971831,0.9647887323943662,abuse|0,0.765625,64,66,0.796875,0.984375,0.1,0.8736250137067845,636.9198113946458,467.99739962717547
dreaddit,distilbert,7777,head_25,M3,matched,0.05,0,715,0.9342657342657342,1.6223776223776223,0.3776223776223776,0.0,0.6223776223776224,0.23216783216783216,0.14545454545454545,0.8545454545454545,0.6223776223776224,0.9349593495934959,0.9258741258741259,0.9706293706293706,0.9335260115606936,346,330,0.9161849710982659,0.9797687861271677,0.9349593495934959,369,370,0.9159891598915989,0.978319783197832,social,0.8943661971830986,142,129,0.8943661971830986,0.9929577464788732,social|1,0.8833333333333333,60,60,0.85,1.0,0.1,0.9336693453639738,785.4034494102167,686.8234722809656
dreaddit,distilbert,7777,head_25,M3-mix,mix,0.1,0,715,0.8853146853146853,1.4265734265734267,0.5734265734265734,0.0,0.42657342657342656,0.29790209790209793,0.2755244755244755,0.7244755244755244,0.42657342657342656,0.8672086720867209,0.8671328671328671,0.9300699300699301,0.9046242774566474,346,330,0.8526011560693642,0.9421965317919075,0.8672086720867209,369,370,0.8536585365853658,0.940379403794038,social,0.8380281690140845,142,129,0.823943661971831,0.9647887323943662,social|1,0.8,60,60,0.7833333333333333,0.9833333333333333,0.1,0.9008827169196548,601.7497689427762,467.13113084888073
dreaddit,distilbert,7777,head_25,M3-mix,mix,0.05,0,715,0.9524475524475524,1.6923076923076923,0.3076923076923077,0.0,0.6923076923076923,0.15664335664335666,0.15104895104895105,0.848951048951049,0.6923076923076923,0.9349593495934959,0.9258741258741259,0.9706293706293706,0.9710982658959537,346,330,0.9161849710982659,0.9797687861271677,0.9349593495934959,369,370,0.9159891598915989,0.978319783197832,anxiety,0.9192546583850931,161,147,0.9006211180124224,0.9875776397515528,anxiety|1,0.8842105263157894,95,98,0.8947368421052632,1.0,0.1,0.967484374265708,774.9988251327601,721.344988016354
dreaddit,distilbert,7777,head_25,M5,clean,0.1,0,715,0.7202797202797203,1.0,1.0,0.0,0.0,0.4125874125874126,0.5874125874125874,0.4125874125874126,0.0,0.6287262872628726,0.8671328671328671,0.9300699300699301,0.8179190751445087,346,330,0.8526011560693642,0.9421965317919075,0.6287262872628726,369,370,0.8536585365853658,0.940379403794038,abuse,0.676056338028169,142,142,0.823943661971831,0.9647887323943662,social|1,0.55,60,60,0.7833333333333333,0.9833333333333333,0.1,0.7989997963563451,226.74546109622946,0.0
dreaddit,distilbert,7777,head_25,M5,clean,0.05,0,715,0.7062937062937062,1.0,1.0,0.0,0.0,0.586013986013986,0.413986013986014,0.586013986013986,0.0,0.7831978319783198,0.9258741258741259,0.9706293706293706,0.6242774566473989,346,330,0.9161849710982659,0.9797687861271677,0.7831978319783198,369,370,0.9159891598915989,0.978319783197832,social,0.6690140845070423,142,129,0.8943661971830986,0.9929577464788732,abuse|0,0.515625,64,66,0.875,1.0,0.1,0.640169494180491,416.470072215173,0.0
dreaddit,distilbert,7777,tail_75,M0,clean,0.1,0,715,0.8601398601398601,1.2055944055944057,0.7944055944055944,0.0,0.2055944055944056,0.45454545454545453,0.33986013986013985,0.6601398601398601,0.2055944055944056,0.8943089430894309,0.8671328671328671,0.9300699300699301,0.8236994219653179,346,330,0.8526011560693642,0.9421965317919075,0.8943089430894309,369,370,0.8536585365853658,0.940379403794038,social,0.7887323943661971,142,129,0.823943661971831,0.9647887323943662,ptsd|0,0.7555555555555555,45,59,0.7555555555555555,1.0,0.1,0.8307603740777292,458.79505615865406,228.57982048028572
dreaddit,distilbert,7777,tail_75,M0,clean,0.05,0,715,0.9076923076923077,1.3552447552447553,0.6447552447552447,0.0,0.35524475524475524,0.36923076923076925,0.2755244755244755,0.7244755244755244,0.35524475524475524,0.926829268292683,0.9258741258741259,0.9706293706293706,0.8872832369942196,346,330,0.9161849710982659,0.9797687861271677,0.926829268292683,369,370,0.9159891598915989,0.978319783197832,social,0.8591549295774648,142,129,0.8943661971830986,0.9929577464788732,ptsd|0,0.8,45,59,0.8444444444444444,1.0,0.1,0.8912378401240659,550.4863950373607,388.06569857606087
dreaddit,distilbert,7777,tail_75,M1,clean,0.1,0,715,0.8545454545454545,1.1776223776223775,0.8223776223776224,0.0,0.17762237762237762,0.38181818181818183,0.4405594405594406,0.5594405594405595,0.17762237762237762,0.8292682926829268,0.8671328671328671,0.9300699300699301,0.8815028901734104,346,330,0.8526011560693642,0.9421965317919075,0.8292682926829268,369,370,0.8536585365853658,0.940379403794038,social,0.7746478873239436,142,129,0.823943661971831,0.9647887323943662,social|1,0.65,60,60,0.7833333333333333,0.9833333333333333,0.1,0.8762794304243621,327.4354997885239,157.91547221830598
dreaddit,distilbert,7777,tail_75,M1,clean,0.05,0,715,0.9118881118881119,1.3748251748251747,0.6251748251748251,0.0,0.3748251748251748,0.27972027972027974,0.34545454545454546,0.6545454545454545,0.3748251748251748,0.8943089430894309,0.9258741258741259,0.9706293706293706,0.930635838150289,346,330,0.9161849710982659,0.9797687861271677,0.8943089430894309,369,370,0.9159891598915989,0.978319783197832,social,0.8450704225352113,142,129,0.8943661971830986,0.9929577464788732,social|1,0.7666666666666667,60,60,0.85,1.0,0.1,0.9270031486442033,448.3904318811974,338.2662092516879
dreaddit,distilbert,7777,tail_75,M2,clean,0.1,0,715,0.8545454545454545,1.2055944055944057,0.7944055944055944,0.0,0.2055944055944056,0.3734265734265734,0.42097902097902096,0.579020979020979,0.2055944055944056,0.8319783197831978,0.8671328671328671,0.9300699300699301,0.8786127167630058,346,330,0.8526011560693642,0.9421965317919075,0.8319783197831978,369,370,0.8536585365853658,0.940379403794038,ptsd,0.8346456692913385,127,138,0.8267716535433071,0.968503937007874,social|1,0.7666666666666667,60,60,0.7833333333333333,0.9833333333333333,0.1,0.873949277065025,361.5215314002851,191.29736673089272
dreaddit,distilbert,7777,tail_75,M2,clean,0.05,0,715,0.9370629370629371,1.504895104895105,0.4951048951048951,0.0,0.5048951048951049,0.21958041958041957,0.2755244755244755,0.7244755244755244,0.5048951048951049,0.9214092140921409,0.9258741258741259,0.9706293706293706,0.953757225433526,346,330,0.9161849710982659,0.9797687861271677,0.9214092140921409,369,370,0.9159891598915989,0.978319783197832,ptsd,0.8740157480314961,127,138,0.8976377952755905,0.9921259842519685,ptsd|0,0.8444444444444444,45,59,0.8444444444444444,1.0,0.1,0.9505224242993875,555.146701756035,475.31682253238716
dreaddit,distilbert,7777,tail_75,M3,matched,0.1,0,715,0.8755244755244755,1.2167832167832169,0.7832167832167832,0.0,0.21678321678321677,0.4027972027972028,0.3804195804195804,0.6195804195804195,0.21678321678321677,0.8807588075880759,0.8671328671328671,0.9300699300699301,0.869942196531792,346,330,0.8526011560693642,0.9421965317919075,0.8807588075880759,369,370,0.8536585365853658,0.940379403794038,social,0.823943661971831,142,129,0.823943661971831,0.9647887323943662,social|1,0.7666666666666667,60,60,0.7833333333333333,0.9833333333333333,0.1,0.8710238576374203,395.0122969437787,212.10661528580604
dreaddit,distilbert,7777,tail_75,M3,matched,0.05,0,715,0.9258741258741259,1.4433566433566434,0.5566433566433566,0.0,0.4433566433566434,0.27692307692307694,0.27972027972027974,0.7202797202797203,0.4433566433566434,0.9214092140921409,0.9258741258741259,0.9706293706293706,0.930635838150289,346,330,0.9161849710982659,0.9797687861271677,0.9214092140921409,369,370,0.9159891598915989,0.978319783197832,social,0.8732394366197183,142,129,0.8943661971830986,0.9929577464788732,social|1,0.8333333333333334,60,60,0.85,1.0,0.1,0.9297131757444743,547.3432335479424,437.7610163384871
dreaddit,distilbert,7777,tail_75,M3-mix,mix,0.1,0,715,0.8643356643356643,1.241958041958042,0.7580419580419581,0.0,0.24195804195804196,0.46573426573426574,0.2923076923076923,0.7076923076923077,0.24195804195804196,0.9159891598915989,0.8671328671328671,0.9300699300699301,0.8092485549132948,346,330,0.8526011560693642,0.9421965317919075,0.9159891598915989,369,370,0.8536585365853658,0.940379403794038,social,0.7816901408450704,142,129,0.823943661971831,0.9647887323943662,social|0,0.7439024390243902,82,69,0.7926829268292683,0.975609756097561,0.1,0.8199226154111253,528.5931356423391,284.55911148706866
dreaddit,distilbert,7777,tail_75,M3-mix,mix,0.05,0,715,0.9342657342657342,1.4853146853146852,0.5146853146853146,0.0,0.4853146853146853,0.3062937062937063,0.2083916083916084,0.7916083916083916,0.4853146853146853,0.9512195121951219,0.9258741258741259,0.9706293706293706,0.9161849710982659,346,330,0.9161849710982659,0.9797687861271677,0.9512195121951219,369,370,0.9159891598915989,0.978319783197832,social,0.9014084507042254,142,129,0.8943661971830986,0.9929577464788732,ptsd|0,0.8222222222222222,45,59,0.8444444444444444,1.0,0.1,0.9196884252079515,654.370506132807,527.4464652160973
dreaddit,distilbert,7777,tail_75,M5,clean,0.1,0,715,0.7804195804195804,1.0,1.0,0.0,0.0,0.5594405594405595,0.4405594405594406,0.5594405594405595,0.0,0.8292682926829268,0.8671328671328671,0.9300699300699301,0.7283236994219653,346,330,0.8526011560693642,0.9421965317919075,0.8292682926829268,369,370,0.8536585365853658,0.940379403794038,social,0.6690140845070423,142,129,0.823943661971831,0.9647887323943662,social|1,0.65,60,60,0.7833333333333333,0.9833333333333333,0.1,0.7384181587480614,327.4354997885239,0.0
dreaddit,distilbert,7777,tail_75,M5,clean,0.05,0,715,0.7524475524475525,1.0,1.0,0.0,0.0,0.6545454545454545,0.34545454545454546,0.6545454545454545,0.0,0.8943089430894309,0.9258741258741259,0.9706293706293706,0.6011560693641619,346,330,0.9161849710982659,0.9797687861271677,0.8943089430894309,369,370,0.9159891598915989,0.978319783197832,social,0.6267605633802817,142,129,0.8943661971830986,0.9929577464788732,social|0,0.524390243902439,82,69,0.8780487804878049,1.0,0.1,0.6304713567366889,448.3904318811974,0.0
dreaddit,distilbert,7777,tail_50,M0,clean,0.1,0,715,0.8545454545454545,1.2503496503496503,0.7496503496503496,0.0,0.25034965034965034,0.37622377622377623,0.3734265734265734,0.6265734265734266,0.25034965034965034,0.8509485094850948,0.8671328671328671,0.9300699300699301,0.8583815028901735,346,330,0.8526011560693642,0.9421965317919075,0.8509485094850948,369,370,0.8536585365853658,0.940379403794038,social,0.8028169014084507,142,129,0.823943661971831,0.9647887323943662,financial|1,0.7407407407407407,54,57,0.7962962962962963,1.0,0.1,0.8576382035496657,433.6497642433071,246.57252063850115
dreaddit,distilbert,7777,tail_50,M0,clean,0.05,0,715,0.9020979020979021,1.4111888111888111,0.5888111888111888,0.0,0.4111888111888112,0.2811188811188811,0.3076923076923077,0.6923076923076923,0.4111888111888112,0.8834688346883469,0.9258741258741259,0.9706293706293706,0.9219653179190751,346,330,0.9161849710982659,0.9797687861271677,0.8834688346883469,369,370,0.9159891598915989,0.978319783197832,social,0.8732394366197183,142,129,0.8943661971830986,0.9929577464788732,financial|1,0.7777777777777778,54,57,0.8703703703703703,1.0,0.1,0.9181156695960023,527.9422591913781,410.5565737738303
dreaddit,distilbert,7777,tail_50,M1,clean,0.1,0,715,0.827972027972028,1.2111888111888112,0.7888111888111888,0.0,0.2111888111888112,0.2937062937062937,0.4951048951048951,0.5048951048951049,0.2111888111888112,0.7533875338753387,0.8671328671328671,0.9300699300699301,0.9075144508670521,346,330,0.8526011560693642,0.9421965317919075,0.7533875338753387,369,370,0.8536585365853658,0.940379403794038,social,0.7816901408450704,142,129,0.823943661971831,0.9647887323943662,social|1,0.6166666666666667,60,60,0.7833333333333333,0.9833333333333333,0.1,0.8921017591678808,291.2347071447593,159.7592305402823
dreaddit,distilbert,7777,tail_50,M1,clean,0.05,0,715,0.9034965034965035,1.4125874125874125,0.5874125874125874,0.0,0.4125874125874126,0.2083916083916084,0.37902097902097903,0.620979020979021,0.4125874125874126,0.8509485094850948,0.9258741258741259,0.9706293706293706,0.9595375722543352,346,330,0.9161849710982659,0.9797687861271677,0.8509485094850948,369,370,0.9159891598915989,0.978319783197832,social,0.8802816901408451,142,129,0.8943661971830986,0.9929577464788732,financial|1,0.7407407407407407,54,57,0.8703703703703703,1.0,0.1,0.9486786659774111,423.2451399658505,350.24358914109376
dreaddit,distilbert,7777,tail_50,M2,clean,0.1,0,715,0.8293706293706293,1.239160839160839,0.7608391608391608,0.0,0.23916083916083916,0.2839160839160839,0.47692307692307695,0.5230769230769231,0.23916083916083916,0.7560975609756098,0.8671328671328671,0.9300699300699301,0.9075144508670521,346,330,0.8526011560693642,0.9421965317919075,0.7560975609756098,369,370,0.8536585365853658,0.940379403794038,anxiety,0.7950310559006211,161,147,0.8322981366459627,0.9627329192546584,anxiety|1,0.6736842105263158,95,98,0.8210526315789474,0.9789473684210527,0.1,0.8923727618779078,322.7195826871564,193.141125052869
dreaddit,distilbert,7777,tail_50,M2,clean,0.05,0,715,0.9146853146853147,1.525874125874126,0.47412587412587415,0.0,0.5258741258741259,0.15664335664335666,0.3174825174825175,0.6825174825174826,0.5258741258741259,0.8699186991869918,0.9258741258741259,0.9706293706293706,0.9624277456647399,346,330,0.9161849710982659,0.9797687861271677,0.8699186991869918,369,370,0.9159891598915989,0.978319783197832,ptsd,0.84251968503937,127,138,0.8976377952755905,0.9921259842519685,ptsd|1,0.8292682926829268,82,79,0.8658536585365854,1.0,0.1,0.9531768410169651,521.3849335025143,460.7406363080972
dreaddit,distilbert,7777,tail_50,M3,matched,0.1,0,715,0.8699300699300699,1.3258741258741258,0.6741258741258741,0.0,0.3258741258741259,0.3972027972027972,0.27692307692307694,0.7230769230769231,0.3258741258741259,0.8970189701897019,0.8671328671328671,0.9300699300699301,0.8410404624277457,346,330,0.8526011560693642,0.9421965317919075,0.8970189701897019,369,370,0.8536585365853658,0.940379403794038,social,0.8028169014084507,142,129,0.823943661971831,0.9647887323943662,ptsd|0,0.7555555555555555,45,59,0.7555555555555555,1.0,0.1,0.8466383132039412,573.5169259207042,368.39372150946946
dreaddit,distilbert,7777,tail_50,M3,matched,0.05,0,715,0.9356643356643357,1.5468531468531468,0.45314685314685316,0.0,0.5468531468531469,0.2937062937062937,0.15944055944055943,0.8405594405594405,0.5468531468531469,0.962059620596206,0.9258741258741259,0.9706293706293706,0.9075144508670521,346,330,0.9161849710982659,0.9797687861271677,0.962059620596206,369,370,0.9159891598915989,0.978319783197832,ptsd,0.9133858267716536,127,138,0.8976377952755905,0.9921259842519685,ptsd|0,0.8,45,59,0.8444444444444444,1.0,0.1,0.9129689678399675,736.0903551232045,604.6148785187274
dreaddit,distilbert,7777,tail_50,M3-mix,mix,0.1,0,715,0.862937062937063,1.302097902097902,0.6979020979020979,0.0,0.3020979020979021,0.4041958041958042,0.2937062937062937,0.7062937062937062,0.3020979020979021,0.8888888888888888,0.8671328671328671,0.9300699300699301,0.8352601156069365,346,330,0.8526011560693642,0.9421965317919075,0.8888888888888888,369,370,0.8536585365853658,0.940379403794038,social,0.7887323943661971,142,129,0.823943661971831,0.9647887323943662,ptsd|0,0.7333333333333333,45,59,0.7555555555555555,1.0,0.1,0.8406229929351318,549.2935131663455,338.154988486301
dreaddit,distilbert,7777,tail_50,M3-mix,mix,0.05,0,715,0.9356643356643357,1.5762237762237763,0.42377622377622376,0.0,0.5762237762237762,0.1874125874125874,0.23636363636363636,0.7636363636363637,0.5762237762237762,0.924119241192412,0.9258741258741259,0.9706293706293706,0.9479768786127167,346,330,0.9161849710982659,0.9797687861271677,0.924119241192412,369,370,0.9159891598915989,0.978319783197832,financial,0.9020979020979021,143,144,0.8951048951048951,0.993006993006993,financial|1,0.8148148148148148,54,57,0.8703703703703703,1.0,0.1,0.9455911148706864,625.6489183388944,547.3917947271958
dreaddit,distilbert,7777,tail_50,M5,clean,0.1,0,715,0.7566433566433567,1.0,1.0,0.0,0.0,0.5048951048951049,0.4951048951048951,0.5048951048951049,0.0,0.7533875338753387,0.8671328671328671,0.9300699300699301,0.7601156069364162,346,330,0.8526011560693642,0.9421965317919075,0.7533875338753387,369,370,0.8536585365853658,0.940379403794038,social,0.676056338028169,142,129,0.823943661971831,0.9647887323943662,social|1,0.6166666666666667,60,60,0.7833333333333333,0.9833333333333333,0.1,0.7594427996303086,291.2347071447593,0.0
dreaddit,distilbert,7777,tail_50,M5,clean,0.05,0,715,0.7412587412587412,1.0,1.0,0.0,0.0,0.620979020979021,0.37902097902097903,0.620979020979021,0.0,0.8509485094850948,0.9258741258741259,0.9706293706293706,0.6242774566473989,346,330,0.9161849710982659,0.9797687861271677,0.8509485094850948,369,370,0.9159891598915989,0.978319783197832,social,0.6267605633802817,142,129,0.8943661971830986,0.9929577464788732,ptsd|0,0.5111111111111111,45,59,0.8444444444444444,1.0,0.1,0.6469445619311684,423.2451399658505,0.0
dreaddit,distilbert,7777,tail_25,M0,clean,0.1,0,715,0.8391608391608392,1.2937062937062938,0.7062937062937062,0.0,0.2937062937062937,0.27412587412587414,0.43216783216783217,0.5678321678321678,0.2937062937062937,0.7777777777777778,0.8671328671328671,0.9300699300699301,0.9046242774566474,346,330,0.8526011560693642,0.9421965317919075,0.7777777777777778,369,370,0.8536585365853658,0.940379403794038,social,0.8028169014084507,142,129,0.823943661971831,0.9647887323943662,financial|1,0.6666666666666666,54,57,0.7962962962962963,1.0,0.1,0.8919396274887605,387.3153500321131,257.3037580086783
dreaddit,distilbert,7777,tail_25,M0,clean,0.05,0,715,0.8937062937062937,1.4727272727272727,0.5272727272727272,0.0,0.4727272727272727,0.18181818181818182,0.34545454545454546,0.6545454545454545,0.4727272727272727,0.8455284552845529,0.9258741258741259,0.9706293706293706,0.9450867052023122,346,330,0.9161849710982659,0.9797687861271677,0.8455284552845529,369,370,0.9159891598915989,0.978319783197832,anxiety,0.8695652173913043,161,147,0.9006211180124224,0.9875776397515528,financial|1,0.7592592592592593,54,57,0.8703703703703703,1.0,0.1,0.9351308802105364,490.33319234926455,410.82992621833733
dreaddit,distilbert,7777,tail_25,M1,clean,0.1,0,715,0.7804195804195804,1.2307692307692308,0.7692307692307693,0.0,0.23076923076923078,0.1958041958041958,0.5734265734265734,0.42657342657342656,0.23076923076923078,0.6314363143631436,0.8671328671328671,0.9300699300699301,0.9393063583815029,346,330,0.8526011560693642,0.9421965317919075,0.6314363143631436,369,370,0.8536585365853658,0.940379403794038,social,0.7535211267605634,142,129,0.823943661971831,0.9647887323943662,social|1,0.5,60,60,0.7833333333333333,0.9833333333333333,0.1,0.908519353979667,250.42686843053403,163.5532684806617
dreaddit,distilbert,7777,tail_25,M1,clean,0.05,0,715,0.8741258741258742,1.4447552447552447,0.5552447552447553,0.0,0.44475524475524475,0.12167832167832168,0.43356643356643354,0.5664335664335665,0.44475524475524475,0.7777777777777778,0.9258741258741259,0.9706293706293706,0.976878612716763,346,330,0.9161849710982659,0.9797687861271677,0.7777777777777778,369,370,0.9159891598915989,0.978319783197832,anxiety,0.8509316770186336,161,147,0.9006211180124224,0.9875776397515528,financial|1,0.6666666666666666,54,57,0.8703703703703703,1.0,0.1,0.9569685292228645,384.7141939627489,342.4957313156947
dreaddit,distilbert,7777,tail_25,M2,clean,0.1,0,715,0.7846153846153846,1.2657342657342658,0.7342657342657343,0.0,0.26573426573426573,0.18461538461538463,0.5496503496503496,0.45034965034965035,0.26573426573426573,0.6422764227642277,0.8671328671328671,0.9300699300699301,0.9364161849710982,346,330,0.8526011560693642,0.9421965317919075,0.6422764227642277,369,370,0.8536585365853658,0.940379403794038,ptsd,0.6850393700787402,127,138,0.8267716535433071,0.968503937007874,anxiety|1,0.5263157894736842,95,98,0.8210526315789474,0.9789473684210527,0.1,0.9070022087504112,285.3259081723765,198.29017654338392
dreaddit,distilbert,7777,tail_25,M2,clean,0.05,0,715,0.8853146853146853,1.5482517482517482,0.45174825174825173,0.0,0.5482517482517483,0.0993006993006993,0.35244755244755244,0.6475524475524476,0.5482517482517483,0.7967479674796748,0.9258741258741259,0.9706293706293706,0.9797687861271677,346,330,0.9161849710982659,0.9797687861271677,0.7967479674796748,369,370,0.9159891598915989,0.978319783197832,ptsd,0.7952755905511811,127,138,0.8976377952755905,0.9921259842519685,ptsd|1,0.7073170731707317,82,79,0.8658536585365854,1.0,0.1,0.9614667042624184,519.2701724705108,483.7179065432273
dreaddit,distilbert,7777,tail_25,M3,matched,0.1,0,715,0.8909090909090909,1.4377622377622377,0.5622377622377622,0.0,0.43776223776223777,0.33706293706293705,0.22517482517482518,0.7748251748251749,0.43776223776223777,0.9159891598915989,0.8671328671328671,0.9300699300699301,0.8641618497109826,346,330,0.8526011560693642,0.9421965317919075,0.9159891598915989,369,370,0.8536585365853658,0.940379403794038,social,0.8661971830985915,142,129,0.823943661971831,0.9647887323943662,ptsd|0,0.8,45,59,0.7555555555555555,1.0,0.1,0.8693445807290443,653.448626971819,478.61976596644587
dreaddit,distilbert,7777,tail_25,M3,matched,0.05,0,715,0.9426573426573427,1.6713286713286712,0.32867132867132864,0.0,0.6713286713286714,0.2111888111888112,0.11748251748251748,0.8825174825174825,0.6713286713286714,0.9512195121951219,0.9258741258741259,0.9706293706293706,0.9335260115606936,346,330,0.9161849710982659,0.9797687861271677,0.9512195121951219,369,370,0.9159891598915989,0.978319783197832,social,0.9225352112676056,142,129,0.8943661971830986,0.9929577464788732,financial|1,0.8888888888888888,54,57,0.8703703703703703,1.0,0.1,0.9352953616241364,823.4456506414775,728.930714162633
dreaddit,distilbert,7777,tail_25,M3-mix,mix,0.1,0,715,0.8755244755244755,1.3916083916083917,0.6083916083916084,0.0,0.3916083916083916,0.3132867132867133,0.2951048951048951,0.7048951048951049,0.3916083916083916,0.8699186991869918,0.8671328671328671,0.9300699300699301,0.8815028901734104,346,330,0.8526011560693642,0.9421965317919075,0.8699186991869918,369,370,0.8536585365853658,0.940379403794038,social,0.8450704225352113,142,129,0.823943661971831,0.9647887323943662,financial|1,0.7592592592592593,54,57,0.7962962962962963,1.0,0.1,0.8803444710747687,563.0034306123408,406.76253583345084
dreaddit,distilbert,7777,tail_25,M3-mix,mix,0.05,0,715,0.9440559440559441,1.6643356643356644,0.3356643356643357,0.0,0.6643356643356644,0.13846153846153847,0.1972027972027972,0.8027972027972028,0.6643356643356644,0.9214092140921409,0.9258741258741259,0.9706293706293706,0.9682080924855492,346,330,0.9161849710982659,0.9797687861271677,0.9214092140921409,369,370,0.9159891598915989,0.978319783197832,financial,0.9230769230769231,143,144,0.8951048951048951,0.993006993006993,financial|1,0.8333333333333334,54,57,0.8703703703703703,1.0,0.1,0.9635282046462084,700.811441640428,648.3504863950374
dreaddit,distilbert,7777,tail_25,M5,clean,0.1,0,715,0.7090909090909091,1.0,1.0,0.0,0.0,0.42657342657342656,0.5734265734265734,0.42657342657342656,0.0,0.6314363143631436,0.8671328671328671,0.9300699300699301,0.791907514450867,346,330,0.8526011560693642,0.9421965317919075,0.6314363143631436,369,370,0.8536585365853658,0.940379403794038,social,0.647887323943662,142,129,0.823943661971831,0.9647887323943662,social|1,0.5,60,60,0.7833333333333333,0.9833333333333333,0.1,0.7758603944420948,250.42686843053403,0.0
dreaddit,distilbert,7777,tail_25,M5,clean,0.05,0,715,0.7202797202797203,1.0,1.0,0.0,0.0,0.5664335664335665,0.43356643356643354,0.5664335664335665,0.0,0.7777777777777778,0.9258741258741259,0.9706293706293706,0.6589595375722543,346,330,0.9161849710982659,0.9797687861271677,0.7777777777777778,369,370,0.9159891598915989,0.978319783197832,social,0.6056338028169014,142,129,0.8943661971830986,0.9929577464788732,social|0,0.5487804878048781,82,69,0.8780487804878049,1.0,0.1,0.6708413615928066,384.7141939627489,0.0
dreaddit,distilbert,7777,del_15,M0,clean,0.1,0,715,0.8685314685314686,1.2265734265734265,0.7734265734265734,0.0,0.22657342657342658,0.45874125874125876,0.3146853146853147,0.6853146853146853,0.22657342657342658,0.9132791327913279,0.8671328671328671,0.9300699300699301,0.8208092485549133,346,330,0.8526011560693642,0.9421965317919075,0.9132791327913279,369,370,0.8536585365853658,0.940379403794038,social,0.8380281690140845,142,129,0.823943661971831,0.9647887323943662,ptsd|0,0.7111111111111111,45,59,0.7555555555555555,1.0,0.1,0.8300562369785548,489.30479189184956,255.94639472406283
dreaddit,distilbert,7777,del_15,M0,clean,0.05,0,715,0.9104895104895104,1.3664335664335665,0.6335664335664336,0.0,0.36643356643356645,0.3748251748251748,0.25874125874125875,0.7412587412587412,0.36643356643356645,0.940379403794038,0.9258741258741259,0.9706293706293706,0.8786127167630058,346,330,0.9161849710982659,0.9797687861271677,0.940379403794038,369,370,0.9159891598915989,0.978319783197832,social,0.8732394366197183,142,129,0.8943661971830986,0.9929577464788732,ptsd|0,0.7777777777777778,45,59,0.8444444444444444,1.0,0.1,0.8847893854661091,570.0495010730455,399.55433369362595
dreaddit,distilbert,7777,del_15,M1,clean,0.1,0,715,0.8615384615384616,1.1958041958041958,0.8041958041958042,0.0,0.1958041958041958,0.38461538461538464,0.4195804195804196,0.5804195804195804,0.1958041958041958,0.8509485094850948,0.8671328671328671,0.9300699300699301,0.8728323699421965,346,330,0.8526011560693642,0.9421965317919075,0.8509485094850948,369,370,0.8536585365853658,0.940379403794038,social,0.8169014084507042,142,129,0.823943661971831,0.9647887323943662,social|1,0.7166666666666667,60,60,0.7833333333333333,0.9833333333333333,0.1,0.8706439838964863,347.81161395428984,170.75912088600654
dreaddit,distilbert,7777,del_15,M1,clean,0.05,0,715,0.916083916083916,1.3664335664335665,0.6335664335664336,0.0,0.36643356643356645,0.3132867132867133,0.3202797202797203,0.6797202797202797,0.36643356643356645,0.907859078590786,0.9258741258741259,0.9706293706293706,0.9248554913294798,346,330,0.9161849710982659,0.9797687861271677,0.907859078590786,369,370,0.9159891598915989,0.978319783197832,social,0.8591549295774648,142,129,0.8943661971830986,0.9929577464788732,social|1,0.7833333333333333,60,60,0.85,1.0,0.1,0.9231558500556104,483.560474333067,362.271879944233
dreaddit,distilbert,7777,del_15,M2,clean,0.1,0,715,0.8615384615384616,1.2237762237762237,0.7762237762237763,0.0,0.22377622377622378,0.37902097902097903,0.3972027972027972,0.6027972027972028,0.22377622377622378,0.8455284552845529,0.8671328671328671,0.9300699300699301,0.8786127167630058,346,330,0.8526011560693642,0.9421965317919075,0.8455284552845529,369,370,0.8536585365853658,0.940379403794038,ptsd,0.8188976377952756,127,138,0.8267716535433071,0.968503937007874,social|1,0.7666666666666667,60,60,0.7833333333333333,0.9833333333333333,0.1,0.8753042906151606,394.0904177827906,222.7822422732898
dreaddit,distilbert,7777,del_15,M2,clean,0.05,0,715,0.9398601398601398,1.5020979020979022,0.4979020979020979,0.0,0.5020979020979021,0.23636363636363636,0.26153846153846155,0.7384615384615385,0.5020979020979021,0.9322493224932249,0.9258741258741259,0.9706293706293706,0.9479768786127167,346,330,0.9161849710982659,0.9797687861271677,0.9322493224932249,369,370,0.9159891598915989,0.978319783197832,ptsd,0.8661417322834646,127,138,0.8976377952755905,0.9921259842519685,ptsd|1,0.8658536585365854,82,79,0.8658536585365854,1.0,0.1,0.9464041230007676,571.8376490123283,484.09543054968117
dreaddit,distilbert,7777,del_15,M3,matched,0.1,0,715,0.8713286713286713,1.2405594405594405,0.7594405594405594,0.0,0.24055944055944056,0.42657342657342656,0.3328671328671329,0.6671328671328671,0.24055944055944056,0.8943089430894309,0.8671328671328671,0.9300699300699301,0.846820809248555,346,330,0.8526011560693642,0.9421965317919075,0.8943089430894309,369,370,0.8536585365853658,0.940379403794038,social,0.8380281690140845,142,129,0.823943661971831,0.9647887323943662,ptsd|0,0.7333333333333333,45,59,0.7555555555555555,1.0,0.1,0.8515696226326426,471.8008365054749,265.64688190234506
dreaddit,distilbert,7777,del_15,M3,matched,0.05,0,715,0.9188811188811189,1.3888111888111887,0.6111888111888112,0.0,0.3888111888111888,0.36083916083916084,0.25034965034965034,0.7496503496503496,0.3888111888111888,0.943089430894309,0.9258741258741259,0.9706293706293706,0.8930635838150289,346,330,0.9161849710982659,0.9797687861271677,0.943089430894309,369,370,0.9159891598915989,0.978319783197832,social,0.8802816901408451,142,129,0.8943661971830986,0.9929577464788732,ptsd|0,0.8444444444444444,45,59,0.8444444444444444,1.0,0.1,0.898066168522957,583.3262841298933,427.1919106474302
dreaddit,distilbert,7777,del_15,M3-mix,mix,0.1,0,715,0.8797202797202798,1.2755244755244755,0.7244755244755244,0.0,0.2755244755244755,0.45174825174825173,0.2727272727272727,0.7272727272727273,0.2755244755244755,0.9295392953929539,0.8671328671328671,0.9300699300699301,0.8265895953757225,346,330,0.8526011560693642,0.9421965317919075,0.9295392953929539,369,370,0.8536585365853658,0.940379403794038,social,0.823943661971831,142,129,0.823943661971831,0.9647887323943662,ptsd|0,0.7555555555555555,45,59,0.7555555555555555,1.0,0.1,0.8368845653774457,553.3585538167521,326.015476917775
dreaddit,distilbert,7777,del_15,M3-mix,mix,0.05,0,715,0.9412587412587412,1.4643356643356644,0.5356643356643357,0.0,0.4643356643356643,0.3258741258741259,0.2097902097902098,0.7902097902097902,0.4643356643356643,0.959349593495935,0.9258741258741259,0.9706293706293706,0.9219653179190751,346,330,0.9161849710982659,0.9797687861271677,0.959349593495935,369,370,0.9159891598915989,0.978319783197832,social,0.9225352112676056,142,129,0.8943661971830986,0.9929577464788732,ptsd|0,0.8666666666666667,45,59,0.8444444444444444,1.0,0.1,0.9257037454767612,644.7788899854316,518.7211178470166
dreaddit,distilbert,7777,del_15,M5,clean,0.1,0,715,0.7818181818181819,1.0,1.0,0.0,0.0,0.5804195804195804,0.4195804195804196,0.5804195804195804,0.0,0.8509485094850948,0.8671328671328671,0.9300699300699301,0.708092485549133,346,330,0.8526011560693642,0.9421965317919075,0.8509485094850948,369,370,0.8536585365853658,0.940379403794038,social,0.676056338028169,142,129,0.823943661971831,0.9647887323943662,ptsd|0,0.5777777777777777,45,59,0.7555555555555555,1.0,0.1,0.7223780879427291,347.81161395428984,0.0
dreaddit,distilbert,7777,del_15,M5,clean,0.05,0,715,0.7412587412587412,1.0,1.0,0.0,0.0,0.6797202797202797,0.3202797202797203,0.6797202797202797,0.0,0.907859078590786,0.9258741258741259,0.9706293706293706,0.5635838150289018,346,330,0.9161849710982659,0.9797687861271677,0.907859078590786,369,370,0.9159891598915989,0.978319783197832,social,0.6197183098591549,142,129,0.8943661971830986,0.9929577464788732,abuse|0,0.4375,64,66,0.875,1.0,0.1,0.5980113413850902,483.560474333067,0.0
dreaddit,distilbert,7777,del_30,M0,clean,0.1,0,715,0.8685314685314686,1.2195804195804196,0.7804195804195804,0.0,0.21958041958041957,0.41818181818181815,0.3622377622377622,0.6377622377622377,0.21958041958041957,0.8807588075880759,0.8671328671328671,0.9300699300699301,0.8554913294797688,346,330,0.8526011560693642,0.9421965317919075,0.8807588075880759,369,370,0.8536585365853658,0.940379403794038,ptsd,0.84251968503937,127,138,0.8267716535433071,0.968503937007874,ptsd|0,0.7333333333333333,45,59,0.7555555555555555,1.0,0.1,0.8580180772905995,428.82732584551286,231.28984758055674
dreaddit,distilbert,7777,del_30,M0,clean,0.05,0,715,0.9258741258741259,1.4,0.6,0.0,0.4,0.3132867132867133,0.2867132867132867,0.7132867132867133,0.4,0.926829268292683,0.9258741258741259,0.9706293706293706,0.9248554913294798,346,330,0.9161849710982659,0.9797687861271677,0.926829268292683,369,370,0.9159891598915989,0.978319783197832,financial,0.9020979020979021,143,144,0.8951048951048951,0.993006993006993,ptsd|0,0.8444444444444444,45,59,0.8444444444444444,1.0,0.1,0.9250528690258001,529.6771464824475,408.38855209361344
dreaddit,distilbert,7777,del_30,M1,clean,0.1,0,715,0.855944055944056,1.2,0.8,0.0,0.2,0.32727272727272727,0.4727272727272727,0.5272727272727272,0.2,0.7994579945799458,0.8671328671328671,0.9300699300699301,0.9161849710982659,346,330,0.8526011560693642,0.9421965317919075,0.7994579945799458,369,370,0.8536585365853658,0.940379403794038,social,0.8309859154929577,142,129,0.823943661971831,0.9647887323943662,social|1,0.6833333333333333,60,60,0.7833333333333333,0.9833333333333333,0.1,0.9045122734464339,293.2405971458559,162.2515155787396
dreaddit,distilbert,7777,del_30,M1,clean,0.05,0,715,0.9146853146853147,1.379020979020979,0.620979020979021,0.0,0.37902097902097903,0.2517482517482518,0.36923076923076925,0.6307692307692307,0.37902097902097903,0.8726287262872628,0.9258741258741259,0.9706293706293706,0.9595375722543352,346,330,0.9161849710982659,0.9797687861271677,0.8726287262872628,369,370,0.9159891598915989,0.978319783197832,social,0.8802816901408451,142,129,0.8943661971830986,0.9929577464788732,social|1,0.75,60,60,0.85,1.0,0.1,0.950846687657628,422.8120055767032,341.4093707411063
dreaddit,distilbert,7777,del_30,M2,clean,0.1,0,715,0.8587412587412587,1.2335664335664336,0.7664335664335664,0.0,0.23356643356643356,0.3202797202797203,0.4461538461538462,0.5538461538461539,0.23356643356643356,0.7994579945799458,0.8671328671328671,0.9300699300699301,0.9219653179190751,346,330,0.8526011560693642,0.9421965317919075,0.7994579945799458,369,370,0.8536585365853658,0.940379403794038,anxiety,0.8322981366459627,161,147,0.8322981366459627,0.9627329192546584,social|1,0.75,60,60,0.7833333333333333,0.9833333333333333,0.1,0.9097145855851623,342.6625624637749,217.68880116546833
dreaddit,distilbert,7777,del_30,M2,clean,0.05,0,715,0.9286713286713286,1.53006993006993,0.4699300699300699,0.0,0.5300699300699301,0.17902097902097902,0.2909090909090909,0.7090909090909091,0.5300699300699301,0.8997289972899729,0.9258741258741259,0.9706293706293706,0.9595375722543352,346,330,0.9161849710982659,0.9797687861271677,0.8997289972899729,369,370,0.9159891598915989,0.978319783197832,ptsd,0.8740157480314961,127,138,0.8976377952755905,0.9921259842519685,ptsd|1,0.8658536585365854,82,79,0.8658536585365854,1.0,0.1,0.9535567147578989,545.1752118677257,477.864717953538
dreaddit,distilbert,7777,del_30,M3,matched,0.1,0,715,0.8713286713286713,1.2223776223776224,0.7776223776223776,0.0,0.22237762237762237,0.43356643356643354,0.34405594405594403,0.6559440559440559,0.22237762237762237,0.8970189701897019,0.8671328671328671,0.9300699300699301,0.8439306358381503,346,330,0.8526011560693642,0.9421965317919075,0.8970189701897019,369,370,0.8536585365853658,0.940379403794038,social,0.852112676056338,142,129,0.823943661971831,0.9647887323943662,ptsd|0,0.7333333333333333,45,59,0.7555555555555555,1.0,0.1,0.8492394692733054,448.6614345912245,238.82231307862213
dreaddit,distilbert,7777,del_30,M3,matched,0.05,0,715,0.9370629370629371,1.4517482517482518,0.5482517482517483,0.0,0.45174825174825173,0.3118881118881119,0.23636363636363636,0.7636363636363637,0.45174825174825173,0.94579945799458,0.9258741258741259,0.9706293706293706,0.9277456647398844,346,330,0.9161849710982659,0.9797687861271677,0.94579945799458,369,370,0.9159891598915989,0.978319783197832,financial,0.916083916083916,143,144,0.8951048951048951,0.993006993006993,ptsd|0,0.8444444444444444,45,59,0.8444444444444444,1.0,0.1,0.929551044065354,607.0076914641979,488.320253144728
dreaddit,distilbert,7777,del_30,M3-mix,mix,0.1,0,715,0.8797202797202798,1.2643356643356642,0.7356643356643356,0.0,0.26433566433566436,0.43216783216783217,0.3034965034965035,0.6965034965034965,0.26433566433566436,0.9159891598915989,0.8671328671328671,0.9300699300699301,0.8410404624277457,346,330,0.8526011560693642,0.9421965317919075,0.9159891598915989,369,370,0.8536585365853658,0.940379403794038,social,0.852112676056338,142,129,0.823943661971831,0.9647887323943662,ptsd|0,0.7111111111111111,45,59,0.7555555555555555,1.0,0.1,0.848535332174131,507.78388708742585,295.8856149255134
dreaddit,distilbert,7777,del_30,M3-mix,mix,0.05,0,715,0.9412587412587412,1.5104895104895104,0.48951048951048953,0.0,0.5104895104895105,0.25594405594405595,0.23356643356643356,0.7664335664335664,0.5104895104895105,0.940379403794038,0.9258741258741259,0.9706293706293706,0.9421965317919075,346,330,0.9161849710982659,0.9797687861271677,0.940379403794038,369,370,0.9159891598915989,0.978319783197832,social,0.9225352112676056,142,129,0.8943661971830986,0.9929577464788732,ptsd|0,0.8666666666666667,45,59,0.8444444444444444,1.0,0.1,0.9420148189921206,616.8703103216003,520.6737471998998
dreaddit,distilbert,7777,del_30,M5,clean,0.1,0,715,0.7818181818181819,1.0,1.0,0.0,0.0,0.5272727272727272,0.4727272727272727,0.5272727272727272,0.0,0.7994579945799458,0.8671328671328671,0.9300699300699301,0.7630057803468208,346,330,0.8526011560693642,0.9421965317919075,0.7994579945799458,369,370,0.8536585365853658,0.940379403794038,social,0.7183098591549296,142,129,0.823943661971831,0.9647887323943662,ptsd|0,0.6222222222222222,45,59,0.7555555555555555,1.0,0.1,0.7666510017701333,293.2405971458559,0.0
dreaddit,distilbert,7777,del_30,M5,clean,0.05,0,715,0.7538461538461538,1.0,1.0,0.0,0.0,0.6307692307692307,0.36923076923076925,0.6307692307692307,0.0,0.8726287262872628,0.9258741258741259,0.9706293706293706,0.6271676300578035,346,330,0.9161849710982659,0.9797687861271677,0.8726287262872628,369,370,0.9159891598915989,0.978319783197832,social,0.6338028169014085,142,129,0.8943661971830986,0.9929577464788732,ptsd|0,0.5333333333333333,45,59,0.8444444444444444,1.0,0.1,0.6517137396807495,422.8120055767032,0.0
dreaddit,distilbert,7777,typo_05,M0,clean,0.1,0,715,0.8811188811188811,1.248951048951049,0.7510489510489511,0.0,0.24895104895104894,0.3944055944055944,0.35664335664335667,0.6433566433566433,0.24895104895104894,0.8915989159891599,0.8671328671328671,0.9300699300699301,0.869942196531792,346,330,0.8526011560693642,0.9421965317919075,0.8915989159891599,369,370,0.8536585365853658,0.940379403794038,social,0.8309859154929577,142,129,0.823943661971831,0.9647887323943662,social|1,0.75,60,60,0.7833333333333333,0.9833333333333333,0.1,0.8721078684775287,429.9113366856212,248.63167128781114
dreaddit,distilbert,7777,typo_05,M0,clean,0.05,0,715,0.9300699300699301,1.4237762237762237,0.5762237762237762,0.0,0.42377622377622376,0.3034965034965035,0.2727272727272727,0.7272727272727273,0.42377622377622376,0.940379403794038,0.9258741258741259,0.9706293706293706,0.9190751445086706,346,330,0.9161849710982659,0.9797687861271677,0.940379403794038,369,370,0.9159891598915989,0.978319783197832,ptsd,0.905511811023622,127,138,0.8976377952755905,0.9921259842519685,ptsd|0,0.8444444444444444,45,59,0.8444444444444444,1.0,0.1,0.9212055704372073,544.0379403794038,419.9860582420853
dreaddit,distilbert,7777,typo_05,M1,clean,0.1,0,715,0.8461538461538461,1.1958041958041958,0.8041958041958042,0.0,0.1958041958041958,0.3146853146853147,0.48951048951048953,0.5104895104895105,0.1958041958041958,0.7777777777777778,0.8671328671328671,0.9300699300699301,0.9190751445086706,346,330,0.8526011560693642,0.9421965317919075,0.7777777777777778,369,370,0.8536585365853658,0.940379403794038,social,0.795774647887324,142,129,0.823943661971831,0.9647887323943662,social|1,0.6,60,60,0.7833333333333333,0.9833333333333333,0.1,0.9049454078355812,280.6679511881824,154.44804737064712
dreaddit,distilbert,7777,typo_05,M1,clean,0.05,0,715,0.9286713286713286,1.4167832167832168,0.5832167832167832,0.0,0.4167832167832168,0.21958041958041957,0.36363636363636365,0.6363636363636364,0.4167832167832168,0.8861788617886179,0.9258741258741259,0.9706293706293706,0.9739884393063584,346,330,0.9161849710982659,0.9797687861271677,0.8861788617886179,369,370,0.9159891598915989,0.978319783197832,social,0.8802816901408451,142,129,0.8943661971830986,0.9929577464788732,social|1,0.7333333333333333,60,60,0.85,1.0,0.1,0.9652074815545844,421.56586305747453,358.0470573491863
dreaddit,distilbert,7777,typo_05,M2,clean,0.1,0,715,0.8615384615384616,1.2475524475524475,0.7524475524475525,0.0,0.24755244755244754,0.3020979020979021,0.45034965034965035,0.5496503496503496,0.24755244755244754,0.7967479674796748,0.8671328671328671,0.9300699300699301,0.930635838150289,346,330,0.8526011560693642,0.9421965317919075,0.7967479674796748,369,370,0.8536585365853658,0.940379403794038,ptsd,0.8031496062992126,127,138,0.8267716535433071,0.968503937007874,social|1,0.7166666666666667,60,60,0.7833333333333333,0.9833333333333333,0.1,0.9172470510832277,337.18924761501955,222.72898162507636
dreaddit,distilbert,7777,typo_05,M2,clean,0.05,0,715,0.9384615384615385,1.5356643356643356,0.4643356643356643,0.0,0.5356643356643357,0.16783216783216784,0.2965034965034965,0.7034965034965035,0.5356643356643357,0.9159891598915989,0.9258741258741259,0.9706293706293706,0.9624277456647399,346,330,0.9161849710982659,0.9797687861271677,0.9159891598915989,369,370,0.9159891598915989,0.978319783197832,ptsd,0.84251968503937,127,138,0.8976377952755905,0.9921259842519685,ptsd|1,0.8292682926829268,82,79,0.8658536585365854,1.0,0.1,0.9577838870874258,520.7896674342466,457.9773485596128
dreaddit,distilbert,7777,typo_05,M3,matched,0.1,0,715,0.8713286713286713,1.2251748251748251,0.7748251748251749,0.0,0.22517482517482518,0.42657342657342656,0.34825174825174826,0.6517482517482518,0.22517482517482518,0.8970189701897019,0.8671328671328671,0.9300699300699301,0.8439306358381503,346,330,0.8526011560693642,0.9421965317919075,0.8970189701897019,369,370,0.8536585365853658,0.940379403794038,social,0.8380281690140845,142,129,0.823943661971831,0.9647887323943662,ptsd|0,0.7111111111111111,45,59,0.7555555555555555,1.0,0.1,0.8492394692733054,440.85796638313207,232.37385842066513
dreaddit,distilbert,7777,typo_05,M3,matched,0.05,0,715,0.9384615384615385,1.4195804195804196,0.5804195804195804,0.0,0.4195804195804196,0.33706293706293705,0.24335664335664337,0.7566433566433567,0.4195804195804196,0.962059620596206,0.9258741258741259,0.9706293706293706,0.9132947976878613,346,330,0.9161849710982659,0.9797687861271677,0.962059620596206,369,370,0.9159891598915989,0.978319783197832,ptsd,0.8976377952755905,127,138,0.8976377952755905,0.9921259842519685,ptsd|0,0.8222222222222222,45,59,0.8444444444444444,1.0,0.1,0.9181712799786957,580.0209909613548,444.8047370647117
dreaddit,distilbert,7777,typo_05,M3-mix,mix,0.1,0,715,0.9244755244755245,1.3916083916083917,0.6083916083916084,0.0,0.3916083916083916,0.3202797202797203,0.2881118881118881,0.7118881118881119,0.3916083916083916,0.9322493224932249,0.8671328671328671,0.9300699300699301,0.9161849710982659,346,330,0.8526011560693642,0.9421965317919075,0.9322493224932249,369,370,0.8536585365853658,0.940379403794038,social,0.8943661971830986,142,129,0.823943661971831,0.9647887323943662,ptsd|0,0.8444444444444444,45,59,0.7555555555555555,1.0,0.1,0.9177914062377618,522.4156836944092,392.78161567742853
dreaddit,distilbert,7777,typo_05,M3-mix,mix,0.05,0,715,0.9734265734265735,1.5874125874125875,0.4125874125874126,0.0,0.5874125874125874,0.2055944055944056,0.206993006993007,0.793006993006993,0.5874125874125874,0.9728997289972899,0.9258741258741259,0.9706293706293706,0.9739884393063584,346,330,0.9161849710982659,0.9797687861271677,0.9728997289972899,369,370,0.9159891598915989,0.978319783197832,ptsd,0.952755905511811,127,138,0.8976377952755905,0.9921259842519685,social|1,0.95,60,60,0.85,1.0,0.1,0.9738795682754515,638.3304353274747,577.5216567194574
dreaddit,distilbert,7777,typo_05,M5,clean,0.1,0,715,0.7762237762237763,1.0,1.0,0.0,0.0,0.5104895104895105,0.48951048951048953,0.5104895104895105,0.0,0.7777777777777778,0.8671328671328671,0.9300699300699301,0.7745664739884393,346,330,0.8526011560693642,0.9421965317919075,0.7777777777777778,369,370,0.8536585365853658,0.940379403794038,social,0.6971830985915493,142,129,0.823943661971831,0.9647887323943662,social|1,0.6,60,60,0.7833333333333333,0.9833333333333333,0.1,0.7748876043673731,280.6679511881824,0.0
dreaddit,distilbert,7777,typo_05,M5,clean,0.05,0,715,0.7622377622377622,1.0,1.0,0.0,0.0,0.6363636363636364,0.36363636363636365,0.6363636363636364,0.0,0.8861788617886179,0.9258741258741259,0.9706293706293706,0.630057803468208,346,330,0.9161849710982659,0.9797687861271677,0.8861788617886179,369,370,0.9159891598915989,0.978319783197832,social,0.6619718309859155,142,129,0.8943661971830986,0.9929577464788732,abuse|0,0.5625,64,66,0.875,1.0,0.1,0.655669909300249,421.56586305747453,0.0
dreaddit,distilbert,7777,typo_10,M0,clean,0.1,0,715,0.862937062937063,1.3034965034965036,0.6965034965034965,0.0,0.3034965034965035,0.24615384615384617,0.45034965034965035,0.5496503496503496,0.3034965034965035,0.7886178861788617,0.8671328671328671,0.9300699300699301,0.9421965317919075,346,330,0.8526011560693642,0.9421965317919075,0.7886178861788617,369,370,0.8536585365853658,0.940379403794038,ptsd,0.8188976377952756,127,138,0.8267716535433071,0.968503937007874,social|1,0.7,60,60,0.7833333333333333,0.9833333333333333,0.1,0.9268386672306029,344.1797076930307,249.8801635415198
dreaddit,distilbert,7777,typo_10,M0,clean,0.05,0,715,0.9118881118881119,1.4657342657342658,0.5342657342657343,0.0,0.46573426573426574,0.16083916083916083,0.3734265734265734,0.6265734265734266,0.46573426573426574,0.8563685636856369,0.9258741258741259,0.9706293706293706,0.9710982658959537,346,330,0.9161849710982659,0.9797687861271677,0.8563685636856369,369,370,0.9159891598915989,0.978319783197832,ptsd,0.8740157480314961,127,138,0.8976377952755905,0.9921259842519685,financial|1,0.7777777777777778,54,57,0.8703703703703703,1.0,0.1,0.959625295674922,428.989457524633,374.52261227814586
dreaddit,distilbert,7777,typo_10,M1,clean,0.1,0,715,0.7776223776223776,1.2013986013986013,0.7986013986013986,0.0,0.2013986013986014,0.17062937062937064,0.627972027972028,0.37202797202797205,0.2013986013986014,0.5989159891598916,0.8671328671328671,0.9300699300699301,0.9682080924855492,346,330,0.8526011560693642,0.9421965317919075,0.5989159891598916,369,370,0.8536585365853658,0.940379403794038,social,0.7394366197183099,142,129,0.823943661971831,0.9647887323943662,social|1,0.4,60,60,0.7833333333333333,0.9833333333333333,0.1,0.9312788821529835,176.94362203737646,118.24960446136254
dreaddit,distilbert,7777,typo_10,M1,clean,0.05,0,715,0.8811188811188811,1.4321678321678322,0.5678321678321678,0.0,0.43216783216783217,0.10909090909090909,0.45874125874125876,0.5412587412587413,0.43216783216783217,0.7804878048780488,0.9258741258741259,0.9706293706293706,0.9884393063583815,346,330,0.9161849710982659,0.9797687861271677,0.7804878048780488,369,370,0.9159891598915989,0.978319783197832,ptsd,0.8267716535433071,127,138,0.8976377952755905,0.9921259842519685,social|1,0.7,60,60,0.85,1.0,0.1,0.9676441562103482,335.56323135485695,305.10440653539484
dreaddit,distilbert,7777,typo_10,M2,clean,0.1,0,715,0.7986013986013986,1.2503496503496503,0.7496503496503496,0.0,0.25034965034965034,0.16363636363636364,0.586013986013986,0.413986013986014,0.25034965034965034,0.6287262872628726,0.8671328671328671,0.9300699300699301,0.9797687861271677,346,330,0.8526011560693642,0.9421965317919075,0.6287262872628726,369,370,0.8536585365853658,0.940379403794038,ptsd,0.7244094488188977,127,138,0.8267716535433071,0.968503937007874,anxiety|1,0.5473684210526316,95,98,0.8210526315789474,0.9789473684210527,0.1,0.9446645362407382,229.3466171655936,181.32822657706348
dreaddit,distilbert,7777,typo_10,M2,clean,0.05,0,715,0.8993006993006993,1.5622377622377623,0.43776223776223777,0.0,0.5622377622377622,0.06993006993006994,0.3678321678321678,0.6321678321678321,0.5622377622377622,0.8184281842818428,0.9258741258741259,0.9706293706293706,0.9855491329479769,346,330,0.9161849710982659,0.9797687861271677,0.8184281842818428,369,370,0.9159891598915989,0.978319783197832,ptsd,0.7637795275590551,127,138,0.8976377952755905,0.9921259842519685,ptsd|1,0.6707317073170732,82,79,0.8658536585365854,1.0,0.1,0.9688370380813635,472.01622883280857,446.81532653476825
dreaddit,distilbert,7777,typo_10,M3,matched,0.1,0,715,0.8769230769230769,1.2895104895104894,0.7104895104895105,0.0,0.2895104895104895,0.3734265734265734,0.33706293706293705,0.6629370629370629,0.2895104895104895,0.8861788617886179,0.8671328671328671,0.9300699300699301,0.8670520231213873,346,330,0.8526011560693642,0.9421965317919075,0.8861788617886179,369,370,0.8536585365853658,0.940379403794038,ptsd,0.84251968503937,127,138,0.8267716535433071,0.968503937007874,ptsd|0,0.7555555555555555,45,59,0.7555555555555555,1.0,0.1,0.8689647069881103,470.9878283753936,291.443050268653
dreaddit,distilbert,7777,typo_10,M3,matched,0.05,0,715,0.9174825174825175,1.4391608391608393,0.5608391608391609,0.0,0.43916083916083914,0.3202797202797203,0.24055944055944056,0.7594405594405594,0.43916083916083914,0.9376693766937669,0.9258741258741259,0.9706293706293706,0.8959537572254336,346,330,0.9161849710982659,0.9797687861271677,0.9376693766937669,369,370,0.9159891598915989,0.978319783197832,ptsd,0.8818897637795275,127,138,0.8976377952755905,0.9921259842519685,ptsd|0,0.8,45,59,0.8444444444444444,1.0,0.1,0.9001253191722669,606.1946833341167,460.2495418017764
dreaddit,distilbert,7777,typo_10,M3-mix,mix,0.1,0,715,0.8979020979020979,1.4223776223776223,0.5776223776223777,0.0,0.4223776223776224,0.1958041958041958,0.38181818181818183,0.6181818181818182,0.4223776223776224,0.8401084010840109,0.8671328671328671,0.9300699300699301,0.9595375722543352,346,330,0.8526011560693642,0.9421965317919075,0.8401084010840109,369,370,0.8536585365853658,0.940379403794038,ptsd,0.8740157480314961,127,138,0.8267716535433071,0.968503937007874,financial|1,0.7777777777777778,54,57,0.7962962962962963,1.0,0.1,0.9475946551373028,427.36344126447045,356.8009148299575
dreaddit,distilbert,7777,typo_10,M3-mix,mix,0.05,0,715,0.9594405594405594,1.6349650349650349,0.365034965034965,0.0,0.634965034965035,0.1034965034965035,0.26153846153846155,0.7384615384615385,0.634965034965035,0.9322493224932249,0.9258741258741259,0.9706293706293706,0.9884393063583815,346,330,0.9161849710982659,0.9797687861271677,0.9322493224932249,369,370,0.9159891598915989,0.978319783197832,social,0.9225352112676056,142,129,0.8943661971830986,0.9929577464788732,social|1,0.8333333333333334,60,60,0.85,1.0,0.1,0.9828203079718658,571.8376490123283,542.4628350329746
dreaddit,distilbert,7777,typo_10,M5,clean,0.1,0,715,0.73006993006993,1.0,1.0,0.0,0.0,0.37202797202797205,0.627972027972028,0.37202797202797205,0.0,0.5989159891598916,0.8671328671328671,0.9300699300699301,0.869942196531792,346,330,0.8526011560693642,0.9421965317919075,0.5989159891598916,369,370,0.8536585365853658,0.940379403794038,ptsd,0.6929133858267716,127,138,0.8267716535433071,0.968503937007874,social|1,0.4,60,60,0.7833333333333333,0.9833333333333333,0.1,0.8428395757946019,176.94362203737646,0.0
dreaddit,distilbert,7777,typo_10,M5,clean,0.05,0,715,0.7482517482517482,1.0,1.0,0.0,0.0,0.5412587412587413,0.45874125874125876,0.5412587412587413,0.0,0.7804878048780488,0.9258741258741259,0.9706293706293706,0.7138728323699421,346,330,0.9161849710982659,0.9797687861271677,0.7804878048780488,369,370,0.9159891598915989,0.978319783197832,ptsd,0.7322834645669292,127,138,0.8976377952755905,0.9921259842519685,abuse|0,0.625,64,66,0.875,1.0,0.1,0.7205343296207529,335.56323135485695,0.0
dreaddit,tfidf_logreg,42,clean,M0,clean,0.1,0,715,0.8993006993006993,1.420979020979021,0.579020979020979,0.0,0.42097902097902096,0.34965034965034963,0.22937062937062938,0.7706293706293706,0.42097902097902096,0.9322493224932249,0.8671328671328671,0.9300699300699301,0.8641618497109826,346,330,0.8526011560693642,0.9421965317919075,0.9322493224932249,369,370,0.8536585365853658,0.940379403794038,social,0.8380281690140845,142,129,0.823943661971831,0.9647887323943662,ptsd|0,0.7777777777777778,45,59,0.7555555555555555,1.0,0.1,0.8709705969892069,631.6642386077041,454.39635321208704
dreaddit,tfidf_logreg,42,clean,M0,clean,0.05,0,715,0.9440559440559441,1.5426573426573427,0.45734265734265733,0.0,0.5426573426573427,0.2811188811188811,0.17622377622377622,0.8237762237762237,0.5426573426573427,0.959349593495935,0.9258741258741259,0.9706293706293706,0.9277456647398844,346,330,0.9161849710982659,0.9797687861271677,0.959349593495935,369,370,0.9159891598915989,0.978319783197832,social,0.9014084507042254,142,129,0.8943661971830986,0.9929577464788732,ptsd|0,0.8444444444444444,45,59,0.8444444444444444,1.0,0.1,0.9309060576154895,707.2066356501715,594.4812569512978
dreaddit,tfidf_logreg,42,clean,M1,clean,0.1,0,715,0.9090909090909091,1.4153846153846155,0.5846153846153846,0.0,0.4153846153846154,0.3062937062937063,0.2783216783216783,0.7216783216783217,0.4153846153846154,0.9132791327913279,0.8671328671328671,0.9300699300699301,0.9046242774566474,346,330,0.8526011560693642,0.9421965317919075,0.9132791327913279,369,370,0.8536585365853658,0.940379403794038,social,0.8380281690140845,142,129,0.823943661971831,0.9647887323943662,social|1,0.7666666666666667,60,60,0.7833333333333333,0.9833333333333333,0.1,0.9054897629901155,556.9348496953178,420.69019534125977
dreaddit,tfidf_logreg,42,clean,M1,clean,0.05,0,715,0.9468531468531468,1.5706293706293706,0.42937062937062936,0.0,0.5706293706293706,0.24335664335664337,0.18601398601398603,0.813986013986014,0.5706293706293706,0.9539295392953929,0.9258741258741259,0.9706293706293706,0.9393063583815029,346,330,0.9161849710982659,0.9797687861271677,0.9539295392953929,369,370,0.9159891598915989,0.978319783197832,social,0.9154929577464789,142,129,0.8943661971830986,0.9929577464788732,ptsd|0,0.8666666666666667,45,59,0.8444444444444444,1.0,0.1,0.9407686764728919,693.6588498832965,597.5711577925027
dreaddit,tfidf_logreg,42,clean,M2,clean,0.1,0,715,0.8993006993006993,1.441958041958042,0.558041958041958,0.0,0.44195804195804195,0.3048951048951049,0.25314685314685315,0.7468531468531469,0.44195804195804195,0.907859078590786,0.8671328671328671,0.9300699300699301,0.8901734104046243,346,330,0.8526011560693642,0.9421965317919075,0.907859078590786,369,370,0.8536585365853658,0.940379403794038,ptsd,0.8346456692913385,127,138,0.8267716535433071,0.968503937007874,ptsd|0,0.7777777777777778,45,59,0.7555555555555555,1.0,0.1,0.8919419772232404,608.4159656625469,460.7915472218306
dreaddit,tfidf_logreg,42,clean,M2,clean,0.05,0,715,0.9454545454545454,1.5664335664335665,0.43356643356643354,0.0,0.5664335664335665,0.23916083916083916,0.1944055944055944,0.8055944055944056,0.5664335664335665,0.9539295392953929,0.9258741258741259,0.9706293706293706,0.9364161849710982,346,330,0.9161849710982659,0.9797687861271677,0.9539295392953929,369,370,0.9159891598915989,0.978319783197832,ptsd,0.8976377952755905,127,138,0.8976377952755905,0.9921259842519685,ptsd|0,0.8444444444444444,45,59,0.8444444444444444,1.0,0.1,0.9381675204035277,678.0519134671116,580.447076147062
dreaddit,tfidf_logreg,42,clean,M3,matched,0.1,0,715,0.9090909090909091,1.4153846153846155,0.5846153846153846,0.0,0.4153846153846154,0.3062937062937063,0.2783216783216783,0.7216783216783217,0.4153846153846154,0.9132791327913279,0.8671328671328671,0.9300699300699301,0.9046242774566474,346,330,0.8526011560693642,0.9421965317919075,0.9132791327913279,369,370,0.8536585365853658,0.940379403794038,social,0.8380281690140845,142,129,0.823943661971831,0.9647887323943662,social|1,0.7666666666666667,60,60,0.7833333333333333,0.9833333333333333,0.1,0.9054897629901155,556.9348496953178,420.69019534125977
dreaddit,tfidf_logreg,42,clean,M3,matched,0.05,0,715,0.9468531468531468,1.5706293706293706,0.42937062937062936,0.0,0.5706293706293706,0.24335664335664337,0.18601398601398603,0.813986013986014,0.5706293706293706,0.9539295392953929,0.9258741258741259,0.9706293706293706,0.9393063583815029,346,330,0.9161849710982659,0.9797687861271677,0.9539295392953929,369,370,0.9159891598915989,0.978319783197832,social,0.9154929577464789,142,129,0.8943661971830986,0.9929577464788732,ptsd|0,0.8666666666666667,45,59,0.8444444444444444,1.0,0.1,0.9407686764728919,693.6588498832965,597.5711577925027
dreaddit,tfidf_logreg,42,clean,M3-mix,mix,0.1,0,715,0.9104895104895104,1.4167832167832168,0.5832167832167832,0.0,0.4167832167832168,0.3356643356643357,0.24755244755244754,0.7524475524475525,0.4167832167832168,0.9349593495934959,0.8671328671328671,0.9300699300699301,0.884393063583815,346,330,0.8526011560693642,0.9421965317919075,0.9349593495934959,369,370,0.8536585365853658,0.940379403794038,social,0.8380281690140845,142,129,0.823943661971831,0.9647887323943662,social|1,0.8166666666666667,60,60,0.7833333333333333,0.9833333333333333,0.1,0.8894496921847831,595.5190563466329,437.2722715666463
dreaddit,tfidf_logreg,42,clean,M3-mix,mix,0.05,0,715,0.9636363636363636,1.648951048951049,0.35104895104895106,0.0,0.6489510489510489,0.17482517482517482,0.17622377622377622,0.8237762237762237,0.6489510489510489,0.959349593495935,0.9258741258741259,0.9706293706293706,0.9682080924855492,346,330,0.9161849710982659,0.9797687861271677,0.959349593495935,369,370,0.9159891598915989,0.978319783197832,social,0.9366197183098591,142,129,0.8943661971830986,0.9929577464788732,social|1,0.8833333333333333,60,60,0.85,1.0,0.1,0.9673222425865878,707.2066356501715,647.6996099440764
dreaddit,tfidf_logreg,42,clean,M5,clean,0.1,0,715,0.7048951048951049,1.0,1.0,0.0,0.0,0.7216783216783217,0.2783216783216783,0.7216783216783217,0.0,0.9132791327913279,0.8671328671328671,0.9300699300699301,0.48265895953757226,346,330,0.8526011560693642,0.9421965317919075,0.9132791327913279,369,370,0.8536585365853658,0.940379403794038,social,0.6549295774647887,142,129,0.823943661971831,0.9647887323943662,anxiety|0,0.3484848484848485,66,49,0.7727272727272727,0.9848484848484849,0.1,0.5257209768629478,556.9348496953178,0.0
dreaddit,tfidf_logreg,42,clean,M5,clean,0.05,0,715,0.6545454545454545,1.0,1.0,0.0,0.0,0.813986013986014,0.18601398601398603,0.813986013986014,0.0,0.9539295392953929,0.9258741258741259,0.9706293706293706,0.3352601156069364,346,330,0.9161849710982659,0.9797687861271677,0.9539295392953929,369,370,0.9159891598915989,0.978319783197832,financial,0.5944055944055944,143,144,0.8951048951048951,0.993006993006993,ptsd|0,0.24444444444444444,45,59,0.8444444444444444,1.0,0.1,0.39712705797578207,693.6588498832965,0.0
dreaddit,tfidf_logreg,42,head_75,M0,clean,0.1,0,715,0.8909090909090909,1.4265734265734267,0.5734265734265734,0.0,0.42657342657342656,0.32727272727272727,0.24615384615384617,0.7538461538461538,0.42657342657342656,0.9024390243902439,0.8671328671328671,0.9300699300699301,0.8786127167630058,346,330,0.8526011560693642,0.9421965317919075,0.9024390243902439,369,370,0.8536585365853658,0.940379403794038,abuse,0.8591549295774648,142,142,0.823943661971831,0.9647887323943662,abuse|0,0.8125,64,66,0.796875,0.984375,0.1,0.8809953475257296,626.0820527280417,464.8009774895437
dreaddit,tfidf_logreg,42,head_75,M0,clean,0.05,0,715,0.9384615384615385,1.5636363636363637,0.43636363636363634,0.0,0.5636363636363636,0.25034965034965034,0.18601398601398603,0.813986013986014,0.5636363636363636,0.94579945799458,0.9258741258741259,0.9706293706293706,0.930635838150289,346,330,0.9161849710982659,0.9797687861271677,0.94579945799458,369,370,0.9159891598915989,0.978319783197832,social,0.8873239436619719,142,129,0.8943661971830986,0.9929577464788732,social|1,0.8333333333333334,60,60,0.85,1.0,0.1,0.9321522001347182,700.6493099613078,596.2161442423672
dreaddit,tfidf_logreg,42,head_75,M1,clean,0.1,0,715,0.8895104895104895,1.4223776223776223,0.5776223776223777,0.0,0.4223776223776224,0.2699300699300699,0.3076923076923077,0.6923076923076923,0.4223776223776224,0.8590785907859079,0.8671328671328671,0.9300699300699301,0.9219653179190751,346,330,0.8526011560693642,0.9421965317919075,0.8590785907859079,369,370,0.8536585365853658,0.940379403794038,ptsd,0.8582677165354331,127,138,0.8267716535433071,0.968503937007874,social|1,0.8,60,60,0.7833333333333333,0.9833333333333333,0.1,0.9156766452057584,548.9136394254116,433.6959756880806
dreaddit,tfidf_logreg,42,head_75,M1,clean,0.05,0,715,0.9412587412587412,1.586013986013986,0.413986013986014,0.0,0.586013986013986,0.21818181818181817,0.1958041958041958,0.8041958041958042,0.586013986013986,0.9376693766937669,0.9258741258741259,0.9706293706293706,0.9450867052023122,346,330,0.9161849710982659,0.9797687861271677,0.9376693766937669,369,370,0.9159891598915989,0.978319783197832,social,0.8943661971830986,142,129,0.8943661971830986,0.9929577464788732,social|1,0.8333333333333334,60,60,0.85,1.0,0.1,0.9443449723514578,689.4316775537698,602.8823409621378
dreaddit,tfidf_logreg,42,head_75,M2,clean,0.1,0,715,0.8867132867132868,1.4335664335664335,0.5664335664335665,0.0,0.43356643356643354,0.2937062937062937,0.2727272727272727,0.7272727272727273,0.43356643356643354,0.8780487804878049,0.8671328671328671,0.9300699300699301,0.8959537572254336,346,330,0.8526011560693642,0.9421965317919075,0.8780487804878049,369,370,0.8536585365853658,0.940379403794038,ptsd,0.8267716535433071,127,138,0.8267716535433071,0.968503937007874,ptsd|0,0.7555555555555555,45,59,0.7555555555555555,1.0,0.1,0.8941632595516706,597.6314676441561,456.83537760233094
dreaddit,tfidf_logreg,42,head_75,M2,clean,0.05,0,715,0.9342657342657342,1.5818181818181818,0.41818181818181815,0.0,0.5818181818181818,0.2055944055944056,0.2125874125874126,0.7874125874125875,0.5818181818181818,0.9186991869918699,0.9258741258741259,0.9706293706293706,0.9508670520231214,346,330,0.9161849710982659,0.9797687861271677,0.9186991869918699,369,370,0.9159891598915989,0.978319783197832,ptsd,0.8818897637795275,127,138,0.8976377952755905,0.9921259842519685,social|1,0.8666666666666667,60,60,0.85,1.0,0.1,0.9476502655199963,674.5288782367593,595.0788727540455
dreaddit,tfidf_logreg,42,head_75,M3,matched,0.1,0,715,0.8853146853146853,1.413986013986014,0.586013986013986,0.0,0.413986013986014,0.3048951048951049,0.2811188811188811,0.7188811188811188,0.413986013986014,0.8807588075880759,0.8671328671328671,0.9300699300699301,0.8901734104046243,346,330,0.8526011560693642,0.9421965317919075,0.8807588075880759,369,370,0.8536585365853658,0.940379403794038,abuse,0.8450704225352113,142,142,0.823943661971831,0.9647887323943662,social|1,0.8166666666666667,60,60,0.7833333333333333,0.9833333333333333,0.1,0.8892319501229694,579.6943778686342,432.069959427918
dreaddit,tfidf_logreg,42,head_75,M3,matched,0.05,0,715,0.9412587412587412,1.5888111888111889,0.4111888111888112,0.0,0.5888111888111888,0.2083916083916084,0.20279720279720279,0.7972027972027972,0.5888111888111888,0.9349593495934959,0.9258741258741259,0.9706293706293706,0.9479768786127167,346,330,0.9161849710982659,0.9797687861271677,0.9349593495934959,369,370,0.9159891598915989,0.978319783197832,social,0.8943661971830986,142,129,0.8943661971830986,0.9929577464788732,social|1,0.8333333333333334,60,60,0.85,1.0,0.1,0.9466751257107947,678.756050566286,596.433886304181
dreaddit,tfidf_logreg,42,head_75,M3-mix,mix,0.1,0,715,0.8839160839160839,1.4027972027972029,0.5972027972027972,0.0,0.4027972027972028,0.33986013986013985,0.2573426573426573,0.7426573426573426,0.4027972027972028,0.8943089430894309,0.8671328671328671,0.9300699300699301,0.8728323699421965,346,330,0.8526011560693642,0.9421965317919075,0.8943089430894309,369,370,0.8536585365853658,0.940379403794038,abuse,0.852112676056338,142,142,0.823943661971831,0.9647887323943662,abuse|0,0.8125,64,66,0.796875,0.984375,0.1,0.87498002725692,612.2632642511396,443.88285790372356
dreaddit,tfidf_logreg,42,head_75,M3-mix,mix,0.05,0,715,0.9412587412587412,1.6111888111888113,0.3888111888111888,0.0,0.6111888111888112,0.2013986013986014,0.1874125874125874,0.8125874125874126,0.6111888111888112,0.9376693766937669,0.9258741258741259,0.9706293706293706,0.9450867052023122,346,330,0.9161849710982659,0.9797687861271677,0.9376693766937669,369,370,0.9159891598915989,0.978319783197832,social,0.9014084507042254,142,129,0.8943661971830986,0.9929577464788732,social|1,0.85,60,60,0.85,1.0,0.1,0.9443449723514578,705.0386139699547,621.7413098986482
dreaddit,tfidf_logreg,42,head_75,M5,clean,0.1,0,715,0.6783216783216783,1.0,1.0,0.0,0.0,0.6923076923076923,0.3076923076923077,0.6923076923076923,0.0,0.8590785907859079,0.8671328671328671,0.9300699300699301,0.48554913294797686,346,330,0.8526011560693642,0.9421965317919075,0.8590785907859079,369,370,0.8536585365853658,0.940379403794038,social,0.647887323943662,142,129,0.823943661971831,0.9647887323943662,ptsd|0,0.37777777777777777,45,59,0.7555555555555555,1.0,0.1,0.52290207873177,548.9136394254116,0.0
dreaddit,tfidf_logreg,42,head_75,M5,clean,0.05,0,715,0.6475524475524476,1.0,1.0,0.0,0.0,0.8041958041958042,0.1958041958041958,0.8041958041958042,0.0,0.9376693766937669,0.9258741258741259,0.9706293706293706,0.33815028901734107,346,330,0.9161849710982659,0.9797687861271677,0.9376693766937669,369,370,0.9159891598915989,0.978319783197832,financial,0.5804195804195804,143,144,0.8951048951048951,0.993006993006993,ptsd|0,0.2,45,59,0.8444444444444444,1.0,0.1,0.3981021977849837,689.4316775537698,0.0
dreaddit,tfidf_logreg,42,head_50,M0,clean,0.1,0,715,0.8923076923076924,1.4867132867132866,0.5132867132867133,0.0,0.48671328671328673,0.24755244755244754,0.26573426573426573,0.7342657342657343,0.48671328671328673,0.8699186991869918,0.8671328671328671,0.9300699300699301,0.9161849710982659,346,330,0.8526011560693642,0.9421965317919075,0.8699186991869918,369,370,0.8536585365853658,0.940379403794038,social,0.8450704225352113,142,129,0.823943661971831,0.9647887323943662,social|1,0.75,60,60,0.7833333333333333,0.9833333333333333,0.1,0.9115583439071385,617.6277080689882,502.0857809734167
dreaddit,tfidf_logreg,42,head_50,M0,clean,0.05,0,715,0.9314685314685315,1.6167832167832168,0.3832167832167832,0.0,0.6167832167832168,0.18461538461538463,0.1986013986013986,0.8013986013986014,0.6167832167832168,0.9105691056910569,0.9258741258741259,0.9706293706293706,0.953757225433526,346,330,0.9161849710982659,0.9797687861271677,0.9105691056910569,369,370,0.9159891598915989,0.978319783197832,social,0.9014084507042254,142,129,0.8943661971830986,0.9929577464788732,social|1,0.8166666666666667,60,60,0.85,1.0,0.1,0.9494384134592792,707.530899008412,634.4760875354418
dreaddit,tfidf_logreg,42,head_50,M1,clean,0.1,0,715,0.8783216783216783,1.4713286713286713,0.5286713286713287,0.0,0.47132867132867134,0.1986013986013986,0.3300699300699301,0.66993006993007,0.47132867132867134,0.8211382113821138,0.8671328671328671,0.9300699300699301,0.9393063583815029,346,330,0.8526011560693642,0.9421965317919075,0.8211382113821138,369,370,0.8536585365853658,0.940379403794038,abuse,0.8450704225352113,142,142,0.823943661971831,0.9647887323943662,social|1,0.7333333333333333,60,60,0.7833333333333333,0.9833333333333333,0.1,0.927489543681564,539.9172893463038,452.50168397637736
dreaddit,tfidf_logreg,42,head_50,M1,clean,0.05,0,715,0.9384615384615385,1.646153846153846,0.35384615384615387,0.0,0.6461538461538462,0.14545454545454545,0.2083916083916084,0.7916083916083916,0.6461538461538462,0.9051490514905149,0.9258741258741259,0.9706293706293706,0.9739884393063584,346,330,0.9161849710982659,0.9797687861271677,0.9051490514905149,369,370,0.9159891598915989,0.978319783197832,social,0.9084507042253521,142,129,0.8943661971830986,0.9929577464788732,social|1,0.8166666666666667,60,60,0.85,1.0,0.1,0.967104500524774,693.983113241537,644.827451164685
dreaddit,tfidf_logreg,42,head_50,M2,clean,0.1,0,715,0.8713286713286713,1.46993006993007,0.5300699300699301,0.0,0.4699300699300699,0.21958041958041957,0.3104895104895105,0.6895104895104895,0.4699300699300699,0.8265582655826558,0.8671328671328671,0.9300699300699301,0.9190751445086706,346,330,0.8526011560693642,0.9421965317919075,0.8265582655826558,369,370,0.8536585365853658,0.940379403794038,ptsd,0.8188976377952756,127,138,0.8267716535433071,0.968503937007874,anxiety|1,0.7789473684210526,95,98,0.8210526315789474,0.9789473684210527,0.1,0.909823456616069,571.673167598728,463.8814480630356
dreaddit,tfidf_logreg,42,head_50,M2,clean,0.05,0,715,0.9272727272727272,1.6321678321678321,0.3678321678321678,0.0,0.6321678321678321,0.13846153846153847,0.22937062937062938,0.7706293706293706,0.6321678321678321,0.8861788617886179,0.9258741258741259,0.9706293706293706,0.9710982658959537,346,330,0.9161849710982659,0.9797687861271677,0.8861788617886179,369,370,0.9159891598915989,0.978319783197832,ptsd,0.8818897637795275,127,138,0.8976377952755905,0.9921259842519685,social|1,0.8333333333333334,60,60,0.85,1.0,0.1,0.9626063254852202,671.2768457164341,621.1460438303806
dreaddit,tfidf_logreg,42,head_50,M3,matched,0.1,0,715,0.8783216783216783,1.4573426573426573,0.5426573426573427,0.0,0.45734265734265733,0.2895104895104895,0.25314685314685315,0.7468531468531469,0.45734265734265733,0.8753387533875339,0.8671328671328671,0.9300699300699301,0.8815028901734104,346,330,0.8526011560693642,0.9421965317919075,0.8753387533875339,369,370,0.8536585365853658,0.940379403794038,social,0.8309859154929577,142,129,0.823943661971831,0.9647887323943662,social|1,0.75,60,60,0.7833333333333333,0.9833333333333333,0.1,0.8808864764948228,636.3778059745915,484.7439572661623
dreaddit,tfidf_logreg,42,head_50,M3,matched,0.05,0,715,0.9440559440559441,1.6545454545454545,0.34545454545454546,0.0,0.6545454545454545,0.1986013986013986,0.14685314685314685,0.8531468531468531,0.6545454545454545,0.948509485094851,0.9258741258741259,0.9706293706293706,0.9393063583815029,346,330,0.9161849710982659,0.9797687861271677,0.948509485094851,369,370,0.9159891598915989,0.978319783197832,social,0.9084507042253521,142,129,0.8943661971830986,0.9929577464788732,social|1,0.8833333333333333,60,60,0.85,1.0,0.1,0.9402266710528377,771.151526544167,683.7359211742406
dreaddit,tfidf_logreg,42,head_50,M3-mix,mix,0.1,0,715,0.8797202797202798,1.46993006993007,0.5300699300699301,0.0,0.4699300699300699,0.2923076923076923,0.23776223776223776,0.7622377622377622,0.4699300699300699,0.8834688346883469,0.8671328671328671,0.9300699300699301,0.8757225433526011,346,330,0.8526011560693642,0.9421965317919075,0.8834688346883469,369,370,0.8536585365853658,0.940379403794038,social,0.8309859154929577,142,129,0.823943661971831,0.9647887323943662,social|1,0.7666666666666667,60,60,0.7833333333333333,0.9833333333333333,0.1,0.8764971724861758,658.0000626595861,501.16390181242855
dreaddit,tfidf_logreg,42,head_50,M3-mix,mix,0.05,0,715,0.9384615384615385,1.6433566433566433,0.35664335664335667,0.0,0.6433566433566433,0.18321678321678322,0.17342657342657342,0.8265734265734266,0.6433566433566433,0.924119241192412,0.9258741258741259,0.9706293706293706,0.953757225433526,346,330,0.9161849710982659,0.9797687861271677,0.924119241192412,369,370,0.9159891598915989,0.978319783197832,social,0.9014084507042254,142,129,0.8943661971830986,0.9929577464788732,social|1,0.8333333333333334,60,60,0.85,1.0,0.1,0.9507934270094147,742.7009414602817,669.9171326973385
dreaddit,tfidf_logreg,42,head_50,M5,clean,0.1,0,715,0.6615384615384615,1.0,1.0,0.0,0.0,0.66993006993007,0.3300699300699301,0.66993006993007,0.0,0.8211382113821138,0.8671328671328671,0.9300699300699301,0.4913294797687861,346,330,0.8526011560693642,0.9421965317919075,0.8211382113821138,369,370,0.8536585365853658,0.940379403794038,social,0.6056338028169014,142,129,0.823943661971831,0.9647887323943662,abuse|0,0.421875,64,66,0.796875,0.984375,0.1,0.5243103529301189,539.9172893463038,0.0
dreaddit,tfidf_logreg,42,head_50,M5,clean,0.05,0,715,0.6265734265734266,1.0,1.0,0.0,0.0,0.7916083916083916,0.2083916083916084,0.7916083916083916,0.0,0.9051490514905149,0.9258741258741259,0.9706293706293706,0.32947976878612717,346,330,0.9161849710982659,0.9797687861271677,0.9051490514905149,369,370,0.9159891598915989,0.978319783197832,social,0.5633802816901409,142,129,0.8943661971830986,0.9929577464788732,anxiety|0,0.2727272727272727,66,49,0.8636363636363636,1.0,0.1,0.3870466970565659,693.983113241537,0.0
dreaddit,tfidf_logreg,42,head_25,M0,clean,0.1,0,715,0.8881118881118881,1.5426573426573427,0.45734265734265733,0.0,0.5426573426573427,0.16643356643356644,0.2909090909090909,0.7090909090909091,0.5426573426573427,0.8292682926829268,0.8671328671328671,0.9300699300699301,0.9508670520231214,346,330,0.8526011560693642,0.9421965317919075,0.8292682926829268,369,370,0.8536585365853658,0.940379403794038,ptsd,0.8346456692913385,127,138,0.8267716535433071,0.968503937007874,social|1,0.7333333333333333,60,60,0.7833333333333333,0.9833333333333333,0.1,0.9387071760891019,605.7591992104891,533.8972696085342
dreaddit,tfidf_logreg,42,head_25,M0,clean,0.05,0,715,0.9216783216783216,1.66013986013986,0.33986013986013985,0.0,0.6601398601398601,0.11748251748251748,0.22237762237762237,0.7776223776223776,0.6601398601398601,0.8780487804878049,0.9258741258741259,0.9706293706293706,0.9682080924855492,346,330,0.9161849710982659,0.9797687861271677,0.8780487804878049,369,370,0.9159891598915989,0.978319783197832,ptsd,0.8818897637795275,127,138,0.8976377952755905,0.9921259842519685,social|1,0.7666666666666667,60,60,0.85,1.0,0.1,0.9591921612857748,691.273086141266,642.8771715462819
dreaddit,tfidf_logreg,42,head_25,M1,clean,0.1,0,715,0.8615384615384616,1.4783216783216784,0.5216783216783217,0.0,0.4783216783216783,0.13006993006993006,0.3916083916083916,0.6083916083916084,0.4783216783216783,0.7642276422764228,0.8671328671328671,0.9300699300699301,0.9653179190751445,346,330,0.8526011560693642,0.9421965317919075,0.7642276422764228,369,370,0.8536585365853658,0.940379403794038,ptsd,0.8188976377952756,127,138,0.8267716535433071,0.968503937007874,social|1,0.6833333333333333,60,60,0.7833333333333333,0.9833333333333333,0.1,0.9452088913952723,474.39964284035904,421.23455049579394
dreaddit,tfidf_logreg,42,head_25,M1,clean,0.05,0,715,0.9230769230769231,1.676923076923077,0.3230769230769231,0.0,0.676923076923077,0.08671328671328671,0.23636363636363636,0.7636363636363637,0.676923076923077,0.8672086720867209,0.9258741258741259,0.9706293706293706,0.9826589595375722,346,330,0.9161849710982659,0.9797687861271677,0.8672086720867209,369,370,0.9159891598915989,0.978319783197832,ptsd,0.8818897637795275,127,138,0.8976377952755905,0.9921259842519685,social|1,0.75,60,60,0.85,1.0,0.1,0.9711139307924871,674.5821388849727,643.7990507072701
dreaddit,tfidf_logreg,42,head_25,M2,clean,0.1,0,715,0.8643356643356643,1.5006993006993008,0.4993006993006993,0.0,0.5006993006993007,0.14685314685314685,0.35244755244755244,0.6475524475524476,0.5006993006993007,0.7696476964769647,0.8671328671328671,0.9300699300699301,0.9653179190751445,346,330,0.8526011560693642,0.9421965317919075,0.7696476964769647,369,370,0.8536585365853658,0.940379403794038,anxiety,0.7763975155279503,161,147,0.8322981366459627,0.9627329192546584,anxiety|1,0.6526315789473685,95,98,0.8210526315789474,0.9789473684210527,0.1,0.9457508968153265,542.5717060638815,486.1545811989912
dreaddit,tfidf_logreg,42,head_25,M2,clean,0.05,0,715,0.9146853146853147,1.655944055944056,0.34405594405594403,0.0,0.6559440559440559,0.08951048951048951,0.2545454545454545,0.7454545454545455,0.6559440559440559,0.8536585365853658,0.9258741258741259,0.9706293706293706,0.9797687861271677,346,330,0.9161849710982659,0.9797687861271677,0.8536585365853658,369,370,0.9159891598915989,0.978319783197832,ptsd,0.8188976377952756,127,138,0.8976377952755905,0.9921259842519685,ptsd|1,0.7682926829268293,82,79,0.8658536585365854,1.0,0.1,0.9671577611729875,652.4178767799237,618.76262982283
dreaddit,tfidf_logreg,42,head_25,M3,matched,0.1,0,715,0.8909090909090909,1.5370629370629372,0.46293706293706294,0.0,0.5370629370629371,0.26433566433566436,0.1986013986013986,0.8013986013986014,0.5370629370629371,0.8943089430894309,0.8671328671328671,0.9300699300699301,0.8872832369942196,346,330,0.8526011560693642,0.9421965317919075,0.8943089430894309,369,370,0.8536585365853658,0.940379403794038,social,0.8450704225352113,142,129,0.823943661971831,0.9647887323943662,social|1,0.8,60,60,0.7833333333333333,0.9833333333333333,0.1,0.8879858076037408,721.5118191644344,579.4163259551672
dreaddit,tfidf_logreg,42,head_25,M3,matched,0.05,0,715,0.9496503496503497,1.7286713286713287,0.27132867132867133,0.0,0.7286713286713287,0.13426573426573427,0.13706293706293707,0.862937062937063,0.7286713286713287,0.9376693766937669,0.9258741258741259,0.9706293706293706,0.9624277456647399,346,330,0.9161849710982659,0.9797687861271677,0.9376693766937669,369,370,0.9159891598915989,0.978319783197832,social,0.9366197183098591,142,129,0.8943661971830986,0.9929577464788732,social|1,0.8833333333333333,60,60,0.85,1.0,0.1,0.9599519087676426,798.6802324670647,742.3719786330811
dreaddit,tfidf_logreg,42,head_25,M3-mix,mix,0.1,0,715,0.8979020979020979,1.5566433566433566,0.4433566433566434,0.0,0.5566433566433566,0.23356643356643356,0.2097902097902098,0.7902097902097902,0.5566433566433566,0.8861788617886179,0.8671328671328671,0.9300699300699301,0.9104046242774566,346,330,0.8526011560693642,0.9421965317919075,0.8861788617886179,369,370,0.8536585365853658,0.940379403794038,social,0.8661971830985915,142,129,0.823943661971831,0.9647887323943662,social|1,0.7833333333333333,60,60,0.7833333333333333,0.9833333333333333,0.1,0.9079820480285727,707.6930306875324,590.2008239735577
dreaddit,tfidf_logreg,42,head_25,M3-mix,mix,0.05,0,715,0.9440559440559441,1.6993006993006994,0.3006993006993007,0.0,0.6993006993006993,0.16783216783216784,0.13286713286713286,0.8671328671328671,0.6993006993006993,0.940379403794038,0.9258741258741259,0.9706293706293706,0.9479768786127167,346,330,0.9161849710982659,0.9797687861271677,0.940379403794038,369,370,0.9159891598915989,0.978319783197832,social,0.9295774647887324,142,129,0.8943661971830986,0.9929577464788732,social|1,0.8666666666666667,60,60,0.85,1.0,0.1,0.9472171311308489,804.15354731582,729.6904616445009
dreaddit,tfidf_logreg,42,head_25,M5,clean,0.1,0,715,0.6643356643356644,1.0,1.0,0.0,0.0,0.6083916083916084,0.3916083916083916,0.6083916083916084,0.0,0.7642276422764228,0.8671328671328671,0.9300699300699301,0.5578034682080925,346,330,0.8526011560693642,0.9421965317919075,0.7642276422764228,369,370,0.8536585365853658,0.940379403794038,abuse,0.6126760563380281,142,142,0.823943661971831,0.9647887323943662,abuse|0,0.453125,64,66,0.796875,0.984375,0.1,0.5784458856149255,474.39964284035904,0.0
dreaddit,tfidf_logreg,42,head_25,M5,clean,0.05,0,715,0.6153846153846154,1.0,1.0,0.0,0.0,0.7636363636363637,0.23636363636363636,0.7636363636363637,0.0,0.8672086720867209,0.9258741258741259,0.9706293706293706,0.3468208092485549,346,330,0.9161849710982659,0.9797687861271677,0.8672086720867209,369,370,0.9159891598915989,0.978319783197832,social,0.5211267605633803,142,129,0.8943661971830986,0.9929577464788732,anxiety|0,0.2878787878787879,66,49,0.8636363636363636,1.0,0.1,0.39885959553237155,674.5821388849727,0.0
dreaddit,tfidf_logreg,42,tail_75,M0,clean,0.1,0,715,0.9048951048951049,1.4685314685314685,0.5314685314685315,0.0,0.46853146853146854,0.2993006993006993,0.23216783216783216,0.7678321678321678,0.46853146853146854,0.9186991869918699,0.8671328671328671,0.9300699300699301,0.8901734104046243,346,330,0.8526011560693642,0.9421965317919075,0.9186991869918699,369,370,0.8536585365853658,0.940379403794038,social,0.8380281690140845,142,129,0.823943661971831,0.9647887323943662,social|1,0.8,60,60,0.7833333333333333,0.9833333333333333,0.1,0.8930259880633489,638.112693265661,491.5722856650532
dreaddit,tfidf_logreg,42,tail_75,M0,clean,0.05,0,715,0.9370629370629371,1.572027972027972,0.427972027972028,0.0,0.5720279720279721,0.2517482517482518,0.17622377622377622,0.8237762237762237,0.5720279720279721,0.948509485094851,0.9258741258741259,0.9706293706293706,0.9248554913294798,346,330,0.9161849710982659,0.9797687861271677,0.948509485094851,369,370,0.9159891598915989,0.978319783197832,social,0.8802816901408451,142,129,0.8943661971830986,0.9929577464788732,social|1,0.8333333333333334,60,60,0.85,1.0,0.1,0.9272208907060169,716.5272490875199,607.1627739398782
dreaddit,tfidf_logreg,42,tail_75,M1,clean,0.1,0,715,0.8881118881118881,1.4307692307692308,0.5692307692307692,0.0,0.4307692307692308,0.26573426573426573,0.3034965034965035,0.6965034965034965,0.4307692307692308,0.8644986449864499,0.8671328671328671,0.9300699300699301,0.9132947976878613,346,330,0.8526011560693642,0.9421965317919075,0.8644986449864499,369,370,0.8536585365853658,0.940379403794038,social,0.8380281690140845,142,129,0.823943661971831,0.9647887323943662,social|1,0.7333333333333333,60,60,0.7833333333333333,0.9833333333333333,0.1,0.9084151824177201,552.05680091483,430.66168522956906
dreaddit,tfidf_logreg,42,tail_75,M1,clean,0.05,0,715,0.9440559440559441,1.6,0.4,0.0,0.6,0.21818181818181817,0.18181818181818182,0.8181818181818182,0.6,0.94579945799458,0.9258741258741259,0.9706293706293706,0.9421965317919075,346,330,0.9161849710982659,0.9797687861271677,0.94579945799458,369,370,0.9159891598915989,0.978319783197832,social,0.8873239436619719,142,129,0.8943661971830986,0.9929577464788732,social|1,0.8166666666666667,60,60,0.85,1.0,0.1,0.9425568244121747,708.4527781694001,619.5732882184313
dreaddit,tfidf_logreg,42,tail_75,M2,clean,0.1,0,715,0.8825174825174825,1.4405594405594406,0.5594405594405595,0.0,0.4405594405594406,0.2923076923076923,0.26713286713286716,0.7328671328671329,0.4405594405594406,0.8834688346883469,0.8671328671328671,0.9300699300699301,0.8815028901734104,346,330,0.8526011560693642,0.9421965317919075,0.8834688346883469,369,370,0.8536585365853658,0.940379403794038,ptsd,0.8188976377952756,127,138,0.8267716535433071,0.968503937007874,ptsd|0,0.7555555555555555,45,59,0.7555555555555555,1.0,0.1,0.8816994846249041,603.3757852029388,451.19993107445526
dreaddit,tfidf_logreg,42,tail_75,M2,clean,0.05,0,715,0.9356643356643357,1.5902097902097903,0.4097902097902098,0.0,0.5902097902097903,0.2083916083916084,0.2013986013986014,0.7986013986013986,0.5902097902097903,0.9322493224932249,0.9258741258741259,0.9706293706293706,0.9393063583815029,346,330,0.9161849710982659,0.9797687861271677,0.9322493224932249,369,370,0.9159891598915989,0.978319783197832,social,0.8802816901408451,142,129,0.8943661971830986,0.9929577464788732,social|1,0.8333333333333334,60,60,0.85,1.0,0.1,0.9386006547926751,683.6873599949872,594.374735654871
dreaddit,tfidf_logreg,42,tail_75,M3,matched,0.1,0,715,0.8853146853146853,1.4195804195804196,0.5804195804195804,0.0,0.4195804195804196,0.3146853146853147,0.26573426573426573,0.7342657342657343,0.4195804195804196,0.8915989159891599,0.8671328671328671,0.9300699300699301,0.8786127167630058,346,330,0.8526011560693642,0.9421965317919075,0.8915989159891599,369,370,0.8536585365853658,0.940379403794038,social,0.8098591549295775,142,129,0.823943661971831,0.9647887323943662,social|1,0.75,60,60,0.7833333333333333,0.9833333333333333,0.1,0.8799113366856213,598.9864811942917,440.14443034603755
dreaddit,tfidf_logreg,42,tail_75,M3,matched,0.05,0,715,0.9468531468531468,1.606993006993007,0.393006993006993,0.0,0.606993006993007,0.20279720279720279,0.1902097902097902,0.8097902097902098,0.606993006993007,0.943089430894309,0.9258741258741259,0.9706293706293706,0.9508670520231214,346,330,0.9161849710982659,0.9797687861271677,0.943089430894309,369,370,0.9159891598915989,0.978319783197832,social,0.8873239436619719,142,129,0.8943661971830986,0.9929577464788732,social|1,0.8166666666666667,60,60,0.85,1.0,0.1,0.9500892899102402,695.1759951125523,616.2679950498928
dreaddit,tfidf_logreg,42,tail_75,M3-mix,mix,0.1,0,715,0.8853146853146853,1.4265734265734267,0.5734265734265734,0.0,0.42657342657342656,0.32727272727272727,0.24615384615384617,0.7538461538461538,0.42657342657342656,0.907859078590786,0.8671328671328671,0.9300699300699301,0.861271676300578,346,330,0.8526011560693642,0.9421965317919075,0.907859078590786,369,370,0.8536585365853658,0.940379403794038,social,0.8309859154929577,142,129,0.823943661971831,0.9647887323943662,social|1,0.7833333333333333,60,60,0.7833333333333333,0.9833333333333333,0.1,0.8659304165295988,621.4217460093677,446.1597506148472
dreaddit,tfidf_logreg,42,tail_75,M3-mix,mix,0.05,0,715,0.9482517482517483,1.6293706293706294,0.3706293706293706,0.0,0.6293706293706294,0.1986013986013986,0.17202797202797201,0.827972027972028,0.6293706293706294,0.948509485094851,0.9258741258741259,0.9706293706293706,0.9479768786127167,346,330,0.9161849710982659,0.9797687861271677,0.948509485094851,369,370,0.9159891598915989,0.978319783197832,social,0.8873239436619719,142,129,0.8943661971830986,0.9929577464788732,social|1,0.8333333333333334,60,60,0.85,1.0,0.1,0.9480301392609303,724.3307172956124,643.9055720036969
dreaddit,tfidf_logreg,42,tail_75,M5,clean,0.1,0,715,0.6797202797202797,1.0,1.0,0.0,0.0,0.6965034965034965,0.3034965034965035,0.6965034965034965,0.0,0.8644986449864499,0.8671328671328671,0.9300699300699301,0.48265895953757226,346,330,0.8526011560693642,0.9421965317919075,0.8644986449864499,369,370,0.8536585365853658,0.940379403794038,social,0.6056338028169014,142,129,0.823943661971831,0.9647887323943662,anxiety|0,0.3787878787878788,66,49,0.7727272727272727,0.9848484848484849,0.1,0.52084292808246,552.05680091483,0.0
dreaddit,tfidf_logreg,42,tail_75,M5,clean,0.05,0,715,0.641958041958042,1.0,1.0,0.0,0.0,0.8181818181818182,0.18181818181818182,0.8181818181818182,0.0,0.94579945799458,0.9258741258741259,0.9706293706293706,0.3179190751445087,346,330,0.9161849710982659,0.9797687861271677,0.94579945799458,369,370,0.9159891598915989,0.978319783197832,financial,0.5524475524475524,143,144,0.8951048951048951,0.993006993006993,ptsd|0,0.2,45,59,0.8444444444444444,1.0,0.1,0.3807071134295158,708.4527781694001,0.0
dreaddit,tfidf_logreg,42,tail_50,M0,clean,0.1,0,715,0.9034965034965035,1.5020979020979022,0.4979020979020979,0.0,0.5020979020979021,0.24335664335664337,0.2545454545454545,0.7454545454545455,0.5020979020979021,0.8861788617886179,0.8671328671328671,0.9300699300699301,0.9219653179190751,346,330,0.8526011560693642,0.9421965317919075,0.8861788617886179,369,370,0.8536585365853658,0.940379403794038,social,0.8591549295774648,142,129,0.823943661971831,0.9647887323943662,social|1,0.7833333333333333,60,60,0.7833333333333333,0.9833333333333333,0.1,0.9183866723060294,624.4560364678791,514.387424221063
dreaddit,tfidf_logreg,42,tail_50,M0,clean,0.05,0,715,0.9356643356643357,1.6027972027972028,0.3972027972027972,0.0,0.6027972027972028,0.1888111888111888,0.2083916083916084,0.7916083916083916,0.6027972027972028,0.9186991869918699,0.9258741258741259,0.9706293706293706,0.953757225433526,346,330,0.9161849710982659,0.9797687861271677,0.9186991869918699,369,370,0.9159891598915989,0.978319783197832,social,0.8943661971830986,142,129,0.8943661971830986,0.9929577464788732,social|1,0.8,60,60,0.85,1.0,0.1,0.9502514215893605,682.3323464448517,608.4645268418002
dreaddit,tfidf_logreg,42,tail_50,M1,clean,0.1,0,715,0.8923076923076924,1.4727272727272727,0.5272727272727272,0.0,0.4727272727272727,0.2083916083916084,0.31888111888111886,0.6811188811188811,0.4727272727272727,0.8482384823848238,0.8671328671328671,0.9300699300699301,0.9393063583815029,346,330,0.8526011560693642,0.9421965317919075,0.8482384823848238,369,370,0.8536585365853658,0.940379403794038,social,0.852112676056338,142,129,0.823943661971831,0.9647887323943662,social|1,0.7333333333333333,60,60,0.7833333333333333,0.9833333333333333,0.1,0.9301995707818349,537.4250043078466,448.1123799677303
dreaddit,tfidf_logreg,42,tail_50,M1,clean,0.05,0,715,0.9384615384615385,1.6237762237762239,0.37622377622377623,0.0,0.6237762237762238,0.15804195804195803,0.21818181818181817,0.7818181818181819,0.6237762237762238,0.9132791327913279,0.9258741258741259,0.9706293706293706,0.9653179190751445,346,330,0.9161849710982659,0.9797687861271677,0.9132791327913279,369,370,0.9159891598915989,0.978319783197832,social,0.8943661971830986,142,129,0.8943661971830986,0.9929577464788732,social|1,0.7833333333333333,60,60,0.85,1.0,0.1,0.9601140404467629,668.7845606779767,610.1994141328696
dreaddit,tfidf_logreg,42,tail_50,M2,clean,0.1,0,715,0.8881118881118881,1.4811188811188811,0.5188811188811189,0.0,0.4811188811188811,0.22377622377622378,0.2951048951048951,0.7048951048951049,0.4811188811188811,0.8536585365853658,0.8671328671328671,0.9300699300699301,0.9248554913294798,346,330,0.8526011560693642,0.9421965317919075,0.8536585365853658,369,370,0.8536585365853658,0.940379403794038,ptsd,0.7952755905511811,127,138,0.8267716535433071,0.968503937007874,ptsd|0,0.7777777777777778,45,59,0.7555555555555555,1.0,0.1,0.9177357958550684,576.9843507683631,473.0399298212635
dreaddit,tfidf_logreg,42,tail_50,M2,clean,0.05,0,715,0.9300699300699301,1.6349650349650349,0.365034965034965,0.0,0.634965034965035,0.14265734265734265,0.22237762237762237,0.7776223776223776,0.634965034965035,0.8970189701897019,0.9258741258741259,0.9706293706293706,0.9653179190751445,346,330,0.9161849710982659,0.9797687861271677,0.8970189701897019,369,370,0.9159891598915989,0.978319783197832,ptsd,0.8740157480314961,127,138,0.8976377952755905,0.9921259842519685,social|1,0.8,60,60,0.85,1.0,0.1,0.9584880241866003,674.9620126259066,619.3578958910977
dreaddit,tfidf_logreg,42,tail_50,M3,matched,0.1,0,715,0.8895104895104895,1.4685314685314685,0.5314685314685315,0.0,0.46853146853146854,0.2895104895104895,0.24195804195804196,0.7580419580419581,0.46853146853146854,0.8943089430894309,0.8671328671328671,0.9300699300699301,0.884393063583815,346,330,0.8526011560693642,0.9421965317919075,0.8943089430894309,369,370,0.8536585365853658,0.940379403794038,social,0.8380281690140845,142,129,0.823943661971831,0.9647887323943662,ptsd|0,0.7777777777777778,45,59,0.7555555555555555,1.0,0.1,0.8853846515343766,640.8759810141454,491.5722856650532
dreaddit,tfidf_logreg,42,tail_50,M3,matched,0.05,0,715,0.9454545454545454,1.6377622377622378,0.3622377622377622,0.0,0.6377622377622377,0.2055944055944056,0.15664335664335666,0.8433566433566434,0.6377622377622377,0.94579945799458,0.9258741258741259,0.9706293706293706,0.9450867052023122,346,330,0.9161849710982659,0.9797687861271677,0.94579945799458,369,370,0.9159891598915989,0.978319783197832,social,0.9014084507042254,142,129,0.8943661971830986,0.9929577464788732,social|1,0.85,60,60,0.85,1.0,0.1,0.9451579804815391,755.2735874179552,671.1632752165672
dreaddit,tfidf_logreg,42,tail_50,M3-mix,mix,0.1,0,715,0.8895104895104895,1.46993006993007,0.5300699300699301,0.0,0.4699300699300699,0.2895104895104895,0.24055944055944056,0.7594405594405594,0.4699300699300699,0.8943089430894309,0.8671328671328671,0.9300699300699301,0.884393063583815,346,330,0.8526011560693642,0.9421965317919075,0.8943089430894309,369,370,0.8536585365853658,0.940379403794038,social,0.8450704225352113,142,129,0.823943661971831,0.9647887323943662,ptsd|0,0.7777777777777778,45,59,0.7555555555555555,1.0,0.1,0.8853846515343766,643.4771370835097,494.17344173441734
dreaddit,tfidf_logreg,42,tail_50,M3-mix,mix,0.05,0,715,0.9482517482517483,1.6335664335664335,0.36643356643356645,0.0,0.6335664335664336,0.1888111888111888,0.17762237762237762,0.8223776223776224,0.6335664335664336,0.940379403794038,0.9258741258741259,0.9706293706293706,0.9566473988439307,346,330,0.9161849710982659,0.9797687861271677,0.940379403794038,369,370,0.9159891598915989,0.978319783197832,social,0.9014084507042254,142,129,0.8943661971830986,0.9929577464788732,social|1,0.8333333333333334,60,60,0.85,1.0,0.1,0.9550205993389415,720.9165530961669,649.3788868524523
dreaddit,tfidf_logreg,42,tail_50,M5,clean,0.1,0,715,0.6783216783216783,1.0,1.0,0.0,0.0,0.6811188811188811,0.31888111888111886,0.6811188811188811,0.0,0.8482384823848238,0.8671328671328671,0.9300699300699301,0.49710982658959535,346,330,0.8526011560693642,0.9421965317919075,0.8482384823848238,369,370,0.8536585365853658,0.940379403794038,financial,0.6293706293706294,143,144,0.8251748251748252,0.965034965034965,anxiety|0,0.36363636363636365,66,49,0.7727272727272727,0.9848484848484849,0.1,0.5322226921691182,537.4250043078466,0.0
dreaddit,tfidf_logreg,42,tail_50,M5,clean,0.05,0,715,0.6447552447552447,1.0,1.0,0.0,0.0,0.7818181818181819,0.21818181818181817,0.7818181818181819,0.0,0.9132791327913279,0.9258741258741259,0.9706293706293706,0.3583815028901734,346,330,0.9161849710982659,0.9797687861271677,0.9132791327913279,369,370,0.9159891598915989,0.978319783197832,financial,0.5594405594405595,143,144,0.8951048951048951,0.993006993006993,anxiety|0,0.2727272727272727,66,49,0.8636363636363636,1.0,0.1,0.4138712658802889,668.7845606779767,0.0
dreaddit,tfidf_logreg,42,tail_25,M0,clean,0.1,0,715,0.8699300699300699,1.490909090909091,0.509090909090909,0.0,0.4909090909090909,0.17062937062937064,0.3384615384615385,0.6615384615384615,0.4909090909090909,0.8130081300813008,0.8671328671328671,0.9300699300699301,0.930635838150289,346,330,0.8526011560693642,0.9421965317919075,0.8130081300813008,369,370,0.8536585365853658,0.940379403794038,social,0.823943661971831,142,129,0.823943661971831,0.9647887323943662,social|1,0.7166666666666667,60,60,0.7833333333333333,0.9833333333333333,0.1,0.9188730673433902,531.30081300813,442.3148017607343
dreaddit,tfidf_logreg,42,tail_25,M0,clean,0.05,0,715,0.9118881118881119,1.6237762237762239,0.37622377622377623,0.0,0.6237762237762238,0.13146853146853146,0.24475524475524477,0.7552447552447552,0.6237762237762238,0.8780487804878049,0.9258741258741259,0.9706293706293706,0.9479768786127167,346,330,0.9161849710982659,0.9797687861271677,0.8780487804878049,369,370,0.9159891598915989,0.978319783197832,social,0.8591549295774648,142,129,0.8943661971830986,0.9929577464788732,financial|1,0.7777777777777778,54,57,0.8703703703703703,1.0,0.1,0.9409840688002256,649.6545890314395,582.237573820825
dreaddit,tfidf_logreg,42,tail_25,M1,clean,0.1,0,715,0.8503496503496504,1.4531468531468532,0.5468531468531469,0.0,0.45314685314685316,0.13986013986013987,0.406993006993007,0.593006993006993,0.45314685314685316,0.7669376693766937,0.8671328671328671,0.9300699300699301,0.9393063583815029,346,330,0.8526011560693642,0.9421965317919075,0.7669376693766937,369,370,0.8536585365853658,0.940379403794038,social,0.8028169014084507,142,129,0.823943661971831,0.9647887323943662,social|1,0.6666666666666666,60,60,0.7833333333333333,0.9833333333333333,0.1,0.922069489481022,443.4567727180162,367.4232811692279
dreaddit,tfidf_logreg,42,tail_25,M1,clean,0.05,0,715,0.9132867132867133,1.6307692307692307,0.36923076923076925,0.0,0.6307692307692307,0.0993006993006993,0.2699300699300699,0.73006993006993,0.6307692307692307,0.8617886178861789,0.9258741258741259,0.9706293706293706,0.9682080924855492,346,330,0.9161849710982659,0.9797687861271677,0.8617886178861789,369,370,0.9159891598915989,0.978319783197832,social,0.8591549295774648,142,129,0.8943661971830986,0.9929577464788732,financial|1,0.7592592592592593,54,57,0.8703703703703703,1.0,0.1,0.9575661450256122,616.8146999389069,571.9418205742751
dreaddit,tfidf_logreg,42,tail_25,M2,clean,0.1,0,715,0.8461538461538461,1.4587412587412587,0.5412587412587413,0.0,0.45874125874125876,0.15384615384615385,0.38741258741258744,0.6125874125874126,0.45874125874125876,0.7588075880758808,0.8671328671328671,0.9300699300699301,0.9393063583815029,346,330,0.8526011560693642,0.9421965317919075,0.7588075880758808,369,370,0.8536585365853658,0.940379403794038,ptsd,0.7795275590551181,127,138,0.8267716535433071,0.968503937007874,anxiety|1,0.6842105263157895,95,98,0.8210526315789474,0.9789473684210527,0.1,0.9212564813509406,486.86341776712567,408.1198991180663
dreaddit,tfidf_logreg,42,tail_25,M2,clean,0.05,0,715,0.9034965034965035,1.627972027972028,0.37202797202797205,0.0,0.627972027972028,0.1006993006993007,0.27132867132867133,0.7286713286713287,0.627972027972028,0.8536585365853658,0.9258741258741259,0.9706293706293706,0.9566473988439307,346,330,0.9161849710982659,0.9797687861271677,0.8536585365853658,369,370,0.9159891598915989,0.978319783197832,ptsd,0.8346456692913385,127,138,0.8976377952755905,0.9921259842519685,ptsd|1,0.7682926829268293,82,79,0.8658536585365854,1.0,0.1,0.9463485126180742,621.2040039475539,566.7395084355468
dreaddit,tfidf_logreg,42,tail_25,M3,matched,0.1,0,715,0.9034965034965035,1.5454545454545454,0.45454545454545453,0.0,0.5454545454545454,0.2699300699300699,0.18461538461538463,0.8153846153846154,0.5454545454545454,0.9214092140921409,0.8671328671328671,0.9300699300699301,0.884393063583815,346,330,0.8526011560693642,0.9421965317919075,0.9214092140921409,369,370,0.8536585365853658,0.940379403794038,social,0.8661971830985915,142,129,0.823943661971831,0.9647887323943662,financial|1,0.8333333333333334,54,57,0.7962962962962963,1.0,0.1,0.8880946786346475,724.2218462647054,578.7121888559926
dreaddit,tfidf_logreg,42,tail_25,M3,matched,0.05,0,715,0.9398601398601398,1.7034965034965035,0.2965034965034965,0.0,0.7034965034965035,0.16223776223776223,0.13426573426573427,0.8657342657342657,0.7034965034965035,0.948509485094851,0.9258741258741259,0.9706293706293706,0.930635838150289,346,330,0.9161849710982659,0.9797687861271677,0.948509485094851,369,370,0.9159891598915989,0.978319783197832,social,0.8943661971830986,142,129,0.8943661971830986,0.9929577464788732,social|1,0.8833333333333333,60,60,0.85,1.0,0.1,0.9324232028447452,794.5619311684446,707.2019361812115
dreaddit,tfidf_logreg,42,tail_25,M3-mix,mix,0.1,0,715,0.8965034965034965,1.5244755244755244,0.4755244755244755,0.0,0.5244755244755245,0.24755244755244754,0.22797202797202798,0.772027972027972,0.5244755244755245,0.8915989159891599,0.8671328671328671,0.9300699300699301,0.9017341040462428,346,330,0.8526011560693642,0.9421965317919075,0.8915989159891599,369,370,0.8536585365853658,0.940379403794038,social,0.8380281690140845,142,129,0.823943661971831,0.9647887323943662,social|1,0.7833333333333333,60,60,0.7833333333333333,0.9833333333333333,0.1,0.9007205852405346,669.2176950671242,542.0250011748672
dreaddit,tfidf_logreg,42,tail_25,M3-mix,mix,0.05,0,715,0.9412587412587412,1.6867132867132868,0.3132867132867133,0.0,0.6867132867132867,0.16923076923076924,0.14405594405594405,0.855944055944056,0.6867132867132867,0.948509485094851,0.9258741258741259,0.9706293706293706,0.9335260115606936,346,330,0.9161849710982659,0.9797687861271677,0.948509485094851,369,370,0.9159891598915989,0.978319783197832,social,0.9014084507042254,142,129,0.8943661971830986,0.9929577464788732,social|1,0.9,60,60,0.85,1.0,0.1,0.9350243589141094,776.3538386828957,689.9689835048639
dreaddit,tfidf_logreg,42,tail_25,M5,clean,0.1,0,715,0.6825174825174826,1.0,1.0,0.0,0.0,0.593006993006993,0.406993006993007,0.593006993006993,0.0,0.7669376693766937,0.8671328671328671,0.9300699300699301,0.5924855491329479,346,330,0.8526011560693642,0.9421965317919075,0.7669376693766937,369,370,0.8536585365853658,0.940379403794038,social,0.6126760563380281,142,129,0.823943661971831,0.9647887323943662,anxiety|0,0.5454545454545454,66,49,0.7727272727272727,0.9848484848484849,0.1,0.6099307611573226,443.4567727180162,0.0
dreaddit,tfidf_logreg,42,tail_25,M5,clean,0.05,0,715,0.6433566433566433,1.0,1.0,0.0,0.0,0.73006993006993,0.2699300699300699,0.73006993006993,0.0,0.8617886178861789,0.9258741258741259,0.9706293706293706,0.41040462427745666,346,330,0.9161849710982659,0.9797687861271677,0.8617886178861789,369,370,0.9159891598915989,0.978319783197832,social,0.5704225352112676,142,129,0.8943661971830986,0.9929577464788732,anxiety|0,0.30303030303030304,66,49,0.8636363636363636,1.0,0.1,0.4555430236383289,616.8146999389069,0.0
dreaddit,tfidf_logreg,42,del_15,M0,clean,0.1,0,715,0.9118881118881119,1.4503496503496502,0.5496503496503496,0.0,0.45034965034965035,0.31888111888111886,0.23076923076923078,0.7692307692307693,0.45034965034965035,0.940379403794038,0.8671328671328671,0.9300699300699301,0.8815028901734104,346,330,0.8526011560693642,0.9421965317919075,0.940379403794038,369,370,0.8536585365853658,0.940379403794038,social,0.8732394366197183,142,129,0.823943661971831,0.9647887323943662,ptsd|0,0.8,45,59,0.7555555555555555,1.0,0.1,0.8873905415354733,622.0726224603287,464.74771684133026
dreaddit,tfidf_logreg,42,del_15,M0,clean,0.05,0,715,0.9412587412587412,1.5566433566433566,0.4433566433566434,0.0,0.5566433566433566,0.2629370629370629,0.18041958041958042,0.8195804195804196,0.5566433566433566,0.9539295392953929,0.9258741258741259,0.9706293706293706,0.9277456647398844,346,330,0.9161849710982659,0.9797687861271677,0.9539295392953929,369,370,0.9159891598915989,0.978319783197832,social,0.8943661971830986,142,129,0.8943661971830986,0.9929577464788732,social|1,0.8666666666666667,60,60,0.85,1.0,0.1,0.9303640521954353,704.0634741607532,594.8611306922318
dreaddit,tfidf_logreg,42,del_15,M1,clean,0.1,0,715,0.9132867132867133,1.434965034965035,0.5650349650349651,0.0,0.43496503496503497,0.2811188811188811,0.2839160839160839,0.7160839160839161,0.43496503496503497,0.9105691056910569,0.8671328671328671,0.9300699300699301,0.9161849710982659,346,330,0.8526011560693642,0.9421965317919075,0.9105691056910569,369,370,0.8536585365853658,0.940379403794038,social,0.8591549295774648,142,129,0.823943661971831,0.9647887323943662,social|1,0.7833333333333333,60,60,0.7833333333333333,0.9833333333333333,0.1,0.915623384557545,548.8603787771982,426.81438664097624
dreaddit,tfidf_logreg,42,del_15,M1,clean,0.05,0,715,0.951048951048951,1.5776223776223777,0.4223776223776224,0.0,0.5776223776223777,0.22937062937062938,0.193006993006993,0.806993006993007,0.5776223776223777,0.9539295392953929,0.9258741258741259,0.9706293706293706,0.9479768786127167,346,330,0.9161849710982659,0.9797687861271677,0.9539295392953929,369,370,0.9159891598915989,0.978319783197832,social,0.9084507042253521,142,129,0.8943661971830986,0.9929577464788732,social|1,0.8666666666666667,60,60,0.85,1.0,0.1,0.9485721446809844,680.6530695364758,594.2658646239643
dreaddit,tfidf_logreg,42,del_15,M2,clean,0.1,0,715,0.8993006993006993,1.4517482517482518,0.5482517482517483,0.0,0.45174825174825173,0.2895104895104895,0.25874125874125875,0.7412587412587412,0.45174825174825173,0.907859078590786,0.8671328671328671,0.9300699300699301,0.8901734104046243,346,330,0.8526011560693642,0.9421965317919075,0.907859078590786,369,370,0.8536585365853658,0.940379403794038,ptsd,0.8346456692913385,127,138,0.8267716535433071,0.968503937007874,ptsd|0,0.7333333333333333,45,59,0.7555555555555555,1.0,0.1,0.8919419772232404,598.0113413850902,453.3679527546721
dreaddit,tfidf_logreg,42,del_15,M2,clean,0.05,0,715,0.9468531468531468,1.5832167832167832,0.4167832167832168,0.0,0.5832167832167832,0.2153846153846154,0.2013986013986014,0.7986013986013986,0.5832167832167832,0.94579945799458,0.9258741258741259,0.9706293706293706,0.9479768786127167,346,330,0.9161849710982659,0.9797687861271677,0.94579945799458,369,370,0.9159891598915989,0.978319783197832,social,0.9014084507042254,142,129,0.8943661971830986,0.9929577464788732,social|1,0.8666666666666667,60,60,0.85,1.0,0.1,0.947759136550903,672.036593198302,588.3594153860614
dreaddit,tfidf_logreg,42,del_15,M3,matched,0.1,0,715,0.9006993006993007,1.4223776223776223,0.5776223776223777,0.0,0.4223776223776224,0.3230769230769231,0.2545454545454545,0.7454545454545455,0.4223776223776224,0.924119241192412,0.8671328671328671,0.9300699300699301,0.8757225433526011,346,330,0.8526011560693642,0.9421965317919075,0.924119241192412,369,370,0.8536585365853658,0.940379403794038,social,0.8591549295774648,142,129,0.823943661971831,0.9647887323943662,ptsd|0,0.8,45,59,0.7555555555555555,1.0,0.1,0.8805622131365822,591.8338894371602,429.0356689694064
dreaddit,tfidf_logreg,42,del_15,M3,matched,0.05,0,715,0.9440559440559441,1.5468531468531468,0.45314685314685316,0.0,0.5468531468531469,0.25594405594405595,0.1972027972027972,0.8027972027972028,0.5468531468531469,0.9512195121951219,0.9258741258741259,0.9706293706293706,0.9364161849710982,346,330,0.9161849710982659,0.9797687861271677,0.9512195121951219,369,370,0.9159891598915989,0.978319783197832,social,0.8943661971830986,142,129,0.8943661971830986,0.9929577464788732,social|1,0.85,60,60,0.85,1.0,0.1,0.9378965176935006,675.1797546877203,574.3228848473456
dreaddit,tfidf_logreg,42,del_15,M3-mix,mix,0.1,0,715,0.8965034965034965,1.4097902097902097,0.5902097902097903,0.0,0.4097902097902098,0.3258741258741259,0.26433566433566436,0.7356643356643356,0.4097902097902098,0.9214092140921409,0.8671328671328671,0.9300699300699301,0.869942196531792,346,330,0.8526011560693642,0.9421965317919075,0.9214092140921409,369,370,0.8536585365853658,0.940379403794038,social,0.8380281690140845,142,129,0.823943661971831,0.9647887323943662,ptsd|0,0.8,45,59,0.7555555555555555,1.0,0.1,0.8750888982878269,575.9559503109482,407.9554177044661
dreaddit,tfidf_logreg,42,del_15,M3-mix,mix,0.05,0,715,0.9538461538461539,1.6195804195804195,0.3804195804195804,0.0,0.6195804195804195,0.2013986013986014,0.17902097902097902,0.820979020979021,0.6195804195804195,0.9512195121951219,0.9258741258741259,0.9706293706293706,0.9566473988439307,346,330,0.9161849710982659,0.9797687861271677,0.9512195121951219,369,370,0.9159891598915989,0.978319783197832,social,0.8943661971830986,142,129,0.8943661971830986,0.9929577464788732,social|1,0.85,60,60,0.85,1.0,0.1,0.9561046101790498,708.9947835894543,635.0180929554961
dreaddit,tfidf_logreg,42,del_15,M5,clean,0.1,0,715,0.7076923076923077,1.0,1.0,0.0,0.0,0.7160839160839161,0.2839160839160839,0.7160839160839161,0.0,0.9105691056910569,0.8671328671328671,0.9300699300699301,0.4913294797687861,346,330,0.8526011560693642,0.9421965317919075,0.9105691056910569,369,370,0.8536585365853658,0.940379403794038,financial,0.6503496503496503,143,144,0.8251748251748252,0.965034965034965,anxiety|0,0.3939393939393939,66,49,0.7727272727272727,0.9848484848484849,0.1,0.5332534423610131,548.8603787771982,0.0
dreaddit,tfidf_logreg,42,del_15,M5,clean,0.05,0,715,0.6615384615384615,1.0,1.0,0.0,0.0,0.806993006993007,0.193006993006993,0.806993006993007,0.0,0.9539295392953929,0.9258741258741259,0.9706293706293706,0.34971098265895956,346,330,0.9161849710982659,0.9797687861271677,0.9539295392953929,369,370,0.9159891598915989,0.978319783197832,financial,0.5944055944055944,143,144,0.8951048951048951,0.993006993006993,ptsd|0,0.24444444444444444,45,59,0.8444444444444444,1.0,0.1,0.4101328383226029,680.6530695364758,0.0
dreaddit,tfidf_logreg,42,del_30,M0,clean,0.1,0,715,0.9244755244755245,1.4685314685314685,0.5314685314685315,0.0,0.46853146853146854,0.2839160839160839,0.24755244755244754,0.7524475524475525,0.46853146853146854,0.9295392953929539,0.8671328671328671,0.9300699300699301,0.9190751445086706,346,330,0.8526011560693642,0.9421965317919075,0.9295392953929539,369,370,0.8536585365853658,0.940379403794038,social,0.8873239436619719,142,129,0.823943661971831,0.9647887323943662,social|1,0.8,60,60,0.7833333333333333,0.9833333333333333,0.1,0.9201215595970988,600.1793630653069,479.92151886836785
dreaddit,tfidf_logreg,42,del_30,M0,clean,0.05,0,715,0.9468531468531468,1.5636363636363637,0.43636363636363634,0.0,0.5636363636363636,0.23496503496503496,0.2013986013986014,0.7986013986013986,0.5636363636363636,0.943089430894309,0.9258741258741259,0.9706293706293706,0.9508670520231214,346,330,0.9161849710982659,0.9797687861271677,0.943089430894309,369,370,0.9159891598915989,0.978319783197832,social,0.9084507042253521,142,129,0.8943661971830986,0.9929577464788732,social|1,0.8333333333333334,60,60,0.85,1.0,0.1,0.9500892899102402,674.3667465576391,589.2256841643562
dreaddit,tfidf_logreg,42,del_30,M1,clean,0.1,0,715,0.9146853146853147,1.4489510489510489,0.551048951048951,0.0,0.4489510489510489,0.24615384615384617,0.3048951048951049,0.6951048951048951,0.4489510489510489,0.8807588075880759,0.8671328671328671,0.9300699300699301,0.9508670520231214,346,330,0.8526011560693642,0.9421965317919075,0.8807588075880759,369,370,0.8536585365853658,0.940379403794038,social,0.8802816901408451,142,129,0.823943661971831,0.9647887323943662,social|1,0.7666666666666667,60,60,0.7833333333333333,0.9833333333333333,0.1,0.9438562275796168,535.4747246894434,448.16564061594374
dreaddit,tfidf_logreg,42,del_30,M1,clean,0.05,0,715,0.9482517482517483,1.586013986013986,0.413986013986014,0.0,0.586013986013986,0.20279720279720279,0.2111888111888112,0.7888111888111888,0.586013986013986,0.9376693766937669,0.9258741258741259,0.9706293706293706,0.9595375722543352,346,330,0.9161849710982659,0.9797687861271677,0.9376693766937669,369,370,0.9159891598915989,0.978319783197832,social,0.9014084507042254,142,129,0.8943661971830986,0.9929577464788732,social|1,0.8166666666666667,60,60,0.85,1.0,0.1,0.9573507526982784,660.818960790764,588.9014208061157
dreaddit,tfidf_logreg,42,del_30,M2,clean,0.1,0,715,0.9062937062937063,1.4545454545454546,0.5454545454545454,0.0,0.45454545454545453,0.2573426573426573,0.2881118881118881,0.7118881118881119,0.45454545454545453,0.8861788617886179,0.8671328671328671,0.9300699300699301,0.9277456647398844,346,330,0.8526011560693642,0.9421965317919075,0.8861788617886179,369,370,0.8536585365853658,0.940379403794038,ptsd,0.84251968503937,127,138,0.8267716535433071,0.968503937007874,ptsd|0,0.7555555555555555,45,59,0.7555555555555555,1.0,0.1,0.9235889844447578,562.0282908031393,453.9099581747263
dreaddit,tfidf_logreg,42,del_30,M2,clean,0.05,0,715,0.9496503496503497,1.593006993006993,0.406993006993007,0.0,0.593006993006993,0.1888111888111888,0.21818181818181817,0.7818181818181819,0.593006993006993,0.9322493224932249,0.9258741258741259,0.9706293706293706,0.9682080924855492,346,330,0.9161849710982659,0.9797687861271677,0.9322493224932249,369,370,0.9159891598915989,0.978319783197832,social,0.9084507042253521,142,129,0.8943661971830986,0.9929577464788732,social|1,0.8333333333333334,60,60,0.85,1.0,0.1,0.9646122154863168,652.4734871626173,590.2564343562511
dreaddit,tfidf_logreg,42,del_30,M3,matched,0.1,0,715,0.8965034965034965,1.4041958041958043,0.5958041958041959,0.0,0.4041958041958042,0.32167832167832167,0.27412587412587414,0.7258741258741259,0.4041958041958042,0.907859078590786,0.8671328671328671,0.9300699300699301,0.884393063583815,346,330,0.8526011560693642,0.9421965317919075,0.907859078590786,369,370,0.8536585365853658,0.940379403794038,social,0.8732394366197183,142,129,0.823943661971831,0.9647887323943662,ptsd|0,0.8,45,59,0.7555555555555555,1.0,0.1,0.8867396650845121,569.3986246220843,413.86186694236886
dreaddit,tfidf_logreg,42,del_30,M3,matched,0.05,0,715,0.9468531468531468,1.5608391608391607,0.43916083916083914,0.0,0.5608391608391609,0.24055944055944056,0.1986013986013986,0.8013986013986014,0.5608391608391609,0.943089430894309,0.9258741258741259,0.9706293706293706,0.9508670520231214,346,330,0.9161849710982659,0.9797687861271677,0.943089430894309,369,370,0.9159891598915989,0.978319783197832,social,0.9084507042253521,142,129,0.8943661971830986,0.9929577464788732,social|1,0.8333333333333334,60,60,0.85,1.0,0.1,0.9500892899102402,679.5690586963674,593.3439854629761
dreaddit,tfidf_logreg,42,del_30,M3-mix,mix,0.1,0,715,0.9006993006993007,1.4223776223776223,0.5776223776223777,0.0,0.4223776223776224,0.31608391608391606,0.26153846153846155,0.7384615384615385,0.4223776223776224,0.9105691056910569,0.8671328671328671,0.9300699300699301,0.8901734104046243,346,330,0.8526011560693642,0.9421965317919075,0.9105691056910569,369,370,0.8536585365853658,0.940379403794038,social,0.8661971830985915,142,129,0.823943661971831,0.9647887323943662,financial|1,0.7962962962962963,54,57,0.7962962962962963,1.0,0.1,0.8922129799332675,590.4788758870247,440.6864357660918
dreaddit,tfidf_logreg,42,del_30,M3-mix,mix,0.05,0,715,0.9524475524475524,1.6041958041958042,0.3958041958041958,0.0,0.6041958041958042,0.1958041958041958,0.2,0.8,0.6041958041958042,0.943089430894309,0.9258741258741259,0.9706293706293706,0.9624277456647399,346,330,0.9161849710982659,0.9797687861271677,0.943089430894309,369,370,0.9159891598915989,0.978319783197832,social,0.9084507042253521,142,129,0.8943661971830986,0.9929577464788732,social|1,0.8333333333333334,60,60,0.85,1.0,0.1,0.9604939141876968,676.9679026270032,608.7355295518273
dreaddit,tfidf_logreg,42,del_30,M5,clean,0.1,0,715,0.6979020979020979,1.0,1.0,0.0,0.0,0.6951048951048951,0.3048951048951049,0.6951048951048951,0.0,0.8807588075880759,0.8671328671328671,0.9300699300699301,0.5028901734104047,346,330,0.8526011560693642,0.9421965317919075,0.8807588075880759,369,370,0.8536585365853658,0.940379403794038,financial,0.6433566433566433,143,144,0.8251748251748252,0.965034965034965,anxiety|0,0.3939393939393939,66,49,0.7727272727272727,0.9848484848484849,0.1,0.5406770368281718,535.4747246894434,0.0
dreaddit,tfidf_logreg,42,del_30,M5,clean,0.05,0,715,0.6629370629370629,1.0,1.0,0.0,0.0,0.7888111888111888,0.2111888111888112,0.7888111888111888,0.0,0.9376693766937669,0.9258741258741259,0.9706293706293706,0.3699421965317919,346,330,0.9161849710982659,0.9797687861271677,0.9376693766937669,369,370,0.9159891598915989,0.978319783197832,financial,0.5874125874125874,143,144,0.8951048951048951,0.993006993006993,ptsd|0,0.26666666666666666,45,59,0.8444444444444444,1.0,0.1,0.42671491454798943,660.818960790764,0.0
dreaddit,tfidf_logreg,42,typo_05,M0,clean,0.1,0,715,0.8867132867132868,1.4153846153846155,0.5846153846153846,0.0,0.4153846153846154,0.34825174825174826,0.23636363636363636,0.7636363636363637,0.4153846153846154,0.9132791327913279,0.8671328671328671,0.9300699300699301,0.8583815028901735,346,330,0.8526011560693642,0.9421965317919075,0.9132791327913279,369,370,0.8536585365853658,0.940379403794038,social,0.8380281690140845,142,129,0.823943661971831,0.9647887323943662,ptsd|0,0.7777777777777778,45,59,0.7555555555555555,1.0,0.1,0.863871265880289,634.9695317762425,453.3123423719787
dreaddit,tfidf_logreg,42,typo_05,M0,clean,0.05,0,715,0.9398601398601398,1.5496503496503498,0.45034965034965035,0.0,0.5496503496503496,0.27412587412587414,0.17622377622377622,0.8237762237762237,0.5496503496503496,0.9512195121951219,0.9258741258741259,0.9706293706293706,0.9277456647398844,346,330,0.9161849710982659,0.9797687861271677,0.9512195121951219,369,370,0.9159891598915989,0.978319783197832,social,0.9014084507042254,142,129,0.8943661971830986,0.9929577464788732,social|1,0.9,60,60,0.85,1.0,0.1,0.9300930494854082,714.1970957281828,602.8267305794445
dreaddit,tfidf_logreg,42,typo_05,M1,clean,0.1,0,715,0.8979020979020979,1.4055944055944056,0.5944055944055944,0.0,0.40559440559440557,0.2951048951048951,0.2993006993006993,0.7006993006993008,0.40559440559440557,0.8834688346883469,0.8671328671328671,0.9300699300699301,0.9132947976878613,346,330,0.8526011560693642,0.9421965317919075,0.8834688346883469,369,370,0.8536585365853658,0.940379403794038,social,0.8169014084507042,142,129,0.823943661971831,0.9647887323943662,social|1,0.7333333333333333,60,60,0.7833333333333333,0.9833333333333333,0.1,0.9103122013879098,543.5491956075631,416.463023011733
dreaddit,tfidf_logreg,42,typo_05,M1,clean,0.05,0,715,0.9426573426573427,1.5692307692307692,0.4307692307692308,0.0,0.5692307692307692,0.23636363636363636,0.1944055944055944,0.8055944055944056,0.5692307692307692,0.940379403794038,0.9258741258741259,0.9706293706293706,0.9450867052023122,346,330,0.9161849710982659,0.9797687861271677,0.940379403794038,369,370,0.9159891598915989,0.978319783197832,social,0.8943661971830986,142,129,0.8943661971830986,0.9929577464788732,social|1,0.8666666666666667,60,60,0.85,1.0,0.1,0.9446159750614849,689.7026802637969,599.6303084418128
dreaddit,tfidf_logreg,42,typo_05,M2,clean,0.1,0,715,0.8909090909090909,1.4293706293706294,0.5706293706293706,0.0,0.42937062937062936,0.3132867132867133,0.2573426573426573,0.7426573426573426,0.42937062937062936,0.907859078590786,0.8671328671328671,0.9300699300699301,0.8728323699421965,346,330,0.8526011560693642,0.9421965317919075,0.907859078590786,369,370,0.8536585365853658,0.940379403794038,ptsd,0.8188976377952756,127,138,0.8267716535433071,0.968503937007874,ptsd|0,0.7333333333333333,45,59,0.7555555555555555,1.0,0.1,0.8763350408070555,600.6124974544543,437.38114259755315
dreaddit,tfidf_logreg,42,typo_05,M2,clean,0.05,0,715,0.9384615384615385,1.5762237762237763,0.42377622377622376,0.0,0.5762237762237762,0.22937062937062938,0.1944055944055944,0.8055944055944056,0.5762237762237762,0.9376693766937669,0.9258741258741259,0.9706293706293706,0.9393063583815029,346,330,0.9161849710982659,0.9797687861271677,0.9376693766937669,369,370,0.9159891598915989,0.978319783197832,ptsd,0.8976377952755905,127,138,0.8976377952755905,0.9921259842519685,ptsd|1,0.8780487804878049,82,79,0.8658536585365854,1.0,0.1,0.9391426602127293,692.0328336231339,598.6551686326111
dreaddit,tfidf_logreg,42,typo_05,M3,matched,0.1,0,715,0.8811188811188811,1.3874125874125873,0.6125874125874126,0.0,0.38741258741258744,0.32447552447552447,0.2881118881118881,0.7118881118881119,0.38741258741258744,0.8834688346883469,0.8671328671328671,0.9300699300699301,0.8786127167630058,346,330,0.8526011560693642,0.9421965317919075,0.8834688346883469,369,370,0.8536585365853658,0.940379403794038,social,0.8169014084507042,142,129,0.823943661971831,0.9647887323943662,social|1,0.7333333333333333,60,60,0.7833333333333333,0.9833333333333333,0.1,0.8790983285555399,564.3584441624764,403.61937434403245
dreaddit,tfidf_logreg,42,typo_05,M3,matched,0.05,0,715,0.9440559440559441,1.574825174825175,0.4251748251748252,0.0,0.5748251748251748,0.22937062937062938,0.1958041958041958,0.8041958041958042,0.5748251748251748,0.940379403794038,0.9258741258741259,0.9706293706293706,0.9479768786127167,346,330,0.9161849710982659,0.9797687861271677,0.940379403794038,369,370,0.9159891598915989,0.978319783197832,social,0.8943661971830986,142,129,0.8943661971830986,0.9929577464788732,social|1,0.8666666666666667,60,60,0.85,1.0,0.1,0.9472171311308489,687.1015241944327,600.7143192819211
dreaddit,tfidf_logreg,42,typo_05,M3-mix,mix,0.1,0,715,0.8993006993006993,1.4181818181818182,0.5818181818181818,0.0,0.41818181818181815,0.32167832167832167,0.2601398601398601,0.7398601398601399,0.41818181818181815,0.9024390243902439,0.8671328671328671,0.9300699300699301,0.8959537572254336,346,330,0.8526011560693642,0.9421965317919075,0.9024390243902439,369,370,0.8536585365853658,0.940379403794038,social,0.823943661971831,142,129,0.823943661971831,0.9647887323943662,social|1,0.7666666666666667,60,60,0.7833333333333333,0.9833333333333333,0.1,0.8966022839419145,600.0704920344001,453.8543477920328
dreaddit,tfidf_logreg,42,typo_05,M3-mix,mix,0.05,0,715,0.9566433566433566,1.6545454545454545,0.34545454545454546,0.0,0.6545454545454545,0.17062937062937064,0.17482517482517482,0.8251748251748252,0.6545454545454545,0.9512195121951219,0.9258741258741259,0.9706293706293706,0.9624277456647399,346,330,0.9161849710982659,0.9797687861271677,0.9512195121951219,369,370,0.9159891598915989,0.978319783197832,social,0.9154929577464789,142,129,0.8943661971830986,0.9929577464788732,social|1,0.8833333333333333,60,60,0.85,1.0,0.1,0.961306922317778,716.7982517975469,653.4439275028589
dreaddit,tfidf_logreg,42,typo_05,M5,clean,0.1,0,715,0.6951048951048951,1.0,1.0,0.0,0.0,0.7006993006993008,0.2993006993006993,0.7006993006993008,0.0,0.8834688346883469,0.8671328671328671,0.9300699300699301,0.49421965317919075,346,330,0.8526011560693642,0.9421965317919075,0.8834688346883469,369,370,0.8536585365853658,0.940379403794038,social,0.6267605633802817,142,129,0.823943661971831,0.9647887323943662,anxiety|0,0.3939393939393939,66,49,0.7727272727272727,0.9848484848484849,0.1,0.5331445713301064,543.5491956075631,0.0
dreaddit,tfidf_logreg,42,typo_05,M5,clean,0.05,0,715,0.6489510489510489,1.0,1.0,0.0,0.0,0.8055944055944056,0.1944055944055944,0.8055944055944056,0.0,0.940379403794038,0.9258741258741259,0.9706293706293706,0.33815028901734107,346,330,0.9161849710982659,0.9797687861271677,0.940379403794038,369,370,0.9159891598915989,0.978319783197832,financial,0.5664335664335665,143,144,0.8951048951048951,0.993006993006993,anxiety|0,0.24242424242424243,66,49,0.8636363636363636,1.0,0.1,0.3983732004950108,689.7026802637969,0.0
dreaddit,tfidf_logreg,42,typo_10,M0,clean,0.1,0,715,0.8951048951048951,1.4391608391608393,0.5608391608391609,0.0,0.43916083916083914,0.32167832167832167,0.23916083916083916,0.7608391608391608,0.43916083916083914,0.9105691056910569,0.8671328671328671,0.9300699300699301,0.8786127167630058,346,330,0.8526011560693642,0.9421965317919075,0.9105691056910569,369,370,0.8536585365853658,0.940379403794038,social,0.8450704225352113,142,129,0.823943661971831,0.9647887323943662,ptsd|0,0.8,45,59,0.7555555555555555,1.0,0.1,0.881808355655811,632.0973729968514,471.90030859846166
dreaddit,tfidf_logreg,42,typo_10,M0,clean,0.05,0,715,0.9328671328671329,1.5622377622377623,0.43776223776223777,0.0,0.5622377622377622,0.26153846153846155,0.17622377622377622,0.8237762237762237,0.5622377622377622,0.948509485094851,0.9258741258741259,0.9706293706293706,0.9161849710982659,346,330,0.9161849710982659,0.9797687861271677,0.948509485094851,369,370,0.9159891598915989,0.978319783197832,social,0.8802816901408451,142,129,0.8943661971830986,0.9929577464788732,social|1,0.85,60,60,0.85,1.0,0.1,0.9194174224979244,716.5272490875199,598.2752948916772
dreaddit,tfidf_logreg,42,typo_10,M1,clean,0.1,0,715,0.8951048951048951,1.427972027972028,0.5720279720279721,0.0,0.427972027972028,0.28251748251748254,0.2895104895104895,0.7104895104895105,0.427972027972028,0.8861788617886179,0.8671328671328671,0.9300699300699301,0.9046242774566474,346,330,0.8526011560693642,0.9421965317919075,0.8861788617886179,369,370,0.8536585365853658,0.940379403794038,social,0.8169014084507042,142,129,0.823943661971831,0.9647887323943662,social|1,0.7166666666666667,60,60,0.7833333333333333,0.9833333333333333,0.1,0.9027797358898445,559.4271347337751,427.7895264501778
dreaddit,tfidf_logreg,42,typo_10,M1,clean,0.05,0,715,0.9384615384615385,1.5832167832167832,0.4167832167832168,0.0,0.5832167832167832,0.22237762237762237,0.1944055944055944,0.8055944055944056,0.5832167832167832,0.9376693766937669,0.9258741258741259,0.9706293706293706,0.9393063583815029,346,330,0.9161849710982659,0.9797687861271677,0.9376693766937669,369,370,0.9159891598915989,0.978319783197832,social,0.8943661971830986,142,129,0.8943661971830986,0.9929577464788732,social|1,0.85,60,60,0.85,1.0,0.1,0.9391426602127293,692.0328336231339,600.0101821827466
dreaddit,tfidf_logreg,42,typo_10,M2,clean,0.1,0,715,0.8797202797202798,1.4377622377622377,0.5622377622377622,0.0,0.43776223776223777,0.3048951048951049,0.2573426573426573,0.7426573426573426,0.43776223776223777,0.8888888888888888,0.8671328671328671,0.9300699300699301,0.869942196531792,346,330,0.8526011560693642,0.9421965317919075,0.8888888888888888,369,370,0.8536585365853658,0.940379403794038,ptsd,0.7874015748031497,127,138,0.8267716535433071,0.968503937007874,ptsd|0,0.6888888888888889,45,59,0.7555555555555555,1.0,0.1,0.8718368657675016,616.9235709698138,452.9880790137381
dreaddit,tfidf_logreg,42,typo_10,M2,clean,0.05,0,715,0.9314685314685315,1.586013986013986,0.413986013986014,0.0,0.586013986013986,0.213986013986014,0.2,0.8,0.586013986013986,0.9295392953929539,0.9258741258741259,0.9706293706293706,0.9335260115606936,346,330,0.9161849710982659,0.9797687861271677,0.9295392953929539,369,370,0.9159891598915989,0.978319783197832,ptsd,0.8740157480314961,127,138,0.8976377952755905,0.9921259842519685,social|1,0.85,60,60,0.85,1.0,0.1,0.9331273399439196,688.6186694236884,593.5617275247897
dreaddit,tfidf_logreg,42,typo_10,M3,matched,0.1,0,715,0.8853146853146853,1.4013986013986015,0.5986013986013986,0.0,0.4013986013986014,0.3230769230769231,0.2755244755244755,0.7244755244755244,0.4013986013986014,0.8943089430894309,0.8671328671328671,0.9300699300699301,0.8757225433526011,346,330,0.8526011560693642,0.9421965317919075,0.8943089430894309,369,370,0.8536585365853658,0.940379403794038,social,0.8169014084507042,142,129,0.823943661971831,0.9647887323943662,social|1,0.7333333333333333,60,60,0.7833333333333333,0.9833333333333333,0.1,0.8775811833262842,578.4482353494055,415.6500148816517
dreaddit,tfidf_logreg,42,typo_10,M3,matched,0.05,0,715,0.9384615384615385,1.5846153846153845,0.4153846153846154,0.0,0.5846153846153846,0.22097902097902097,0.1944055944055944,0.8055944055944056,0.5846153846153846,0.9376693766937669,0.9258741258741259,0.9706293706293706,0.9393063583815029,346,330,0.9161849710982659,0.9797687861271677,0.9376693766937669,369,370,0.9159891598915989,0.978319783197832,social,0.8943661971830986,142,129,0.8943661971830986,0.9929577464788732,social|1,0.85,60,60,0.85,1.0,0.1,0.9391426602127293,692.0328336231339,600.2811848927737
dreaddit,tfidf_logreg,42,typo_10,M3-mix,mix,0.1,0,715,0.8811188811188811,1.4111888111888111,0.5888111888111888,0.0,0.4111888111888112,0.3300699300699301,0.25874125874125875,0.7412587412587412,0.4111888111888112,0.8997289972899729,0.8671328671328671,0.9300699300699301,0.861271676300578,346,330,0.8526011560693642,0.9421965317919075,0.8997289972899729,369,370,0.8536585365853658,0.940379403794038,social,0.8169014084507042,142,129,0.823943661971831,0.9647887323943662,social|1,0.75,60,60,0.7833333333333333,0.9833333333333333,0.1,0.8651174083995175,605.0018014631013,429.19780064852677
dreaddit,tfidf_logreg,42,typo_10,M3-mix,mix,0.05,0,715,0.9594405594405594,1.681118881118881,0.31888111888111886,0.0,0.6811188811188811,0.13566433566433567,0.18321678321678322,0.8167832167832167,0.6811188811188811,0.9376693766937669,0.9258741258741259,0.9706293706293706,0.9826589595375722,346,330,0.9161849710982659,0.9797687861271677,0.9376693766937669,369,370,0.9159891598915989,0.978319783197832,social,0.9154929577464789,142,129,0.8943661971830986,0.9929577464788732,social|1,0.85,60,60,0.85,1.0,0.1,0.9781600012531917,712.8420821780473,672.5738991493961
dreaddit,tfidf_logreg,42,typo_10,M5,clean,0.1,0,715,0.6881118881118881,1.0,1.0,0.0,0.0,0.7104895104895105,0.2895104895104895,0.7104895104895105,0.0,0.8861788617886179,0.8671328671328671,0.9300699300699301,0.476878612716763,346,330,0.8526011560693642,0.9421965317919075,0.8861788617886179,369,370,0.8536585365853658,0.940379403794038,social,0.6126760563380281,142,129,0.823943661971831,0.9647887323943662,anxiety|0,0.4090909090909091,66,49,0.7727272727272727,0.9848484848484849,0.1,0.5178086376239486,559.4271347337751,0.0
dreaddit,tfidf_logreg,42,typo_10,M5,clean,0.05,0,715,0.6461538461538462,1.0,1.0,0.0,0.0,0.8055944055944056,0.1944055944055944,0.8055944055944056,0.0,0.9376693766937669,0.9258741258741259,0.9706293706293706,0.3352601156069364,346,330,0.9161849710982659,0.9797687861271677,0.9376693766937669,369,370,0.9159891598915989,0.978319783197832,financial,0.5524475524475524,143,144,0.8951048951048951,0.993006993006993,anxiety|0,0.2878787878787879,66,49,0.8636363636363636,1.0,0.1,0.3955010417156195,692.0328336231339,0.0
