example_id,text,label,subreddit,text_length_chars,text_length_words,split,model_name,pred_label,correct,prob_not_stress,prob_stress,logit_not_stress,logit_stress
0,"I would also paint a picture for the person who helps, as I am an avid painter. I just want to get this done  as food and everything like those necessities is taken care of, but I don't have the funds to get this done before the 7th. If you can help, it would be appreciated so much! Thank you for your help and consideration! PM me with any questions and I can explain further.",0,assistance,378,75,validation,distilbert,0,1,0.98729485,0.012705117,2.0835812,-2.2693827
1,I'm assuming I have PTSD and my work gave me a number to call and I'm debating doing so. But I hate asking for help and I feel pathetic because nothing happened. I'm physically fine. I just really need advice because I'm struggling on how to feel. I don't know why I can't just brush this off considering I'm alright.,1,ptsd,317,60,validation,distilbert,1,1,0.011119947,0.98888004,-2.2054632,2.2823694
2,"Back ground, me and my girl have been homeless independently for about a year and we've been together for six months now. We lived in Olympia Washington for a while and where trying to make it and eventually move out of the toxic town. I received about 3.5k$ worth of back pay EFC payments the state owed me and shortly after my girl's grandmother died and she wanted to make it to the funeral so we decided to make a road trip of it, get jobs in florida and be set. We figured the lower cost of living would offset the vastly lower minimum wage and we'd be fine. We both got jobs at her old workplace (Wendy's, never go to the Lakeland Highlands Wendy's so many healthcode violations btw) and worked for two months and got fired for bs reasons (I got trained wrong and wasn't told about 60% of my responsibilities by a guy who was on his phone 75% of the time and quit a week later, she overslept and no call no showed one day and got immediately taken off the schedule)",1,homeless,971,186,validation,distilbert,0,0,0.9378794,0.06212065,1.3044884,-1.4100544
3,"Hey, I recently came into a bit of money. I live on government benefits and I live in supported accomodation. I received roughly about £100 bonus money I'm guessing because it's the turning of the new year. I always feel guilty when walking past homeless people in the streets and feel too shy to donate money to them. So this time, I donated ten pounds to this guy sitting outside of a supermarket.",0,homeless,399,73,validation,distilbert,0,1,0.757465,0.24253507,0.63878375,-0.50004727
4,"However, today I was sitting at work and for whatever reason I started thinking about the knife incident. This new person I'm dating has never done anything wrong, but I had a thought of what they would look like holding a knife. It was a pretty stupid thing to think about, it caused the worst panic attack I've had in months and had to go for a walk around the block to clear my head. I don't want the event from my previous relationship to have an impact on the potential of this new one. Does anyone have any advice for breaking free from this sort of thing?",1,ptsd,562,108,validation,distilbert,1,1,0.03271522,0.9672848,-1.6373632,1.7492894
5,I don't want to feel like a burden to anyone anymore and to myself so the feeling of wanting to die didn't go away. I don't know how to deal with myself or with other people since I feel like I should just get over it and continue with my life but I can't and I'm 22. Am I exaggerating? Am I just so weak that I can't deal with what happened to me that I can't normally continue with my life? I was a good student and a good friend.,1,ptsd,432,91,validation,distilbert,1,1,0.011190656,0.9888094,-2.1862693,2.295153
6,"I keep alternating between crying, laughing, and freaking out. I'm also really upset right now and my boyfriend isn't making me feel better. He keeps saying things like, this is all your fault and no one is making you think these things. And to be patient with things.... I feel like this is going to kill me?",1,anxiety,309,57,validation,distilbert,1,1,0.012483991,0.98751605,-2.1807556,2.1899903
7,I feel like I'm at the end of my rope here. I bawl every night because I don't want to feel this never ending pain anymore. I can't live with what happen to me. I can't live with the fact that since I didn't go to police that he is preying on another girl like me. I have so many social problems I dont have friends anymore.,1,ptsd,324,67,validation,distilbert,1,1,0.011353613,0.9886464,-2.2396343,2.2271664
8,"I’m so concerned as we head into warmer months. I know I need to leave the area and that’s on my agenda, I just can’t do that before summer comes and goes. I am currently trying to come up with ways to manage my day to day life. Working from home, not venturing outside as much as possible. But even the ride from home to office is enough to send me into a spin for about an hour.",1,ptsd,380,78,validation,distilbert,1,1,0.012858614,0.9871414,-2.1598141,2.1809852
9,"I never searched for a man to make me happy or be my knight in shining armour, but he found me anyway. And yes he did rescue me…mostly because I let him. And in case you ask yes I am happy – in life, in love and within myself. Maybe I was a victim once, but I’m not a victim anymore. I chose freedom and safety, and I hope any woman reading this is brave enough to find those things too <3",0,domesticviolence,389,82,validation,distilbert,0,1,0.9828287,0.017171334,1.919972,-2.1272218
10,"Why am I feeling like I miss him.. I’ve been okay for 7 damn days & then he texted my grandmother & asked me if I wanted him to mail me my stuff (a card) & now I’m starting to feel bad. Why is he seeming so decent now... Why do I feel so damn guilty.. why do I feel like I did something wrong. He hasn’t tried to do anything harmful to me, the only thing he’s been asking about is our children as expected.. But I’ve been ignoring him. Why do I feel like I’m in the wrong.",1,domesticviolence,472,100,validation,distilbert,1,1,0.011164631,0.9888354,-2.1943882,2.289389
11,"My heart is palpitating because I finally responded in a group chat that I'm not so active in because I'm scared nobody is going to care what I say. So I finally responded this morning because the chat seems active and it couldn't possibly hurt right? I'm trying to beat my anxiety. Well, my fears were confirmed. Nobody responded to what I texted.",1,anxiety,348,63,validation,distilbert,1,1,0.07702205,0.922978,-1.1405847,1.3429289
12,"-In not giving financial advice. -I'm not doing this for people to MAKE money, but to help those struggling to feed themselves and/or family. My days of that are over. -if any supermarkets or stores offer similar promotions in other countries, let me know and I'll look into what can be done. DM me regarding this.",0,food_pantry,314,56,validation,distilbert,0,1,0.97848606,0.021513969,1.8719944,-1.9453098
13,"Looking back on it, I was pretty fucking clear. After all this, I started reflecting back. First red flag I didn't realize was a red flag was it said it loved me A WEEK WITHIN KNOWING ME. I knew it was weird, but I didn't know it was lovebombing (manipulating) me. Fortunately I never said it back because why the fuck would I love anyone after a week.",0,survivorsofabuse,352,68,validation,distilbert,0,1,0.53425574,0.4657443,0.043190774,-0.094047084
14,"Like many I was living in California, working in a kitchen and making decent money. My living situation fell apart and I ended up couch surfing, living out of a truck and finally I ended up living and working on a farm in the north. Not the first time but... i wanted to share a bit of advice for anybody goig through a hard time. 1. I had co workers and friends offer to let me stay with them and I was too proud to accept.",0,almosthomeless,424,86,validation,distilbert,0,1,0.9798528,0.02014716,1.8569231,-2.027416
15,"I always feel like no one actually likes me and they just put up with me out of pity. It’s a vicious cycle, because that insecurity makes me more self-conscious and standoffish, which makes me more unlikeable. I just feel like I’m nothing but a drain on everyone and an inconvenience. I’m constantly plagued by these thoughts about what a terrible person and I am, and it’s just so exhausting. I wish I was normal.",1,anxiety,414,75,validation,distilbert,1,1,0.012290282,0.98770976,-2.2042649,2.182315
16,"I have an appointment with a paralegal to draw up a separation agreement. When I tell him I want and am filing for a separation and divorce, he will ask why. Do I mention to him about finding the extent of their chats and the cellphone bills? What about the disappearing IM accounts? Or do I just leave it at ""You had an affair, you aren't being completely honest with me about it, I feel like this 'reconciliation' we are experiencing is just me being strung along till you get your pieces in place to leave.",1,relationships,509,96,validation,distilbert,1,1,0.048782095,0.9512179,-1.4770573,1.4933226
17,2) Sharing Home 3) Helping to watch one another's children as best as the can get their work schedules to Mesh? HAs anyone ever seen a homeless family co-op which works in any way similar to that? I will be a single father ( married but my wife wont be allowed into the country untill I make enough income) and am tying to strategize the best approach. Thanks!,0,homeless,360,68,validation,distilbert,0,1,0.9848946,0.015105467,2.005007,-2.172471
18,"Hey everybody! I'm conducting research on social media usage, if you could please spare a few minutes to take this survey I would really appreciate it! Instagram Survey: The purpose of this project is to examine the effectiveness of Instagram in terms of marketing promotion perspectives among millennial consumers. The survey will take approximately 10 minutes.",0,assistance,362,56,validation,distilbert,0,1,0.9856483,0.014351775,2.0152037,-2.2142222
19,She gave me an 11 pm curfew even though I was in my 20s and never gave me a key. She not picked every little thing I did even though I tried so hard to be a good guest because I thought maybe that’s why She didn’t like me. Whenever I am allowed to come here I have to bring my own food and own blanket. When I told my mom I was in such a bad mental space that I thought I was going to kill myself and didn’t feel safe to be alone she said I couldn’t come over.,1,domesticviolence,460,101,validation,distilbert,1,1,0.020393992,0.979606,-1.8909771,1.9809328
20,"Several month back I began casually dating a woman who was previously abused physically and emotionally by her ex husband. She and I have really hit it off and have begun to care quite a bit for one another. For obvious reasons, she is really afraid to get involved with me beyond casual dating, and we’ve taken a break for a while to let her sort out some of her emotional issues. We hope to reconnect after a while when she’s in a better place emotionally, and some of the logistics between us are better. I’ve tried to be as supportive and encouraging as possible to her, but I have never been in this situation before, so oftentimes I am not sure what to do or say.",0,domesticviolence,669,127,validation,distilbert,1,0,0.18075217,0.81924784,-0.72256035,0.7886995
21,"I've noticed usually people who have been in the street for a while or traveling around, and managed to avoid frying their brains with drugs or just losing it from the life, have really different opinions and ways of thinking compared to the just homeless sleeping in motels or shelters or cars and often trying to work at the same time. Do you hate other homeless aka ""hobos?"" The people in the tents? Or do you wish to or try to help them? Do you resent the middle and upper classes or do you think they're entitled to what they have?",0,homeless,536,101,validation,distilbert,0,1,0.9057399,0.09426011,1.118498,-1.1441962
22,"Despite that, all the following is true: * We have both called each other BF/GF and referred to there being a relationship * We have had (oral, but not PIV yet) sex a few times, slept together naked, and have had many intimate conversations, including the last time we saw each other * We both mentioned early on that we aren't currently dating anyone else * We have both talked about going to specific events and doing things together in the future",0,relationships,449,82,validation,distilbert,0,1,0.98384273,0.016157337,1.9802821,-2.1288097
23,"Without my boyfriend who I thought was my best friend, my two female friends who used to always have my back becoming distant, and now not knowing who or what to trust seeing as Nex and I still work in the same industry my PTSD is just skyrocketing off the charts. With no roots put back down yet (which I’m working on the living sit) and no one close to turn to emotionally, how the fuck do I go on? When is enough enough? When is it too much? I know giving up is not an option but it is all so overwhelming...",1,ptsd,511,103,validation,distilbert,1,1,0.012256517,0.9877435,-2.180947,2.2084184
24,"Those are all the ones I can coherently explain. I've also felt extremely lonely and I've been craving touch more than I did before I was with him. Watching movies, playing games, hanging out with friends etc all distract me for a while but when I stop all the bad feelings just come at once. Not only sadness/loneliness, but I also feel hate and rage. Does anyone have any way to help me move on?",1,survivorsofabuse,397,75,validation,distilbert,1,1,0.013407966,0.986592,-2.152006,2.1464016
25,"Now: The brother who texted me just had a baby girl with his wife. He now has a total of three baby girls at home (age range 3-0). Gut reaction: fear, dread, anxiety. I don’t want to meet her.",1,survivorsofabuse,192,39,validation,distilbert,1,1,0.036619134,0.9633809,-1.5769088,1.6929691
26,"2. We were long-distance for a few months although we visited each other almost every weekend. In that time she was very jealous and controlled my movements because she thought I was doing something with very girl who looked at me. In that time-frame, I took to hiding pictures that I had with friends who were girls, especially ones she was especially jealous of. Nothing sexual, just selfies on a night out or whatever.",0,relationships,421,74,validation,distilbert,0,1,0.9718304,0.028169535,1.6280298,-1.9129105
27,"I want her to tell me that she loves me, that she would only want to be with me. I just want her, and I'm even willing to give her another chance even though I know I shouldn't. I can't move on, everyday I think about her and the good times we spent together. So Reddit, help me, I need to know how I can move on from her. TL;DR : My wife cheated on me and I don't know how to get over her",1,relationships,389,85,validation,distilbert,1,1,0.01250454,0.9874955,-2.1651418,2.2039382
28,"We're running out of things like dog food,toilet paper, feminine products and whatnot. Workers comp didn't send me my check this month, so I'm not able to afford the things we need and that is why I'm asking assistance. If anyone could help me with a small loan of $50 , we'd greatly appreciate it. I'm not sure when I could pay you back fully, but I could pay something back each month if that's okay. Thank you for your time!",1,assistance,427,81,validation,distilbert,0,0,0.53214115,0.46785882,0.15135348,0.022611251
29,"I am already accountable to my family, boyfriend, pets, co workers, etc and now I have to be accountable to these ppl I couldn’t give two shits about and they are counting on me and I hate the pressure so much. I’m doing that awful thing where you just avoid avoid avoid. Had to get this off my chest. I feel like I’m going to vomit and I have gurgles/butterflies in my belly and I’ve had the anxiety runs all morning. UGH.",1,anxiety,423,82,validation,distilbert,1,1,0.010669188,0.98933077,-2.202339,2.3273299
30,"Last summer I (F17) was officially diagnosed with PTSD, though I had been suffering from the condition for at least a decade. It's been a lot to process but I'm finally getting the psychiatric attention and emotional support I need to slowly repair myself. I remember after I had explained my traumas and symptoms to my current therapist, I asked her if I it was true that I had something wrong with me (my psychiatrist had told me the week prior that much of what I was experiencing aligned with the PTSD diagnosis and I was startled). I'll never forget her saying ""No, you definitely have PTSD,"" and in that moment I experienced more validation of my suffering then I had in my entire life. Shell shocked, I told my mom about it in the car and she made it very clear to me how there was no way in her mind that it could be that serious.",0,ptsd,838,158,validation,distilbert,1,0,0.22104417,0.7789558,-0.55150974,0.70808214
31,any way. I'll do the procedure. I always do. cheers if you read this. I'm just saying my frustrations out into the void.,0,ptsd,120,23,validation,distilbert,0,1,0.8999318,0.10006821,1.1074786,-1.0889882
32,"This is something I'm working on figuring out for myself). Option 2: We each move after we each get a job in City A. Drawbacks: (1) one of us will be left at our current job for a while with our boss and coworkers knowing the other is likely to leave soon after. I'm not sure if this is an inadvisable situation. (2) BF will likely find a job first, as he has a few more years experience than me plus some management experience.",1,relationships,428,84,validation,distilbert,0,0,0.77579516,0.22420488,0.6421636,-0.5991646
33,"When it's abuse in the workplace, it seems like everyone just says, ""Oh, get over it, and don't be a baby. There's nothing wrong with you."" I actually had one women tell me that my husband's behavior was 'completely normal' and that 'everyone acts like that' (I was floored. I don't know one other person who goes through shit like this at work or who acts like that - WTF?). They just want to brush it off, and no one gives a shit.",1,ptsd,432,83,validation,distilbert,1,1,0.084842436,0.91515756,-1.2243772,1.1539233
34,"Back in November of 2015, my Junior year of college, I was a hermit socially but had many great and supportive friends (funnily enough were 90% women). However, I was lonely as hell, had never dated, and it was driving me mad and depressing me. I didn't let it show though, except to one or two friends who knew me very well. In the month of november I started hanging out with an organic chemistry study group. Two particular women were part of this group.",0,relationships,457,85,validation,distilbert,0,1,0.71311843,0.2868816,0.4596725,-0.4509054
35,"I am afraid that she will sell the house because of this and I'm not sure what the future holds for my family. Because I made some very bad decisions in the past, my credit is horrible. I have tried to get a loan and it's just not happening. I have no car (no money to get a car, let alone make payments) and payday loans are not offered in AZ. Every online loan option, although bad, seems like a better fate than losing my home of 12 years.",1,almosthomeless,442,89,validation,distilbert,1,1,0.01213891,0.9878611,-2.1733146,2.2258112
36,"Had a good weekend, went to a movie together the 19th. Feb 22 she started full dose of Zoloft. Feb 23 weekend, we hung out again, but mostly stayed in because I was tired from traveling for work again. She seemed a bit more distant than I'd seen her but still content, and we had a good weekend together. Everything remained normal up til Feb 26 or so, regular texting, sexy texts, etc.",0,anxiety,386,73,validation,distilbert,0,1,0.98646533,0.013534643,2.0566409,-2.2322347
37,"I'm going to try not to sound too sad or victimized, but I'm just sad. I grew up fairly disadvantaged compared to my friends. I've been poor since I was born, never had enough to eat, was abused by my dad, have raised my sister, support my family, work almost constantly, and make money on the side. In addition, I've been consistently abused since I was 8 years old, the same age I met my best friend. She's much wealthier than I am.",0,relationships,434,83,validation,distilbert,1,0,0.022934055,0.97706586,-1.8449755,1.9069557
38,"I was a friendly person, who enjoyed speaking and interacting with people. I definitely did more than my fair share to help/get things done. And i enjoyed helping people and sharing my knowledge to help novices. Quite extroverted but without being loud. Since this happened i've become introverted, i don't particularly like anyone (because unfortunately, i now tend to focus on the bad side in people), and i attempt to not get past small talk.",0,ptsd,445,75,validation,distilbert,0,1,0.9401735,0.059826512,1.369417,-1.3851986
39,"I check on my mom several times a day and I KNOW it has to be annoying. I am trying to find the right medication but none seem to work for me, I go to therapy, and I talk about it — but I am so sick of feeling this way. I know it is temporary and that I won’t be this way forever, but right now, it sucks. I can’t sleep because I worry so much, it’s hard to focus at work because I worry so much, it’s hard to be social because I worry so much. Thanks for listening.",1,anxiety,466,101,validation,distilbert,1,1,0.012193042,0.987807,-2.1733835,2.2212386
40,1) His career/financial stability (makes sense) 2) His family (logical) 3) Me/his friends (ok) 4) Being healthy/gym and cooking and sleep time (cool) 5) A hobby we have,0,relationships,168,28,validation,distilbert,0,1,0.98585784,0.014142205,2.0262017,-2.2181466
41,Does anyone else experience parts of their PTSD this way? &#x200B; Is this truly avoidance or is this dissociation? I tried to do some digging and pin down what I am experiencing so I can communicate with my husband more effectively but it isn't something that seems to fit nicely into a box and so it has been confusing. Thank you.,1,ptsd,332,61,validation,distilbert,0,0,0.74759644,0.2524036,0.50669295,-0.5791411
42,"I matched with a girl who I thought was pretty on a dating app. I said hi first, and she replied. We went on to introduce ourselves and ask basic questions such as what we do, whats our favorite food, music, and things like that. Then we decided to meet up in real life. I forgot whether it was me or her who suggested that we meet up.",0,relationships,335,68,validation,distilbert,0,1,0.98707706,0.012922942,2.0834467,-2.2522972
43,"All of these things were a slow burn, many of these things overlapped one another. I pushed through and finished my PhD, but now I'm worn, and after looking into it, I've realized that the psychological symptoms of stress I display are closely aligned with racism-specific PTSD. I've been through psychotherapy, but I'm not sure the therapist was adequately prepared to identify it, but I know for certain that I have PTSD. I want to begin healing now that I'm done with grad school. Where/how do I start?",1,ptsd,505,88,validation,distilbert,0,0,0.8982008,0.10179924,1.1363337,-1.0410573
44,"then i check a side email account that i almost never use, i think i forgot a password or something, and see all these emails from him. he had been sending me them since essentially the day after i stopped speaking to him. saying all this 'i miss you' type stuff, telling me he had something important to tell me. so i caved. and it's been downhill ever since then.",1,domesticviolence,365,70,validation,distilbert,0,0,0.9458085,0.054191545,1.4002461,-1.459269
45,I'm in college now and got high last night and felt pretty sad. I'm a wreck. I thought I've overcome this all but I'm just feeling alone again. After trauma i started isolating myself and attaching to creative work to get a sense of worth. I declined socially by a lot and can't feel connected to anyone past a surface level.,1,survivorsofabuse,325,61,validation,distilbert,1,1,0.013560503,0.98643947,-2.1198275,2.1671133
46,"I feel like shit for writing this post. **TL;DR - SO of over a decade is great to me in many ways and shit to me in other ways, I feel awful when he's shit to me but also feel guilty as fuck about expressing it because of all the times he's amazing to me. Wondering if this is emotional abuse and if it is, what can I do about it? Our relationship is rock solid, I'm not leaving him. **",1,relationships,386,81,validation,distilbert,1,1,0.012111062,0.987889,-2.1589282,2.242523
47,"From the moment I wake up and until I go to sleep I don't feel safe. When I'm around other people I feel even even more anxious/fearful. I know nothing bad is going to happen to me, but I still feel this way.  I don't really have any friends, and these intense chronic feelings makes it seem impossible to make a real connection with anyone. That's what I need the most is some sort of real connection with another human being.",1,ptsd,427,81,validation,distilbert,1,1,0.013124823,0.9868752,-2.1466062,2.173432
48,"Only 7 years ago at the age of 9 I think I peaked in life. I was possibly the most fun kid in class and had no problem socializing with others. Used to be so happy then. Now I’m just known by everybody as the quiet guy who rarely ever smiles. Interacting with others (especially girls) is so hard, and I’m always so conscious about how I look.",1,stress,343,68,validation,distilbert,0,0,0.9383371,0.061662838,1.2924192,-1.4300086
49,"Quick summary... She kicked her husband out several months for physical, emotional and verbal abuse to her and the kids. Things have been going somewhat civil ever since. He has been paying her child support unmandated by the court (not because he is a good guy, but he moved in with his parents, and they make him pay her). Yesterday there was an incident involving an arguement in their driveway (in front of the 3 kids) which ended with him punching out the side window of her mini-van while her kids were inside it.",0,domesticviolence,519,94,validation,distilbert,0,1,0.8464397,0.1535603,0.8986822,-0.8082635
50,"He's the type of guy that doesn't ask for charity. His dad cast a long shadow when he grew up, and even though his dad has passed, the shadow is still there. But I know he's going to need it. His 7yo son, Andrew, has autism and is struggling in school because of it. As a single dad, Matt will now have to find a way to help his son while also managing his own illnesses.",0,assistance,371,76,validation,distilbert,0,1,0.9772132,0.022786854,1.8470582,-1.9114629
51,"I started freaking out, went to the hospital because I couldn't breath. Occasionally I still feel anxiety when alone and bored at my house. My depression is now not a problem at all but the legacy it left is annoying. I feel so terrible being honest about that evil summer but recognizing my post traumatic stress makes me so happy. Any advice I've only recently been honest with myself and I think its about time I realized its not regular anxiety but ptsd.",0,ptsd,458,83,validation,distilbert,1,0,0.012472296,0.98752767,-2.1419368,2.2297575
52,** > I’d love to but I already have plans this weekend. I am going to my friend’s house. We will play on his new game console! > **That sounds like fun too.,0,assistance,156,33,validation,distilbert,0,1,0.97880745,0.02119258,1.8353255,-1.9973583
53,"It wasn't that long ago, perhaps only a few months that I was in the darkest place that a human can be. Sitting on my kitchen floor with an empty bottle of wine and a knife on my wrist, ready to end it all. And for the first time in my 25 years of existence I though about life and I though about death, after all I was going to experience both within mere moments of each other. A multitude of thoughts raced through my mind. What will it be like?",0,anxiety,448,91,validation,distilbert,0,1,0.6821395,0.31786048,0.35444802,-0.40917367
54,"I’m a single father to an 8 year old son. I also have my 7 and 10 year old brothers a lot of the time. Things are really hard right now and everything just added up so quickly. My son has some eating issues, and won’t eat a lot of things because of it. I have done an okay job of keeping the freezer stocked with things that he will eat but he’s going through it pretty quickly.",1,food_pantry,378,78,validation,distilbert,0,0,0.6953301,0.30466998,0.39795557,-0.427202
55,"She tells everyone who comes over that I must have given birth to the cat and that I'm way too paranoid ""it's just a cat"". Then her granddaughter was playing on her iPad and it was super loud, I gave her a pair of my headphones and told her that she could keep them downstairs but that she couldnt take them to her moms house because I know I'll never see them again. Then she called me an Indian giver and I asked if I should just give them to her and she said ""i dont know, do what you want i guess"". Her granddaughter was playing loudly with a balloon and asked me if I wanted to play with her and I said not right now. Then the landlord was like ""I thought you liked kids??"".",0,anxiety,679,137,validation,distilbert,0,1,0.9531045,0.04689548,1.4569899,-1.5548131
56,"No idea where to ask this on reddit. I've been having an unresolved noise problem (no help anywhere i looked) for a cool year now, meaning i havent slept in peace for a year. over the summer, i believe i developed tinnitus as a result of wearing headphones to bed and putting pressure on my ears, possibly also through earplugs and earphones as well. now i'm realizing the concession that i'm too poor to live alone off subsidized housing isnt nearly good enough. and i do need to move for many reasons.",1,assistance,503,92,validation,distilbert,1,1,0.0165784,0.9834216,-1.9890101,2.0939271
57,"Suddenly she snaps and goes ""I fucking hate my brother, he is the biggest piece of shit ever, I couldn't care less about him"" and just started going off. Now, I know her brother can be pretty psychotic and from what shes told me he clearly has anger issues and the rest of her family keeps ignoring it, sometimes even enabling it. So 2 minutes into her exploding, she starts crying because apparently her brother told their dad something and the dad called her and said he doesn't trust her anymore or whatever. She was very upset about the dad thing because she's very close with her dad and she's her dads favorite child (he told me that himself when I spoke with him). I didn't want to pry too much because I felt like it isn't exactly my business of their internal family issues, but my girlfriend screenshot the text messages her brother sent her and I just could not comprehend how a human being, especially a sibling, can say that to someone.",1,relationships,949,174,validation,distilbert,1,1,0.021997733,0.97800225,-1.8976551,1.8969175
58,"We had an argument, then he started trying to break my phone by bending it. I intervened and begged him not to and he stopped short of breaking it. I was a domestic violence victim before in a previous relationship and I buried those memories, but this incident made me remember some of those memories and I feel traumatized and scared to be experiencing the same things again. I feel scared and I don't know if this would escalate into something worse. We don't have kids, and we've been married for a couple months.",1,domesticviolence,517,94,validation,distilbert,1,1,0.014561086,0.98543894,-2.079909,2.1348255
59,"I have completely given up hobbies and interests outside work. I do not have time to engage in them. Things that I could normally do to relax, like exercise or yoga, are absolutely out of the question because I work 16 hours a day. 3. I am frequently sleep deprived due to my work hours.",1,stress,287,55,validation,distilbert,1,1,0.023344614,0.97665536,-1.8501117,1.8836558
60,"I had the depo shot for the first time at the beginning of March, decided to not go back for the 2nd because I wasn't a fan. Didn't experience any issues while on it , but once I came off of it, all hell broke loose. My once controlled anxiety became out of control and I had random days where I felt depressed/crying spells. The intrusive thoughts were out of control, and had an anxiety attack the 2nd week of working at my new job. I had to leave work and go home, which hadn't happened in almost half a year.",1,anxiety,512,101,validation,distilbert,1,1,0.019964807,0.9800352,-1.9194496,1.9741678
61,"Make sure to take the bus when it comes to WalMart the last time, about 7pm. 6) There is a Chick-Fil-""A"" next to Walmart where you can get hot food. You can buy Top Rommin at WalMart which sells for 10 cents per cup (yes...really) and you can use hot water to put in it, and it is ready to eat. 7)  How do you get ""out"" of that situation? I don't know.",0,homeless,352,73,validation,distilbert,0,1,0.9821852,0.017814774,1.9558649,-2.053887
62,"Hey guys and girls. I've been going through a lot the past couple of years and was looking to maybe get some advice, or just find some people who can relate because I don't have that in my day to day life. I've tried to pinpoint where this started and this is the best I can come up with, and sorry if it gets long. I've had closure issues since I was 12 and my grandpa passed away. I cut myself off from any meaningful relationships including my family for over 5 years.",1,anxiety,471,93,validation,distilbert,1,1,0.05160831,0.9483917,-1.4575586,1.4535263
63,"**Just a quick update - My friend has had to be rushed to hospital as she is experiencing ruptured ovaries. She will need assistance urgently as she will have to stay somewhere and recover while trying to take care of her dog. I'd really appreciate any help on this. Thanks** My friend, Amanda, moved to North Carolina for a great job, with her doggy.",0,assistance,351,64,validation,distilbert,0,1,0.9793545,0.020645497,1.9200379,-1.9393587
64,"This is a really shitty time to need support or therapy because it’s a holiday weekend. I’m in horrible physical pain, emotionally heartbroken and being ignored by my kids until I turn them back over to him tomorrow. I don’t even know why I am posting. I don’t know what to expect. I just want to not be so alone.",1,domesticviolence,313,60,validation,distilbert,1,1,0.011362973,0.98863703,-2.2296598,2.2363074
65,"Is it more than that? I have been considering finally confessing my secret because it feels like I am choking on it. I repress it as much as I can, but when it bubbles to the surface, it effects everything in my life. Thank you for listening/reading. I need help and I need to find the right way to deal and approach this.",1,ptsd,322,63,validation,distilbert,1,1,0.053960856,0.9460392,-1.3083688,1.5556564
66,"Hi All, I’m a visitor to this sub. I’ve read the sub rules, but please let me know if i’m overstepping. This is YOUR sub. I’m a registered nurse (RN) and I’m interested in becoming a SANE (Sexual Assault Nurse Examiner).",0,ptsd,220,41,validation,distilbert,0,1,0.98710805,0.012891921,2.123265,-2.2149138
67,"Okay y'all first and foremost this is gonna be a long one, and I apologize for that. I'm looking for advice, information, help, honestly anything! So lets start at the beginning. For 2 years I've been working a full\-time hourly job, I was only getting paid minimum wage, however it was more then I had ever really made before and I was able to put money away. I felt secure enough to get a few credit cards that I used gently, got a 'adult' phone line ( T\-Mobile ) and was content with life.",0,assistance,493,94,validation,distilbert,0,1,0.98406756,0.015932478,1.9616876,-2.1616473
68,"Now here I am, jobless and not in education. A useless person. I'm too anxious and to get a job because I knew that I would screw up and face angry people. I've seen so many therapists but they don't help much, just said that it's a teenage problem. 2 months of lexapro didn't do much but at least I got my muse back.",1,anxiety,317,64,validation,distilbert,1,1,0.0119187115,0.98808134,-2.1770184,2.240637
69,"I've been trying multiple medications for 20 years and I have literally tried them all. The highest doses possible of insomnia medication can't even put me to sleep. Multiple psychiatrist and even my pharmacist are stumped. Every SSRI, SNRI, tricyclic, beta blockers, benzos, group therapy, sleep studies, MRIs, blood work, CBT, EMDR, talk therapy, group therapy, art therapy, psychiatric hospitals, wilderness retreats, traveling, moved 6 times, I've been to college 3 times(no degree), have over 20 different jobs. It's like my brain is bound and determined to make me suffer.",1,anxiety,578,90,validation,distilbert,0,0,0.79276794,0.20723207,0.7009572,-0.640734
70,i was sexually assaulted almost 6 months ago. once i was assaulted i ate nothing for three days straight. i lost about 20 lbs in 2/2.5/3 weeks. i was also withdrawing from Risperadone at the same time. i couldn’t stop losing the weight.,1,ptsd,236,43,validation,distilbert,1,1,0.03853105,0.96146894,-1.6144247,1.6025732
71,"She has no teeth (from abuse or just from scavenging on the streets we’re not sure), perfectly behaved, sweet, trusting, and most gentle dog you’ve ever met. No dog or human aggression at all. So if I adopted her I could also keep fostering as well. I’ve been fostering her for about 3 weeks now. She also has heart worms so the shelter told me they would waive the adoption fee for me.",0,anxiety,386,73,validation,distilbert,0,1,0.976151,0.023849022,1.8082842,-1.9035897
72,"University makes my anxiety really bad, I'm too scared to ever ask professors for help which makes my grades worse, and I can't make any friends. All this makes my depression worse, so I end up lying in bed all the time because I'm either too depressed to go to class or having a panic attack. I know I'm going to end up failing the semester, and that's just making my anxiety worse. I' sorry for rambling, I just really don't know what to do, and I have no one to help me. Can anyone give me any advice please?",1,anxiety,511,100,validation,distilbert,1,1,0.012535846,0.9874642,-2.1514242,2.215124
73,"On his 21st birthday, he consumed way too much alcohol to celebrate, and I regrettably saw an entire different side of him. I noticed that he had crazy eyes, and he was being very aggressive in speech. He seemed very off to me, and demanded to know why I didn't want to sleep in his bed that night. When I made up the excuse that I had to be up for something early in the morning, he demanded to know what was wrong with our relationship. I kept calmly assuring him that we were fine, and that I just needed rest that night.",0,relationships,524,103,validation,distilbert,0,1,0.9078183,0.09218167,1.1201696,-1.1671133
74,"I can't be in an abusive relationship, but I find my brain trying to rationalize this. To expand a little more, this incident happened just a week after we had a huge fight over my depression, which he doesn't seem to understand completely. I've been stuck in a depressive episode for the greater part of a year, despite medication changes and weekly therapy sessions. I've been suicidal for quite some time now and he knows that, but last week he actually told me ""maybe you should just kill yourself."" So, in light of that happening very recently, I'm in a very dark place right now.",1,domesticviolence,585,105,validation,distilbert,1,1,0.012736192,0.98726386,-2.163097,2.187393
75,"(Shit, if one doesn't exist, it should.) And if there isn't something like that, how do you guys cope or manage with that? Do you research it (if so, how and where), or do you bring a self-care kit, or...? Just any information or experiences I could hear from this would be great. Thanks ahead of time.",0,ptsd,302,57,validation,distilbert,0,1,0.98921925,0.010780774,2.1703258,-2.3488262
76,"But that's the worst of it. I don't think my childhood was exceptional, just frustrating. But after speaking with people close to me, and going through the checklist of symptoms, it was undeniable. So I accepted the diagnosis. Eventually I got a prescription for Wellbutrin and it helped me manage many of my symptoms somewhat for the past decade.",0,ptsd,347,59,validation,distilbert,0,1,0.8504293,0.14957073,0.8277107,-0.91026103
77,"Hi everyone, this is my story, what I've been able to take away from it, and the feelings and the hurt that have lingered, as well as questions. Warning, this is kind of a long post, but there is a lot I need to say and just get out of my head. Trigger and Content Warnings**:** Explicit mentions of sex acts with some details,mentions of coercion, mentions of being threatened, mentions of alcoholism. Things to know about me, for the context of my life and who I am: I am 24, I am queer, my pronouns are she/her, I am trans-gender woman (please Google if you are unfamiliar with the terms), I am autistic, and as a child I was home-schooled for a very long time and lived in the middle of nowhere farm country, with no buses, sidewalks, or means of transportation. When I was 13, I had just found out my father was diagnosed with early onset dementia and I was stricken, to say the least, knowing that my already dysfunctional family was about to go through the horrors of watching my father become less and less of himself.",1,survivorsofabuse,1026,191,validation,distilbert,1,1,0.18312821,0.81687176,-0.6504341,0.84486157
78,"The main source of this stress is a scholarship I am on that requires payback if you lose it, meaning I would be in the whole about $20,000 if I fail and get kicked out. The contract states you can either be kicked out or placed on probation, but I cannot find any precedent on what direction they lean. Without diving into many specifics on this class and the great, and I emphasize great, impact it can have on this scholarship \(I wouldn't be able to get my AE degree\), I was hoping I could find some advice on increasing my productivity and generally improving my mental/physical health. I am reaching here, I really need some help. My fiance, bless her heart, is not much help because of planning the wedding and I don't have a lot of close friends/confidants.",1,stress,766,140,validation,distilbert,1,1,0.27231523,0.72768474,-0.38949212,0.59341556
79,Tldr:  Need an apartment or room to rent with the deposit on a payment plan. I have first months rent. Not a drug user and clean record. Shit credit but no bankruptcy/eviction/arrest record and have full time employment. I've been homeless for almost a year now but have been floating through hotels  that costs about 90 % of my income  before and now I'm  staying at someone's room but I haven't been able to save up enough for a deposit (due to payday loans) so far and need to leave before I hit 28 days vacancy rights.,0,assistance,522,97,validation,distilbert,1,0,0.015269494,0.9847305,-2.0401318,2.1263793
80,"If you want to stay in and watch Netflix, STAY IN. Your mental health is YOUR mental health. It's no one else's. I understand that not everyone sees mental health the same way, but believe me, even if it feels like no one is on your side, we all are. Since then, I have come to find that one of my best friends has been battling life crippling anxiety for a lot longer than I knew her for.",0,anxiety,389,78,validation,distilbert,0,1,0.98310447,0.016895505,1.985912,-2.077756
81,"This writing prompt was based on using only the future tense One day, I will break out from the inner sanctuary of your precious little mind. You will believe that you are perfectly fine and happy. I will lead you to the conclusion that the childhood you will experience is just like the same one to be experienced by every child. Thankfully for me, your mother will do a wonderful job of failing you.",0,ptsd,401,74,validation,distilbert,0,1,0.9850755,0.014924509,2.0093148,-2.180399
82,"I phoned my actual therapist, but mostly I sat alone and chained smoked, if someone talked to me I tried to be nice and polite, and I simply reminded myself that all the evidence showed this would be possible in September, that only by acting out could I fuck it up. So I left well, pretending hopefulness I did not feel, with everyone's well wishes. Now I return tomorrow. Disability is paying for my ride, I am taking the train for the first time. It was really a wonderful place.",0,ptsd,482,90,validation,distilbert,0,1,0.9112668,0.08873328,1.1135162,-1.2156847
83,"I used to live with my fiance and her family. Her father is a massive, abusive brute. Kate has medical issues that cause seizures, and whenever she would have one, her father would stand over her, waiting for her to finish so he could berate her for it. He treated her like a seizure was a behavioral issue that just needed enough punishment to solve. Her whole family was pretty bad, honestly.",1,assistance,394,72,validation,distilbert,1,1,0.21245673,0.78754324,-0.67921096,0.630969
84,"I recieved an eviction notice on 8/28/17 I have forms for food stamps and mediCal, some of my possessions are at a friends house for safe keeping. I want advice on where to live that is affordable, has a decent college nearby for when I can pay for education, and a place where work is available. My highest education is High School Graduate. If I have to move than that is fine but I need to make a plan so that I manage what little money I may have.",1,almosthomeless,451,89,validation,distilbert,0,0,0.6342094,0.36579064,0.33564967,-0.21466838
85,"To make up for it I made a cute little note and I made him a batch of his favorite cookies. I was honestly so damn proud of the gift when I finished putting it together, it looked awesome! To add some context, I have attended a few games with him (and the rest of the family) and absolutely loved them. I didn’t care about the actual games themselves, but I loved being there with my family and the cool atmosphere and stuff. Well, apparently my dad didn’t think it was so awesome.",0,relationships,481,93,validation,distilbert,0,1,0.9855672,0.014432774,2.0338986,-2.1898174
86,"I work full time, but the money I'm spending just to get by is preventing me from saving up to get a place and get ahead again. I'm 30, and I've never been in this spot before, always been successful and had a good life. But now I'm here, and I have no idea what to do. Not sure what I'm expecting out of this post. Just venting I guess.",1,homeless,337,70,validation,distilbert,1,1,0.013872132,0.98612785,-2.1231458,2.1407583
87,"Where do I go with this kind of shit? I'm not violent or suicidal, so the hospital is a no go. But I don't really know where you seek help outside the ER. I dunno the process, how you set up organized appointments, how you pay (got insurance however), don't know any of it All I know is the shit I've seen really affects me to the point where I have a home and a job yet still feel so disconnected from normal society",1,assistance,417,84,validation,distilbert,1,1,0.01185288,0.9881471,-2.1993067,2.223954
88,"She then decided to go to a party without me and said ""I would cancel my plans to see you, but you won't do the same for me. All you do is push me away and act like a complete asshole."" even though she was the one who left. I told her I didn't want to see her tonight after she tried to bait me into going over to her house. She was telling me I'm an asshole and the cause of all of her sadness, why would I want to go there?",0,relationships,425,93,validation,distilbert,1,0,0.38525963,0.6147404,-0.27604017,0.1912423
89,"Hello, I'm 22, female and from the UK. I'm kind of freaking out right now because I think something happened to me as a child. I don't even know, I'm sorry I wish I had something concrete to say but I don't think I could even type it out. The problem is I've recently moved to Japan on my own and have no one to talk to here. I would normally talk to my boyfriend but he's not awake and I don't even know what I'd say to him - I don't even feel like I can say anything out loud even if I was with him.",1,survivorsofabuse,501,107,validation,distilbert,1,1,0.011162378,0.9888376,-2.193102,2.2908795
90,"Hi there, Wall of text: I moved to the area for a job transfer, but that was completely botched and I had to find a new job. My initial start date was 2/12, but a hospital stay from 2/9-2/19 messed with that. I *finally* get to start on Monday (3/12), but in addition to not having had a proper paycheck in over a month, ~~I've only got a package of eggs left~~.",1,food_pantry,362,72,validation,distilbert,0,0,0.9635602,0.036439713,1.6444418,-1.6305339
91,"My boyfriend and I have been together for 2 years, he's in college and he wants to work to have extra spending money, his friend who works at a restaurant said that he'd help him get a job there. The staff at this restaurant are at least 90% female and I'm not really okay with this, I don't know what to say to him about it so I haven't mentioned the thing about other girls, but I have expressed that I would rather he not get a job. My family is from Chile and my father had an investors Visa and that is how we got to the US, my parents are very well off and I have told my boyfriend that I'd be completely fine with financially supporting him at least even just while he's in school, and he said he still wants a job ""for the social aspect as well"". Which kinda seemed odd to me, why would he want job for the social aspect even if he doesn't need the money? When the job is at a place that is over 90% female?",1,relationships,915,186,validation,distilbert,0,0,0.8630874,0.13691261,0.8389135,-1.0022597
92,"A couple months after we though she was out of our lives, she broke into our house at 2 am. I was playing diablo 2, as at this point in my life I had severe insomnia. I heard the break in and woke my dad and his new girlfriend up [my dad has had a lot of women in his life....] saying dotty had broken in. I had seen her from the balcony of our stairs when getting my dad. Had i not been up, My dad had thought I had broken a cup or something and wasnt going to bother checking, I was known for having insomnia at this point in my life already, so she may very well have attacked any one of us that night.",1,ptsd,605,128,validation,distilbert,0,0,0.57756793,0.42243204,0.2638888,-0.048908718
93,"he could not understand why i resented him, when in his mind, it was ME who was being 'abusive'. because i couldnt fake being into sex with him, which made me a 'bad girlfriend', because i wasn't ecstatic about always having to take on every responsibility and basically take care of him as if he were a child. he constantly told me that i was just playing the victim, when it reality it was really him who actually was the victim. i was the 'bad person' in the relationship. WELL FUCK YOU.",1,domesticviolence,490,92,validation,distilbert,1,1,0.04905359,0.9509464,-1.5110474,1.4534969
94,"I can’t stop sweating, the second I cough up phlegm there is immediately more and I’m like gagging on it, my nose is stuffed and I have to actively try to breathe, I feel so uncomfortable, I’m losing my mind. I’ve hit my breaking point and I’m just sobbing uncontrollably. I’m stressing because I’ve already had to use sick time at work this year and it’s only the first week, the house is covered in all of my sick germs and I don’t have the strength to disinfect it, the laundry is piling up and the house is messy. I probably sound like an absolute baby right now but I can’t do multiple days of being incapacitated. I feel like shit and can’t do anything I need to get done.",1,anxiety,678,130,validation,distilbert,1,1,0.011331438,0.9886686,-2.1684663,2.3003118
95,"I plan on putting these essays either in my portfolio or a separate writing site as soon as I finish them, so you'd probably get in trouble for plagiarizing if your teacher uses a plagiarism detection tool (which most do these days). Hope y'all have a wonderful day and evening! &#x200B; Update: Thanks for all the wonderful ideas! I'm looking forward to brainstorming them all and seeing which ones are the best fit for me!",0,assistance,424,75,validation,distilbert,0,1,0.98750824,0.012491723,2.101861,-2.2682576
96,"Anyway, that's what's eating the most right now. Doing everything I can to show people that they matter, but treating myself like the worst human being ever. I sincerely hope all of you find the help you seek, and I want you to know that every single one of you is the most important person in the world. I love you stranger, and I want you to feel like the MVP you are. EDIT: grammar and missing words",0,anxiety,402,78,validation,distilbert,0,1,0.984098,0.015902035,2.0115888,-2.1136897
97,"What temperature is it outside? What do is smell? What do I️ taste? What do I️ see? It can go on, I️ stop when I’m feeling more present.",0,anxiety,136,28,validation,distilbert,1,0,0.27522147,0.7247785,-0.43020877,0.5380812
98,My current bf does not care about guy friends and trusts me to not put myself in a precarious position. When does this feeling of guilt go away? I cant spend the rest of my life working and spending time at home away from other people. The level of anxiety is near panic attack and occasionally leads to one to the point where I dont eat and barely sleep for days. TL;DR: feeling guilty over nothing from being conditioned in a previously abusive relationship.,1,domesticviolence,460,84,validation,distilbert,1,1,0.013947255,0.98605275,-2.095474,2.1629531
99,"We are in need of immediate help and I dont know where else to turn. I have recently suffered major nerve damage that has severely diminished the use and mobilty of my arms and causes insufferable pain in my neck, shoulders, & arms and in turn, cost me my long time position with Apple. We are now 3 months behind on rent and we have less than a week to come up with the money or the landlord will be foreclosed on and we will be evicted. And we have nowhere to go. Here’s a bit behind our predicament.",1,assistance,502,99,validation,distilbert,1,1,0.022123117,0.97787684,-1.815515,1.9732457
100,"it’s the first relationship I’ve been in that feels “serious” and friends comment on how well we get along in public. We laugh a lot and we have the same sense of humor. I have been known as sort of a funny person and this is the first girl I’ve been with in a relationship that consistently makes me laugh hard. Plus she is very caring and sweet, a good friend. We have not had a serious fight in a long time, maybe more than 3 months.",0,relationships,436,87,validation,distilbert,0,1,0.98337793,0.016622046,1.9468967,-2.1333668
101,I want him to die because then we'll be truly safe. But I don't want him to suffer. There have been times when I did. And I denied that there was ever any love because that was easier than accepting that a man who once loved his family decided he hated them so much he wanted to kill them. I've still got half my life to lead.,1,domesticviolence,326,67,validation,distilbert,1,1,0.44718966,0.5528104,-0.13255346,0.07947873
102,This is all 1 days worth of stuff and it’s not even everything but this has been going on for months. My mum says she doesn’t know what to do with me that I’ve always been mildly anxious but it’s just completely spiralled out of control since Christmas time. Also I can’t sleep I’m getting 5 hours ish a night and I used to get 8 hours everyday. I don’t know what to do whether I’m justified going to a doctor or I’m just being stupid and making people with real anxiety and other mental illness look bad I feel like I’m being stupid and I hate my personality. Edit:sorry I haven’t posted on here before so I’m a bit worried I’ve come to the wrong sub or written it wrong.,1,anxiety,672,131,validation,distilbert,1,1,0.010873216,0.98912674,-2.201753,2.308767
103,"Between losing my job, my unborn baby and my husband losing his job I am overwhelmed and pretty much numb. Bills are piling up fast and I don't know what to do anymore. I make vinyl decals but just started out so I am not making much at the moment. My husband just did paperwork for a new job today and I am waiting to hear back on a job I interviewed for. Unfourtunatley it won't be soon enough because the finance company for my car called and said I need to pay $439 by tomorrow, another $439 by the end of the month.",1,assistance,520,104,validation,distilbert,1,1,0.013092443,0.9869076,-2.1107638,2.2117777
104,"Sometimes my voice catches for a minute and I flush dark red. I feel like my heart is in my throat, like it's closed up a bit. Bump. Bump. Bump.",1,anxiety,144,30,validation,distilbert,1,1,0.06045887,0.9395411,-1.304596,1.4388324
105,"Hello, You are invited to complete a survey for a WMU psychology department research project designed to assess treatment preferences among adults seeking treatment for a variety of concerns. We hope to learn if and how preferences for treatment change over time, and if patient’s perception of their treatment’s match to their preferences is related to the benefit received from treatment. The survey is open to anyone ages 18 or older who is currently engaged in mental health treatment for at least one month and four therapy sessions, and not longer than one year. If you choose to participate, you will be asked to provide some demographic/background information, respond to survey items about your preferences for treatment and how they have changed over time, and about your quality of life. The survey may take between 30-40 minutes to complete.",0,stress,853,139,validation,distilbert,0,1,0.9863841,0.013615878,2.067207,-2.2156022
106,"I feel like I've failed. I keep having this fear that I've made it all up. Everything. That I made up the rape, and made up the traumatizing feelings, made up the emotions. I'm afraid that I just have a very sick, sick dramatic mind that is just making up terrible shit to try and destroy me or something?",1,ptsd,305,59,validation,distilbert,1,1,0.012014864,0.9879851,-2.1859336,2.2235897
107,"Long story but a few years ago my wife of fifteen years, who had never been with anyone else opened up and told me she fantasized a lot about being with other men, and considered herself somewhat polyamorous. I was upset and it took a couple of years of us discussing this before I started to feel more comfortable with things. We eventually started swinging (only about once every couple of months and always same room) as it seemed like a way for us to explore this part of her together, and it ended up being a lot of fun and something I really enjoyed that brought us closer together. Well, it’s been a couple of years and I’ve felt happy and comfortable with where we are at but  I decided to ask my wife the other day and she said she was happy but she also had a desire to date people separately, and would be willing to try it if I was. This was really hard for me to hear.",0,relationships,881,172,validation,distilbert,0,1,0.95588166,0.044118304,1.4196193,-1.65614
108,"* Fix your own car. Google/youtube your problem, Ive saved thousands of dollars because I replaced my own window switch, sunvisor, hood latch, lights, etc... Not to mention each time I get a bit more confidence. Food/Grocery * This is my[ reference website for food <url> because I dont want to eat rice and beans every day. * Stop eating out if you can help it.",0,almosthomeless,362,66,validation,distilbert,0,1,0.9848637,0.015136315,2.0672605,-2.108146
109,"So I let myself get sucked in and... The incident that occured was that I threw a fit - my arms and legs thrashing in all directions. I had no idea what was happening, I came out of it terrified and there was one guy left in the room. This guy told me I was possessed by an evil spirit. I remember thinking, he felt ""off"".",1,survivorsofabuse,322,66,validation,distilbert,1,1,0.03209719,0.9679028,-1.6280901,1.778273
110,"This isn't the first time this has happened, even with my ex I used to put effort into creating funny and deep conversations and she'd make quite surface level replies, but I thought it was because she was severely depressed so I didn't mind making an effort with her. Am I missing something? She doesn't have many hobbies and works in a pub so I can't talk about her interests really as the only think she kinda likes is textiles and she doesn't do it anymore as she's so focused on her job. I should probably mention she's really really shy, which she has admitted to me. For example, when we meet in person, she's so nervous that she's physically shaking for about 15 minutes until she relaxes.",0,relationships,697,128,validation,distilbert,0,1,0.72489685,0.27510318,0.40622845,-0.5626547
111,"Hello, As is probably always the case, I have no idea how to start this post. My girlfriend of the past year asked me to sit and talk to her yesterday where she opened up and told me how the relationship had run its course and how there was no chance it could be saved. I have known something wasn't quite right for a while and should have made efforts to make changes long before now. We are still going to remain friends as best we can until the tenancy on our flat runs out.",1,anxiety,477,95,validation,distilbert,1,1,0.42236647,0.57763356,-0.15897793,0.15408842
112,"Unfortunately with the way things have worked out this month, I am left with little cash until my SSDI is deposited a week from Friday. And normally I’d say I’d just wait until then to take my dog, Kane, to the vet, but he has developed a little bit of a cough, and he doesn’t seem as active as he normally is (<2yo chocolate lab, so he should be pretty active). I called the vet and they suspect it could be heartworms, so while I have the $50 for the office visit, I don’t have the $45 for the test. Any help towards this would be greatly appreciated. I can pay back, but as sad as it sounds, I might have to make it in a couple payments as I’m on a fixed income.",1,assistance,665,134,validation,distilbert,1,1,0.030781254,0.9692188,-1.6663057,1.783279
113,"He has made me eat until I literally threw up, then forced me to eat my vomit. He plays mental games that are pure torture. He knows how to break me down mentally until I just become ruined for a period of time. He will point guns at me. He made me play Russian Roulette (turns out the gun wasn't loaded but he used a hand trick to make it appear loaded.",1,domesticviolence,354,72,validation,distilbert,1,1,0.47762355,0.5223765,0.01423608,0.103801794
114,"I posted in this subreddit about 6 years ago and find myself here again. I am just venting, and hoping someone can normalize me... but I know it’s probably 1 in a million posts. The past several months have been horrific. I deal with death on a daily basis at my job, and worked the 1 October shooting in Las Vegas. Then, on 10/15, my mother was rushed to the hospital for a seizure.",1,anxiety,383,74,validation,distilbert,1,1,0.03536393,0.964636,-1.6389631,1.6670954
115,"4)/5) Couldn't count it. He loses sleep because he games until 2-3 AM regularly. I think 4 hours might be a low-end estimate, but I don't want to say he games EVERY day. He doesn't go out with ""real life"" friends, except if I invite him out with my friends. Numerically - yes, we spend time together, but about 12 of those hours are spent sleeping.",0,relationships,348,66,validation,distilbert,0,1,0.9622752,0.03772483,1.5647335,-1.6742485
116,"I've been looking around this sub for a while without posting. I'd like to do my part to help. Although there's a significant number of requesters who are just lazy and exaggerate their bad situations, there's a few people who actually would benefit from a bit of extra money every month. I recently spoke with a poster who claimed they had all the free time in the world and couldn't work, after I sent them $80 for a bill and a meal, they claimed they were always really busy and couldn't ever talk. **Criteria:**",0,assistance,515,94,validation,distilbert,0,1,0.9817253,0.018274695,1.9697539,-2.0140402
117,"But then I get angry so quickly and I feel terrible because I snapped at someone who didn’t deserve it and I just don’t understand where it comes from. Or I’ll suddenly start thinking about what happened to me and I’ll get really really depressed, again out of nowhere. One minute I’m functioning okay and the next I seem like someone else.   I don’t know if this is a symptom of my PTSD or if there’s something else mentally wrong with me that’s being piled on top of the PTSD. I was just recently diagnosed so I guess I’m still trying to figure out what’s the PTSD and what’s just me losing my mind.",1,ptsd,601,114,validation,distilbert,1,1,0.011657756,0.9883422,-2.1843536,2.2557037
118,"It took some time. And took me running down the street with our 3 year old son in my arms with him chasing me for me to finally get away. Understand that what i have wrote here is literally just the tip of the iceberg.. i could write about it all, but i would need to write a book. I dont think i would ever run out of things to write about. I have seen 1 doctor since leaving him and he said i have PTSD... i dont like talking about it so i never went back.",0,domesticviolence,458,97,validation,distilbert,1,0,0.15000999,0.84998995,-0.886792,0.8477307
119,&#x200B; So my question is: Would it be petty to create a small sign for my desk stating that only certain individuals are authorized to be behind my desk? I work closely with another team and they are allowed behind my desk as they answer phones when I am working with their clients. This teams has proven their trustworthiness multiple times and always ask before touching or going through any of my things. &#x200B;,0,anxiety,418,74,validation,distilbert,0,1,0.9871868,0.012813233,2.0945847,-2.2497962
120,"So im m15 im still in school ive been through abuse when i was a kid it scarred my head i live with my mum now but i usually roam in woods playing guitar, i got diagnosed when i was 14 shit sucks gives me flashbacks whenever i close my eyes, my mind scans every goddamn thing in the area every fucking thing!, i just dont know how to explain its so complicated my brain acts weird at times i just need to know wtf is happening with me! ive only got a gf and noone else. any help is appropriated. thanks in advance",1,ptsd,513,104,validation,distilbert,1,1,0.01127441,0.9887256,-2.174211,2.2996702
121,"Due to leaving my hairbrush at home during Spring Break, I haven't been able to brush my hair in months. I am also almost out of deodorant, toothpaste, and mouth rinse. My lease for my apartment will be running out on the 31st, meaning I'll be going back home to Houston (where I'll get a different job that actually calls me into work and doesn't leave me with only 8 cents in my account. I wish I was kidding). I'll need to clean the apartment for inspection, so I also need some cleaning supplies.",1,assistance,500,94,validation,distilbert,1,1,0.059662618,0.9403374,-1.27949,1.4780431
122,"It turns out they had been giving our grandparents a very idyllic, picturesque idea of what life in the church was like and my grandmother hated herself for a long time for not knowing what the truth was, even though there's no way she could have. I'm now I'm college and in therapy. My sister was younger than me and doesn't have quite as much baggage from it all, I don't think she remembers as much or maybe she blocked more of it out, another small mercy, but she still has deep issues and acts out in really inappropriate ways. I've found a measure of happiness. Edited for spelling and sentence structure.",0,survivorsofabuse,611,112,validation,distilbert,0,1,0.9756507,0.024349306,1.7965105,-1.8940909
123,"He also talked very condescendingly to me and the other female servers, as well as being a total arse in general. I wanted to say something SO badly, but by the time I worked up the courage, he took her arm and led her to their car. Also, I didn't want to make things worse for her by sticking up for her in public. I wrote down their license plate number and car model, but I did not get the chance to see the name on the card he paid with. I really want to reach out to this woman.",1,domesticviolence,483,100,validation,distilbert,0,0,0.9834046,0.016595393,1.9987328,-2.0831625
124,But I could feel construction workers staring at me. I know I might be paranoid but I don’t want to take chances anymore I’m scared. I already paid for a year at the gym (about 6 months ago.) Do you think I should talk to someone about getting at least a partial refund for the 6 months? I don’t want to bring my situation up to them and have them say sorry but not our problem.,1,anxiety,378,76,validation,distilbert,1,1,0.012837641,0.9871624,-2.1216857,2.2207673
125,"I then joined a few suport groups online, but the same problem happened again. Why this is a problem, is because its my attack trigger, along with other things related to the event like seeing screens smoke, smelling it on people, and other such things. The traumatic event was when I was forced to take it by friends when I was severely ill and could have used a nine-one-one call instead. I did eventually get help, but not after having pot butter and a pipe shoved in my mouth. I wasn't in a good crowd back then.",0,ptsd,516,97,validation,distilbert,1,0,0.29564914,0.7043508,-0.30089706,0.5672061
126,"Long story short - my housemate's sister and I are super interested in each other, and I wanted to surprise her with a gift for a (very!) belated Christmas for when I get back home. We've known each other about a year, and we've been on one pretty damn romantic midnight tour of Dubai as a date. I know she is interested because she made the first move. In any case, both of us are into books, and I wanted to give her a favourite of mine (Paul Beatty's The Sellout) with the inscription: 'To X, I can only hope this book makes you laugh half as much as you make me.",0,relationships,566,112,validation,distilbert,0,1,0.9870509,0.012949117,2.0913162,-2.2423778
127,"(I did check the Wiki / Rules, but alas, could not find anything. Again, may be being silly, so apologies if I am!) Also, I am a UK resident. Would this cause issues if purchasing for someone in the Americas? !",0,assistance,210,41,validation,distilbert,0,1,0.97082573,0.029174281,1.7505959,-1.7542636
128,"Generally good marriage. We can both be stubborn, so compromise doesn't come easy (especially for DW, who is very religious - I am not). We are at an uncomfortable stalemate. She comes from a family with 5 kids, I have only one other sibling. She feels there is a ""hole"" in our family and that 5 kids is the perfect number.",0,relationships,323,61,validation,distilbert,0,1,0.85280997,0.14719002,0.7519683,-1.0048441
129,"they will see that someone else is willing to do all the work for them. once you try to lead the way, you’ll never stop because they will never take over for you. they will watch you do more & more for them until you are living your life completely for them. once you live for them, you become just like them. you will be completely controlled by them, not feeling comfortable being yourself.",0,domesticviolence,392,74,validation,distilbert,0,1,0.9828789,0.017121116,1.9528272,-2.097346
130,Yet I’ve already been through the worst and come out smarter and stronger. I’m not so afraid that I’m just running and not fighting it anymore. So WHAT exactly am I afraid of? WHAT is the reason of this fear? I mean what’s the worst that will happen and how can it be any worse than what he’s already put me through.,0,domesticviolence,316,62,validation,distilbert,1,0,0.02508924,0.9749108,-1.8044748,1.8554319
131,"I eventually came to accept what I went through by realising that I did nothing to deserve it, he's just a bastard. However, he got married again to a woman he's been with for a few years last week and now has a new family. They seem genuinely happy and from what I know he isn't abusing them. I should be happy for them as it means he might have finally sorted himself out but I can't help but think that he's the same person he was, and I actually did deserve it. I know it's not rational for me to think that, but I can't help it.",0,survivorsofabuse,533,108,validation,distilbert,1,0,0.017333226,0.9826668,-1.9907876,2.0468574
132,"● active staff members ● active support staff ● helping channels and channels that you can share your art in, talk to others in, and voice chat in. ● rules that keep the community safe ● we have added a ""creative corner""... this is a place for writers and artists of any kind to share their works and get feedback on it if they'd like.",0,survivorsofabuse,335,65,validation,distilbert,0,1,0.98716426,0.012835743,2.0963438,-2.246259
133,The violence was still happening. The mind games were also still happening so I felt like it was my fault. That I had done something wrong to “deserve” it. I supported both him and myself in this new state while he was in school. I ended up losing my job for reasons out of my control and had a really difficult time finding a new job.,1,domesticviolence,335,66,validation,distilbert,1,1,0.01746493,0.982535,-1.9807575,2.0491836
134,"Diary: I'm having a tough day today but I'm pushing through and trying to change from the negative to the positive. I heard a saying today, that there's two basic feelings - positive and negative. Imagine yourself as a train, you have the choice to switch track at any stage, from negative to positive ❤ You can do it. You are loved and you love others.",0,anxiety,353,66,validation,distilbert,0,1,0.9771782,0.022821749,1.7689157,-1.9880395
135,"We were able to get everything out quickly but.. this isnt a simple fix anymore. We have a roofer coming out on the 4th for an estimate, but unless its about 400 which I doubt it will be, I have no idea how to pay for this. This year has gotten worse and worse each month. We just blew everything we have to get out water pump fixed so we'd have water again (10.5k) plus our AC broke (luckily only $400) and then our car battery died (120..) ive maxed out every card I have, can barely make the min payments cause stuff keeps piling so my credit has been shot and I just... I dont even know what this sub could do to help but if anyone has some advice or like a charity that would help us?",1,assistance,689,139,validation,distilbert,1,1,0.016660579,0.9833394,-1.9906714,2.0872376
136,"I have had a rough few months. A few years ago I was diagnosed with ptsd after being the victim of a violent robbery. It caused a few panic attacks followed by a day or two of ultra high anxiety, but would always subside. The last 2.5 months in this order I have dealt with the following things: 1.",1,anxiety,298,59,validation,distilbert,1,1,0.08336951,0.9166305,-1.20057,1.1968518
137,"I can't stay in my hometown either, where we are both abused and there are no job prospects. We have to go where there is work. He lives in a bigger city where there are definitely jobs. I know I should ask him about her first, but like I said, I'm afraid he'll say no and we'll be stuck here indefinitely. Any advice?",1,almosthomeless,318,63,validation,distilbert,1,1,0.014589556,0.98541045,-2.0794518,2.1333005
138,"Hello, You are invited to complete a survey for a WMU psychology department research project designed to assess treatment preferences among adults seeking treatment for a variety of concerns. We hope to learn if and how preferences for treatment change over time, and if patient’s perception of their treatment’s match to their preferences is related to the benefit received from treatment. The survey is open to anyone ages 18 or older who is currently engaged in mental health treatment for at least one month and four therapy sessions, and not longer than one year. If you choose to participate, you will be asked to provide some demographic/background information, respond to survey items about your preferences for treatment and how they have changed over time, and about your quality of life. The survey may take between 30-40 minutes to complete.",0,survivorsofabuse,853,139,validation,distilbert,0,1,0.9863841,0.013615878,2.067207,-2.2156022
139,"My mom never threw books at me, but the impact of something along with the name-calling was enough. I ran to my room and I honestly don't remember what I did. I remember my attack going on for hours, but everything else is blurry. Now my grandma's ""sorry"". She was ""stressed out"" so she did that.",1,ptsd,296,56,validation,distilbert,1,1,0.023803882,0.97619605,-1.7657824,1.9480324
140,"________________________________________________ I try to keep reading plenty of motivational quotes during the day just so that I can have some more strength during the day and for fuck's sake, it's like these motivational speakers cannot get their shit together. **""Everything comes to you at the right time. Be patient and trust in the process""** VS **""If you keep waiting for the right time, it may never happen. Sometimes you have to make the most of the time you have.”",0,ptsd,475,79,validation,distilbert,0,1,0.93839735,0.061602697,1.3979101,-1.3255577
141,"3: This is the big one. I'm currently unemployed, as I was in school (paid for by the Department of Rehabilitation), so I cannot meet ANY income requirement. Even places that overlook my felony won't budge on this. To top it off, I have nobody who is both able and willing to co-sign. I've tried offering more up front to no avail.",1,almosthomeless,331,62,validation,distilbert,1,1,0.026344184,0.9736559,-1.7581303,1.8516802
142,"Sorry previous post deleted as I didn't include relationship length.   As title says. I have enough money to buy a house, my girlfriend has only just started working. It seems to make financial sense for me to go ahead and make the purchase- I'd be paying toward my mortgage instead of rent and my girlfriend can stay and pay cheaper rent.   However, when I spoke to her.",0,relationships,371,67,validation,distilbert,0,1,0.98233676,0.01766316,1.9392587,-2.0791945
143,"That being said, I love her when she is good, otherwise we wouldn’t be together. She tells she didn’t want to tell all those mean things. But then she does it again. I’m thinking what I can do, and I’ve come up with the following idea: She is straight-A university student, so I’ve devised a rating system for handling aggression.",0,relationships,330,60,validation,distilbert,0,1,0.9799009,0.020099107,1.8684758,-2.0183003
144,"I'm in the seventh grade and I started an after school activity last trimester. In our school, the year is split into three trimesters, and you can sign up for different activities each trimester. Last trimester, I started the club (Anime/Manga Fanclub) and we received an email with the activities that had too many people signed up. My club was in it! This really boosted my self confidence, and everyone really seemed to enjoy the activity.",0,anxiety,443,76,validation,distilbert,0,1,0.98497784,0.01502214,2.0084183,-2.1746755
145,"This is where she met her current best friend. Let's call him Rob. Now, she met this guy while she was still dating her ex. They had issues after a couple of years (more than 2), apparently that was the time she and her best friend started to get really close. In her own words, they started texting a lot, going out with their colleagues a lot, etc.",0,relationships,350,68,validation,distilbert,0,1,0.98478556,0.015214433,2.0134256,-2.1567538
146,"Short - I live in Christchurch, New Zealand and my friend is currently getting beaten by her husband, but has 3 dogs and will not leave without taking them with her as she fears what he might do to them. Long - She is currently living in a diffrent room to him but is getting beaten most nights, she has not signed a tenancy aggrement and the house she is renting is owned by her husbands best friend. She has pictures of the bruising and blood aswell as screenshots of the messages he is sending her. She has been in contact with womans refuge, unfortunatly there is not alot they can do because she does not want to leave. Also one of the dogs is old and usually sleeps inside.",1,domesticviolence,679,130,validation,distilbert,0,0,0.7318228,0.26817718,0.52162856,-0.482262
147,"I can't afford one of the really nice ones that actually looks more like real hair and not shiny plastic. If anyone, by chance, has an actual nice wig (not a costume wig) that I could have it would be GREATLY appreciated. It'd be so nice to go out in public and not worry that my hair looks super fake. I really miss having nice hair. Thanks.",0,assistance,342,67,validation,distilbert,0,1,0.9776853,0.022314746,1.8348637,-1.9450765
148,"Since then, I've been having major anxiety about my voice and have refused to speak to anyone because I am afraid that they will think I am a lying robot. If I sound this way when I'm feeling energetic and confident, how must I sound the rest of the time??? However, I know that I am going to have to speak again eventually because not only do I have a job interview AND a party on Tuesday BUT I also have to do most of the speaking for my boyfriend as he is not confident at all in his English. Have any of you ever been told you sound like a robot? How did you overcome it or how did you stop feeling anxious about this?",1,anxiety,622,126,validation,distilbert,1,1,0.0152089475,0.9847911,-2.026591,2.1439543
149,"During this time, my son, the brave little guy, still had the soundness of mind to call my sister, who is a police dispatcher. He couldn’t understand what was happening, so he thought my husband was trying to hurt me instead of himself. Since my sister was off duty so she placed the call to the police while we were up in my room. I heard him slam the front door, so I told my son to stay there and went down to check it out. He had slammed the kitchen knife into the wall and ran out to the woods behind his house.",0,ptsd,516,104,validation,distilbert,0,1,0.9787486,0.021251354,1.8946791,-1.9351752
150,So I have been a bunch of strange symptoms over the last 3 weeks which have caused me to freak out thinking that I have MS. The symptoms are 1. A sense of something crawling over my skin. This is very random and never never localized and jumps from one leg to another and to my arms i think i got it even in my lower back and neck (I think),1,anxiety,340,71,validation,distilbert,1,1,0.025220003,0.97478,-1.8118823,1.8426923
151,"She seems to want to have longer conversations about her emotions every day. I'm trying to work on my studies. tldr: I'd really, really appreciate some advice. Please don't just comment ""break up with her"". Thanks.",1,relationships,214,36,validation,distilbert,0,0,0.9824917,0.017508352,1.9722521,-2.0551617
152,"<url> Hello, I'm a 34 year old Transgender woman trying to survive in Montana of all places. I not only have to fight gender dysphoria but also try to stay strong living in a community in which many openly hate people like me. I am trying to reach my goal of Facial Feminization Surgery, as well as Gender Confirmation Surgery (Bottom surgery) and Breast Augmentation with the first two being my main goals by far. I feel intense pressure to get these things done as soon as possible.",1,assistance,484,88,validation,distilbert,0,0,0.5452531,0.4547469,0.1714667,-0.010042378
153,"I am really worried about my future as it feels my anxiety always has me quitting jobs or having issues while I was in school. I can't even travel and work out of state as last time I tried I missed my interview and was nearly hospitalized with severe anxiety (travel is a trigger for me). I just got out of college and I'm really worried about how I can survive the working world in my future, otherwise I wouldn't care about losing this job. It hurts though and I feel like a total failure... Thanks for reading.",1,anxiety,514,98,validation,distilbert,1,1,0.011779274,0.9882207,-2.1523764,2.277188
154,"I can't stay standing, or even sitting for extended periods of time without severe consequences to my neck, and my head. And more recently have been experiencing heart trouble. I'm getting some doctors to look at me but they haven't found anything yet. I've literally been going with no money or insurance and bills are piling up. Since I cannot commit to any continuous work, I'm finding it impossible to make money.",1,assistance,417,72,validation,distilbert,1,1,0.012137835,0.9878621,-2.1782196,2.2209964
155,"I am obviously devastated. I feel disappointed, angry, sad and rejected. I'm constantly asking myself why she no longer wants to live with me. She says she wants to have her own space to go to when she wants to be at ease, ""not that she doesn't feel at ease with me, it's just different"". I tried to make her see that we're supposed to make a new home for ourselves where we will both feel at ease, but to no avail.",1,relationships,415,82,validation,distilbert,1,1,0.014453781,0.98554623,-2.1070583,2.1151817
156,"She'd deleted evidence years ago. Yet she sat me down, told me she'd been  groomed and it was my fault for not telling her. It was my fault she'd be single forever. We're talking incidents happening from when I was 6 through to 16. So I'm angry about that when I think about it.",0,relationships,278,54,validation,distilbert,1,0,0.027265493,0.9727346,-1.7649047,1.8095846
157,"I need help talking about this: you can still be a good person even if you mess up sometimes. As long as you try, it'll be ok. I'm so afraid of people leaving me because I made them sad, I was mean, or I annoy them, anything, and they'll hold it against me even if I try to improve and make concentrated efforts to change. It's crippling. It's a catastrophic thought.",1,anxiety,367,71,validation,distilbert,1,1,0.019660076,0.98033994,-1.9523343,1.956975
158,"This will probably end up being a rant. Whoever reads this, thank you. Trigger warning - sexual assault So I was 17 going to a summer camp out of state. This was my first time ever being away from my family for more than a day at a time.",0,ptsd,237,49,validation,distilbert,0,1,0.68421084,0.31578922,0.42386305,-0.34932807
159,"Why am I being all shelled up? How do I not do that,  and what should I do in order to process and handle my emotions without damaging the trust he is trying to place in me? I know he right now what is needed is for me to be stable,  loving and light. Why can't I do it? TLDR: going through a rough patch where husband was abusive and raging.",1,relationships,342,71,validation,distilbert,1,1,0.017475212,0.9825248,-2.005254,2.0240881
160,"I feel like platitudes are useless, but I really don't know what else to say. ""It's gonna be fine, don't worry"" is basically all I say when I'm not frustrated. So I need help understanding a better way to be a better person to him. &#x200B; Thanks.",0,anxiety,248,47,validation,distilbert,1,0,0.01941934,0.9805807,-1.9806888,1.9411868
161,"So again, here I am, with no idea what to do. I don't have any particular skills, besides almost never getting fatigued, the ability to walk for hours on end without getting tired, lifting some pretty heavy objects despite my skinny figure, and a few other things. I know some Korean, and am studying Japanese, Chinese, and Spanish (self taught). The only things of value that I have anymore are my phone and laptop that I've had since I ran away, and I mainly use the wifi at work to access the internet. My only source of sleep is a 30-60 minute nap I manage to sneak in inside the changing stalls at the gym I shower at, unless a coworker is nice enough to let me stay with them for a few nights.",1,homeless,699,134,validation,distilbert,1,1,0.025856951,0.9741431,-1.7775663,1.8514125
162,"He refused to look me in the face and acknowledge what he had done. Several days later, his sister calls me, feigning friendship, asking if I would like to get the cat I had been forced to adopt while living there. When I got home, a multiple hour drive each way, I noticed the cat behaving strangely. This cat was at this point, less than a year after my leaving, almost entirely feral, and infested with a ridiculous number of fleas. I posted on a local forum for my town about ways to help repair this cat’s now-aggressive nature.",0,survivorsofabuse,533,99,validation,distilbert,0,1,0.9596318,0.040368248,1.5835145,-1.5849918
163,"I can't talk like that."" He put a hand on my shoulder and smiled and said, ""You sure are."" It goes in a circle. He made me feel better there by affirming that he thinks I'm worthwhile. Great, that'll probably get on his nerves.",0,relationships,227,44,validation,distilbert,0,1,0.9825471,0.017452916,1.9284434,-2.102198
164,"<url> Story's in the link if interested. All I will say here - thanks for reading and considering, and if there's anything I can do to make this more comfortable on you (answer questions, try to clear up any confusion, etc), I'll do the best I can. One thing I will say, also: I know for the food issue that the food pantry/bank subreddits exist, and will try them if I have to. It's just that I'm trying to put that off for a little if I can.",0,assistance,443,88,validation,distilbert,0,1,0.9875875,0.012412511,2.0859866,-2.2905734
165,"Is it a true event that happened? Have I made it up somehow? Could a child make this up? Am I overreacting about this all? I have had a great youth and the sweetest family and friends, nothing ever went wrong or something.",0,survivorsofabuse,222,43,validation,distilbert,0,1,0.8621995,0.1378005,0.91215414,-0.92152554
166,"Can you relate? TL;DR: I did something stupid at work. A coworker called me out for it, and rightfully so. I apologized, she accepted, and all is now good. *But I can't stop thinking about it, dwelling on it.",1,anxiety,208,39,validation,distilbert,1,1,0.08202393,0.917976,-1.1349385,1.2802217
167,"My mom finally had a response, basically my brother works very hard (and he does, he does manual work, which I know is very hard) but nothing regarding me. I don't know what to do- maybe I am overreacting but I don't know.  P.s. my brother stays out of everything, he is kind and asks me questions but doesn't play games with my sister and is usually out of the room doing something.   **tl;dr**:I feel like no matter what I do - my family is disappointed at me and if I ask to not be fun of it just gets worse.",1,relationships,511,101,validation,distilbert,1,1,0.012509453,0.9874906,-2.1272514,2.241431
168,"The only woman who ever treated me with respect, my nan, died a few months ago. This household is screwing with all of us. There's nothing we can do, because she refuses to seek help, so this will never change. I want to move out, but I have nowhere to go, no job, and no money. The best I can do is wait it out until someone dies, I suppose.",1,domesticviolence,342,70,validation,distilbert,1,1,0.015709149,0.98429084,-2.0901592,2.047519
169,"My friend is coming to get me in the grocery store parking lot where I wound up after. It is, legally, without a doubt my fault, although actually not because the cops cut the guy in front of me off to let some school busses go past without traffic or whatever, the roads were slick, and I couldn’t stop in time, but I’m still freaking out in my head. Ugh. Mentally just not alright right now. I should not have gone out today.",1,anxiety,427,83,validation,distilbert,1,1,0.014064083,0.9859359,-2.0573022,2.1926649
170,"But one night, I somehow picked up on a pattern or loop in the cricket sounds, and I haven't been able to listen to it since. My brother had the same model in the room next to mine, and I ended up getting him a new one for his birthday because even puddles through the wall, every single loop felt like an ice pick to my forehead. It's like my brain knows what sound is coming and the auditory auto-correct is mentally painful and dread inducing. Any advice/suggestions would be helpful-- can't seem to get the right combination of experiences/symptoms from misophonia, sensory processing, etc. Thanks!",1,anxiety,602,106,validation,distilbert,1,1,0.24438176,0.7556183,-0.46272027,0.66608435
171,"I'm a freelancer, which means pay isn't always steady. I also have frequent painful and difficult digestive issues as well as migraines that lay me out several times a month. I work hard, I make an effort to save where I can, but some months bills and such wipe me out. I'm just coming through a bout of sick and feeling up to eating again, but thanks to pay waits and bills, I'm broke and down to a bit of brown rice and gelatin in the house. I made a post this morning on r/Random_Acts_of_Pizza and a mod pointed me here for some slightly more substantial help.",1,food_pantry,563,107,validation,distilbert,1,1,0.01902996,0.98097,-1.9573975,1.9851298
172,"I clean the living room everyday. I take care of the kids, dinner, homework, put to bed, wash all the bottle stuff at night. I try to make our bed everyday, but have been slacking on that lately. I clean our room (although not nearly as often as I should), I take out garbage, I wash the counters and oven. I ask him to do the kitchen, which sometimes takes days for him to get to.",1,domesticviolence,381,76,validation,distilbert,0,0,0.9259444,0.07405559,1.2597847,-1.2662135
173,"Since then I have heard from him once, in the form of a drunken voicemail pleading with me to forgive him and swearing that he doesn't remember anything. I may be able to believe that if I didn't know he was a manipulative pathological liar. The worst thing about this to me is that he has two kids, a little girl and a little boy who I absolutely adore. I haven't been able to see them in five years (I'm nineteen now). If anyone is reading this, and you're wondering why I didn't call the police, I did.",1,survivorsofabuse,505,98,validation,distilbert,1,1,0.0146932965,0.98530674,-2.102628,2.1029336
174,I’m not living a lavish lifestyle or rolling around in money. I explained to her that if we divided rent based on income percentage she would actually be paying more per month. All this on top of the fact that she turned down a free car. It feels really unfair because I think she blames me for moving us to a “more expensive” location for my new job. So in her mind she shouldn’t have to pay anything more than the dirt-cheap rent I was charging her to live with me at my house.,0,relationships,479,94,validation,distilbert,1,0,0.036342,0.963658,-1.688004,1.5897585
175,"It's always been something I have feared but it's got so much worse since developing anxiety. I think it stems down to the fact I had a tooth removed when I was only 5. Doesn't sound like a big deal but my mum didn't tell me I had to have it removed till the actual day. She just woke me up and got me in the car and told me we were going to the hospital (the children's dentist was at the hospital) so they could put me asleep and remove my tooth. Obviously at 5 that seemed pretty scary, didn't help that I had to wait 3 hours when I got there.",1,anxiety,546,113,validation,distilbert,1,1,0.020244898,0.97975504,-1.8764958,2.002904
176,"feel free to delete or disregard if this isn't in the right sub. I saw a guy for months having sex a couple times a week. But not just that, hanging out and being friends too. In December he asked me what we were. I knew that this was something we should talk about and so we sat down and talked it out.",0,relationships,303,63,validation,distilbert,0,1,0.98534167,0.0146583235,2.0008605,-2.20712
177,"I’m a Canadian traveling in India and staying for a few days at a homestay (paid accommodation). At home I have a beloved rescue dog. Three adult dogs live here at the homestay: one male and two nursing females. The dogs’ body language towards the people who live and work here is positive. The dogs wag, follow people, accept physical affection.",0,relationships,346,61,validation,distilbert,0,1,0.9852775,0.014722582,2.055313,-2.1482277
178,"The past few months especially have been hard on me. I think about her often, not even necessarily in a sexual manner, but I miss her. Even more so, the fantasies have started up again. I have vivid, detailed dreams about her sexually, and they upset me throughout the day, and I don't know what to think. Any advice?",1,relationships,317,59,validation,distilbert,1,1,0.017708987,0.982291,-2.0378757,1.9779397
179,"I try to take all opinions with a grain of salt, but ""incel"" isn't really an isolated trend, and there are more cases that it's part of the way our modern male/female gender system works. Also, I don't understand this, but questioning this stuff doesn't mean I hate all women. It doesn't even imply that. But doesn't everyone have a right to vent frustration? I want to talk more and give you more details.",0,anxiety,406,74,validation,distilbert,0,1,0.8326178,0.16738218,0.7876964,-0.8165986
180,"*Mindfulness Meditation:* Hopefully you know about this by now:), but there are specific mindfulness meditations that allow you to develop certain parts of your brain. If you want to be happier, there are meditations for that. More concentrated, there are meditations for that. You can choose how to improve yourself and that’s **backed by fucking science. ** Like building a muscle, these changes take a lot of repetitions, but you do start seeing progress in as little as a few weeks if you are dedicated.",0,anxiety,507,85,validation,distilbert,0,1,0.983824,0.016176024,2.0467725,-2.0611446
181,"Hi, My partner is a Dv survivor after 15 years, he eroded everything about her and mentally abused her mostly throughout with sexual elements towards the last few years Shes lovely, the most caring girl in the world and so beautiful But its also not easy, she likes a few drinks at weekends and the drink brings out a different girl or maybe its the true girl im not sure, this girl has vivid flashbacks and they are pretty harsh Shes in therapy too and thats tough going as well its popping the cork on all the anger she has bottled up over 15 years",1,domesticviolence,550,105,validation,distilbert,0,0,0.64283484,0.35716513,0.22389671,-0.3637929
182,"I just wrote a 3 page statement, trying to include the entire bad history"" of our relationship.abuse. Is there an pointers or tips you have for writing a statement that lets the judge know exactly what this jerk deserves? A certain length? Do I only talk about what has happend AFTER the assault, because there hasn't really been much. It's more about all the things leading up to it.",0,domesticviolence,384,69,validation,distilbert,0,1,0.78814346,0.2118565,0.6558769,-0.6578942
183,"I come from an Asian family where kids are not expected to move out, its the opposite where kids are supposed to live at home and take care of the parents when they become adults, however living in America has made me hate this mindset because I am never able to be an individual. My dad is extremely controlling and a downright bully, he verbally abuses me and my siblings about anything possible just for the sake of abusing us. He always demands we listen to him and do things his way and if we don't we are ""disobedient"" and ""bad children"". He even abuses my mom verbally and she knows it but deals with because its how she was raised, even random strangers like waiters and cashiers at stores are bullied, he'll complain about lines being long and blame cashiers for being ""slow"" ect. OVERALL THIS MAD IS EXTREMELY NEGATIVE and if you try to talk back or explain to him to be a little bit nicer he gets defensive and goes on a tantrum how hes our dad and we have no right to talk to him like that.",1,relationships,1002,191,validation,distilbert,1,1,0.015491868,0.98450816,-2.0542657,2.0975614
184,"I will go homeless soon for reasons i can't stop, i roughly have 1000$ in cash and around 1000$ in possessions such as my PC, second PC, headphones etc etc etc. What should be the first thing i do aside from finding a job? I get the idea of going to a 24 Hr gym and renting a storage unit if i want to store belongings, aside from that is there anything you guys can recommend? &#x200B; edit: Thank you for all your help, it has given me an idea of what i have to do.",0,homeless,467,96,validation,distilbert,1,0,0.12186499,0.878135,-0.9472049,1.0276817
185,"Your responses to the survey items will be anonymous and kept confidential. Clicking the “SURVEY” link below will take you to a page asking you to read through a consent form explaining the purpose of this research, the content of the survey, the type of questions you will be asked, the amount of time it may take to complete the survey, and the risks and benefits of your participation. At the end of the form you can click “AGREE” to consent to the use of the answers you provide and to begin completing the survey. Thank you for your time and interest. <url>",0,survivorsofabuse,562,103,validation,distilbert,0,1,0.985672,0.014328031,2.0259764,-2.2051296
186,"I'm scared, and I've been on edge for the past few days. He has two 4th degree felony charges and I'm so worried that lack of evidence will push the judge to reconsider his charges. My ex is claiming self-defense, even though I wasn't attacking him. I'm way too small of a person, it doesn't even make sense. He towers over me, how does he expect people to believe him?",1,ptsd,369,70,validation,distilbert,1,1,0.012873142,0.9871269,-2.1664588,2.1731966
187,"i have asked for her patient while he gets trained, but i understand her not wanting to potentially move into an  environment that disturbers her normal way of life, but thats 6 months from now. I am confident that training would fix 70% of the issues that she has with my dog. Could there be something else deeply underlying that i am missing? To me a loving and healthy relationship is one that can come to compromises and that are no winners or losers, but agreements in place to help solve issues TOGETHER . If she has trouble with compromising on a proper solution now, what will happen when it comes to or much larger life decisions like buying a house or moving to a new city.",0,relationships,683,127,validation,distilbert,0,1,0.9701572,0.029842768,1.6922601,-1.7892555
188,"But now i want that to change. My need for paxil is in direct relations to panic attacks or aggression attacks as i refer to them sometimes. I tend to get agitated easily or snap at people if I feel panicky or if I am embarrassed or put in situations I do not like I get agitated to the point of being a dick and yelling a lot. Which my family ends up being on the wrong side of my temper tantrums, my panick attacks turn into agitation and defensiveness. Ha anyone else switched from paxil successfully or anyone with a similar situation using something different?",1,anxiety,565,106,validation,distilbert,1,1,0.019588774,0.9804112,-1.9257041,1.9873111
189,"Realistically, because of geographic lockdown, (needed) pay grade, etc, it's going to take a good year for me to switch. I need a way to maintain until I can get out. A couple of years ago, when it started getting bad, I coped by drinking a lot more and being a couch potato. But that's bad for me and my family, not working, so I've stopped. I went on a two week business trip.",0,stress,378,74,validation,distilbert,0,1,0.57589,0.42411,0.20924395,-0.09667989
190,"<url> my puppy, was born unable to eat or drink for herself. I have been tube feeding her every 4-6 hours for 7 weeks with the hope that whatever the issue is would mend itself. Unfortunately, she has had no such luck. I took her to the vet and they believe it is a disorder called Pharyngeal Achalasia. The test to confirm the diagnosis is between $800 and $1,000, with the surgery to repair it being another $2,500.",0,assistance,417,78,validation,distilbert,0,1,0.9532816,0.046718437,1.4962544,-1.519517
191,"Snot. Slobber. Just uncontrollable sadness. I was about to explain to her that we would be back later that night and if she was good, we'd bring her a treat. But Mom just scooped her up and coddled her like you would a 9 month old who was crying because they were a bit cranky.",0,relationships,277,55,validation,distilbert,1,0,0.09431526,0.90568477,-1.1897225,1.0723256
192,"No wonder I get scolded for bad grades, called a lazy, worthless piece of fuck because I am too lazy or too stupid to care about exams and my future, but in reality, I deeply care too much as if I feel like the whole fucking world of 7 billion people, and millions or billions of other organisms are on my shoulders ... and all I can do is to shut down entirely. I shut down by brain, my thoughts, my emotions, everything because I cannot take all the anxiety. All the pressure. All the fear and terror. Sometimes I feel as depressed as if I am a lonely guy in a post-apocalyptic setting where everyone is either dead or absent or gone.",1,ptsd,636,123,validation,distilbert,1,1,0.011896601,0.98810345,-2.1862514,2.2332833
193,"It's true that I can probably be annoying (messy, absent-minded so I forget/lose things a lot, I'm also always making (possibly annoying) jokes about everything, and afraid that comes off as attention-seeking or something), but I don't really have any evidence that I was bothering anyone. In fact, it seemed like we were all having a great time. But I'm having a hard time shaking my worry that I acted like an idiot or something. I felt the same way after going to my favorite cousin's wedding last year, who I also hadn't seen in a couple years. **tl;dr**: does anyone else feel reasonably comfortable in social situations as they occur, but then torture yourself over them after they have come to pass?",1,anxiety,706,123,validation,distilbert,1,1,0.01687699,0.983123,-2.0233595,2.0414233
194,"I'm going crazy. Now I'm jobless because my attempts to please/help her only screwed myself over and now I'm jobless and my mental health issues are coming out. Getting jobs is really hard for me due to some PTSD from my parents, but I'm trying my best to push through it and get a job ASAP. I'm dropping out of school (again) so I can work on my financials, but in the meantime, I NEED OUT!!!!!!! !",1,almosthomeless,399,77,validation,distilbert,1,1,0.010796732,0.9892033,-2.2136405,2.304016
195,"I have not been to East Jesus yet, but Salvation Mountain is cool. One of my camp mates, KK, does shifts there a few times a week. The library is bursting with books, roomy and covered in cool shade while being open to the breezes. I spent my first day at the library. The Internet cafe isn't readily apparent at first glance.",0,homeless,326,62,validation,distilbert,0,1,0.9837648,0.016235193,1.9796184,-2.1245873
196,"TL;DR: I wish to ask out my longtime friend this Valentines, but I am afraid of my past coming back and ruining my renewed trust with both her and my friends that I’ve worked years to repair. Note, what I am not scared of is rejection, I am scared of being feared or hated once again. How I most easily do away with the stigma revolving around my past  so that I can be judged by who I am now instead of who I was in the past? That’s what is keeping me up at night. I look forward to what the community has to say.",1,relationships,514,106,validation,distilbert,1,1,0.020812748,0.97918725,-1.8679829,1.9831743
197,"I’m going to kill myself. I can’t take this anymore. I was doing so much fucking better lately, and just like a snap of a finger, I am disassociating harder then I ever have before. It comes out of nowhere, when I’m having an other wise good day. No anxiety or depression but out of nowhere I get extremely disassociated.",1,ptsd,321,60,validation,distilbert,1,1,0.0122925,0.98770756,-2.1677225,2.218675
198,"I don’t know how to make him leave because he says if I do that he will go and dispute all the charges I ever made on his debit card and say it was fraud and he will have me prosecuted. In the past when we were together I stupidly sent him private photos of myself and he threatens to send them to my church, my parents, and my bosses. He says he will do whatever he can to ruin my life and see that I lose my job and lose the respect of everyone in my life and have legal consequences go using his money (which again, he said I could but now he’s saying I’m lying). I feel like he literally dictates my life. He breaks things in my apartment.",1,domesticviolence,643,132,validation,distilbert,1,1,0.012520295,0.9874796,-2.2130375,2.1547675
199,"I blocked him on FB and then deactivated. One two punch, because my FB addiction is another obstacle in my life. I'm very proud of these decisions, but it also meant leaving my ""Thrive After Abuse"" group. So now here I am on Reddit, hoping to find another supportive community. Best wishes to all.",0,domesticviolence,297,54,validation,distilbert,0,1,0.98183537,0.018164597,1.9418198,-2.0481296
200,"I loved this person dearly with all my heart, and it was an extremly tragic and sudden death. I want to go to my doctor but im already in counceling. Ive only gone once and my next visit is on wednesday. Should I tell my greif councellor? Thanks for reading.",1,ptsd,258,50,validation,distilbert,0,0,0.62665665,0.37334332,0.22256659,-0.29533383
201,"I live in BC and im gonna be homeless soon, I'm thinking about just saving up enough money to take a greyhound to the Vancouver island to live out being homeless and to get a fresh start. I'm thinking about either Qualicum Bay or Parksville since they're both small and have good weather. I don't want to be homeless in a big city full of crime and I want to be somewhere where it doesn't get to -20 in the winter, are there any other good places in BC to be homeless?",0,homeless,468,92,validation,distilbert,1,0,0.01824201,0.98175806,-2.0000463,1.9855714
202,"The contract with Apex is over and they screwed me hard. I don't have another job lined up despite having never stopped looking, and I was counting on my income taxes to pay back all the people who I borrowed money from and buy me some time to get a proper job and fix all of this. Now I have no idea what I'm going to do. Everything is falling apart is even bigger chunks than before. All of the bills are due again and rent is coming up.",1,almosthomeless,439,89,validation,distilbert,1,1,0.01191839,0.9880816,-2.2030156,2.214667
203,"I have a fear of fainting so I was like “what if I fainted from so much fear during this test” and next thing you know, worst panic attack of my life during the quiz and I failed it. We have the test the next week and same thing happens, but less intense. I got a D on it. Now I have a D in the class. I am TERIFFIED.",1,anxiety,317,70,validation,distilbert,0,0,0.84356785,0.1564322,0.90580493,-0.77921265
204,"I [26F] have been with my boyfriend [30M] for almost 5 years now. We live together and talk about spending the rest of our lives together. While being home for the holidays, I was re-aquatinted with a friend who helped me through a tough time in high school. In a completely platonic way, he supported me after I was left heartbroken by my first love. He has always been compassionate, understanding, and non-judgmental and has given advice that I still live by today.",0,relationships,468,83,validation,distilbert,0,1,0.9851242,0.014875809,2.0159342,-2.1770973
205,"I have this feeling of dread about school right before I go to bed and I wake up with an upset stomach which lasts all day and nakes me feel like I'll throw up. This causes me to lose appetite and not wanting to drink water for fear of throwing up. I'm not sure where else to go with this, but I need help. If any of you have this, can you tell me how you deal with it? I'm tired of having this every day and feeling like I'll throw up.",1,anxiety,436,92,validation,distilbert,1,1,0.011800719,0.98819923,-2.1686366,2.259087
206,"My stress tolerance was already at a zero and I was contemplating suicide a lot, i didn’t want to see where that would lead me and I didn’t want to do that to my brothers. I was incredibly lucky and got referred to a good psychologist that I like. He’s helping me through the problems of getting rehabilitation welfare, which is a hassle because I constantly have to talk to new counselors, psychologists and psychiatrists which triggers breakdowns. I hate talking about myself to strangers, I’m not ashamed at all, I just hate having to share how I truly feel with strangers. It makes it so real.",1,ptsd,597,107,validation,distilbert,1,1,0.013098666,0.98690134,-2.1217258,2.2003338
207,"I don't know if it was the campground, or if the probably former friend wanted some revenge. All of the hotels are way out of our price range in our area. We can stay a couple of nights, and our reservation at the campground ends this weekend. I will be asking for a refund of the remaining nights. I'm terrified that our kids will be taken from us for being homeless for less than 6 weeks.",1,homeless,390,76,validation,distilbert,1,1,0.036161497,0.96383846,-1.5794728,1.7034559
208,"She taught me a bunch at first. In the beginning of the week people asked what me and my Ex did. I informed them we broke up and it was due to infidelity on her part. This was not a cool move, however, I knew her sister would try to paint me as the bad guy. I was spot on.",0,relationships,272,60,validation,distilbert,0,1,0.9806168,0.019383244,1.84465,-2.0791228
209,"I made a wishlist, and it has some ramen on it. If anyone could help out it would be so much appreciated. Thank you! My zip code is 35020. Link to amazon wish list: <url>",0,food_pantry,170,35,validation,distilbert,0,1,0.98582435,0.01417561,2.0238202,-2.218135
210,"I close the door and put my back against it. He's slamming into the door, trying to break into it, yelling that I'm crazy and I'm making everything up. I'm terrified and sobbing, yelling for help and for him to leave me alone. At this point I'm begging him to let me get my phone to call my dad to come get me. He finally tells me that I can, and that he can't wait for me to be gone.",1,domesticviolence,384,80,validation,distilbert,1,1,0.015766416,0.98423356,-2.0864646,2.0475166
211,Apparently it has been going on since the day they moved in together. I don't know what to tell her thought. Since her husband is a good friend of me and my husband it's kinda weird for me to say 'leave him' or 'get out' I don't want to influence any decision she makes. What should I tell her? Tl;dr: friends husband is aggresive and I don't know what to tell her,1,relationships,364,72,validation,distilbert,1,1,0.017130924,0.9828691,-2.0081365,2.041454
212,"One second I’m thinking, things are just fine. The next I’m thinking, I’m awful for prolonging this, just do it. It’s exhausting. I know I need a bit of a break for some me time at the very least, but beyond that I can’t tell what’s real and what anxiety. What do I do?",1,anxiety,269,54,validation,distilbert,1,1,0.011959436,0.9880406,-2.1894257,2.2247775
213,"Oh Jesus Christ. I blacked out in front of my family- my family with a history of alcoholism (I'm an alcoholic too), my family that I promised I wouldn't get drunk in front of....I don't know what I said but they are PISSED. I come from a sort of passive aggressive family and they won't tell me what I said. I am so terrified and filled with shame and completely embarrassed. I know a lot of my family members' secrets that I'm not supposed to know and I easily could have spouted them out.",1,anxiety,491,94,validation,distilbert,1,1,0.012536902,0.9874631,-2.1497679,2.2166948
214,"Does anyone have any similar experience and were you able to become functioning friends with your ex or was it best to cut all ties, even if it meant losing friends? TL;DR Broke up with my girlfriend of ten years because she fell in love with a complete stranger from overseas. Have shared friends and can’t seem to shake the feeling of sadness/anger whenever I see her due to our reason for breaking up. Should I cut her out of my life and lose friends or make more of an effort to be friendly/peaceful towards her?",1,relationships,516,96,validation,distilbert,0,0,0.97393024,0.026069812,1.7457831,-1.8747785
215,"Now I'm terrified of starting this new job because even if it's better than my old one, I'm scared I'll lose all the progress I've made. When I'm overwhelmed I tend to just sleep and everything else falls to the wayside. I feel like I can't stay with part time work because all my friends and family expect me to get back to full time work ASAP, and feel like I'm not moving forward in my career otherwise. Everyone keeps telling me to just give it a chance, it'll all work out, but I'm not sure what to do/think. Advice on what to do about work and how to calm down enough to sleep tonight and how best to manage everything going forward?",1,anxiety,639,123,validation,distilbert,1,1,0.011283338,0.9887166,-2.2028904,2.2701902
216,"Why is this the hardest month? Is it that the nerves have cleared, minute by minute anxiety calmed, hopelessness resolved, and now I have to sit a grieve a person I made up in my head? The person I convinced myself he was is so much more attractive than the reality of what he was. He is 27, I’m 25, and now he’s targeting 21 year olds. I am broken but I am piecing myself together.",1,domesticviolence,382,76,validation,distilbert,1,1,0.019346705,0.9806533,-1.9038309,2.021866
217,"Hello. As you can tell by the title, I'm concerned about this little girl across the street. She's able to walk and talk, but I don't think she's even 5 yet. From what I've witnessed the four years I've lived in this house, the home she lives in is not at all suitable for her as a developing child. Her parents are constantly screaming at each other in the street, and the girl is bawling, as her mom commands her to get into her car so she can take her wherever.",1,domesticviolence,464,91,validation,distilbert,1,1,0.21927251,0.7807275,-0.5816639,0.688247
218,"Hello r/anxiety. I've dealt with GAD for decades, and have benefitted greatly from therapy and medication. After years of taking Paxil, I've gone *without* medication for the last couple years. It's been mostly ok, but my symptoms are annoying enough that I'm considering medication again. After consulting with a psychiatrist, it seems like an SSRI or SSNI is still my best bet.",0,anxiety,379,62,validation,distilbert,0,1,0.8282831,0.17171699,0.8809914,-0.6925158
219,"WARNING GRAPHIC! <url> That same day my accident and hospitalization insurance claim was denied because that insurance product was canceled in March, by my husband, who claimed we were already divorced. He did this in March, April and May all following court dates or arrests. It will be fixed, but like the rest of the insurance cancellations, it’s going to take a few weeks.",0,food_pantry,376,64,validation,distilbert,0,1,0.9503492,0.04965084,1.5054498,-1.4463644
220,"What if they were met with a broken system, the same way I was when I tried to get help on my own? What if there were others I never knew about who tried to help me? It's really got me in a tizzy. I feel relieved. At least one person saw and tried to help.",0,survivorsofabuse,256,56,validation,distilbert,1,0,0.08865642,0.9113436,-1.1082559,1.2218958
221,"We've been getting along very well, and our previous repeated complaints on both sides of ceased because of this. But as time has gone on my feelings have changed in regards to me thinking I can accept this and work through it with her. I know I love her, and I don't really know how to explain my emotions here, but I no longer feel like ""her husband"", and I don't feel like she's ""my wife"", it's more like we're partners or room mates or something. I feel a vital part of our marriage (loyalty, and trust) is gone and it can't come back. In the end, I can't shake the thoughts of leaving and restarting my life.",1,relationships,613,118,validation,distilbert,1,1,0.014489056,0.98551095,-2.1024554,2.1173112
222,I only realized this was a stupid idea in my freshman year of college when I started having flashbacks. I tried once more to do therapy and almost failed out of school. Again I buried it all to be dealt with at a more convenient time. I have now been working in a job that don't mind for the last year and 3 months. I found that November and December were a struggle and because of that I planned to address my stuff by going to therapy starting in 2019.,1,survivorsofabuse,454,90,validation,distilbert,1,1,0.17939205,0.82060796,-0.69625074,0.8242211
223,"With trying to pay some old bills like a delinquent 500+ electric bill, I rarely had extra to save. Paying that old bill has cleared a hurdle on my path to my own place. I paid that bill and now I can get electric service when the time comes. That was a big win for me. I stayed with a relative and kind of kept pace with expenses and contributing to expenses while slowly paying down that bill.",0,assistance,395,78,validation,distilbert,0,1,0.9759084,0.024091551,1.7692803,-1.9322273
224,"Stage 4 would be perfect. I know that's self-destructive thinking; I know I'm supposed to be present, current, not wallowing in my pain and sorrow. I know I'm supposed to focus on healthy thinking and growth. I know that I'm supposed to find joy now, and I really do try. I'm not sure there's such a thing as joy absent my children; it may be a fool's errand.""",0,ptsd,360,68,validation,distilbert,0,1,0.97286487,0.027135136,1.7224377,-1.8569782
225,"Something that's started happening to me recently is sometimes the world becomes so unreal that things like houses blow my mind(Don't even get me started on wheels). It's weird because these things in a normal state of mind are just their and barely have any impact on me but when I get into this kind of trance, everything becomes surreal.  I googled this feeling and most of the results seem to be related to anxiety so I wanted to hear if others here experience it too.",0,anxiety,472,86,validation,distilbert,1,0,0.054852474,0.9451476,-1.3758295,1.4708643
226,"A few days before Valentine’s Day, someone sent me screenshots of him talking to a girl on FaceTime or Instagram saying “you’re so cute” and flirting with her. I decided not to say anything- the girl lived in another state and I didn’t want to bring it up. I figured she was a fried from when he had hitchhiked across the country when he was in college. I waited till Valentine’s Day, and called him up- he told me “I don’t think we should live together, and I just signed a 9 month lease at my apartment.” I was livid. He brought me 2 dozen roses and I smashed them in front of him in a parking lot.",1,domesticviolence,600,118,validation,distilbert,0,0,0.9222624,0.077737674,1.2374418,-1.2360479
227,"My boyfriend constantly states that we are no longer in a relationship and I need to be constantly working towards showing him that he will want to be with me again. I do 90% of the cooking and cleaning in the house. I try my best to make sure his needs are met, even if it means that my needs fall short almost always. It seems like any ""everyday"" argument we have about something always turns into me being a piece of shit because of what I did to him. He tells me that I made him this way and I need to deal with it until he moves past it, which I understand and agree with.",1,relationships,577,117,validation,distilbert,1,1,0.029712431,0.9702876,-1.7194259,1.7666011
228,My anxiety and ocd have been terrible the last few weeks. I've recently started drinking again (stupid I know) and I'm feeling like I need to use it as a crutch again. I am prescribed valium and an anti depressant but I find that the simple act of just having a drink helps more. My main issue is my health anxiety. I have been having the worst sinus and headache flare ups.,1,anxiety,374,72,validation,distilbert,1,1,0.014220642,0.9857794,-2.0886776,2.1500604
229,"I self harm sometimes too. I’ve also lately begun to have constant, daily, and explicit nightmares about tarantulas, roaches, and beetles crawling over me while I’m paralyzed. I don’t know it’s that’s relevant or anything, but it may be good to add anyways. I’m asking bc I don’t want the therapist to yell at me or call me a liar like the last few did, so I’m low key nervous and I don’t want to get in any more trouble with my school. Any thoughts or criticisms are welcome.",1,ptsd,476,89,validation,distilbert,1,1,0.019191355,0.9808086,-1.9052054,2.028712
230,"lost best friend of 12 years  also i ""think"" i have some type of skin things weather it's mites or fleas or scabies or something idk i'm guessing scabbies and i've tried the remedy for it multiple times but it didn't cure it just kinda lessened the symptoms so w/e it is i have or if it's all in my head i have no idea also been getting alot of headaches but yeah and i'm completely confused and i have no idea what to do or anything i've been researching and trying to find stuff but google isn't that good apparently, i've found out about couchsurfers, dumpster divers, and stuff i just i don't know what to do i really just wish i could start over, or find some kinda self help group or facility. Some where that could help me out with life skills and with my confusion, depression etc again im just really confused and not sure what to do.",1,almosthomeless,843,162,validation,distilbert,1,1,0.011842905,0.9881571,-2.1150327,2.3090801
231,"So, a long time ago when I was in around the 2nd or 3rd grade, I went out to a diner with my family for breakfast and when we went to go pay I saw these two girls in my class. So, they asked me if I wanted to come over and my mom said yes so I went to one of the girl's house for a playdate. So, I went over there and they told me that in order for me to be friends with them I would have to do this initiation thing. Apparently it's a thing they do with another girl in our class. And it was to take off all of our clothes and play pretend.",0,survivorsofabuse,541,120,validation,distilbert,0,1,0.9829023,0.01709771,1.9532433,-2.0983217
232,"It’s almost a 50/50 mindset, because on one hand she wouldn’t ever wish to be thought of or treated in a horrid way, I have corrected it best I can, and she is the kind of person to forgive and forget. It’s hard. It’s real hard to decide what to do. So that’s why I’m here today people of Reddit. I realize this isn’t the most pressing, serious, or dramatic post on here, but I stick my hand out in the hopes you can give me some guidance, some past experience, wisdom, or advice on what I can do or try so that the “here and now” are in question, and not “then and there”, so that my confession can go along without regret.",1,relationships,624,124,validation,distilbert,0,0,0.98067653,0.019323463,1.8900135,-2.036909
233,"My tourist visa ends November. Part of me wants to wait shit out until my green card gets here and then leave him. The other part of me wants to walk to my nearest lawyer so that I can hand him divorce papers, and demand money to send me and my dog back home. He said If I am wanting to go home, I should pay him back from my credit card the $2000 for immigration paperwork and $600 lump sum CrossFit membership he paid for me. What to do...",1,domesticviolence,441,90,validation,distilbert,1,1,0.03352353,0.9664765,-1.6674528,1.6939566
234,"I don't know what to do anymore. She doesn't want help, but I am feeling hopeless with her, and I'm afraid it's going to take a toll on our relationship. I have my own mental health issues that I am actively dealing with and I just wish she could see that her issues are affecting people other than herself.   ---   **tl;dr**: My mother has unaddressed mental health issues, how do I get her to take it seriously and seek professional help?",1,relationships,440,81,validation,distilbert,1,1,0.012734801,0.9872652,-2.1702404,2.1803596
235,I don't know... I don't know what to do. I just want out of here. It's too hard. With this house and school work.,1,anxiety,113,24,validation,distilbert,1,1,0.014485202,0.98551476,-2.1036103,2.1164262
236,"It is not like her - even when she was that age - to succumb to pressure like that. I'm trying really hard not to victim blame and immediately feel guilt when I think that way but, again, knowing my wife how I know her - as someone that's not afraid to call BS- it just makes it hard to conceive how she went along with it for so long, knowing that it made her uncomfortable, knowing that it was escalating, and then it was actual happening and her not saying no. I just can't believe these things happened on repeated occasions. I can absolutely see him pressuring her once, her not knowing how to respond when it happened, and then her saying ""This is BS, I'm out"" afterwards. But that she stuck around and let it happen multiple times just seems odd to me.",1,survivorsofabuse,759,145,validation,distilbert,1,1,0.013817504,0.98618245,-2.1059594,2.1619456
237,"3. Since we are both the only child, we both feel an equal responsibility to carry on our family lines, regardless of our own gender. What do you guys think would be an equitable solution to this problem?   ---   **tl;dr**: Girlfriend wants future children to have her last name, but I am not comfortable with that due to social conditioning and/or the backlash I would face from my own parents.",0,relationships,395,70,validation,distilbert,0,1,0.95920616,0.04079385,1.5840853,-1.5734894
238,"How about that? No this isn't just some edgy teen, oh I hate my dad, I have every reason to hate him, for what he has done, and continues to purposely do to me and my family. For nearly killing me, for scarring us all to the point I can't even meet a nice person, or have any friends, and not wonder whether they do or don't treat their family like a lump of sh**. Nobody needs, nor should they ever have to live the life I have been forced to live. Nobody should have to call the police because they don't feel safe within their own home.",1,domesticviolence,539,108,validation,distilbert,1,1,0.011843021,0.988157,-2.1999567,2.2241461
239,"I got a new job !! yay  But there will not be a paycheck until end of April (start date is April14). We are a family of 5, me, my daughter-13, my boyfriend and his two teen kids 15&16. He sells insurance but it averages about 1000/800 a month income and  that just barely pays bills.  I get foodstamps, but only for my daughter and I, and the next date is April 6th..",0,food_pantry,367,73,validation,distilbert,0,1,0.9817786,0.018221416,1.9207003,-2.066068
240,In the last year I have developed some health problems. I started having seizures and because of them I had to miss work. Because of that I got fired. I was doing okay still while looking for another job by donating plasma. But my car got repossessed a few days ago and I haven’t been able to get there to donate.,1,food_pantry,313,61,validation,distilbert,1,1,0.023243377,0.9767567,-1.8093109,1.9289064
241,"An app made sense for this, since so many people have a phone. But sometimes a solution can raise more problems! If we had an app that says ""domestic violence escape plan,"" and if the abuser checks the user's phone, that's even worse than a paper form. So here's the solution we came up with: the app is ostensibly a ""quote of the day"" app, just like so many others. You open it up and it just looks like any other, with inspirational quotes (carefully chosen to be relevant without appearing relevant, by the way).",0,domesticviolence,515,95,validation,distilbert,0,1,0.9870652,0.012934821,2.065492,-2.2693214
242,"I could stay up here alone, but he says he’ll be where ever we are. I feel trapped and I think it’s making me like I’m acting like a child these days. At least from my perspective. He drained my accounts and I’m financially dependent because I fear not paying bills and I have to feed my daughter and myself. In laws say they can help us...but they’re still his parents.",1,domesticviolence,370,71,validation,distilbert,1,1,0.011784182,0.9882158,-2.1976535,2.2314894
243,"The new man almost immediately moved to the flat previously shared with her ex, which I found strange, but I know she cannot be alone, perhaps because of her troubled childhood/daddy issues. She later confessed she was completely out of her mind in this period, and she would not do it if having a clear head. They never really ended contact, despite all the hurt. She even met with her ex after 3 months apart, confessing she misses him and cried. Since then things between them got complicated.",0,relationships,496,88,validation,distilbert,0,1,0.76407963,0.23592034,0.5242909,-0.65088695
244,"It wasn't an issue, nobody needed to know, now I don't even know *what* people apparently ""know"" and are arguing about. Somewhere under all the anger about my mum making an issue out of nothing there's something that makes me wonder if it *is* a big deal. Maybe I'm just pretending I don't care? Maybe none of this even happened? I just don't know anymore.",1,survivorsofabuse,356,65,validation,distilbert,1,1,0.013358932,0.9866411,-2.0954456,2.2066758
245,"My boyfriend didn't care. I started to get psychotic at 17. I  was so scared, paranoid, had delusions and hallucinations. And no-one to help me. All this hell lasted until I was 22.",1,survivorsofabuse,181,33,validation,distilbert,1,1,0.018435176,0.9815648,-1.9852376,1.9896498
246,"I of course understand her wanting me to be safe, but I have an IUD and use condoms 100% of the time, which she knows because she pries about my sex life. She knows I'm sexually active and I don't have a boyfriend and is really judgmental about me having casual sex. I had a pregnancy scare last week (I'm not pregnant) and all I wanted was some advice from my mom and she used it as a way to make me feel bad about my sex life. When I was younger, she would constantly slut-shame me for things I hadn't even done, and made me feel so guilty about the idea of even having sex that I didn't have sex even with my year-long high school boyfriend because of this crippling guilt. Whenever we argue she makes it a time to critique my entire personality and not just my behavior in that argument or even within my relationship with her.",1,relationships,831,161,validation,distilbert,1,1,0.039857805,0.9601422,-1.5558236,1.6259396
247,"But she's a nurse and works crazy hours, so it would just be too much for her, I think. I'm posting in case there's an option I'm missing. Any suggestions welcome. tl;dr: I have $$$ coming in, but the timing is off. Might be homeless for two weeks to a month.",0,almosthomeless,259,51,validation,distilbert,0,1,0.68973625,0.31026375,0.37494248,-0.423944
248,"- Constantly forgets where she put her cell phone (even though she keeps it in the same designated spot) - She was the money-person in my family. Knew everyone's bank account numbers, credit card due dates, utility bills, etc. Recently handed the task of money management to my dad because she was forgetting to pay bills. - On her way to the grocery store, forgot where she was driving to; ended up at my dad's work instead",0,relationships,424,77,validation,distilbert,0,1,0.957986,0.042014077,1.4839525,-1.6428759
249,"I’m also quite intellectual, I can speak 2 languages other than my native language, English and Japanese. But I only want my boyfriend, he has a shy personality but he’s very knowledgeable, he’s like a walking Wikipedia and I love him so much. He makes me feel calm just laughing at our inside jokes, receiving a cute text from him, and ever since being in a relationship with him I’ve grown to be happy with the smallest things in life. But he never seems to be able to move on from the event from his past, or he‘s just deeply affected by his depression and negative thoughts, also all the stress from his studying in university and family really is a big problem. All of this really took a toll of our relationship, to the point that we hardly called anymore or had any communication.",1,relationships,787,145,validation,distilbert,1,1,0.443218,0.556782,-0.11812849,0.10998357
250,"Update - Thanks all, I have calmed down a bit now. Will sleep on it and hopefully tackle with a clearer head tomorrow. --- **tl;dr**: Found out from stranger on Facebook my partner is most likely going to leave me, feel betrayed she posted it on a public forum like Facebook. Right now feeling useless, am introverted and quiet by nature so I don’t have much of a support network.",1,relationships,380,70,validation,distilbert,1,1,0.023221495,0.9767785,-1.8279743,1.9112071
251,"* The survey usually only takes about 5 minutes (or less) to complete - but you can take as long as you like! * Please note that this survey is best viewed via a computer screen, rather than on a mobile phone. Interested? Here's the link: <url>",0,assistance,244,47,validation,distilbert,0,1,0.98310447,0.01689556,1.9456058,-2.1180587
252,"I just saw Mystic River, and went online to look at comments and all, and I couldn't believe what I saw. If you have seen the film, people claim that where Tim Robbins character's faith went to was bound to happen because of his childhood assault. Why can't movies represent people who have survived childhood sexual assault as strong? Forrest Gump, Jenny becomes a drug addict and is a mess, Kiss Kiss Bang Bang the girl dies, Mysterious Skin becomes a male prostitute. Is that really how society sees us?",0,survivorsofabuse,506,90,validation,distilbert,1,0,0.4305917,0.56940824,-0.06623385,0.21320352
253,"Its hard knowing that everyone around you doesn't have these issues, It's hard that it takes an extreme amount of work just to make a normal day in life go by smoothly(which it almost never does) At first I felt like I had a grasps on this whole PTSD thing because it made sense when I first got diagnosed but the longer it's been the harder this is to deal with. Do you know what it's like to constantly feel uncomfortable in your own skin but you can never turn it off? this is the answer I give when people ask me what's wrong, because there's always more than one thing going on at the same time. I find myself drinking more than i'd like to admit,I never drank before this, anything to take the edge off. I feel like I'm having to teach myself everything all over again, I don't even know how to formulate that into words.",1,ptsd,827,159,validation,distilbert,1,1,0.011169881,0.98883015,-2.225096,2.2582057
254,"I'm going to be spending only on essentials. I need some advice though. This is  new territory to me. You guys got any tips for me? Oh yes and I have a gym membership, so I'll be showering there now.",0,almosthomeless,199,40,validation,distilbert,0,1,0.97085035,0.02914967,1.7013991,-1.8043298
255,"As you can tell, this is quite a bit more than my ""income"" of 250... Today, I got my car tax bill; 190 euro. We do have a wellfare/social security thingie office, but they have turned me down, because their limit IS 250 (rent excluded, but they seriously claim that my brother SHOULD house and feed me...so I get nothing) Without the car, I can't GET to the little work I get - at this point, I can't buy fucking toilet paper - my brother loses about 300 euro per month supporting me (heating, food, hygiene) I don't even know what to do anymore.",1,almosthomeless,546,104,validation,distilbert,1,1,0.013360627,0.9866393,-2.155195,2.1467974
256,"I am worried that I may have Post Traumatic Stress Disorder due to a few notable symptoms/issues that I experience. (I also have one notable traumatic experience involving an accident my father was in, he got hit by a bus when I was seventeen and almost died, which I do have nightmares and flashbacks of, but that is a different story.) Does anyone have any idea if this is possible to have the disorder due to a multitude of experiences? Thank you for any advice, help, or information in advance. It is greatly appreciated.",1,ptsd,525,94,validation,distilbert,1,1,0.38739577,0.61260426,-0.15346918,0.30480316
257,"Then about 25 minutes later I got a message from her saying that she was downstairs with Annie and her friends pre-drinking so I came down. I asked her how long she was down for and she said the whole time as Annie was already downstairs. I asked her why she didn't let me know everyone was downstairs already, instead of just leaving me in my room by myself to which she replied ""don't worry about it, it's no big deal."" I said it seemed weird she just din't think to tell me for nearly half an hour to which she rolled her eyes and said ""oh don't you start."" I decided it wasn't worth getting annoyed about it and didn't bring it up again.",0,relationships,641,125,validation,distilbert,0,1,0.93291265,0.067087315,1.2168747,-1.415442
258,"Any problem he had, he would blame on me. If I didn’t take his side during an disagreement he was having with someone else, he would get so mad and start with the insults. I eventually got out of the relationship, and when I ended it, he began obsessively texting me up to 30 times a day, talking to my family and lying to them about what was happening, etc. He finally stopped when I threatened a restraining order. The last time we talked was in May 2017.",0,relationships,457,88,validation,distilbert,1,0,0.171707,0.82829297,-0.7742812,0.7992961
259,"(Edit: sorry if this is very word-salad-esk and difficult to follow, this is one of the only times I’ve ever spoken about this, and the first time writing the entire thing down. It’s long, but it includes every detail that les to what happened. I would really appreciate anyone who wants to avoid any abuse or is going through abuse of an employer to learn from my mistakes, and be smarter and stronger than I was.) I had gotten my first retail job at a very popular hunting and fishing retail chain-store. I had been given the idea to work there by my boyfriend at the time.",0,survivorsofabuse,575,107,validation,distilbert,0,1,0.9847424,0.015257611,2.013662,-2.1536396
260,Is he who I would have pictures when thinking of a love interest before we started dating? Not really. He has a different style than my normal type and different interests. However he has an amazing fun personality and our senses of humor mesh really well together. Another big thing that makes us not so perfect is the fact that he got out of his “first love” relationship of 5 years one year before we met.,0,anxiety,408,76,validation,distilbert,0,1,0.98049384,0.019506207,1.8748443,-2.0424793
261,"Something like that happened again. He was angry with me and wanted me to go to another room so he didn't have to look at me but I wanted to stay (not getting involved in any conflict or anything, just doing my studying and not interacting) so he took me out of the room by force, not hard again, but I got hysterical nonetheless. After calming down I continued my studies in the kitchen, trying not to think of what had happened and where this relationship was going. In about an hour he came to me and it looked like his anger was unresolved as he was provoking me. I decided not to get involved because this time I was genuinely frightened of what was going on.",1,domesticviolence,664,127,validation,distilbert,1,1,0.03575304,0.9642469,-1.5299165,1.7647954
262,"It helps with the physical symptoms, such as palpatations and elevated heart rate. However I still have attacks that force me to lay down alone for 30 minutes or more, sometimes hours. I have random pains all the time, my arm, leg, chest, stomach, headaches, etc. Constant health anxiety too, I get one mild headache and think I have meningitis or a brain tumor, etc. Well I had a checkup with him today and asked him about medicine I could use PRN.",1,anxiety,449,82,validation,distilbert,1,1,0.019749375,0.9802506,-1.9291568,1.9755298
263,"Some days I can't hear music from that time period, watch a show that's remotely emotional, or just sit without tearing up. I've never been to see a shrink, although I know I should of, due to past experiences and money issues. I was diagnosed with PTSD and told I should talk to someone. I don't know where to go usually. Especially on nights like these where I can't be quiet without thinking about that night or breaking down in tears.",1,ptsd,438,81,validation,distilbert,1,1,0.017558958,0.982441,-2.012394,2.0120823
264,"I do not want to use a payday loan or inheritance lending because they take too much in interest. It’s not a huge amount of money but it will help me a lot of I’m smart with it. So, I don’t want to go to a predatory lender. Business is picking up for the holidays, I’ve taken a part time job, and will be ok if I could get a loan of $900 to take care of my car bills so that it doesn’t get repoed. I just don’t have any chunk of change to take care of either bill and register my car.",0,assistance,484,104,validation,distilbert,1,0,0.024491852,0.97550815,-1.802006,1.882612
265,"He won’t give her access to their bank accounts. He refused to let her learn to drive, told her she wasn’t capable, that she’d get into an accident and kill their daughters. He’s violent, and he tried to kill himself in front of her after abusing her and that’s when she left. He is lying and saying he’s gone to more therapy than he has (she asked his therapist if he was going, no he hasn’t been), and he still refuses to give her access to their bank accounts or give her money. My friend has no options.",0,domesticviolence,507,98,validation,distilbert,1,0,0.03379254,0.96620744,-1.7325757,1.6205627
266,"I'm a 24 yr old female and I've never had a person I could call a friend in my life. There was a 2 and a half year period where I barely left the apartment. My first job was when I was 23. Its a warehouse job and it will have been a year since I started working there in a couple of weeks. Even though I've been there for that long I havent formed any relationship with anyone there because i always avoid getting too familiar with anyone, that's my default way of being and I hate it.",1,anxiety,485,99,validation,distilbert,1,1,0.019788668,0.98021126,-1.9695756,1.933083
267,"This made me feel somewhat uncomfortable, but I laughed it off and tried to go along with it, and trust him and take it as an innocent compliment. He asked if I wanted to smoke some weed with him, and I knew already from past experience that I tend to have very bad reactions to it. He told me that if I freak out then he wouldn’t let anything bad happen to me. I was having a pretty good day, so I smoked some weed with him. It was actually okay being high.",0,ptsd,458,93,validation,distilbert,0,1,0.9360121,0.063987896,1.2962132,-1.3867214
268,"Recently my anxiety has gotten really bad, possibly the worse it has ever been and I’ve been experiencing panic attacks, but I still can’t justify taking my medication because I feel like I deserve to suffer. I also struggle with the feeling like I’m making all this up and none of my problems exist which I know rationally cannot be true when I’ve struggled with this for most my life, however I still can’t shift it. I don’t know if this is part of my anxiety making me feel like this or whether it is another thing I’ve made myself believe. I guess I’m just looking for some advice and reassurance. I’m just really tired of feeling this way and constantly being in turmoil with my mind.",1,anxiety,689,127,validation,distilbert,1,1,0.011393627,0.9886064,-2.2045476,2.2586944
269,"When we returned a year ago, we had some very rough boundary issues (trying to forward face in their car, feeding baby junk, criticizing our parenting choices, etc.) with them. MIL has ""anxiety and depression"" and cannot address the issues she causes so FIL addresses them for her. It's the worst case of coddling I've ever seen. She does not see a mental health professional (because narcissist) and blames everyone else for any wrong she may do, which of course she does no wrong.",1,relationships,482,84,validation,distilbert,1,1,0.056830715,0.9431693,-1.3864207,1.4227481
270,"It made me feel so... small. After I left, I felt angry, really fucking angry. I don't want to call the office and make a fuss, I want it behind me. I'm just angry that someone could really think that way. I'm angry.",1,ptsd,216,43,validation,distilbert,1,1,0.01199568,0.9880043,-2.213394,2.1977465
271,"I'm feel when I read about sth or learnt sth and I talk loud about that I feel I'm fake. I have this feeling that I try to impress someone or my knowledge is shallow and in fact I don't understand this or that well so actually I pretend and I always waiting for someone to laugh at me or correct me. In fact I feel like a shallow person with lack of knowledge \(even basic\) and I myself against me by judging I'm fake, it's not importan what I know or think and generally it's funny when I'm serious because I'm so kiddo what could I know what real life is and how can I know anything. because of that experience most of the time I am full of anxiety and barely leave my house. I was even too anxious to post online.",1,anxiety,717,144,validation,distilbert,1,1,0.012083918,0.9879161,-2.1625898,2.2411325
272,"-	You must own an iPhone or iPod touch (5th generation) in order to participate, and you can earn up to $35 for completing the study. -	If you are eligible, you will be asked to download an iOS app called REPS. You will also complete several online surveys prior to and directly following use of the app. For more information please email us at <email> This study is administered by UCSF's THRIVE Lab, which is based at UCSF. The principal investigator is Dr. Aoife O'Donovan and you can contact her at aoife.<email> if you have any questions.",0,stress,543,98,validation,distilbert,0,1,0.98643273,0.013567253,2.0825691,-2.2038672
273,"I started my seizure while on the stairs and as a result was pretty badly injured. I broke my ankle and injured my knee. I also required stitches in my face. Let me make this very clear- I recognize that this experience must have been **terrifying** for Tom. I understand how frightening and anxiety provoking, and even traumatizing this was for him.",0,relationships,350,62,validation,distilbert,1,0,0.0734745,0.9265255,-1.1874161,1.3470871
274,"So today was me and my ex's son's birthday, she left me about 3 months ago. We talked here and there but we'd get frustrated towards each other, anyways long story short. I wasn't doing much with her at the end of our relationship, I was just so tired of it all, I was depressed and at the time dealing with PTSD which I had no knowledge I had. I cut all contact with her two weeks ago, going through my mother for my son. Today we finally hung out together to shop for his birthday, we had fun, we laughed, we giggled, we just had an overall good time which we didn't for the longest of time even when together.",0,assistance,612,121,validation,distilbert,1,0,0.27670974,0.72329026,-0.5005265,0.46031508
275,"I had crippling anxiety and depression during my college years and finally managed to graduate within the allotted semesters after getting diagnosed and learning to cope . I'm about to go in for a set of interviews and wonder if i should be honest about why my grades dropped all of a sudden and got back to normal (fell into depression/anxiety cycle). Also, wondering if it is overall even advisable to talk about mental health issues to your boss AT ALL in a workplace. What was your personal experience? **TL;DR did you tell your boss about your mental health issues?",1,anxiety,570,100,validation,distilbert,1,1,0.058987442,0.9410125,-1.3391488,1.4304832
276,I had a panic attack and broke down crying in front of my mom. She scheduled me an appointment for therapy and I just feel like bleh. I dont care about getting better right now. My whole body is in shock from that panic attack and I just feel like death. I honestly doubt I will get better,1,ptsd,289,58,validation,distilbert,1,1,0.010923867,0.98907614,-2.210461,2.2953606
277,"The ""me too"" movement I've found to be extremely inspirational and empowering. I am no longer ashamed of what happened to me, but I still don't feel like I'm healing. I was hoping that these flashbacks and the anxiety, fear and dread would go away over time, but they haven't. How do people cope? What do you read?",1,ptsd,314,58,validation,distilbert,0,0,0.80581015,0.19418985,0.70445216,-0.71855974
278,"Without my meds I can be kinda unstable, few months back I stopped taking them and ended up breaking my hand because of it. I have no real education except high school diploma and I wasn't smart enough to finish community college as I'm useless with math and science and that's all I needed to finish for a general studies degree. All I seem to be doing is existing and that means I'm a burden on anyone who tries to help me and right now I'm dragging my partner down. I just need help figuring out what to do so I can stop being burdensome and be useful and have a purpose again. I don't really know what to do anymore, but this is all I have left to try.",1,homeless,656,130,validation,distilbert,1,1,0.010891807,0.9891082,-2.2064579,2.302335
279,"I refuse to carry both of us anymore and I'm also tired of the drama between us as well. So, part of me hopes he doesn't pay the rent and that'll give me my push to really move on. Anyway, I'm ok with going to a shelter, but I worry about my laptop. I remember when I was living in a shelter when I was a kid, they didn't allow you to have certain items. I don't want to part with my laptop for them to keep it safe and it gets ""lost"".",1,almosthomeless,435,93,validation,distilbert,1,1,0.023714717,0.9762853,-1.8124675,1.9051917
280,"It’s a long twisted story about how I found this out, but I was told by my parents that I had been assaulted by R when I was younger. My aunt, not R’s mom, had taken us to the pool and R had taken me to the bathroom to change. When we hadn’t come back in a few minutes she came to check on us and she found me naked with R fondling me and trying to insert his penis into my mouth. She stopped the assault but doesn’t know what happened prior to finding us. Remember I didn’t recall any of these events as a 36 year old.",0,survivorsofabuse,519,109,validation,distilbert,0,1,0.67388487,0.3261151,0.39974332,-0.3260656
281,"Check out r/kratom for some info. I personally swear by it Edit: Seems like it has a bad reputation. From my (and others) experience: If you take it in moderation and get it from a REPUTABLE VENDOR, (some 'kratom' is not actually kratom. I heard some head shops tend to mix it with bad stuff) You will have no issues with it.",0,ptsd,325,62,validation,distilbert,0,1,0.97159415,0.028405793,1.7592709,-1.7730742
282,"His new wife would get mad at me for asking for basic things. Pads, new clothes for school, new glasses, ect. My grandma was the one who had to buy me new clothes and stuff because they refused to. When I told them I wanted to do Academic Bowl & BPA at school they both laughed at me and said in a mocking tone that its for smart kids. I did it anyways and won many awards.",0,survivorsofabuse,373,77,validation,distilbert,0,1,0.9516352,0.04836486,1.459309,-1.5200992
283,Im not physically hurt. My father abd the driver carry on a conversation as if im not screaming. We get to the hospital and the checkup reveals nothing. Im embarrased for screaming. They send us home.,0,ptsd,200,36,validation,distilbert,0,1,0.7454441,0.25455582,0.560277,-0.51418304
284,"Hi Friends! In honor of the Challenged Athletes Foundation, my dad is undertaking a great bike ride for charity and would love your support. After completing the Tour du Rouge for the American Red Cross a few years ago, he is now teaming up with the Challenged Athletes Foundation (CAF) for the Million Dollar Challenge. As a loving father, I would love to support him and his endeavor through a 620-mile ride over 7 days in California. The CAF raises money to help people with physical challenges pursue an active lifestyle through physical fitness and athletics and this is one of their biggest events.",0,assistance,604,104,validation,distilbert,0,1,0.98397696,0.016023071,1.9901612,-2.1274114
285,"Hi there, I'm a 21 year old Scottish student studying contemporary art practice at an honours degree level. Is anyone interested in allowing me to use their words for use in my project for university? The consequences psychological abuse has for victims is an incredibly tricky but important subject to portray through art. I have made sure to research rather heavily on the subject of the affects of mental abuse, as well as having my own personal experience with it. I will make sure to represent it with respect for everyone that has went through something similar.",0,survivorsofabuse,568,97,validation,distilbert,0,1,0.9843567,0.015643297,2.0344806,-2.107465
286,"You may also learn some less widely known information about the high energy content of some of the things you consume, which can help you make decisions about your overall diet. In addition, you can also choose to receive a summary report of the research findings. To read more and complete the survey, please click on the link: <url> Thank you! Roni Botterill",0,assistance,360,63,validation,distilbert,0,1,0.98679686,0.013203189,2.0561376,-2.257868
287,"I made a mistake as a result of being shaken up. Now she has complained to my boss but has falsely amplified my one mistake into me being absolutely negligent and incompetent. I found out about this 8 hours ago, had another flashback/panic attack, and my heart is still pounding. I've convinced myself I'm going to get fired. I know I need to go back to counseling.",1,ptsd,365,67,validation,distilbert,1,1,0.010980437,0.9890196,-2.1952493,2.3053496
288,"One night I was staying up late with my uncle watching movies (this was not odd, we would watch Disney movies all night together during the summer. Like I said, he was my favorite). All of the sudden he decided to propose something to me. I was six. I had no idea what any of this meant.",0,survivorsofabuse,287,57,validation,distilbert,0,1,0.92828953,0.07171044,1.1799364,-1.3807709
289,"Because I have! And it literally makes me feel 10k x crazier than I already feel as it is. She left me alone, meds unfilled, and then told all her colleagues I was trying to scam ADHD medication off of her, so now none of them want to take my case either. Backstory, I’ve been seeing this doctor for 3 years almost now and at first I let her know my commitment issues with mental health, and having people just leave me stranded or pass me to new doctors every week and it made me bail the first few times I’ve tried to get my brain right. So we have appointments every 3-6 ish months depending on medication change.",1,ptsd,616,119,validation,distilbert,0,0,0.75059825,0.24940178,0.55180407,-0.5500013
290,He loves them and treats them like gold. I love the type of father he is but I hate the way he treats me. I have no one to open up to or go to if I even tried to leave him. I’m tired of him abusing me mentally and physically me. He has cheated on me several times and each time it knocks my self esteem Lower and lower.,1,domesticviolence,319,70,validation,distilbert,1,1,0.013923209,0.98607683,-2.150492,2.1096852
291,This month and last have been very touch and go. I have sold everything under the sun to keep my home but I am probably not going to make it. It's to the point I have sat and weighed the pros and cons of suicide (please don't talk about this subject.) But I've used up every single resource and realized I don't really know many people in the city I'm in. I don't have much of family any where close and none I could live with.,1,almosthomeless,427,86,validation,distilbert,1,1,0.015791673,0.9842083,-2.0308266,2.1015282
292,"They’re like flashbacks and everything I hated that he did , I want this new person to do to me to the point where I break down again. What the fuck is wrong with me please. These are violent degrading fantasies and they make me feel like a really disturbed person. The thought after an orgasm literally makes me cry. Someone out there has to know what I’m talking about please.",1,ptsd,378,71,validation,distilbert,1,1,0.011863039,0.98813695,-2.1887712,2.2336223
293,#NAME?,0,domesticviolence,6,1,validation,distilbert,0,1,0.6670315,0.33296844,0.3231055,-0.37168413
294,"I was getting changed into a pair of shorts and was standing. When I lifted one leg to put on the shorts, I was very shaky and it was uncontrollable. Even just when I stand, my legs shake. What is going on?! I'm scared out of my mind because no one else on the internet seems to have this exact issue so I have no idea where to look.",1,anxiety,333,69,validation,distilbert,1,1,0.013288173,0.98671186,-2.0698683,2.2376356
295,"It seems like you only ever see people try to complicate mental health, so I woke up this morning and decided that I could try to take one step to start simplifying it/making it more human/honest. Don't hesitate to reach out and message me if you think any of this speaks to you. Feel free to share this guide/brain regimen to somebody you think may benefit from it. It's time to stop talking about ending the mental health stigma and actually start talking about these things more like it's a dentist visit.",0,anxiety,508,92,validation,distilbert,0,1,0.98752373,0.012476267,2.1036322,-2.2677398
296,"Dealing with ptsd from rape, and recently found out that someone who I thought was a friend sexually assaulted one of our friends at a party we were at. I get flashbacks of waking up whenever we were at parties together and I've seen him awake once or twice and even though the likelyhood is very low (given the background of what he did), I can't shake the feeling that he mightve done something to me. What he did to her is giving me feelings like what happened to her was actually me. My doctor suggested womens group therapy, but I wanted some opinions first. Any thoughts will help",1,ptsd,586,109,validation,distilbert,1,1,0.01828343,0.9817166,-1.9627308,2.0205767
297,I thought I did well but I was severely depressed. That weekend was my birthday weekend and he made it miserable. He said I was a brat to ever think that it was a special day. I received the silent treatment from him and him being drunk and telling me that i'm worthless and don't do anything for him. I didn't even get a gift or affection.,1,domesticviolence,340,67,validation,distilbert,1,1,0.021492466,0.9785075,-1.9664446,1.8518813
298,"I just couldn't cope, the abuse I already remembered was bad enough but this...this was just too much for me to deal with. 2 weeks ago I couldn't take it anymore and took a large overdose, which ended up with me being in hospital...I now have done a little damage to my heart and shall have to live with that...I should probably point out that I am under 7st and have had an eating disorder since I was 7...it was the only thing I could control...you see I had no safe place, I'd leave my abusive home and go to school...where I was the only ginger child...sure I don't need to point out how hard that was. This is going to stop quite abruptly now, for I don't really know what else to say right now.. Each and everyday is a constant struggle and I am tired of drs telling me to be strong and just get on with life...I am 26years old for 20years I have had to be strong and ""survive"" well I'm tired of surviving...that doesn't mean I want to die but I do want it all to stop, I want to <url> to be happy and trust people, to realise what love is, I mean I have an amazing partner who loves me dearly but I question him every damn day...you see he doesn't hurt me and love...well as my Dad taught me...love is to hurt and lie....but that isn't love at all is it? !",1,survivorsofabuse,1263,250,validation,distilbert,1,1,0.010715587,0.98928434,-2.2108686,2.3144138
299,"What can I do to make this more manageable for the reader and helpful for him to actually want to hire me? Thanks! ____________________________________________________________________________________________________________________________ Dear [Store Manager 3], This is [Synchro_Shoukan], I came in yesterday and spoke to you about transferring from [Store Number] to your store.",0,assistance,381,47,validation,distilbert,0,1,0.9861373,0.013862722,2.0806298,-2.1839626
300,"My freelance worked has finally shown some fruits as I have booked 2 events for this month, a birthday and a wedding. I also just got hired to be a regular lead photographer at an events company and I start this Saturday. Now my dilemma is this, I am currently financially struggling and would need a help to finally have some stability. I am looking for anyone who can LEND me money. I'm looking to borrow since I will be capable of paying back.",0,assistance,446,84,validation,distilbert,1,0,0.01950824,0.98049176,-1.9040339,2.0131834
301,"Kate's father was just an angel all day long. We were planning to finally start sleeping at the house again. Evening comes, we all go home, and he puts on some crime drama marathon. It's a little too loud, so Kate asks him if he minds turning it down. He does so...for about five minutes, until she's out of the room again, and then he turns it up louder than it was previously.",0,assistance,378,73,validation,distilbert,0,1,0.98157483,0.018425167,1.9515684,-2.0238724
302,"Hi, I am legally blind. I was homeless from 2007 to 2013 and traveled around the country. That's why I chose the screen name that I did. In 2013 I was able to rent a room in Boston, MA. I lived there from 2013 to about a week ago.",0,homeless,230,49,validation,distilbert,0,1,0.91308165,0.08691834,1.2782665,-1.0735896
303,"I am limited and would like dire guidance on how to begin my journey, I want to enjoy myself and life without being restricted and abused any longer by my father. Thank you for taking your time to read this! P.S, I have a therapy cat that has helped me stay strong through out these passing years. I would like for him to be involved with my journey as well. It's been difficult finding youth centers that accept pets.",0,assistance,418,79,validation,distilbert,0,1,0.57775426,0.4222457,0.19854154,-0.11501963
304,"I don't care about compensations but I cant hold a job for health care so I go to the VA.  Like, ""we are here to make sure the military is not blamed for what ever is wrong with you"" kind of thing in my opinion. Anyways, I felt I should share some of the basic symptoms I have struggled with and the only treatment I have found that really worked is smoking indica strain cannibis at night when the child is asleep and having some relaxing time with my pets. Here are my symptoms: Panic attacks severe avoidance",0,ptsd,511,98,validation,distilbert,1,0,0.03837462,0.96162534,-1.5897783,1.6314504
305,"I'm scared I'm going to slip the next time I get in the car or on my motorcycle and just plow into something at full speed just because it'd be so easy and it might end all the pain. But then I don't want to do that, because I have a safe car, and I wear full safety gear when I ride, so those are both maybes. I don't have a gun. I find my thoughts straying from just using one if I had one to thinking of places I could buy one from. Does Walmart sell them in California?",1,ptsd,473,100,validation,distilbert,1,1,0.015572299,0.98442775,-2.0657768,2.08079
306,"Though I have been staying with family, their households are getting packed with other members and issues and so they have no room for me. I do not have many friends, and the ones I do cannot help whatsoever. So, I am on my own. I have a wonderful as a baker that I don't want to lose or give up. What can I do in my situation right now so that I am able to keep a roof over my head and still keep my job because I know that if I am just able to keep shelter while continuing to work this job, I will be able to provide decent housing and expenses for myself and never burden anyone with my problems ever again.",1,almosthomeless,611,126,validation,distilbert,1,1,0.020208044,0.97979194,-1.8538548,2.0274048
307,"But I see him during classes and it might be extremely weird. And I don't want to go to the counselling room and knock on the door, what if they're having a session? And I'm probably gonna just nervously laugh while walking in. Talking to my teachers about it is a no no. I can't go to a therapist directly due to my parents lack of understanding and ignorance of mental illnesses.",1,anxiety,381,72,validation,distilbert,1,1,0.018054396,0.9819456,-1.9234719,2.0726748
308,Its hard to find doctors that take cash within my budget of 100 dollars. I have a Master of Publicn Administration but I have not been able to get a job in that. I meet my therapist Tuesday who works for the same office. I hope I can keep seeing him.but has not returned my calls for a few days. I went to the office today and he sent me an email saying we are on for Tuesday but the email wasnt very compassionate after the messages I left him.,0,anxiety,445,90,validation,distilbert,0,1,0.5197061,0.48029396,0.0851398,0.0062746843
309,"I'm 20 years old and suffer with PTSD, Depression, Anxiety, and Insomnia. But my biggest struggle is my PTSD. When I was 17 i was stabbed in my neck, while i was asleep, by my brother. I remember everything so vividly. But i don't really want to get into all that right now.",1,ptsd,274,53,validation,distilbert,1,1,0.01664664,0.9833534,-1.9945159,2.0842445
310,"And in the 10 years since my emancipation, I've only watched my cognitive state decline. I've been agoraphobic for 3 years now. 3 years ago I moved into the shelter system after a domestic dispute triggered my agoraphobia again. I felt like I was under constant threat, and that I wasn't safe anymore. So I moved.",1,ptsd,313,56,validation,distilbert,0,0,0.60634565,0.3936543,0.2893553,-0.14262183
311,"Also, stemming from the same background, I am still a virgin (he obviously is not) and I’m not quire sure how I feel about engaging in sexual intercourse with him. Whenever we “talk” about sex, I feel like I’m lying about how I feel. It’s more of an interest in learning the different aspects of sex than actual sexual arousal (I’ve been questioning the possibility of asexuality). If anything, I feel kind of giddy that someone thinks of me in that way but not in the “I want to have sex with you” way. I’m trying to engage him with pictures/videos/etc., but it feels all fake to me.",0,relationships,584,108,validation,distilbert,1,0,0.42924407,0.57075596,-0.14269716,0.14223886
312,"I have been either an emt or a paramedic for the past 9 years. I have been a part of way more than I wanted to be, I cant help but see all the god damned faces. I cannot work because I tried to protect my girlfriend and property from a threat, ended up being someone shooting off fireworks...  i have been shot at enough and held it in. I just cant. im tired,  I want to give up.",1,ptsd,379,79,validation,distilbert,1,1,0.013379719,0.9866203,-2.0871325,2.2134128
313,"Having expected that, I told myself at the time that it doesn't bother me much and I'll go back to handling it all by myself as I've been doing for years, but it's been nagging at me for most of the day now. I keep doubting whether I really am wallowing in it. My trauma occured five years ago, and it doesn't bother me anywhere near as much as it used to (thanks to some tricks I learned on here and through my own research), and I believe I've been handling it all okay. I do my level best not to dwell on it, I've accepted it's in the past and will never happen again...except that doesn't stop the flashbacks and nightmares. I wasn't directly involved in my traumatic events, I only saw and heard them.",1,ptsd,706,136,validation,distilbert,1,1,0.025986949,0.9740131,-1.708218,1.9156122
314,"I haven't ever been triggered by my grandma(until now) and even though it made me upset I had a ""well, it could be worse"" mentality. So yesterday my grandma got mad. Really mad. She started screaming at me, calling me names, and then threw a book at me. This triggered the trauma from my mom.",1,ptsd,292,55,validation,distilbert,1,1,0.029683232,0.97031677,-1.6795843,1.807456
315,"Hello All, I'm 27yrs old male, 100kg 194cm. For one year and half maybe I'm suffering from: **Chronic daily headache (dull behind left eye, pressure like)** * When try to think or remember something it seems to getting worse",1,anxiety,224,39,validation,distilbert,1,1,0.051937237,0.9480627,-1.3505819,1.5538027
316,"Should I chill out and let her contact me?   ---   **tl;dr**: The level of communication outside of face-to-face interaction is making it difficult to maintain attraction and to set up plans with the woman I am dating, and it has become worse the last couple weeks despite our in-person interactions being consistently great. Am I being too anxious/not understanding enough or is she a bad communicator? How do I bring this up with her?",1,relationships,436,74,validation,distilbert,1,1,0.018260855,0.9817392,-1.9865718,1.9979942
317,"The problem is one of these guy friends. I'm typically pretty shy in new social settings and don't really like to make be at the focus of anyone's attention unless I'm comfortable with them. When I first met these guys, it was like 2 polar opposites met. I'm fairly quiet, reserved, respectful and I like to think I'm a smart person. These friends, this one friend in particular, are loud, boorish and really rude.",0,relationships,414,74,validation,distilbert,0,1,0.9159382,0.08406183,1.1032441,-1.2851522
318,I'm trying to fill out the Claim of Exemption that came with the Notice of Levy packet that arrived yesterday. I'm extremely uncomfortable with this as so much is on the line. Google is useless. The best I've found are instructions stating to fill out the documents (duh!). Can anyone walk me through this?,1,almosthomeless,306,54,validation,distilbert,1,1,0.12802704,0.8719729,-0.8842636,1.0342534
319,"I got as far as Illinois when he ghosted me after urging me to leave in the first place. I've been going between three different friends who know I'm homeless but think I'm 19. I want to go to school, get a job to buy my own stuff, and get on with my life. I don't think my mom is looking for me, but I still need her signature to go to school. I don't want my new friends to get arrested for harboring a runaway youth as well.",1,homeless,427,89,validation,distilbert,1,1,0.23490514,0.7650949,-0.543341,0.63747716
320,"Are you fucking kidding me? YOU are not comfortable writing something to help me? YOU'RE uncomfortable writing a note and helping someone with a mental illness? Someone who has been trying everything fucking possible to live a normal life, someone who is seeking as much support as possible and only went to the idea of financial support as an absolute last resort? WHAT.",1,anxiety,371,63,validation,distilbert,1,1,0.047798406,0.95220166,-1.5502782,1.4415063
321,"But what do I know? I keep reassuring myself that this is normal, and never tell anyone about this - I'm surprising one of the top students at a selective high school, but I really want this to end. I'm good at hiding things like this, because I don't want others feeling pity for me for things they didn't cause or can change.   ---   **tl;dr**: Older brother psychologically and physically abuses me and my younger brother.",1,relationships,425,76,validation,distilbert,1,1,0.016102929,0.9838971,-2.0176406,2.0948794
322,"In exchange for your participation, you may optionally choose to be entered into a drawing for a $50 Amazon gift card. Eligibility requirements for participants include: Must be at least 18 years of age or older. Must have been diagnosed with one of the following at any point in your life: Major Depressive Disorder, Bipolar Disorder (I or II), Obsessive-Compulsive Disorder (OCD), Schizoaffective Disorder, Schizophrenia, or Autism Spectrum Disorder. Must not have been diagnosed with an Intellectual Disability.",0,anxiety,514,78,validation,distilbert,0,1,0.97940344,0.020596625,1.8883197,-1.9734966
323,TW: physical abuse? My dad was screaming at me today and I started crying out of fear. Of course in my household crying is not allowed. Hence he physically hit me and tried to cover my mouth which led to me hitting him back out of defense. My gums ended up bleeding and I don't think anyone else was concerned about how I was feeling — they thought I was just overreacting and stuff.,1,anxiety,383,74,validation,distilbert,1,1,0.025433939,0.9745661,-1.7644451,1.8814628
324,"**As some of you may have experienced; a potential symptom of anxiety is Depersonalisation/Derealisation; a sensation of losing control that has generated the greatest terror I have ever experienced. All of the notions I mention here are applicable to X anxiety but I use DPDR as the focus of my anxiety and the insights/reflections I have come to. ** I have had OCD, a fear of uncertainty, a desire for control and ""normality""/constancy since around 12 years old. A.K.A: Anxiety.",0,anxiety,480,80,validation,distilbert,0,1,0.89693475,0.10306528,1.1046836,-1.0589367
325,But part of me fears that coming back out there I'll find a suicide. He's talked about it a lot and has plenty of guns. I had to take his Kimber .45 Raptor and Kimber .380 yesterday so I didn't have to worry about him shooting the dog. But they were just left o the counter cause I'm no thief. I just... Don't know what to do y'all....,1,almosthomeless,335,68,validation,distilbert,1,1,0.012964197,0.9870358,-2.1500862,2.1824286
326,"I can hardly step into his room because that is where it is most concentrated. I love keeping a clean and nice smelling apartment. I don't mind doing extra cleaning and buying extra air fresheners to keep it that way. However, Matt's BO literally follows him around and lingers where ever he goes. This has cause our ENTIRE apartment to smell of testosterone and mildew in a matter of days and it's only getting worse.",0,relationships,418,75,validation,distilbert,0,1,0.7762572,0.22374284,0.63843584,-0.6055508
327,"I usually ""vocalize"" with rocking then I end up pretty catatonic for a while then mute for another couple hours. I'm stuck in the mute part right now. Too scared to leave my bed,  can't talk,  and hoping it ends soon. Anyone else wail then go mute? Have you found anything that helps get your voice back?",1,ptsd,304,57,validation,distilbert,1,1,0.013249651,0.9867503,-2.1122563,2.1981897
328,We would be grateful for any help that would help us guarantee we are able to take care of them. Any help would be a blessing. <url> &#x200B; <url> \- Pictures of Ben and his brother Sam,0,assistance,186,37,validation,distilbert,0,1,0.987164,0.012835967,2.0774624,-2.2651227
329,"The messages are essentially the guy being flirtatious and asking her to come over to his place. My gf’s responses are not flirtatious but definitely welcoming. She responded to his offer by saying “how about we meet halfway and grab some lunch together some time”. She never told me that she was even still in contact with this guy. And their relationship was explicitly sexual, not friendly.",1,relationships,393,67,validation,distilbert,0,0,0.986665,0.013335013,1.9990191,-2.3049183
330,"I'm doing an article for a Mental Health Blog and I really want to write about people's stories on the importance on opening up/going to seek help from a professional. I would love to hear your experiences, why you went/started opening up, what you have learned, and how it has impacted your life! Of course everything you write will be anonymous on my post (I can even give you a pseudo name if you would like, just let me know)! Feel free to comment down below or message me if you want to be more private, thanks! :)",0,stress,519,98,validation,distilbert,0,1,0.98858285,0.011417122,2.1240814,-2.337077
331,"He backed me into a corner in the kitchen and kept hitting me. When I fell he stomped on my face and also choked me. I was trying to hit back but he's much bigger than me. When he starting choking me, I bit the holy hell out of his arm to get him off. He surprisingly did, after yelling about how it hurt, then went to finish packing.",1,domesticviolence,334,69,validation,distilbert,1,1,0.13415542,0.8658446,-0.90444857,0.9602578
332,"Not actually losing my home at the moment, so so far not in danger of homelessness, but I figured this was the next closest place to ""Tips for Poor as Fuck People"". We're losing cable tomorrow or the next day unless we come up with money we don't have. Losing the internet is brutal, but losing phone service is going to be the real problem. I'm in the middle of a series of surgeries over the course of a year with the final one being a month out. In really shitty medical condition...and now I am going to be cut off from getting messages from any of my doctors, surgeon, or infusion clinic.",1,homeless,593,113,validation,distilbert,1,1,0.012856689,0.98714334,-2.163719,2.177232
333,"Has anyone else tried exercising regularly to help with anxiety? It’s been quite a while since I exercised regularly, haven’t really done it since my anxiety started. I’ve been riding my bike every day for the last week or so and have noticed that it’s helped quite a bit. Haven’t had any panic attacks. Some very mild anxiety yesterday that passed within an hour or so, but that’s been about it.",0,anxiety,396,71,validation,distilbert,0,1,0.91492593,0.08507406,1.1733899,-1.2019311
334,3. Not wanting it to happen So.... Just drunk? ... Or dissociation? Is there a way to tell?,0,ptsd,91,18,validation,distilbert,1,0,0.4896771,0.51032287,-0.054521997,-0.013224577
335,"I feel like I have the worst luck with everything, but maybe that's just bias. I feel like life has dealt me a short hand and I feel so guilty saying this because there are people out there with lives far worse than mine. Walking is painful, talking is painful, I don't know what to do. I just want everything to end. I just want to rest and not have to struggle.",1,relationships,363,72,validation,distilbert,1,1,0.0118745975,0.98812544,-2.195449,2.225959
336,"I can recall one situation where I was accused of taking her credit card (I was 6 years old and before we had computers), the one she left in store, so decided to ransack my bedroom, destroying most of the gifts I got the Christmas. This resulted in being given a crumpled, unapologetic five-pound note. No sorry, nothing said, just the silence and dark stair. From a young age I was subjected to social seclusion, I was not allowed to hang out with any of the local kids in my town. Apparently, they were all ‘bad’ children and believed I would be influenced by them resulting in becoming, well I am not to sure what she expected.",1,survivorsofabuse,631,117,validation,distilbert,1,1,0.1974221,0.8025779,-0.6263122,0.7761727
337,"This is my first post on reddit and I am seeking any advice I can get. Current Situation-I am a 22 year old veteran, living under the good graces of my girlfriend. I have 2 part time jobs. One as a server and another as an Army Reserve soldier (both of which I have just started after being unemployed for almost 3 months.) I have almost $15k worth of credit card and vehicle debt to my name and absolutely nothing in savings.",1,almosthomeless,426,82,validation,distilbert,1,1,0.0834582,0.91654176,-1.135462,1.2607996
338,"I never personally did anything beyond a ""show me yours and I'll show you mine"" type of thing where another kid and I would see how we ""measured up"", but it felt like those experiences had heavily sexual undertones for me - I don't know if that was me figuring things out or if my mind went there from what happened to me cousin. When I was about 13 I remember thinking to myself that it was crazy that so many of my peers knew what they wanted - I was just really, really confused. I said to myself ""I don't know what I like or which team I go, and I bet that's because of what happened between me and my cousin. I'll figure it out when I'm older"" and that was it. I did what a lot of other kids my age were doing - I hopped online and watched lots of porn.",0,survivorsofabuse,758,155,validation,distilbert,1,0,0.04368686,0.9563132,-1.4659096,1.6201284
339,"I would comfort her as much as I was able, and once when I was home on break, I even confronted my brother about his behavior. I tried to be empathetic and not accusatory, and have a conversation about his feelings and encourage self-reflection. I talked about how I suffered from depression in graduate school and compared my symptoms of increased irritability and desire to stay at home with his current behavior. He seemed receptive to the conversation instead of becoming defensive as he usually does, and ultimately I suggested he try counseling, as that helped me. He never pursued it, though.",0,domesticviolence,599,102,validation,distilbert,0,1,0.9794024,0.02059758,1.847867,-2.013902
340,"During a night he came barged into me and my mom's room and started hitting her. I was so confuse and in tears I didn't know what to do, but cry. I didn't get much sleep that night. The abuse continue on for 4 years. There was peaceful time I thought the abuse stopped.",1,domesticviolence,269,54,validation,distilbert,1,1,0.027821958,0.972178,-1.7448313,1.8088821
341,"*Disclaimer: This Discord is not at all affiliated with this subreddit and is not moderated by anyone from the moderating team here. * Hi all! I run a general mental health peer support chatroom on Discord for people 18\+. At over 2600 members, we still maintain a close community\-oriented atmosphere with rules in place and moderators present at all times.",0,survivorsofabuse,358,60,validation,distilbert,0,1,0.98695904,0.0130409235,2.0980313,-2.2285047
342,"First it was chest pain and heart palpitations. Then left arm pain and shoulder pain for awhile. Then back pain and tension headaches now it's a little mix of everything, I get breaks in between where it feels fine but then it comes back and my mind now after it being relentless for 2 days is think is this Really anxiety? I mean cmon this is relentless even at time when I'm not anxious. Sorry for the rant just getting sick and tired of constant suffering where I don't even know what's round the corner next...",1,anxiety,514,96,validation,distilbert,1,1,0.011663885,0.98833615,-2.1592724,2.280253
343,It was all so wrong of me. It started happening when we went to my father's bday weekend and a family member groped me and I remembered that he also did stuff like that. A lot of em did. My partner was sad and fell asleep after I told them. I couldn't sleep.,1,survivorsofabuse,258,53,validation,distilbert,1,1,0.019023051,0.980977,-1.950036,1.9928615
344,"But this time if she ordered me a shot, I gave it away. I'm one of the only friends left who will go out to eat or drink with her, and I don't want to do it anymore. I feel I am enabling her diseases and I feel extremely guilty. She is worrisomely thin, and I don't think she'll live another 5 years. I honestly think the only calories she retains are from alcohol.",1,relationships,365,74,validation,distilbert,1,1,0.023632633,0.9763674,-1.877173,1.8440374
345,I am able to pay back plus interest within a short time frame. If anyone can help me I would seriously appreciate it. I'm extremely stressed out a helping hand would be so amazing. I tried to keep this as short as possible. If you are still reading this thank you for your time.,1,assistance,278,54,validation,distilbert,0,0,0.98354614,0.016453894,1.9756463,-2.1149561
346,"for at least a month i was waking up from 4 hours of sleep to panic attacks. the only thing that calmed it was over the counter sleeping pills.I noticed it help my hypervigilence, i was no longer jumping and getting adrenaline rushes from every little sound. but i forget to take the sleeping pills from time to time like tonight. I slept 2 hours then woke up, no anxiety or panic attacks this time but unable to fall asleep and with much on my mind. I don't want this to affect my work but it has been.",1,ptsd,503,98,validation,distilbert,1,1,0.036876097,0.9631239,-1.5932995,1.6693192
347,"The reason being is just to protect you awesome folks. I know most of the people who request monies are truly in need but there are always a few who take advantage of the generosity of others. So please, let’s just stick to food and hygiene items only, guys. Again, those who help out here are some of the kindest, most generous Redditors there are. Glinda~",0,food_pantry,357,66,validation,distilbert,0,1,0.98730963,0.012690333,2.088903,-2.2652402
348,"*Alt account cuz I don't want to be recognized for my embarrassment* Anyway, I just asked a girl out via text and am awaiting her response. I believe that she is probably sleeping since she usually goes to bed early so I most likely won't hear from her until tomorrow. But the wait is eating me up inside. I figured that I'd go for it cuz why not, ya know?",0,anxiety,356,70,validation,distilbert,1,0,0.033615056,0.96638495,-1.6328683,1.7257198
349,"(He knows where we live and go to school) My moms in a ton of debt because of my dad. Right now both of them have a job but if my dad is no longer working, it's gonna be a lot harder to pay it off. I also go to a private school which costs a lot. How do we deal with this?",1,domesticviolence,272,63,validation,distilbert,1,1,0.023155164,0.97684485,-1.8714375,1.8706725
350,Not sure why but I’m really off today. I can’t stop feeling like a screw up even though I’ve really done nothing wrong today. I feel like it might have been triggered by seeing an old family friend who asked how my abuser was or because I am having an injury flare up after doing really well. I just feel useless and unlovable. I have convinced myself even my husband doesn’t like me.,1,ptsd,384,73,validation,distilbert,1,1,0.0117524285,0.9882476,-2.1869404,2.2449331
351,"It wasn't a trap (like, wth?) and I just couldn't hide my emotions effectively. I know he has a lot on his mind lately and he's very anxious, but so do I, and I also feel it's unfair to him to use me as his emotional punching bag. I love the guy, but lately I've been thinking almost on daily basis whether to put an end to the relationship. I'm exhausted by his continuous lashing out and bullshit.",1,relationships,399,78,validation,distilbert,1,1,0.011941374,0.9880586,-2.2242749,2.191458
352,"I have several issues with anxiety, but urban driving is one of the worst. So of course, my wife drags me along to new york city and expects me to do the driving. Currently emotionally and physically exhausted. One of the worst things, one that i will cause me lose sleep at night is: im anxious because im unsure if paid a toll while traveling in a tunnel from JFK to jersey city. My rental has an easy pass, but it was dark, i was confused.",1,anxiety,442,86,validation,distilbert,1,1,0.015603945,0.9843961,-2.0748188,2.0696855
353,"How do I decide? I clicked with one guy, but he does talk therapy, doesn't really have a specific method like EMDR or CBT. There are many who use specific methods, and most didn't click, or had approaches I feel iffy about. Ultimately I think I just have to accept that no therapist will make this problem of living with CPTSD go away, and this is something I'll have to learn to live with. What tips do you have for picking therapists, or about therapy in general?",0,ptsd,465,87,validation,distilbert,0,1,0.6937518,0.30624822,0.4228383,-0.39487997
354,"We’ve been together for two and half years but went through a rough patch not too long ago because I shipped off to basic. But now that I’m back we were good but now her depression, anxiety and suicidal tendencies are pushing me away. I’m trying my best to support her but it’s so hard because I’m just her boyfriend? Not her shrink or doctor. Idk what to do anymore because I try my best to help her but she doesn’t really care anymore.",1,relationships,437,84,validation,distilbert,1,1,0.01520969,0.98479027,-2.088881,2.0816147
355,"bah. Anyway, couple months down the line, I met her family, loved them, they loved me (they're first impression of me was, get this, me clogging they're toileting and it overflowing with me yelling SOS through the bathroom door.. it was awesome lol). L and I continued to grow even closer as my now senior year progressed (her junior). Then March happened. L started to act wierd.",0,relationships,380,67,validation,distilbert,0,1,0.98053586,0.01946411,1.9060847,-2.0134423
356,"I receive SSI/SSDI. About $1,000/mo. I have a gym membership at 24 Hour Fitness for taking showers whenever I want. I have a membership at REI for buying camping gear and clothes suited to the outdoors. I live pretty comfortably, all things considered, and have figured out a system of outdoor living that both keeps me alive and sane.",0,homeless,335,59,validation,distilbert,0,1,0.98298764,0.01701232,1.9707205,-2.085938
357,"Hi everyone my name is Lily, I'm 19, I live in CA and I really need help with rent. I've tried to do everything I can but I can't get any help, so reddit i'm looking to you to help me out over here. I need 200 hundred dollars by the end of \*next week ( unless I get another dog sitting offer which then of course I will let you guys know ). Due to so major life issues ( father dying at age 14, grandmother dying a month later, getting chronically sick around that time, PTSD ) I'm having trouble getting my GED which is making it harder for me to get a job but I am trying.",1,assistance,575,120,validation,distilbert,1,1,0.012348493,0.98765147,-2.1044514,2.2773442
358,I am a stay at home mother of 3. My oldest is my husband's as his mum gsve up on him 5 years ago. My youngest was born with a congenital condition and my middle has ASD. I live to look after them and they are what keep me grounded. Just for some reason recently I have been struggling more and more to just suck it up and carry on.,1,ptsd,331,70,validation,distilbert,1,1,0.028914835,0.97108513,-1.6895914,1.8244679
359,Thank you! EDIT: Thank you to /u/dan_coyle .... He purchased my entire Amazon wishlist. I can't even express how thankful I am to know that I will be ready with a few staples for the cooler weather. Thank you also to everyone who made very useful suggestions for low-cost places to shop for clothing in the future.,0,assistance,314,57,validation,distilbert,0,1,0.98648745,0.013512519,2.0768182,-2.2137158
360,"I’ve been trying not to get triggered or stamping on the instincts to just leave the place and be silent. Even with that, I couldn’t even really keep a hold and have had hard days where I just wanted to stay isolated from the world and disappear in my mind and try to heal myself and it isn’t working. I struggle to sleep sometimes and I do struggle with self worth, being comfortable with myself because I just don’t see myself as someone who’s important to other ppl. I'm really unsure how to deal with it. Also, I'm not sure if I should tell anyone because that couldn't have happened right and it could not have been that bad?",1,survivorsofabuse,630,119,validation,distilbert,1,1,0.011183381,0.9888166,-2.2296255,2.2524545
361,"I just posted my whole story <url> but it's literally too long for anyone to actually read. I mainly want to know if this would be considered rape: MOST RECENT ABUSE: I worked 7 days in a row and finally had one night off on a Friday. I expressed I wanted to spend it with him, but since I went out the night before he was determined to go out with his friends that night. I guess that also comes with ignoring me all night.",1,domesticviolence,424,85,validation,distilbert,1,1,0.05715166,0.94284827,-1.439742,1.3634548
362,"She claims that because she is a woman, nobody will believe me. I'm not exactly sure what she did to herself, but when the police came she claimed that I hit her and had a flushed cheek to show for it. Fortunately,  the police were able to put together what actually happened based on my blood trail. Thank God I was sitting when she hit me and that the blood all around me proved it otherwise I would be in jail for something I didn't do. Things have been escalating for a while and this is the second time she has been arrested in the past 3 months for assault.",0,domesticviolence,563,110,validation,distilbert,0,1,0.5079976,0.4920024,0.05879895,0.02680586
363,"I don't trust anyone, especially myself. I am going fucking crazy. I feel there's really only 3 conclusions to my life currently. The psych ward, which after being involuntarily admitted in January and paying close to $11K for that 4 day stint where no one gave a shit about me or even attempted to ask me more than 3 questions about my mental health a day, isn't an option. Plus I can't take off work indefinitely because I'm a basket sake.",1,ptsd,441,81,validation,distilbert,1,1,0.0113029,0.98869705,-2.22688,2.2444487
364,"I feel like these experiences have totally altered my psyche and now i find gratification through exploitation. I even had the painful realization that ive never had any normal sexual relationship and these abuses are all i know. I broke down the other night just crying realizing that i dont get to be normal, and that i have sick urges. I heard that theres high rates of abused people become abusers too, and i hate that im part of the issue. Tl;Dr: I was abused and now i abuse, what can i do to cope?",1,survivorsofabuse,504,95,validation,distilbert,1,1,0.010966402,0.9890336,-2.212549,2.289343
365,"(I haven’t had to go in and get him for any reason since he started!) On top of all that, I now have a boyfriend who is a real partner in life things. He helps out with childcare when he can, he splits household chores, and we split some bills. I’ve never had this kind of support before and it feels amazing, if not a little strange since it’s a new experience for me. My marriage was certainly not a partnership like this.",0,assistance,424,83,validation,distilbert,0,1,0.9814828,0.018517189,1.9048612,-2.0655038
366,The thoughts that have been pouring into my head theses past few days are terrifying. I wonder what driving my car off the side of the freeway would feel like. The relief that would come at the end. I feel so hopeless & I don't want to feel this way anymore. I wish I had a gaping wound so I could go into the hospital and they could fix me.,1,ptsd,341,70,validation,distilbert,1,1,0.012936252,0.98706377,-2.1438448,2.1908562
367,"Has anyone else had this sensation? Also, if I close my mouth so my teeth are close together, I can tell that they are constantly chattering. I've definitely been much more anxious than usual lately as I work full-time at an emotionally challenging job and just decided to go back to school to pursue a Master's degree via night classes, but this shaky sensation has been a little alarming as I can't tell if it is anxiety related or something worse (which certainly contributes to the anxiety!!). If anyone has any suggestions or words of wisdom, I would be so appreciative. Thanks in advance!",1,anxiety,594,104,validation,distilbert,1,1,0.03207305,0.967927,-1.6391675,1.767973
368,"In Nashville, it's going to be below 30 tonight (possibly snow tomorrow). So far it seems my sleeping bag is doing it's job, but my laptop was uber cold. Also gave me some screen errors (I think it may be humidity build up related, because later in the day it worked fine). Right now it's in a laptop case. But that didn't help much.",0,homeless,333,64,validation,distilbert,0,1,0.60700184,0.39299813,0.25801316,-0.17671388
369,"Stop! "", not being aware of what happens around her anymore. Apparently she also dissociates during this time and she doesn't remember anything afterwards. It breaks my heart to see this but it also kind of scares me. It's difficult to watch.",1,ptsd,242,42,validation,distilbert,1,1,0.034359317,0.9656407,-1.6019421,1.7339766
370,"I'd wake up in the middle of the night to him feeling my ass and masturbating. I was scared, and didn't know what to do so I just pretended not to notice. I can't even remember how long this must have went on, but soon enough I had decided to put my pillow on the other side of the mattress, because he'd touch me when I sleep on my side. I thought putting my pillow on the other side of the bed will help because as I fall asleep and turn on my left side my back will be towards the wall, and he won't be able to reach. I even remember him asking me the next day why I'd decided to move my pillow to the other side of the mattress.",1,survivorsofabuse,632,132,validation,distilbert,1,1,0.035712324,0.96428776,-1.6085563,1.6873376
371,"I was in my front yard talking to him on the phone, when I refused to hang-up she had a temper tantrum and screamed loudly enough for the people outside to hear her say I ""got online and talked to little boys."" Her father refuses to do anything about her or the other daughter or treats me just as bad. I try to stand up for myself, I mean I am their uncle after all, but they just yell, scream and call me names anyway. After about 6 years of this happening I've become a virtual prisoner in my own house. I stay in my bedroom all day, on the computer, making things to sell or doing art.",1,ptsd,589,118,validation,distilbert,1,1,0.028832309,0.97116774,-1.6846051,1.8323975
372,"And I’m at a complete loss as to how we resolve this. (BTW, we have talked about all of this about 1,957 times already. There is nothing written here he hasn’t heard before.) TL;DR – Husband has always been the primary earner with well-paying jobs, but has experienced serious burn-out. As we’re eating into our savings, it looks like I’ll have to put my business on hold and go back to work.",1,relationships,392,72,validation,distilbert,1,1,0.09469458,0.90530545,-1.0781837,1.1794318
373,"She talked sarcastically about how my life is ""obviously so horrible"" and I'd say ""yeah, mom, it is."" She denied yelling at us all the time, and said that if I can say she yells all the time then she can say I yell all the time too (at my little siblings), which is just not true. I am nice to my siblings, excluding today where I was angry at everything. But I still didn't yell at them. She said that for months I've been terrorizing her about this ""yelling thing"" and how I think that one small mistake automatically means someone is a bad person.",0,relationships,550,106,validation,distilbert,1,0,0.4437189,0.5562811,-0.085872255,0.14021012
374,"[Facebook <url> [Criss <url> Please help and share the word. Most importantly, SPREAD AWARENESS. **Edit** available are regular Hanes shirts, women's fit shirts, and sweatshirts",0,assistance,177,25,validation,distilbert,0,1,0.98652214,0.0134778265,2.0502658,-2.2428741
375,"I even tried to settle this outside of their insurance so that their insurance rates wouldn't go up. I feel afraid every time it becomes nighttime and when I have to go to school, because I know there is a chance I may see him again. I don't know how to stop thinking about what happened that night, what I could have done differently, or what would have happened if someone had come to save me. It's hard to tell my family I've begun to think about killing myself again. I've struggled with depression for years and this incident has only made it so much worse.",1,ptsd,562,106,validation,distilbert,1,1,0.012421352,0.9875787,-2.1762018,2.1996372
376,"Not being able to let go of the fact that I let this go on for so long, and even the fact that in my heart I still care and want him. In my mind I think ""if only"" or ""what if"" but I know those are facades. I know he will never be real, open or honest about who he is or what he did. I have to forgive myself for letting this take over my life, my heart, my emotions. I have to forgive myself for not listening to my gut and my intuition.",1,domesticviolence,437,96,validation,distilbert,1,1,0.018306216,0.9816938,-1.9921721,1.9898666
377,Good day. I am from the Philippines and I was recently diagnosed with Depression and Anxiety almost a month ago (July 10th). Since then it has been a very challenging and difficult time for me and my family. Work required me to secure a fit to work order before I can get back to work. My medical insurance does not cover mental health conditions and it took me over 3 weeks to secure one.,1,assistance,389,74,validation,distilbert,1,1,0.06269505,0.9373049,-1.2685992,1.4361271
378,"I have 2 wish lists because Amazon is expensive on items, so I created a Wal-Mart  (zip code 40219) wishlist too. I also have a PayPal account. The meats are cheaper at save a lot because save a lot has pick5 for $20. Hi Friends and Family! <url>",0,food_pantry,246,48,validation,distilbert,0,1,0.9870569,0.012943079,2.0900028,-2.244164
379,"Sorry if this is kinda long... We met in highschool and became best friends. Even after we still talked everyday, hang out almost every weekend and I felt everything was okay. She then started getting kinda distant e cold toward me and I had no idea why. I talked to friend in commom and she said my this friend(I'll call her P.) felt that I was too negative and was always complaining.",0,relationships,386,72,validation,distilbert,1,0,0.08974543,0.9102546,-1.2078834,1.1088637
380,"Participation is completely voluntary. If you are interested in participating, you will complete an online screener to see if you qualify to participate. If you qualify, you will complete a variety of questionnaires online. The study will involve four online assessments over the next month that should take about 40-50min to complete and you will be compensated up to $70 in online gift cards to Amazon. A few important things to know about the study are:",0,survivorsofabuse,456,76,validation,distilbert,0,1,0.98628265,0.013717423,2.0738287,-2.2014472
381,"Our justice system is not aimed at helping victims. I feel totally violated, put down, and blamed for requesting an extension on an order of protection. Which was denied because he is living in another state. Even though, he was unable to show, as he’s out on bond for assaulting a new woman. Judge told me, if he harasses you and violates you again, then you can go back through the process to get an order.",1,domesticviolence,408,76,validation,distilbert,1,1,0.024912983,0.975087,-1.8225771,1.8445604
382,"I get it; my one friend has personal reasons for being against medication, the other one has a bad personal experience, and my boyfriend had a small midwestern town upbringing that allowed no room for mental weakness so he has a hard time understanding. I guess I just...I don’t know. I felt empowered to do this going into the appointment and even during it. I felt like people were on board with me seeking treatment if that’s what I felt was right. And now that it’s a reality..it just seems like people have turned their backs and no longer are okay with it.",1,anxiety,562,103,validation,distilbert,1,1,0.03663841,0.9633616,-1.6012342,1.6680975
383,"They taunt me and remind me of my weakness. They remind me of my failures, and they are loud. Louder than anything. And there's so many of them. Swirling and swirling and telling me what an awful fucking person I am.",1,anxiety,216,41,validation,distilbert,1,1,0.024131944,0.9758681,-1.9112341,1.7885567
384,"I can't take much more. I hate being unworthy of the truth and feeling like I'm crazy for thinking this. This feels like my entire life, with everyone I've ever expected to love and care for me. I'm fucking over it. TL;DR I know my boyfriend is probably on drugs, or at least was actively using for some period of time recently, and you will probably agree with me if you read the evidence.",1,relationships,390,74,validation,distilbert,1,1,0.012470453,0.9875295,-2.1892202,2.1826243
385,"(TW sexual abuse mentions) When I was 14 I was sexually abused regularly for 8 months, resulting in PTSD, and recently I realised that afterwards I completely changed how I looked. I went from being this pretty normal looking student, short cropped hair, I would wear normal casual clothing on weekends, I was healthy, all that, now, over three years later I look completely different, I'm stick thin, hair grown out past my shoulders, I only wear black and almost always clothes that cover as much of me as possible, heavy scarring covering the majority of my body, and messy facial hair growing in. I feel like I've completely altered myself so nobody is tempted to hurt me again, like I'm blaming how I looked for what happened, so completely changing it seemed like the most sensible thing. I've never heard of anyone else doing this before though, is this normal?",1,ptsd,868,151,validation,distilbert,1,1,0.29217455,0.7078255,-0.40051582,0.4843304
386,"Hello, You are invited to complete a survey for a WMU psychology department research project designed to assess treatment preferences among adults seeking treatment for a variety of concerns. We hope to learn if and how preferences for treatment change over time, and if patient’s perception of their treatment’s match to their preferences is related to the benefit received from treatment. The survey is open to anyone ages 18 or older who is currently engaged in mental health treatment for at least one month and four therapy sessions, and not longer than one year. If you choose to participate, you will be asked to provide some demographic/background information, respond to survey items about your preferences for treatment and how they have changed over time, and about your quality of life.",0,stress,798,130,validation,distilbert,0,1,0.98696345,0.013036567,2.089119,-2.2377555
387,"At the end of the survey, please select “<name>” when prompted for the name of the student who gave you this survey. If you know anyone else who might be interested in taking this survey, we ask that you please pass it on to them as well. Thank you for your time. <url> **To anyone who has already taken the survey:**",0,assistance,317,61,validation,distilbert,0,1,0.9856469,0.014353151,2.0101483,-2.2191803
388,"It takes them **three weeks** to call me. I'm currently working 7.30am to 6pm with a 30 minute lunch that is not at a set time. We spend about 2 weeks playing voicemail tag but never getting to speak. - I get a call from my GPs office, stating that the o2 place reported I had said I didn't want the machine because it was too expensive. I told my GP that I hadn't even gotten prices out of them yet!",0,anxiety,400,81,validation,distilbert,0,1,0.9694899,0.030510081,1.7251916,-1.7335212
389,"Maybe programming, I can spend more than 12 hours a day if needed to learn programming. My point is, I´m not looking for any handouts or anything like that, I´m ready to spend countless of hours to work so I can help my family. What are your thoughts? TL, DR: Father passed away, my mother can´t pay the rent and bills etc. Now I ask for advice for jobs and ways to increase my income so I can help my mother pay the rents",0,assistance,422,84,validation,distilbert,0,1,0.9651773,0.034822628,1.6461859,-1.6758585
390,"I can't even use the restroom because then I think about how if I were in the restroom when a shooter entered, the shooter could easily get me and the classrooms would be locked and I'd be locked out. I was late for one of my classes because I was afraid to leave my classroom. Does anyone else feel the same way? It's like I can't function normally anymore, school is such a scary place to be all of a sudden when it used to be a place I felt safe and comfortable, even though we had an open campus. Ugh.",1,anxiety,505,101,validation,distilbert,1,1,0.012806232,0.98719376,-2.1247573,2.220177
391,"I'm now 18 Years old,from Germany and going to school right now, planning on study psyochologie. The only thing that seems to slow me down right now is chronic panicattack-like illness that seems to destroy everything I've build up for myself. It is a constant strain of thought that I fear the most that developed from the time I was six. Eversince I was six years old I started having weird forced habits like touching certian things for x amount of times or making weird noises. The older I got, the less I had these forced habits and the more I had something like a second ""voice"" in my head that was thinking of something entirely else and actually disturbing that I couldn't control.",1,anxiety,689,124,validation,distilbert,1,1,0.019754864,0.9802452,-1.893734,2.010669
392,"One of them was “Catchphrase”. Similar to Taboo, but you pass around a device, and have to get your team to guess the word/phrase before the timer runs out. Of course, it has to make a countdown noise/beeping which makes me even more anxious. My partner has gotten quite good at gauging where I am on a scale of 1-10. He noticed that I was getting more tense as it was passed around the circle, headed towards me.",0,anxiety,413,78,validation,distilbert,0,1,0.9641463,0.035853636,1.6211044,-1.6706936
393,"But I’m pissed, I waited to long for this like I honestly could have killed myself before they got back to me. I know there’s a lot of people in the system and their funding is low, but this is bullshit! The government doesn’t give a shit about mentally ill people. If they did then there honestly would be way less crime rates and suicide rate because people would be getting the help that they need instead of waiting for some bad shit to happen before they get help. The urgency is just NOT there at all.",1,ptsd,507,97,validation,distilbert,1,1,0.012398408,0.9876016,-2.1726298,2.2050812
394,"He certainly had/has the ability to. The worst/best part of this story is that I am still with this prick, trying to get away safely. Best part is that my story may be horrifying enough to convince women in an early stage DV situation to run before it escalates to my story. After the 2nd severe incident, I called family who took me to the ER. Had lots of tests done.",1,domesticviolence,368,71,validation,distilbert,1,1,0.02107125,0.97892874,-1.8774893,1.96106
395,"They can’t all be wrong or insane, can they? Abusers spend so long abusing and being nice and abusing and being nice that you start to think that you play a role in the abuse and the only reason he/she is nice to you again is because of some demand you met. And your will to live/be safe/feel secure will override any trauma you have been through. You will do anything to make them nice again, because that means you get to be safe/secure. It's not contingent upon you, but on them, but you forget this.",0,domesticviolence,503,96,validation,distilbert,0,1,0.8637831,0.13621688,1.0039665,-0.8431068
396,You’re losing control Juststopthinking— —You’re panicking Stop —Panicking,1,anxiety,73,8,validation,distilbert,1,1,0.14255147,0.8574486,-0.8719375,0.92232066
397,"No Idea why I am here, guess I just need to vent. Well my troubles started last weekend, my parents flew over from Malta to visit my brother whose in hospital. He is in bad shape and initially he lost the use of his legs few years ago and now his paralysis is rising up to his waste. So am I headed of to the hospital and stayed up north for the weekend. I told my gf that she could stay at home rather than spend her time at the hospital with me.",1,domesticviolence,447,93,validation,distilbert,1,1,0.0401558,0.9598442,-1.486454,1.6875502
398,"I was having a fucking panic attack.Once we payed and where done, we went into the thrift store to tell my mom we where done. I finally told i was having a panic attack because he threatened to smack the crap out of me. ""he threatened you?"" i could tell by my tone she doesn't believe me. ""we're probably not coming here anymore"" she said.",1,survivorsofabuse,339,65,validation,distilbert,1,1,0.02771591,0.97228414,-1.8142916,1.74335
399,"Since I knew him I haven't had active suicidal thoughts. Even now. I hate how I am and I wish I could die right now, but I don't have the drive to do it myself anymore. How do I leave him if I know that life without him has been and will be a worse circle of hell? FUCK MY FUCKING LIFE IF I HAD THE MONEY I'D HIRE A HITMAN TO DO ME IN",1,domesticviolence,334,75,validation,distilbert,1,1,0.01357448,0.9864255,-2.1417184,2.1441782
400,"I would want to major in Broadcasting/Film but I will end up coming out with 30-40k in debt before additional scholarships and debt is something that I really don't want. &#x200B; OR I could go to Brescia University on a full ride for esports (i would even get paid to go there) and although they don't have the major I wanted, the coach said it would be a good idea to get my major in a business degree and get my minor in graphics design. They also have many connections with different companies within esports that im not sure if WKU has. Here is also an estimated award letter they gave me: <url>",0,assistance,600,113,validation,distilbert,0,1,0.9809554,0.019044556,1.9517523,-1.9899936
401,"---   **tl;dr**: Met this guy a few months ago, we've only hung out a few times. I'm a little wary of the age gap and don't have much experience with accurately ""reading signals"". He is mildly physically affectionate (leans towards me, hits my arm playfully, pulls things from my hair) and gives compliments that seem genuine and sincere, but aren't quite non platonic. What do you think/what should I look for?",0,relationships,411,71,validation,distilbert,0,1,0.9733392,0.026660757,1.7036824,-1.8938575
402,"In the end I think I do want to move to SoCal because I like the warm weather. Not a huge fan of cold and/or perpetually rainy places. I have no family support, am 23, and I'm finding it really hard to get gainful employment. I would just like to be able to get on my feet, not need government assistance, pursue my art and at least say I have a year's work experience. Thanks!",0,almosthomeless,377,75,validation,distilbert,1,0,0.025912931,0.97408706,-1.7582619,1.8684965
403,She is so hardworking. At multiple times in her life she has worked multiple jobs to support herself and her family. She has never been on any type of government assistance. Even when she divorced her abusive alcoholic husband she didn't seek child support or alimony. She is incredibly self sufficient but it just seems that she can't catch a break.,0,assistance,350,61,validation,distilbert,0,1,0.9323869,0.067613125,1.1860859,-1.4378598
404,"I changed jobs last year and moved up into a management role. I run a small program for kids and have 3 staff. Shortly after accepting my position, my job duties completely changed, I hired one new staff person, 2 staff quit and I hired 2 more, and it was up for debate on whether the program would cease to exist by 2019. It feels like I’ve been in survival mode, and everyone was abandoning me...even though I know it wasn’t me they were abandoning. This was rough for me.",1,anxiety,474,90,validation,distilbert,0,0,0.6903031,0.30969688,0.34849054,-0.45304617
405,"She wants to live off these 400.00 and cut back on everything there is, even her own only connection back to her family if needed. My plan was, to get back to our parents for a while, until we both earn a bit better or find a cheaper place. But unfortunately, for her this is no option. She is afraid she can't go home, as she already once switched jobs and is afraid her mother won't accept her at home again. She blocks every attempt of mine to bring up the possibility of going back.",1,relationships,486,95,validation,distilbert,1,1,0.2624653,0.73753476,-0.52935165,0.50384265
406,"She's been doing exams as of late and we've both had some personal problems so we haven't had time to work on our relationship. We both said we would stay together but sort it all out after she came back from a holiday she was going on with her uni. On the second last night she tells me she has kissed another guy and feels horrific about it. I tell her i'm going to leave because she has cheated in hope she realizes what life is like without me (stupid I know). I've always put her needs before mine, i've tried to give her everything and be the perfect boyfriend and because my natural defense mechanism is to retreat into my shell and shut the world out I don't reply to her texts that day.",1,relationships,695,135,validation,distilbert,1,1,0.05082462,0.94917536,-1.4462507,1.480962
407,"Ok here we go.... My original trauma was being molested by my grandfather starting around 7-8 (my best guess, only have a few memories, could’ve been earlier). I have very few memories of this, although I have gotten some back recently. I don’t know how long it continues for but he died when I was 10/12 or so Around this time I was also severely bullied in school, my cousin being the ring leader.",1,ptsd,399,74,validation,distilbert,1,1,0.06700384,0.9329962,-1.1845381,1.4491132
408,"What do I do?   ---   **tl;dr**: My fiance completely cuts himself off from our son and me and sulks for days if his sports teams lose. I am tired of having to plan our lives around his teams and cancel plans when they lose, but he doesn't see a problem. I don't know what to do, but I feel like I can't keep doing this.",1,relationships,320,65,validation,distilbert,1,1,0.012950122,0.9870499,-2.1458976,2.1877177
409,"Every single day I'm getting fb messages from her saying a combination of the following: I'm feeling sad,  I'm ugly, I'm fat, I'm scared you aren't attracted to me,",1,relationships,164,29,validation,distilbert,1,1,0.014533823,0.9854661,-2.180463,2.036173
410,"She does dissociate and is on all kinds of psychiatric meds. One day she loves me the next day she hates me. I really don't know what to do, I moved down south to be with her and so I have no friends or family here. She suffers from  agoraphobia so we never leave the house. Its also her place so Im scarred she is going to kick me out, she has used that against me in the past, it makes me feel very vunrable and scared.",1,domesticviolence,421,87,validation,distilbert,1,1,0.014723203,0.98527676,-2.0623991,2.1410987
411,"My primary concern is to get her the surgery and treatment she needs to save her life. To that end, I've set up a fundraising campaign here: <url> Every little bit helps! I know it's a long shot to reach the goal, but every dollar you can spare goes a long way to help, even if the goal isn't reached. I would be so grateful for any and all assistance, even if it's just to share this story/fundraising with your family and friends.",0,assistance,432,83,validation,distilbert,0,1,0.986062,0.0139379315,2.0854008,-2.1737044
412,"And he said that he had some deep feelings for me. So I suggested meeting at another time without booze. In the morning I had a text from him apologising for being an asshole. I replied and said I didn't think that, but that I was a little overwhelmed. Since then I have not heard much from him, but I can't stop thinking about it.",1,relationships,331,65,validation,distilbert,1,1,0.22139888,0.7786011,-0.6444988,0.6130341
413,"just in case you feel like helping a person in need, I am short of responses to complete my thesis data. it is about content co-creation in gaming enviromnet :-)  it takes  about 10 min :-) without the 400 respones I can not finish my work and will be obliged to pay extra semester university fees :-( please help me get out of desperation , thank you I appreciate every filled survey ;-) it would be great if you can fill it and share it as well with your friends :-) <url>",0,assistance,474,92,validation,distilbert,0,1,0.97527426,0.024725683,1.8289099,-1.8459665
414,"If you were raped on a daily basis from infancy through adolescence then you should ""radically accept"" it. Check out the parts of Linehan's book where she explains how unconditional positive regard is a myth, nonexistent. The part where she explains about paradoxical intervention. That is where you manipulate and jerk your client around using head games and reverse psychology. Then there is radical genuineness.",0,ptsd,414,65,validation,distilbert,0,1,0.9796118,0.020388197,1.8236549,-2.0485454
415,"The reality is acceptance is a huge step in moving forward in any treatment, thing of AA and the whole 12 steps first is admitting your an alcoholic because denial will not help SHIT. It will make you resistant to treatment, and all kinds of things. #7 Develop a Vice...I recommend a healthy one. Develop an addiction..and no not a drug/drinking addiction (the white coats give us as enough meds...don't seek out more) but you have have health immoral habits, if binge watching tv is your thing, eating an entire cake to yourself, buying expensive tabletop games, whatever. DO IT, don't do it everyday but set some time once a month, twice a year, every few months depending on your vice and exercise it.",0,ptsd,704,124,validation,distilbert,0,1,0.97987455,0.020125436,1.8610847,-2.0243554
416,"He tells everyone we’re his life. My family victim blames and they’re are ok with a multi millionaire pedophile in the family. So they’re disgusting and no help. I wouldn’t be surprised if he’ll try to kill me one day. I’m moving soon if I can get a damn plan together to his parents, they understand he’s crazy, but he really messes with my head.",1,domesticviolence,347,65,validation,distilbert,1,1,0.017773164,0.98222685,-1.9968929,2.01524
417,okay. ANYWAYS. that was my long way of asking if like. was i molested? okay no that’s a bit much of a question.,0,ptsd,111,23,validation,distilbert,0,1,0.92427105,0.07572902,1.1538271,-1.3480167
418,I have an amazing group of friends filled with the most genuine people you'd ever meet. And I'm a college graduate. I have this deep fear that he'll be right. I'm terrified that I only think I've broken the cycle but I haven't really. Thanks to PTSD I'll probably still have those moments.,1,ptsd,289,53,validation,distilbert,1,1,0.09175396,0.9082461,-1.0858126,1.2065921
419,"He explained that he didn’t think it was such a big deal that he disclosed such personal information about me without my permission to his friends then he tried to flip it and said it was no different then a time I canceled plans with a friend and told them the reason was because he, Tom was sick with the flu and I was going to stay in and take care of him. How is me honestly explaining that the reason I would have to cancel on a friend because my boyfriend is sick, the same as him giving away very detailed information about our sex life plus other very personal traumas that I experienced without my permission? I feel like he’s trying to gaslight me and I’m seeing a side to him I’ve never seen. I’m honestly thinking about ending things with him over this. TL;DR my boyfriend told his friends VERY detailed information about our sex life plus other personal things about my life without my permission and I feel so betrayed but he’s trying to act like it’s no big deal.",1,relationships,978,184,validation,distilbert,1,1,0.01505574,0.9849443,-2.0665557,2.11427
420,"Hello all, I'm a new submitter to this channel. I went here a few nights ago and honestly it's been helping me cope with my current situation by reading what others are going through. One of the things I noticed is that a lot of responses are brutally honest -- and I am here for just that while still accepting that I'm a hopeless romantic who sees the value in ""If you really want it don't give up"". Let's get started -",0,relationships,421,82,validation,distilbert,0,1,0.8862507,0.11374936,1.0143617,-1.0386405
421,"His response was to constantly remind me that ""not everything is about you"" and then taught me a technique which was to ask more questions in conversations because people always love talking about themselves. Anyway. I quit my antidepressants several months ago because I am in a good place now, and I can survive without them. I just find that thoughts like this are still very present, and can be very difficult to deal with. I never do apologize on Facebook.",0,anxiety,461,81,validation,distilbert,0,1,0.6178535,0.3821465,0.23245879,-0.24798858
422,"I just want to get rid of the pent up confused bouncing energy inside me, so I cry because I've overwhelmed myself... not because I'm weak... That's what I tell myself at least.... I force myself to do things even if they make me uncomfortable just because I know normal ppl would not have the same issue.... Must act normal.. They won't like me if I don't... I am tired all the time, I just want someone to guide me. Take my hand and just understand I need their company to stop the war in my head, but torn because they say I should be able to do that for myself..",1,ptsd,566,111,validation,distilbert,1,1,0.011289287,0.9887107,-2.1941438,2.2784035
423,I'm so grateful to this sub- it was really amazing to see that I wasn't alone in this. Reading other's struggles and accomplishments inspired me beyond belief. So I hope that if you're reading this you can find your own inspiration. Thank you for listening to me babble. I wish you all luck on your journey :),0,anxiety,309,57,validation,distilbert,0,1,0.9872541,0.012745896,2.0746136,-2.2751048
424,"As she was leaving she told me ""now I have to go back there again"" as she was sobbing. I didnt know what to say or what I could do to help. Everyone I've talked with as told me I should've gotten her phone number because looking her phone number up through our receipts and membership files is an invasion of privacy. Did I miss my only opportunity to help her by not asking for her phone number? Sorry for the sad story, I just don't know what to do and it's painful to think what is happening to her right now.",1,domesticviolence,512,102,validation,distilbert,1,1,0.014773812,0.9852262,-2.083215,2.1167998
425,"I started a new job last Tuesday, and I have had some pretty severe anxiety most days, especially my first day. (As probably to be expected) This is my second job, and unlike my first one I have ZERO customer interaction so my social anxiety hasn't been nearly as bad as it was with my previous job. Now tomorrow morning I start my second week, and I was feeling fine all day today, but it's time to sleep and I can't even lay down without freaking out. I'd hate to call in sick after only one week but I don't know if I can make it like this. I'm freaking out and it's stopping me from getting any sleep.",1,anxiety,605,119,validation,distilbert,1,1,0.011731149,0.98826885,-2.1775105,2.2561967
426,I just feel kinda gross because I was giving her fucking college advice and stuff. I'm fucking furious. My clearest memory of my dad in highschool is him ramming my head repeatedly into a wall because I didn't want to pick engineering as a *second choice*. And NOW he chooses to support and help this fucking girl through college when I had to do all that on my own? He even skipped out on my graduation!,1,relationships,404,76,validation,distilbert,1,1,0.014935631,0.9850643,-2.0659618,2.1229956
427,Hello I am having a massive anxiety attack over feeling nauseated. I hate the stomach flu it's a phobia of mine. Even meds don't take my anxiety away completely and they don't even help a lot honestly celexa is just the only medication where I don't get side effects and sometimes not even my clognezapan kicks in when I'm having panic attacks. I am at work and I cannot focus at all. I'm so scared I hate nausea I hate it.,1,anxiety,423,81,validation,distilbert,1,1,0.01089544,0.9891046,-2.1956441,2.3128116
428,"I also have pretty bad dissociative episodes which I've had since I was about 5. Anyway, a month ago I was prescribed prazocin to take before bed and I'm just on 1mg since I just started it. I'm wondering if anyone has had success with this med? Because I've gotten to a point in my life where I'm so run down that I just can't anymore. I don't know if I should even bother going up in dose or if it's just another waste of energy",1,ptsd,430,86,validation,distilbert,1,1,0.01119814,0.98880184,-2.2077687,2.2729776
429,"How could I when I felt so unwelcome? Idk, I'm sorry, I'm just so sick of carrying on when it's so fucking exhausting just to be told that it's never bloody fucking good enough for anyone. I'm fucking trying so hard. They claim to understand that I have ""issues"" (I had confided before they abandoned me) yet I'm never fucking good enough. I just want to drink a bottle of bleach and be fucking done with it.",1,ptsd,408,77,validation,distilbert,1,1,0.01259792,0.98740214,-2.2036808,2.1578648
430,"We clicked well, we chilled in, we went out, we laughed and got to know each other. She was a daily texter type of person, good mornings and good nights and hearts often. Feb 12, while I was away during the week traveling for work, she texted me to say she liked me and to ask if I would go out with her (make it official, like bf/gf). I told her I liked her too but we should talk a bit more that weekend. Feb 15, she started a prescription for Zoloft, half dose to start.",0,anxiety,473,96,validation,distilbert,0,1,0.9881102,0.011889775,2.108826,-2.3112895
431,"Hey. I have PTSD from something totally different than my topic. I've been going to therapy for it, and it has been doing wonders for my triggers! I haven't felt this healthy in years. But, as therapy often does, it brought up some stuff I thought I had handled but turned out to be bigger than I thought.",0,ptsd,305,58,validation,distilbert,0,1,0.9766989,0.023301136,1.8054836,-1.9301928
432,"Last week it happened so many times in one trip I decided to go to urgent care about it (at one point I was driving with my window down, in hail, slapping myself in the face to stay alert). Anyway, I figured I would share what I learned in case anyone else is experiencing this. Apparently nothing to do with asthma, actually caused by PTSD. After vitals were normal, the doctor said that when I drive for awhile, my body's posture is activating my sympathetic nervous system. Apparently, your nervous system has two parts; sympathetic (SNS) and parasympathetic (PNS).",0,ptsd,568,99,validation,distilbert,0,1,0.97447395,0.025526078,1.7703793,-1.871818
433,"i quickly think to check them all out in seperate windows, and i confirm again that all of the profiles had been made very recently within the past month even up to the day of adding me. it's becoming really annoying having these profiles add me, and it's just weird that they're obviousy fake but why so specifically pose as a certain kind of person and add another? stuff about me: im a lesbian so don't date older men, and i've never really hung out with anyone older than 40 so i know i can't actually know these people. and if its some weird joke; i have no daddy issues, my dad is still around and its not really a funny joke its just weird.  i also note that one of the profiles, which has since disappeared, was really REALLY creepy.",1,assistance,741,141,validation,distilbert,0,0,0.6000053,0.39999467,0.21347485,-0.19201246
434,"Your responses to the survey items will be anonymous and kept confidential. Clicking the “SURVEY” link below will take you to a page asking you to read through a consent form explaining the purpose of this research, the content of the survey, the type of questions you will be asked, the amount of time it may take to complete the survey, and the risks and benefits of your participation. At the end of the form you can click “AGREE” to consent to the use of the answers you provide and to begin completing the survey. Thank you for your time and interest. <url>",0,survivorsofabuse,562,103,validation,distilbert,0,1,0.985672,0.014328031,2.0259764,-2.2051296
435,"I've been through sooo much for so long. I've worked so hard to overcome my addictions and have been sober since March 19, 2012, I finally quit porn a little over 2 years ago, right before I got together with a woman who became my wife. She's sober too. I'm a junior in college majoring in Psychology with a concentration in Addictive Studies. I lost 40 lbs.",0,ptsd,358,67,validation,distilbert,0,1,0.925175,0.07482498,1.244093,-1.2707382
436,This kind of thing just makes me want to stop. Why do people go out of their way to be negative to someone asking a question and trying to get help? It stresses me out.. Anyone else have this issue or get anxious over this? Or am I just being silly?,1,anxiety,249,51,validation,distilbert,1,1,0.015426262,0.9845738,-2.0274599,2.1286776
437,"Years ago on this day, you did things to me I will not say. Although I might have lost a fight, nothing about that at all was right.    I hope it bothers you oh so much, to know you hurt me all by touch. Everything about you is so mean, I just wish you could get clean. I wrote this all straight from my heart, take responsibility for your part.""",1,domesticviolence,346,70,validation,distilbert,0,0,0.6817315,0.31826845,0.37965015,-0.3820905
438,"I can't afford to buy new clothing, not even from goodwill. Right now, I've currently got two pairs of workout capris and that's it. And in the northeastern us it is getting colder. I could really use a couple pairs of jeans, some shirts, and a nice pair of black dress pants for interviews that I have lined up. Used is fine as long as they don't have holes in them.",0,assistance,367,71,validation,distilbert,0,1,0.8983756,0.101624414,1.0938499,-1.0854545
439,"People who need support, regardless of the elements that brought them to needing that support, are welcome here. If you are a robot or a fish person you are also welcome. If you are a crab from an enemy faction other than that of Hip Healz’ native crab please consider the danger present to you. **Whisper Channels**: Basically a channel to help anyone in need of support, whether it be for venting, companionship, advice, commiseration, or someone to talk to. The Whisper channel is a judgement-free zone, used solely to comfort those in need of help.",0,ptsd,552,96,validation,distilbert,0,1,0.98821336,0.011786648,2.1459033,-2.283028
440,"Yet my job requires me to always be reachable and the staff under me always ask me to help them, but I can't even help myself. I'm torn between wanting to be alone, wanting to reach out for help, talking to people just so I can yell and push them away. I don't know what to do. That's a lie, I think I do but I don't want to. Any effort is exhausting and I can't bring myself to fix it.",1,anxiety,386,81,validation,distilbert,1,1,0.012979694,0.9870204,-2.1586134,2.172691
441,"I feel like a complete and utter fuck up. And it just fucking hurts. I’m filled with what if’s. “What if you didn’t ever use pot and was that what made you feel physically ill?” “What if it wasn’t that, but just high anxiety?” “What if I pushed through and got the job and things turned out well? How happy would you be compared to where you are now?” (I should mention I am not at a great place in my life right now in many ways, including employment).",1,anxiety,453,89,validation,distilbert,1,1,0.012851438,0.9871486,-2.144325,2.1970398
442,"I'll let you know!"" I guess their wires got crossed - he meant he'd let her know whether could make it or not. But apparently, she took it as him confirming he'd go, but that he'd let her know the details, what time, etc. Her Christmas party rolls around and he last minute asked if he and I could spend it together (we were still kinda new at this pt, only 1 month into dating). I agreed.",0,anxiety,389,77,validation,distilbert,0,1,0.9853839,0.01461611,2.037762,-2.173145
443,"Neosporin and ace bandage if one starts bleeding. Life lesson: Don't let your dog run on wet concrete, and let the vet tell you what you should worry about. If you think your worries sound ridiculous, they probably are. Bonus: Molly needs to lose 2.5 pounds because she hates the rain and doesn't want to walk in it. Lol.",0,anxiety,321,59,validation,distilbert,0,1,0.9643244,0.03567559,1.636347,-1.660614
444,"My online friend  -- let's call him Jim  -- is a Jehovah's Witness. I've known him on and off for about a decade. Nowadays, we only email each other about thrice a year, but I still consider him one of my favorite online friends because of how deep and insightful our conversations are. We've rubbed each other the wrong way in the past because we have different ideas of God. I was raised as a Born Again Christian and am now looking into becoming a Unitarian Universalist.",0,relationships,474,87,validation,distilbert,0,1,0.98561007,0.014389942,2.0509343,-2.1757972
445,So he leaned in and kissed me with tongue. I was embarrassed because that was my first kiss. Then the next time I saw him he stuck his fingers in me even though I said no and unzipped his pants. I kicked him off of me and rode my bike all the way home with blood running down my legs. I didn't tell my dad because I was afraid he would beat me.,1,survivorsofabuse,344,73,validation,distilbert,1,1,0.4892055,0.5107945,0.011882688,0.055067398
446,You will have been given a chunk of life experience most people will never get hold of. You will have emotional super-strength. Things that throw others completely off balance won't even phase you. Tasks you previous had no courage for may now be a bit easier... You might soon find yourself being looked up to more than before...,0,ptsd,330,58,validation,distilbert,0,1,0.98085046,0.019149473,1.8930751,-2.0430698
447,"Hello! I've found myself in between a rock and a hard place: the project I was working on lasted longer than I expected, and I've run out of money. I've been applying for local (Arizona) jobs, but most won't get back to me until after October 1st, which is my doomsday. I need 650 for rent. If I can't get it, it's over, which is frustrating and scary!",1,assistance,352,68,validation,distilbert,1,1,0.016504167,0.9834959,-2.0489154,2.0385852
448,"Won't have any income until after I graduate, so whatever I spend this shit on, that's it. I have no social life anyways, so I won't be missing out on anything since I just stay in my room when I'm not in class. I have a pretty terrible idea to make money that I'll need about 1200 in supplies to attempt. It doesn't involve gambling, buying crypto, or buying stocks. Do I do it?",0,assistance,379,74,validation,distilbert,1,0,0.01787771,0.9821223,-1.9962841,2.0098772
449,"For ever since I can remember I have suffered from anxiety. But in the past 5 or so years, my anxiety has shifted to almost entirely work. I’m only 18 and am working part time, but for some god damn reason work scares the hell out of me. I have quit my past three jobs because of it and have recently got a new job. I started on Wednesday and am actually good at it.",1,anxiety,366,75,validation,distilbert,1,1,0.022887686,0.97711235,-1.8277104,1.9262922
450,"I'm in need of quick assistance to make a purchase at a store next door to my condo. I planned on splitting an items cost across two cards and paid $3.40 on one card and went to put the rest $1.60 on my other card which shows it has the balance and more available but is declining for some reason. I would appreciate it if someone sent me $1.60 via google wallet, as it should transfer over within minutes allowing me to make my purchase. And in return/or before, I will send you $1.60 via bitcoin. At the current rate bitcoin is going, that amount should continue to increase in value.",0,assistance,586,111,validation,distilbert,0,1,0.98135215,0.018647805,1.9659463,-1.9972568
451,He was going to choke the name out of me. I am his 24/7 caregiver i do not have time to cheat even if i wanted. He said i would die if i didnt tell him. He snapped out of it. That was a couple days ago and i am finding out how close i really came to dying.,1,domesticviolence,256,59,validation,distilbert,1,1,0.01621895,0.9837811,-1.9928807,2.1123424
452,"I would be lying if I said using heroin didn’t get more tempting everyday. Atleast I could either slowly die high and numb, or accidentally high and numb. I feel like I’ve had a noose tied around my neck sense the first day my incest abuse happened 14 years ago. Ever sense I was 9 or 10 I knew I would die by my own hand. It’s only a matter of time.",1,ptsd,350,72,validation,distilbert,1,1,0.014962308,0.98503774,-2.034053,2.1530926
453,"He's been violent pretty much since 6months in. Nothing too horrendous at first just a slap or a punch or he'd spit in my face during an argument or grab me. I reasoned I could deal with that because he was always so remorseful and depressed afterwards. A year in we split up because he stole my car keys out of the ignition, got in the car and threatened to kill me rip out my hair and nails etc. I went to the police and they issued him with a domestic violence order.",1,domesticviolence,470,93,validation,distilbert,1,1,0.18875122,0.81124884,-0.78248894,0.6756559
454,"Don’t take this lightly. Acid isn’t for all, and I didn’t take it for a fucking therapy session—but, here I am sat down in front of paper and pastels on a wood floor, not thinking about whatever happened to me however long ago. I am more than my pain and I deserve that. LSD has helped me realize this. Don’t just take this willy nilly, it takes a lot of mental preparation.",0,ptsd,374,72,validation,distilbert,1,0,0.073934674,0.9260653,-1.2104816,1.3172814
455,"I created this gofundme as a way to help my mom pay our cats vet bills and because they all need to see a vet pretty badly. This is <url> . I don't know if it is overtly clear in the picture but he has a cyst under his eye and treating it at home isn't working anymore. My mom is still paying off the vet bills from almost a year ago when my oldest cat Honey needed emergency surgery. Honey, Shea, and my youngest cat Emily all need to see a vet pretty badly but cost is too much.",1,assistance,480,100,validation,distilbert,1,1,0.40793043,0.5920695,-0.114911415,0.25761595
456,"The only truly good therapist I've been to was in Sweden, she listened, took extensive notes, remembered stuff and didn't talk about herself or her personal life. I need to see a therapist but I don't know what to do. I can't teach my therapists how to do their job nor should I feel like I need to in the first place. I also have chronic illnesses which makes it tiring (if not at times impossible) to have to constantly fight back against all my doctors to make sure they actually treat me and my symptoms and not just the numbers on my chart. It's gotten to the point where I'm really pessimistic about getting better or even being able to get good help.",1,ptsd,657,124,validation,distilbert,1,1,0.012016631,0.98798335,-2.1813614,2.2280128
457,"Hi, I'm a senior in high school, and I just turned 18. While at school one day, my mom collected some of my belongings and put them in a bag by the door, and then confiscated my house key, telling me I had to leave by the next morning. I have no where to go, no car, and no access to my savings. I have a part-time job, but it auto-deposits into a checking account that my dad has control over.",1,almosthomeless,394,81,validation,distilbert,1,1,0.030978117,0.96902186,-1.6908463,1.7521598
458,"We will provide links to treatment resources throughout the study. 7. This study will include only participants who are 18 years and older. Please send us a private message if you are interested in participating. Once you contact us, we will send you a link to the screening questionnaire to see if you qualify and to tell you more about the study.",0,survivorsofabuse,348,62,validation,distilbert,0,1,0.9848291,0.015170885,2.0135522,-2.1595376
459,"I'm starting to really believe that my brain is the problem here and not trauma. Everyone just thinks I'm a dramatic slut anyway, so does it even matter? Like maybe they are right? I feel like I'm too embarrassed to even go back to my psych now. Today I seriously looked like a total basket case.",1,ptsd,296,56,validation,distilbert,1,1,0.013249414,0.98675054,-2.1401854,2.1702788
460,I was just going to bail the next morning and not come back but I called the cops to come get me that night that how unsafe I felt. I feared for my life. Please people I need to get a job and some type of place to stay. In Florida. Shelters do more harm than good,1,homeless,263,57,validation,distilbert,1,1,0.01840813,0.98159194,-1.9827626,1.9936206
461,"I’ve been reading through the raised by narcissists subreddit that some of you linked to, and a lot of it matches with my experience growing up. The situation may be more severe then I had originally thought. For now, I’m just going to keep saving up money for the future, taking precautions and doing things to protect my own mental health. I am seeing a therapist for my anxiety, and the next time I have a session I’m going to bring get up everything I talked about here and maybe get some help in dealing with it. Again, thanks to everyone who took time out of their day to give me advice when I was struggling, I really appreciate it.",0,relationships,639,120,validation,distilbert,0,1,0.97818357,0.021816434,1.8752979,-1.9277359
462,"It's also frustrating because I'm finally getting the kind of help I would expect from family and BEYOND from a woman I met while panhandling this summer. Thanks to a stranger: I've been able to finally get mental health assistance, I got my benefits fixed, I got a job, and I have a safe place to sleep out of the rain or snow. I have somewhere to leave my pack and bed roll rather than carry it around 24/7. I could probably ask to store that stuff, but it seems so asinine to ask more of this woman and especially so since it's just extra supplies for my dog I don't really need. I can't understand why even the bare minimum is too much to ask of the people who are supposed to care the most.",0,homeless,695,136,validation,distilbert,1,0,0.015961347,0.9840387,-2.0468934,2.0746021
463,I make a good living and only want to get on with life. Plus I know filing a claim at the VA is humiliating and I don’t want to go though what others I fear have. Thanks for listening. I posted this as there was a guy on the foxnews site dogging people with fake PTSD because his son served in combat and is fine. Mike,0,ptsd,318,66,validation,distilbert,0,1,0.9567224,0.0432776,1.5144726,-1.5814055
464,"This isn't my post, I have copied and pasted from a friend. It is about a small boy that lives in our neighborhood: On May 5th Brody was a very normal 2 year old boy. His parents took him to the doctor for what they thought was an ear infection. Shortly thereafter he was diagnosed with a very rare brain cancer and given 2 months to live.",0,assistance,339,67,validation,distilbert,0,1,0.98386776,0.016132213,1.9512504,-2.1594229
465,"I'm 21, and have been on Lexapro for about 2 years. Was diagnosed with GAD the same time I was put on medication. Just graduated this past May from college (I had the worst anxiety of my whole life during my last semester), and I have been doing well since graduation. I started working the graveyard shift a month ago at a non-profit, and the anxiety hit me like a big wave about a week ago. Just all of a sudden, out of nowhere.",1,anxiety,430,84,validation,distilbert,1,1,0.26412234,0.7358777,-0.4816186,0.5430329
466,(One is 3 yrs old and the other 19) . Now my dad would beat my mom but over the course of the years as I grew older he turned the violence onto me. He would see that I defended my mom and since I called the police one time (I found him choking her onto the wall) he stopped hurting her and transitioned into beating me. Now I know you guys may ask why did you continue to allow the abuse with you if you had stopped it with your mother before? Well I have an answer  to that my mother loved my father very much and every time I tried contacting the police she would stop me and I have a lot of love towards my mother and would do anything for her... but anyways back to the present we no longer live with him anymore and we have cut all ties with him except for my brother.,0,domesticviolence,773,160,validation,distilbert,1,0,0.13447097,0.86552906,-0.8670462,0.99494636
467,"Sister kicked off because she wanted to come to. It was a couple type thing and all of us were bringing a SO or a friend (if one of us didn’t have a partner) even if it wasn’t, I would have just wanted it to be Harry. As I don’t want his sister clinging on to us every single time. Harry asked me if she could come too because “it so unfair that you are isolating her like this.” I stood my ground and said that please can he just come. He said no.",0,relationships,448,94,validation,distilbert,0,1,0.9682456,0.03175435,1.6387007,-1.7787554
468,"Today i came home from and the girls were up and had the Halloween candy all over the room. Their dad was sleeping alongside them. After a couple minutes of ""bitching"", he says to my oldest, tell your mom to shut up. And so she does. So i get on top of him and i say, don't you ever do that again.",1,domesticviolence,297,62,validation,distilbert,0,0,0.92811257,0.0718874,1.323445,-1.2346072
469,"He is not allowed to show up and cause a scene like that, and he definitely isn't allowed to talk to a child like that, handicapped or not. So, yes, I'm moving. My brother is having panic attacks now, he shouldn't be afraid to be at the house. The only thing is, finding a house on such short notice is proving to be very difficult. We have some blemishes on our rental history from past problems, but have gotten to a much better place since then.",1,almosthomeless,448,86,validation,distilbert,1,1,0.25418738,0.7458126,-0.4439509,0.6324517
470,"come up and live with us and she'd leave me alone with him, wasted out of his mind, while she would be with her boyfriend (who shes now married to). Eventually I moved back with my dad and everything was fine. I'd call and talk to her and she sounded like she had her life together. Well then they broke up for a short period of time, and she moved to live with her half siblings. She would drink excessively, and call me and cry about her life.",0,relationships,445,88,validation,distilbert,0,1,0.96992636,0.030073648,1.6338273,-1.8397434
471,"When you can’t remember the simplest things, but your mind is racing a thousand miles a minute, you know it can’t go on. It felt like my sanity was whirling away from me. So I arrived in what I remember to be a thatch of poisonous thorns, ripe with painful, tearful memories. Instead, I have been given the give of honestly looking and starting to deal with the damage of deep scars. Today, instead of jumping on the operating table, eager to right the very wrong right foot, I got to take a bike ride.",1,ptsd,502,95,validation,distilbert,0,0,0.60430485,0.3956952,0.2465617,-0.17687283
472,"When I was younger, not even double digits, another minor around my age came very close to sexually assaulting me. It luckily didn’t happen and my two cousins busted the boy’s door. Years later, I couldn’t be around men without feeling anxious. I don’t remember having any nightmares but, I couldn’t trust men. Not even my own father.",1,ptsd,334,58,validation,distilbert,1,1,0.040056307,0.95994365,-1.5266747,1.6499138
473,This week has been bad. I'm crying over everything. I'm struggling at work to get basic tasks done. I am SO HEAVILY OVERWHELMED by the smallest things. My sink was so full of dishes to the point where I had no clean ones left and because the pile was so high I couldn't go near it and just cried.,1,anxiety,296,59,validation,distilbert,1,1,0.015171177,0.98482877,-2.0653212,2.1077492
474,"The few days following this I was a wreck, an absolute mess. Crying at work, shaking, anxious, sweating, and couldn't eat. Through the week I wound up losing nearly 6lbs and have been everything from manic depressed to furious, to scared out of my wits to utterly confused aaand all the way back around again. The other night I told him I needed an answer. WHAT are we doing?",1,relationships,375,69,validation,distilbert,1,1,0.0139088845,0.9860911,-2.1208603,2.1403606
475,"I think it’s possible that these feelings are coming from the fact that he has said he loves me while drunk but can’t say it sober. I haven’t brought his up to him, but it makes me feel like he can’t say it because of his ex. Which I understand, but it also makes me sad that he’s not excited to be in love with me. I think part of me also feels like a second choice, or like I’m being compared to her. It’s eapecially awful when I think about how ready I would have been to to go back to my ex when I was still heartbroken.",1,anxiety,524,109,validation,distilbert,1,1,0.016773077,0.98322695,-2.0157306,2.055334
476,"Long story short, someone presented a very powerful monologue as a precursor for a healing art session. FollowIng healing art, there were 4 powerful guest speakers. The monologue shook me and put me in a vulnerable space when heading into the healing art. The 4 speakers solidified this. I searched for the right words, and for the first time, I found them.",0,survivorsofabuse,357,62,validation,distilbert,0,1,0.9848777,0.015122375,1.9515481,-2.224794
477,"I desperately miss my childhood and I wish I could have it back. After being molested, I feel that it was cut short. I'm afraid of getting older, and getting to the age where l have less time left than I've already lived. I think about it every day and it consumes me entirely. I'm obsessed with extending my lifespan on one end, and just killing myself on the other",1,anxiety,366,70,validation,distilbert,1,1,0.013048045,0.98695195,-2.1706154,2.1553676
478,"But I don’t know why I get this feeling. What can I do to stop feeling this way? I want to focus on me and my things without having to think about her and what she’s doing all the time, so I can be less distracted and focused on my other priorities. TL;DR I want to focus on my priorities in life but I find myself getting wrapped up in my thoughts about what where, and what my girlfriend is doing.",1,relationships,399,81,validation,distilbert,1,1,0.013045018,0.986955,-2.155824,2.1703942
479,"Part of me wonders if it's not my mom's fine-tuned manipulation at work, but it's sure as hell eating at me. How do I get out of his harmful headspace? It feels like my emotions and my logic are at war right now. Even after the abuse and trauma I've endured at the hands of my mom I still question the validity of my experience because I know there are people that have it a lot worse. And seeing that video was like watching a train wreck, it made me feel so awful because of its violent nature but it also made me doubt a lot of what I'm still experiencing.",1,survivorsofabuse,559,111,validation,distilbert,1,1,0.011947199,0.98805285,-2.2041225,2.2111166
480,"Everytime, he gets mad he takes my phone or other items away from me and tells me he bought it so it's his. He's even broke my iPhone which I bought a long time ago. He doesn't give me money and if I want some, I need a good reason why. He works overnights which makes things very hard for me, because the Long island railroad barely runs during those times and even then I have a 2months old, where would the baby and I go overnight? I don't know what to do, but I'm tired of feeling trapped and helpless.",1,domesticviolence,506,101,validation,distilbert,1,1,0.013306408,0.98669356,-2.1407049,2.1654088
481,"(NOTE: my grandma was kind to me, but she doesn’t speak a word of English and had no idea about how to get me help) July 30 2011: I think it’s the 30th I’m not sure anymore. I’ve been sleeping so much I can’t tell how long I’ve been asleep. Mom is having a family party today at our house.",0,survivorsofabuse,289,60,validation,distilbert,1,0,0.16620952,0.8337904,-0.7579422,0.8547907
482,"It’s subconscious for sure, but just a feeling I get. I’m terrified of him, and praying that he gets the real help he needs at the same time. And I just don’t know how to sort that out. I don’t know how to stop worrying and wondering what he’s doing, we have several court dates coming up so I think that adds to it. I’m just so exhausted and ready for this fight to be over.",1,domesticviolence,375,76,validation,distilbert,1,1,0.012705805,0.98729414,-2.1544726,2.1984367
483,"But even after that he still says things that makes me feel uncomfortable. For example, when I suggest we do something or go somewhere that could be somewhat unique/interesting (e.g., watching a documentary about sex workers in their 60s, or going to a church in Vienna to listen to the choir boys sing), his first reaction via text is ""wtf?"" I instantly feel bad and angry because he is saying wtf to my plans and interests. When I confront him about it, he says he ""wasn't saying it to me."" His excuse is that he was saying wtf about [insert whatever the subject matter was].",1,relationships,577,105,validation,distilbert,1,1,0.024263434,0.97573656,-1.850683,1.8435392
484,"I instantly thought of something I rarely think about, being molested in a pool locker room when I was 10. My heart started beating incredibly fast as I readied myself to tell them the thing I couldn’t even tell my family at the time. I started crying, something I haven’t done in years and something my friends have never seen me do. When it got to me, with my hand over my eyes all I could say was “I don’t think I can”. It felt like I was reliving what I’d gone through, like I could see it happening in front of me.",1,ptsd,519,103,validation,distilbert,1,1,0.019489462,0.98051053,-1.9059076,2.012292
485,"Posting this here as I didn't know about this sub until I was directed to it. Had originally posted in /r/assistance, and have only received a handful of PM's. Hello I've had a room in my house that I've used in the past to house a few friends who were not doing great economically while I find them a job. Most of these guys work in the IT field, and once I got them on at Microsoft, they got their own place.",0,almosthomeless,410,82,validation,distilbert,0,1,0.9877698,0.012230274,2.1646063,-2.226929
486,"&nbsp; I asked my friend and Psychological guru if he happened to know of a washing machine I could pop my brain into for a while. He said yes and I have a neat little machine (expensive at $800+) which literally rinses my brain, I run it at the highest charge possible to electrodes attached to each ear lobe and I sleep for an hour, waking up with a rinsed brain. &nbsp; Electric pulses and the use of magnetic fields in the treatment of psychiatric issues is not new but we no longer have to hook you up to the transfer station, in fact despite big pharma trying to stop the research (I kid you not), it’s moved forward exponentially with researchers in the University of Texas in Dallas amongst many pushing their findings into the stimulation of the vagus nerve to alleviate the symptoms of PTSD, anxiety, depression and over all mental f*ckery.",0,ptsd,850,154,validation,distilbert,0,1,0.98383415,0.016165843,1.9814049,-2.1271517
487,"I'm 26. Tuesday is day one of therapy. Day one of me trying to talk about whatever has been going on in my head for the last decade, last 2 decades. I'm terrified to talk but tired of living like this. Tired of the nocturnal panic attacks, tired of crying in the shower, tired of not feeling in control of my head, tired of the pointless thought circles that eat me up daily on something that doesn't matter.",1,anxiety,408,78,validation,distilbert,1,1,0.016389167,0.98361087,-2.0210116,2.0735981
488,"Most diagnoses, except those relating to the endangerment of children, are welcome. This is a first person group, so you need to be the person with a disorder to participate. To join visit our site [https://thehaven.support](https://thehaven.support/) or check out our Instagram: <url> We believe we are stronger together, which is why peer support is so helpful and important. Care when you need it; care for others when you can. \-Zen",0,ptsd,436,70,validation,distilbert,0,1,0.98822635,0.011773642,2.1359766,-2.294072
489,"I do a style of emotional release bodywork called Amanae (or Emotional Release Therapy) and I feel compelled to help veterans. What are the ways I might be able to get in touch with an organization in my area to see if I can volunteer? It can be an intense process and I want to know if it could help people suffering from PTSD, especially veterans. I don’t know if it would be like rattling a cage that shouldn’t be rattled, or if it is exactly the right thing for treating PTSD. I would volunteer my services to learn more by working with sufferers.",0,ptsd,551,104,validation,distilbert,0,1,0.97614425,0.023855696,1.8189937,-1.8925936
490,"But I have two questions - 1) should I stop hanging out with these men altogether? My therapist and mother have told me they don't think what these men confessed were a big deal because they were so young while it happened. And 2) I kind of want to tell the most recent guy that him confessing that to me made me uncomfortable, but I don't know if I should or not. I need help because I don't always have the best judgment of what to do and I'm not always the best judge of character. I think it's because of my aspergers, and also because I really want to see the good in people.",0,ptsd,580,115,validation,distilbert,1,0,0.015761465,0.98423856,-2.0221179,2.1121821
491,"I was terrified and scared and couldn't get away. She just said he was ""joking around"" but it was horrible. I get a sting of panic and fear if anyone pinches me today. I can't even use a lighter without fear of it (Fire is fine, it's Just that kind of lighters). I also panic if anybody raises their voice or sounds angry.",1,survivorsofabuse,322,63,validation,distilbert,1,1,0.0132231265,0.9867769,-2.1198285,2.1926482
492,"My mother and younger sister lived in another city where my mother worked and my sister studied. I was supposed to stay in city 1 until college, but my mother persuaded me to come with her, move, change schools and be near family. She was concerned of me an wanted to have me close. So i moved, but it took me a good while to shift and make friends and such. Thing is, i was never meant to be here.",0,survivorsofabuse,398,80,validation,distilbert,0,1,0.9779605,0.022039462,1.8484838,-1.9441509
493,"One of my closest friends was recently diagnosed with stage II Hodgkin's Lymphoma. The problem though, is that needs help paying for treatment. She lives with a single parent, and can't work anymore due to her disease. Her health condition isn't in completely dire straits like some others on here, but it will be very tough to pay for chemotherapy and the ER visit that led to her diagnosis Any contribution would help, or simply sharing through Facebook or spreading the word is also great. <url>",0,assistance,498,86,validation,distilbert,0,1,0.884641,0.11535907,1.0132434,-1.0238888
494,"For example, she told me I was too stubborn. This is definitely true but she criticized my political opinions, my social behaviors, and my pop culture opinions in addition to just my relationship with her. She also constantly mocks me when we fight, literally repeating my words back to me in a childish/cartoony voice and putting words in my mouth. She refuses to listen to my point of view. We recently got into a fight where I thought a Christmas present my father had gotten me was cheaper than it was.",1,relationships,506,91,validation,distilbert,1,1,0.2955118,0.7044882,-0.43713412,0.43162867
495,"Come one, come all. Join us if you need support, or a friendly community to become apart of. **Invitation Link:** <url> We also have a subreddit for people who can't get Discord: r/AngelsWingsSupport **DISCLAIMER:** *We are not medical professionals.",0,survivorsofabuse,250,39,validation,distilbert,0,1,0.9858678,0.014132257,2.042627,-2.2024353
496,"The misery is so much worse than pre-lamictal, the torment is so much scarier. It feels almost demonic, like someone outside of me is tormenting me (I do not mean this literally or psychotically, it's just my subjective description). I have crying spells all day, I mean the entire day, doesn't matter who I'm hanging out with, doesn't matter if I'm at work (I had to quit for the time being), doesn't matter if I'm working out. I shake and cry and shake and cry, like wailing violent cries. It's terrifying, it feels very ""chemical"" and out of control, like the absence of the drug does this to me, and it's scary for the people around me.",1,ptsd,640,117,validation,distilbert,1,1,0.01308749,0.9869125,-2.1628463,2.1600783
497,"ISOLATION KILLS US &nbsp; UNTIL YOU CAN FIGHT THIS WITH THERAPIES ABOVE, FIGHT ISOLATION &nbsp; ARE THERE ANY OTHERS?",0,ptsd,117,19,validation,distilbert,0,1,0.95915526,0.040844746,1.473853,-1.6824219
498,"My Social Security disability case is still winding its way through the labyrinth of that particular bureaucracy, but there'd be no need to worry about me cutting into your food, as I do receive SNAP. I *could* get a small storage unit for my belongings while I ""hold out"" around these people, though that'd be less than ideal (and dangerous)... and paying for the unit would cut into the funds I'd need to cover fuel and such getting out and going up North. Hence why I'm trying posting here. I suppose it's also worth mentioning that my friend's car is on the smaller side, which might make a tight squeeze, so if anyone has a larger vehicle, and is able and willing to move me and my stuff from Fort Worth to Fort Wayne, that'd be cool. I'd be able to cover fuel and such (well, so long as it's not a major gas guzzler we're talking about - I've got about $200 for that purpose).",0,almosthomeless,882,166,validation,distilbert,0,1,0.9792158,0.020784218,1.9392745,-1.9132836
499,"I was on a tear. I was dressing better, eating better, losing weight, dating a little, saving some money, I was on my way out of this pit. Now nothing seems to matter. Everyone else is so far ahead of me. I finally felt like I was making up ground and the people around me did too, so they took off the kid gloves they'd been using around me a little bit and sharing more of their lives and I am realizing how completely inadequate I am compared to them and how far behind I really am in life.",0,anxiety,493,99,validation,distilbert,1,0,0.023037413,0.97696257,-1.8180104,1.9293183
500,"Above all else he made me feel not that I owed him for such affections. He made me feel worth something, that I was important and beautiful. He gave me back my soul and so very much more until I married him. I know this story might not be what you want to read – I didn’t fight the good fight by myself. Nor did I find my self-worth by myself – well I did in a way, but my friend, my love and eventually my husband held my hand with every shaky step I took.",0,domesticviolence,457,96,validation,distilbert,0,1,0.9695268,0.030473188,1.6392949,-1.8206661
501,"Lightheadedness/flushed feeling, Burning in head and extremities, Dull Headaches (sometimes in back of head and radiates to front) Disassociation, Vision issues,",0,anxiety,161,21,validation,distilbert,1,0,0.08179774,0.9182023,-1.2255716,1.1925964
502,"However, I still need to figure out my best options. That said, I have a few hundred USD to roll with, as well as a part-time job. I know a shelter that's not awfully far from where I work too. So I have my short-term plan, save for possessions. I'll need to call up some storage units tomorrow to check locations and prices.",0,almosthomeless,325,63,validation,distilbert,0,1,0.6728823,0.32711768,0.3322662,-0.38898435
503,"He gave me a pill to “stay awake,” claiming it was a caffeine pill. It didn’t seem to work. We started having sex, and right off the bat I could tell this was weird. He was completely quiet, wearing all of his clothes. He touched my labia (I have an innie vagina) and was like “What the fuck is this...”",0,ptsd,303,60,validation,distilbert,0,1,0.9636086,0.036391437,1.5487883,-1.7275634
504,"I started talking to a girl, 'J', on Tinder about a month ago. She's funny, attractive and quick-witted, however she was apprehensive to meet up for a drink to get to know each other in person straight away. We are both from the same town (we matched over Christmas) however she lives an hour and a half away in a much larger city. She first claimed that she could not afford to travel to see me even when she was back in my town (she also refused to let me pay for anything involving her, including travel to her city to meet her), however said last week that she did not want to meet me until she knew that I was genuine about her, and wanted to talk on the phone every evening for a week. If I did this, then she would meet me on the day afterwards.",0,relationships,752,149,validation,distilbert,0,1,0.98660266,0.013397279,2.0474327,-2.2517831
505,"Secondly; after 3 years of countless meds and as many strains of dank as you can think of, I finally discovered my cure to anxiety. I've heard handfuls of people say music helps but that's never been that case for me. Until tonight. I started listening to kid Cudi during an anxiety attack, I've been listening to him for a long time but never during an episode, I discovered his music helps me significantly. More than any meds I've ever tried.",0,anxiety,445,81,validation,distilbert,0,1,0.9764747,0.02352528,1.7833183,-1.942555
506,"Anxiety my \*\*\*, that \*\*\*\* gave ME anxiety, being surrounded like that. * &#x200B; Skipping to college, at this point I really didn't care about anything anymore, and it didn't help that I met a girl who completely split me and my friend apart (that's a long story in of itself), and started skipping a lot of my classes. I had good grades in my computer programming class, because I was actually curious for a while, but that was about it.",0,homeless,446,81,validation,distilbert,1,0,0.18875985,0.8112402,-0.66780514,0.79028344
507,I was able to get my old office job back and that comes with okay pay and good benefits I start November 1st . Just trying to take steps to make sure we’re okay before we get too behind and stuck on the streets . Anything is appreciated all I have 11$ to my name until Friday . Pm me you would like to help  . I am starting a gofund me sometime this week to help us if anyone is interested in that I will keep you updated,1,assistance,421,89,validation,distilbert,0,0,0.98526645,0.014733584,2.0631611,-2.1396217
508,"His mother would say, ""Who would love you if you look like that?"" or ""Why couldn't I have a fit and handsome son."" So he has his own issues with his body image and weight. He also went a few years without being physical with anyone because he never thought that anyone would be interested or love him because of his appearance. He had a few years where he got very fit and had six pack but eventually lost it as he got older.",0,relationships,425,84,validation,distilbert,0,1,0.9744804,0.02551958,1.7534955,-1.8889631
509,"It sent me into a full-blown crisis by breaking open the “no one believes me and I’m worthless” wound. I had to up my level of care, now I’m in IOP 5 days a week, 3+ hours a day. It’s given me just enough relief to return to weekly EMDR. I had my first session in this round, last week. It was the most physically symptomatic I’ve ever been in-session.",1,ptsd,352,70,validation,distilbert,1,1,0.038380854,0.9616192,-1.560449,1.6606109
510,"I keep trying, hoping we can be what we were...that the man I fell in love with will return. What’s happening here? Why rage at your wife when she tries to be affectionate? Is this just another control tactic? He also stated that I had completely cut him out of my life (I have been spending time with women friends and taking classes).",0,domesticviolence,336,63,validation,distilbert,1,0,0.2717093,0.7282907,-0.4783507,0.5076169
511,"He doesn't have to spend a load of money on things I like! He can use it to spend on himself. I don't understand why he feels that just because we're in a relationship that he has to ""spoil"" me. I enjoy being spoiled but only when I'm the one spoiling myself, haha. TL;Dr: My boyfriend doesn't like that I don't want him to do anything for me",1,relationships,342,68,validation,distilbert,1,1,0.37817946,0.62182057,-0.23607771,0.26120505
512,"Sometimes I feel like I’m the third wheel in their relationship. And this doesn’t even include what they may do when I’m not around! Also, whenever roommate will talk about boys or finding a boyfriend, I notice husband will quickly try to shut that idea down fast, and say he knows roommate isn’t attracted to said guy or doesn’t want/need a boyfriend. There’s definitely an emotional dependency there. I know my husband has explained to me over and over how much he helps her and how important he is in her life.",1,relationships,513,92,validation,distilbert,0,0,0.9413708,0.0586292,1.3240643,-1.45204
513,"If you were raped on a daily basis from infancy through adolescence then you should ""radically accept"" it. Check out the parts of Linehan's book where she explains how unconditional positive regard is a myth, nonexistent. The part where she explains about paradoxical intervention. That is where you manipulate and jerk your client around using head games and reverse psychology. Then there is radical genuineness.",0,survivorsofabuse,414,65,validation,distilbert,0,1,0.9796118,0.020388197,1.8236549,-2.0485454
514,"1) They are considered a ""small business"". I know that small businesses are still required to follow ADA standards for customers, but does the same go for employees? I haven't really read anywhere about my rights except that I can't have FMLA. 2) I feel safer to wear a heavy coat at work, I know it looks unprofessional and my boss constantly asks me to take it off. Is it unreasonable that i request an ""accommodation"" to be able to wear it and is it considered harassment if I make them aware of why I'm wearing it and still ask me to take it off?",0,ptsd,550,105,validation,distilbert,1,0,0.035480294,0.9645197,-1.5839959,1.718657
515,"Whenever I have a reaction or meltdown, he always tries to give shitty advice like ""just think about the things you're grateful for."" I'm sorry, but in the therapies I've taken and in the books I have to help me, nothing *anywhere* says anything about gratitude and it tends to trigger me when he says this because it's what my narcy mom would say to me. I tried to explain this and asked him to read my books and he got mad at me because in his mind I was trying to tell him what to do and I was being ""ungrateful"" for his help. I told him how important it was to me for him to read these books because it would help me feel more understood, but he keeps coming up with excuse after excuse about why he doesn't want to read them. I just don't know what to do anymore.",1,ptsd,768,153,validation,distilbert,1,1,0.014070306,0.98592967,-2.1139739,2.1355445
516,"I’ve started unearthing old albums; I’ve gone back to practising the drums regularly; I’ve been watching more movies and reading more books. Weirdly enough, I feel more in touch with the world. And what now? Will I continue along the road of abstinence? I don’t see any reason to jump off the wagon at this stage.",0,ptsd,313,56,validation,distilbert,0,1,0.8461729,0.15382706,0.8262196,-0.8786751
517,"- Lastly, it may be perceived to imply that having a positive mind frame will solve problems. As I understand it, this is not the message, only that there are methods to help overcome negative thinking of which this is one, but there are no guarantees. To be clear, this is not intended to be a 'cure', nor do I know if it applies to everyone, understanding is an important to recovery/reducing anxiety. and for me it helped. Beneath I will post what I discovered and how this has helped me.",0,anxiety,491,91,validation,distilbert,0,1,0.9849496,0.015050389,2.0030036,-2.1781833
518,We could make an arrangement where I occasionally ship you boxes of stuff. (PS I'm new to this subreddit and not sure how to ask for proof from you... I guess you could PM me a pic of your kid? Idk if that's weird. I'm happy to PM a pic of my kid bc he's super cute :),0,assistance,268,58,validation,distilbert,0,1,0.98777956,0.012220514,2.1303542,-2.2619894
519,"Leaving was one of the hardest things I had ever had to do. My parents really disagreed with me taking time off from school, so as fall came, they spent every day trying to get me to go see if I could come back in the spring, and to get a job. Now job has always been a scary word for me, because my only job I've had is teaching people how to hit things beautifully (Percussion Private Lessons). I had come so close to interviews in the past, but I could never get myself to leave as the day came. This lead to my parents becoming more and more frustrated, and the only person I could seek refuge with, was Sarah.",0,anxiety,614,122,validation,distilbert,1,0,0.016319823,0.9836802,-2.0571406,2.0417798
520,"While sitting on my normally-quiet front porch today, one of my unbelievably extroverted neighbors was carrying on the loudest conversation I've ever heard on a quiet street. Her conversation partners used a normal volume - she was the only one yelling words at the top of her lungs. I wanted to snap her clueless little head off. Or at the very least, tell her to shut the f$*( up. Grumpy?",1,ptsd,390,70,validation,distilbert,0,0,0.937433,0.06256705,1.2918367,-1.4150698
521,"She never messaged him back, but I asked her why she still had him on Snapchat. I only asked it because she had claimed to have deleted her ex's on social media. Whatever, that's a nice feeling and I'm glad, but at the same time it wouldn't really be an issue for me if she did still have them. Fast forward to last night... My fiance was acting all weird and put out so I tried figure out what was going on and what she was upset about.",0,relationships,437,88,validation,distilbert,0,1,0.9762557,0.023744255,1.7920561,-1.9243279
522,I have been trying to make plans recently and she keeps having things come up but i understand because i am doing it on kind of short notice. This last little bit after the break happened in about a 8 day span. TLDR: I am awkward and need some help with relationships. I feel like i ruined my chances with this girl and i am hoping i can fix it. I also may just be overreacting to things.,0,relationships,388,78,validation,distilbert,1,0,0.017052494,0.9829475,-1.96316,2.091099
523,"My friends and family don't understand why he is so jealous and controlling because they know when I'm in a relationship I'm faithful. Im ready to take him out of my life, but what should I do? When hes angry I don't know what extent he would go to. How should I handle it? Ignore him or communicate calmly so he doesn't get mad?",1,domesticviolence,329,64,validation,distilbert,1,1,0.018367067,0.98163295,-2.0349042,1.943754
524,"She's a real healer. She's beautiful in so many ways 🐰🥕 but it's just insane. I won't lie, she is the most expensive medication that I've ever had as she's already cost £2,000 ($2,654.510) (when I say medication, I mean that she's a therapy rabbit) but I do love her to bits. I'm actually thinking of getting another pet  soon. My mum has said ""yes"" but she won't allow me to have another big animal as she has to sometimes help me with Alaska because believe it or not bunnies can sometimes be a handful.",0,ptsd,505,95,validation,distilbert,0,1,0.96076053,0.03923946,1.5234075,-1.674635
525,"Maybe kind of nauseous? Not in a normal nauseated feeling. Its more like that pit of my stomach, I'm about to get in big trouble, or I'm waiting for the cops to come pick me up or something haha. Like, it has that prickle in my spine to it. And that restlessness in my head.",1,anxiety,274,55,validation,distilbert,1,1,0.055577002,0.944423,-1.4170141,1.4157906
526,I don't live in the country anymore. She thinks no one will help her and has a hard time trusting people. She doesn't want to go to a shelter. I at least gave her the number for a bilingual support person from the ywca. My mom also wants my dad to pay for my graduate school degree.,0,domesticviolence,282,57,validation,distilbert,1,0,0.054497615,0.9455024,-1.390376,1.4631834
527,"Hi everyone, I'm giving writing a go to try and cope with my PTSD. I was recommended to start a blog on an app called Vocal, you get paid per 1000 views, but that doesn't really matter to me, it'd be a cool bonus though. This blog is for people who need someone to relate to, so maybe they don't feel alone anymore or that they feel as if someone can understand them. I've only started today but any support would be so appreciated, a blog is the only way of helping myself and helping others at the same time, I have one post up at the moment but I'm going to write as many as I can.",0,ptsd,584,118,validation,distilbert,0,1,0.98507464,0.014925336,1.9880795,-2.2015777
528,"It was my 21st birthday and a couple of friends came into town. We went out for dinner and I had 2-3 drinks. Afterwards, we smoked a bunch of pot. I am a regular smoker, but I smoked a decent amount that night so I was quite high. We decided to take the tram back, and that's when things started to feel weird.",0,anxiety,310,63,validation,distilbert,0,1,0.9733632,0.026636694,1.7719424,-1.8265252
529,"I am just sick of this being my daily life. Between the derealization and the hypervigilance and paranoia even on good days I still don't feel like a person - and that's not even touching the flashbacks and nightmares. I don't know what to do anymore. I can't find a shrink who I trust or who seems equipped to help with the particular symptoms I have, and that seems like my only option. What do I do?",1,ptsd,402,77,validation,distilbert,1,1,0.012426425,0.98757356,-2.1625564,2.2128694
530,"I'm 18 and I'll be leaving home for the first time. At this point, you can see that my dad like to ""collect"" things but it not like our house looks like and episode of Hoarders (yet). Fast forward 18 months, I'm transferring to a college closer to home. Between traveling and not being able to find a job in the barely populated, conservative, town I was in, it was in the best interest. Also a key point, I changed my major from Veterinarian Bio to general Psychology since my hometown college didn't have vet bio.",0,stress,515,96,validation,distilbert,0,1,0.9791613,0.020838741,1.8599423,-1.9899403
531,"I was in a rabbit hole of youtube videos over the weekend, starting off from music videos, then vine compilations, and then somehow fight videos. On one of the side videos, I noticed a video involving ""XYZ high school"" where my boyfriend attended. The video was actually pretty clear and my blood kind of ran cold when I realized one of the 2 kids in the video was my boyfriend. It was absolutely brutal. And there's no doubt that this was him.",1,relationships,444,82,validation,distilbert,0,0,0.79616314,0.20383689,0.66497964,-0.6975044
532,"There was this one guy I would see around a lot and he was good looking. But he was 18. I talked to him sometimes and he seemed to like talking to me, said I was cute. This made me happy at the time. One day we were at the park and he asked if I had a boyfriend I said no.",0,survivorsofabuse,272,62,validation,distilbert,0,1,0.9838521,0.01614791,1.9800048,-2.1296804
533,"Husband, I wanted to do this amicably. We could have made it through this heartbreak to our mutual benefit. I was willing to give you everything in exchange for your helping me furnish a tiny studio apartment. The value of such furnishings pale in comparison to the value of the property I was going to let you keep in exchange for allowing me to break free smoothly. I was going to let you keep my puppy.",0,domesticviolence,405,76,validation,distilbert,0,1,0.98542875,0.0145712355,2.0311184,-2.1829088
534,We went home the next day. And now i fcking dont know what to do. My heart rate feels like it’s shaking the whole bed. Im dying. TLDR i got friendzoned at the beach and I cant take it like a man,1,anxiety,194,42,validation,distilbert,1,1,0.013876639,0.9861233,-2.033685,2.2298896
535,He said you better get a job by Friday or the homeless shelter. I'm thinking of going to stay at my cousins place who is supportive but it's a tad dirty but I'm considering just packing up my bag left clothes and going to stay with him. He also has my car and I'm not gonna try to take it back because he paid for my head so he gets my car. It's not worth much but still. Thank you for reading and I'm open to suggestions thank you Agian and I'm glad I got to share this,0,domesticviolence,470,98,validation,distilbert,0,1,0.9788569,0.021143101,1.8198175,-2.0152543
536,"Any help is greatly appreciated, I'll be sure to pay it forward when i'm back on my feet. Thank you. Edit: removed bitcoin address, missed that in the rules. Sorry! Edit2: thank you so much",0,assistance,189,35,validation,distilbert,0,1,0.98513156,0.0148684895,2.0839908,-2.1095402
537,"For those that have sought help before, is it as bad as I am imagining? Will I be taken seriously? I feel that because I put myself in that situation, I sort of don't deserve help if that makes sense. I'm not even sure this is the right place to post as I'm not sure it's even a possibility to get some sort of ptsd from something like this. Sorry for the rambling, and thank you for reading.",1,ptsd,392,78,validation,distilbert,1,1,0.01904526,0.98095477,-1.9434216,1.9982865
538,"He apologizes if I point it out later, but the first instinct is always to blame me. And often the thing he's blaming me for is exaggerated, and made to look like a routine flaw in me, even if it's a once off thing. He doesn't hesitate to show his bad mood/displeasure (which applies to how he is around most people not just me, but I think it's worse when it's about me). He doesn't hide it at all even if we're around other people, so I have to be particularly cautious not to piss him off or bring up anything that could upset him in public. When he's upset/displeased in private, he withdraws and it's up to me to grovel and convince him to talk to me again.",1,relationships,662,129,validation,distilbert,0,0,0.6587919,0.3412081,0.3439298,-0.31398535
539,"After talking with my psych she made me realize that anxiety has been the route of my negative feelings and it was likely anxiety causing depression. Despite this, however, she never seemed to understand just how severe my symptoms were. I would try to stay calm and describe how i felt to the best of my ability, however it wasn't until she saw me have an anxiety attack over asking her a \_very\_ simple question that she finally understood the severity. She said I seemed to downplay how I felt, so I took this into account for future reference. Eventually I move on to starting antidepressants, citalopram to start off.",1,anxiety,623,110,validation,distilbert,0,0,0.8987844,0.10121561,1.086312,-1.0974782
540,"Hello. I have been on these support subs the last four months or so, and they have been so very helpful, thank you to everyone on her, and reading this. I have a situation where I am not sure what advice to give. My younger sister is twenty one years old. She has BPD or something much like it, and can become very emotional, begin panicking about the potential of abandonment, and threatening suicide, to cut of all her hair etc.",0,ptsd,430,81,validation,distilbert,1,0,0.052832622,0.9471674,-1.4043584,1.4819887
541,"I've been suffering from anxiety and ptsd since I was 13, actively working towards recovery for the past three years. It's been up and down, of course, but overall I've made really encouraging progress. For the past six months I've been dating a really sweet guy, someone I think is worthy of my trust and good for me. We're both interested in being together long-term. This is the first healthy relationship I've ever been in, and I've been working really hard not to let past experiences and my own issues negatively affect our partnership.",0,anxiety,542,94,validation,distilbert,0,1,0.95929164,0.04070833,1.5514666,-1.6082957
542,"I feel like I’m sabotaging our relationship. Making up scenarios to pick a fight and give us a reason to break up. I really don’t want to lose him. In the beginning, I was hesitant to go out with him but the more we hung out, the more I started to like him. Now that I know more about him and met his family, the more determined I felt to make this relationship work.",0,anxiety,367,74,validation,distilbert,0,1,0.95110834,0.04889167,1.4699628,-1.4980581
543,"About Sean One thing that describes Sean best is his huge thirst for new experiences and knowledge. He would never sit still and was constantly trying to grow - waking up at 6am to go for a run, taking every opportunity to improve his Spanish and learning new skills while volunteering. A real nature lover; his biggest hero is David Attenborough and he would always serve us with the weirdest fun-facts about nature. He came across as the most positive guy, embracing life with all its aspects and trying to take the most of it.",0,assistance,529,95,validation,distilbert,0,1,0.9843001,0.015699929,1.9545733,-2.1837013
544,"I couldn't speak but finally managed to say, ""Bag, get my bag."" He was able to help me with my pills and touch me and talk to me enough that I came back. Now boyfriend is back to bed, and I'm assuming I'll be up for the rest of the night. I don't know what to do with this. This is scary stuff.",1,ptsd,294,63,validation,distilbert,1,1,0.01461048,0.9853895,-2.0798872,2.1314108
545,"Hi Everyone! My aunt is currently helping out the bus service in San Andres Ixtlahuaca, Oaxaca. The bus that is used currently is over 10 years old, which is over the limit required by the Mexican Government. The pueblo do not have the funds to afford a new bus and are at risk of losing the most affordable option of transportation. The people are concerned with raising funds, and it would be amazing if they got help.",0,assistance,420,77,validation,distilbert,0,1,0.96431255,0.035687428,1.6375176,-1.6590995
546,"I am quite introverted and the broken friendship I had with my previous roommate made me feel very anxious, so I moved into an apartment on my own. I love living alone, but when I have severe anxiety attacks it becomes lonely and almost unbearable. I sometimes think so much that it feels like I am going crazy. I have terrifying thoughts and I make up scenarios in which I have some terrible condition, or I am dying. My parents know that I have anxiety, but never took it too seriously.",1,anxiety,488,91,validation,distilbert,1,1,0.013711978,0.98628795,-2.108169,2.1675093
547,He tells me he loves me with his smile and outstretched arms every day. I need to be a good mom for him. &#x200B; Thank you for reading. I have been holding this in for so long and I guess I just wanted to be heard.,0,domesticviolence,215,46,validation,distilbert,0,1,0.9821926,0.01780745,1.9204441,-2.0897262
548,"She has not once shown disappointment. When she sees me get frustrated, she lays next to me and holds me. Asks me what I need to relax. But it's becoming a self perpetuating cycle and I'm getting panicky that this is going to drive a wedge between us because she will start to feel that she doesn't excite me or satisfy me or whatever. Before anyone asks, the pipes all work.",1,anxiety,375,71,validation,distilbert,1,1,0.028916592,0.9710834,-1.7440553,1.7699416
549,"This SUCKS, we're booking plane tickets next Wednesday and half of me is ecstatic but the anxious half of me is dreading it. I need to figure out how to calm all this anticipatory anxiety so I can just let myself enjoy my relationship, the excitement leading up to our trip, and even the trip itself (although I feel like once I'm there I'll be fine)! This is the same anxiety that has stopped me before, and I am NOT letting it stop me again. To anybody who's experienced this before, what tips or strategies can you give me to help overcome it? TL;DR- Very anxious about upcoming trip because I'm afraid of being trapped/away from the comfort of my home, to the point where it's affecting other parts of my life, how do I get over the anticipatory anxiety so I can enjoy myself?",1,anxiety,780,145,validation,distilbert,1,1,0.013186325,0.98681366,-2.0997922,2.215509
550,"I might be homeless soon, I have about 500 dollars in my bank account and I NEED to get out of Massachusetts. I am going to be a college drop-out in my 3rd year due to family reason instead of academics. After a lot of research, I am contemplating between Wichita, Kansas and Columbus, Ohio. I really just want a minimum wage job so I can have a bed and private bathroom. Afterward I can get my life together and start taking programming jobs again.",1,almosthomeless,449,85,validation,distilbert,1,1,0.01374956,0.9862504,-2.0835705,2.1893327
551,"**I don't want to be anxious in drawing class. ** It's supposed to be my escape, my one place where I can do what I want and be who I choose. Instead it's turning out to be a trigger for anxiety. I refuse to drop my drawing class- I've already committed to trying to be an artist. What kind of artist doesn't take drawing in high school?!",1,anxiety,338,67,validation,distilbert,1,1,0.07529628,0.9247037,-1.184347,1.3236955
552,"All of this has made me feel really horrible. It has destroyed my self esteem and made me feel depressed, unlovable, worthless, responsible, etc. It has also had severe and debilitating impacts on my mental and physical health.",1,domesticviolence,227,38,validation,distilbert,1,1,0.017714797,0.98228526,-2.0003448,2.0151367
553,"I know the rules say no self-fundraising posts but I thought this might be an exception. This is all going to MAPS Canada, a non-profit who's current goal is legalizing MDMA-assisted therapy. I thought this sub would be interested in supporting! This is the same ORG that is legalizing MDMA-assisted psychotherapy in the States with promising results. Link to page: <url>",0,ptsd,371,61,validation,distilbert,0,1,0.98666126,0.013338773,2.0667129,-2.236939
554,"Even when she hated me, I didn't hate her. There weren't enough good friends in my life for me to afford hating her, and there still aren't. I can't describe it. She and my mom were chatting at dinner (they're the talkers of the family), and the whole time, I was just glaring at her. She tried talking to me, and I felt my entire body physically tense, and I was just viscerally angry.",1,relationships,386,74,validation,distilbert,1,1,0.019296542,0.9807035,-1.9570104,1.9713339
555,"BACKGROUND: paul and i met 1.5 years ago on okcupid and hit it off right away. at the time, we were both in long-term open relationships with other people, so we fell into a pretty quick routine that involved seeing each other once a week for a meal or drinks and sex [the best of his life, allegedly]. About 6 months into it/the December before last, he and his partner of 8 years broke up, which sent him into a bit of a depression/naturally intense period of introspection. Independently/for unrelated reasons, my own longterm relationship also came to an end. Paul and I saw each other less but kept in touch.",0,relationships,613,111,validation,distilbert,0,1,0.9809079,0.019092077,1.9458977,-1.9933076
556,"He speeds up and tries to catch up to her, and continues to yell at her face. The girl turns around in pushes him out of frustration and can tell it wasn't meant to hurt him or anything. The guy reciprocates by immediately pushing her multiple times, and they were NOT soft pushes, and seems like he was trying to push her to the ground. Couple pushes in, I was in shock, by the fact that you could really be in a relationship with someone that is abusive or that physically hurts you, or maybe it was that moment, she found out who he really was. She got up immediately and walked the opposite direction, walking back towards me, and I try not to look at her but she was just devastated I can tell.",0,domesticviolence,699,135,validation,distilbert,1,0,0.16312526,0.8368747,-0.78823024,0.8469258
557,"I have very little understanding of developing workout regiments to challenge my body with and could great use insight. I've tried reading the r/fitness wiki, for example, but I didn't couldn't make heads or tails of the information that was presented. If there's anyone here that can help, please do! Thank you for reading,",0,assistance,324,54,validation,distilbert,0,1,0.9849807,0.015019333,2.0324848,-2.150799
558,"Accounts incredibly overdue. A life entirely unattended to, without organization or care. Chaos. I knew none of this. The man he presented to me was one of principle (honesty, loyalty, your word is your bond, etc), always ready to protect and serve in whatever way necessary.",1,domesticviolence,275,46,validation,distilbert,0,0,0.9735232,0.026476828,1.6888994,-1.9157523
559,The father has one of the most notable family lawyers in Illinois working his case. Justine cannot afford a lawyer. She has followed through with her treatment for PPD and has had psychiatric evaluations and physical home visits to prove she can provide a safe and loving home for her child. For over a year Justine has been fighting merely for the right to even see her child. She's been issued Skype visits.,0,assistance,409,73,validation,distilbert,0,1,0.830984,0.16901602,0.81150895,-0.78110814
560,"to me I feel like that is someone older than my current age dating an age that seems like a child to me....  I creeped her facebook and she appears to be a "" normal"" 23 year old...going out partying...saying things I would have found funny at that age but cringe at now.....and he did share with me that he supported her for the most part and so on...I asked if she had any "" life skills"" and his answer was ""  not really"".  What are people's thoughts on this?   --- tl/dr...i'm creeped out by a man dating a woman 20 years younger even my last relationship was with a man 22 years older.",0,relationships,588,114,validation,distilbert,1,0,0.30619836,0.6938016,-0.3891824,0.42877045
561,"Hey, So I come from a middle class family and study far away from my parents for university (already scary for me as you can imagine). After going home this winter my parents dropped the bombshell on me that they are struggling to pay my tuition. The thing is, although we are not super rich or anything, my fathers work covers 80% of my tuition and housing, the reason that my parents are unable to pay is that my dad is fairly disorganized and let his expenses build up. My tuition is due this friday and I just called my parents and woke them up to inform them that its getting really serious now (my dad promised to make an arrangement with his friend to pay my tuition).",1,anxiety,675,128,validation,distilbert,1,1,0.31593677,0.68406326,-0.32297492,0.4495334
562,"But then I'll get there and he'll drop the bomb that his GF is coming over and to be honest, it totally makes me want to bail early. It's just annoying to be invited to come over and thinking you're gonna have some bro time gaming and what not, only to get there have him drop the bomb that his GF is coming over and being stuck between either listening to 5th grade cheesy/cringeworthy convos or figuring a way to bail early without coming across as an asshole. How can I talk with my buddy in a polite way about the matter, that when he invites me over I'd prefer it to be bro time without coming across as an asshole or that I'm against his GF as a person which I'm totally not! Again, she's really sweet and he has every right to want his GF to come over to, I'm just tired of the surprise third wheel through the most goose bump inducing conversations and want some strategies how I can communicate with my friend that I don't like sitting through that. Thanks in advance!",1,relationships,977,187,validation,distilbert,1,1,0.07786158,0.9221384,-1.2143806,1.2573819
563,"* Her, a week ago: Precious, how are you? (I ignored her.) * Her, Jan 1: Happy year precious, happy year love for more years at your side we haven't lived much together but we will stay all our lives to live and it that stays to live. **You are one of the best people I have met in my life. ** You are one of the best people I have met in my life (she says this twice) that you have always been here for everything and you always will be.",0,relationships,438,92,validation,distilbert,0,1,0.98431087,0.015689166,2.0012243,-2.137747
564,"I don't have the ability to cope with it anymore. I'm trying, but a lot of things are triggering me, and I'm shutting down at work, just finding the place I feel safest, and staying there for an hour or two until I feel like I can do something again. I'm tired of watching my back, tired of traveling to places I don't feel safe, tired of reliving that moment, tired of being triggered, tired of the stress, tired of anxiety and knots in my stomach, tired of irrational thought when triggered, tired of irrational paranoia. I'm exhausted and need a break, but know it won't be enough until I journey the long road through therapy. I'm not suicidal at all, just wishing this pain and misery would end, to have my life back again.",1,ptsd,728,135,validation,distilbert,1,1,0.012515208,0.98748475,-2.1740477,2.1941688
565,"In case this is the first time you're reading this post... We are looking for people who are willing to complete some online questionnaires about employment and well-being which we hope will help us to improve services for assisting people with mental health difficulties to obtain and retain employment. We are developing an employment questionnaire for people with personality disorders; however we are looking for people from all backgrounds to complete it. That means you do not need to have a diagnosis of personality disorder – you just need to have an interest in completing the online questionnaires. The questionnaires will only take about 10 minutes to complete online. For your participation, we’ll donate £1 on your behalf to a mental health charity (Young Minds: Child & Adolescent Mental Health, Mental Health Foundation, or Rethink).",0,anxiety,848,135,validation,distilbert,0,1,0.9876902,0.012309775,2.1237175,-2.2612576
566,Do you find this normal? They have a good relationship. Main problem I have is She will see her mom in a jail jumpsuit She will see other inmates and women behind bars The guards could be intimidating Is that ok for a 15 year old to see? Actually my daughter does not seem scared but instead seems excited and enthusiastic to visit. This is strange to me.,0,almosthomeless,355,68,validation,distilbert,0,1,0.97240055,0.02759947,1.7127743,-1.8491969
567,"I was talking to my mom this morning and she said that about my sister. Her trauma was worse than mine but she didn't develop PTSD. (My mom has no idea I even had a traumatic event) I told her it's not that easy, and she said it just needs to be done. Now I am scared.",1,ptsd,268,57,validation,distilbert,1,1,0.015367881,0.98463213,-1.9913695,2.168619
0,"When we had our first fight I did EVERYTHING I could to gain her back in my life. I quit smoking cigarettes because she went on a ""I hate all drugs and anything smokable"" rant. I tried to be more mindful and kind because she said I was the opposite. I tried to change because I wanted my best friend back.    4 months later she let me back in and I was so fucking happy.",0,relationships,370,75,calibration,distilbert,0,1,0.58992887,0.41007113,0.097875305,-0.26579604
1,- Specificphobia: most commom type. It's when something causes exarcebate fear in the person. DSM-5 moved two more disorders to a specific group. But it is anxiety disorders: - TOC and post-traumatic stress.,0,anxiety,207,33,calibration,distilbert,0,1,0.87054354,0.12945652,0.91949254,-0.9862802
2,"Here comes a little rant, because I don’t know what to do anymore and I’m done with it. I keep on having panic attacks and I can’t find the trigger. I’ve been crying for hours now, and yesterday and the day before as well. I’m seriously afraid that I will go nuts one day, I see no end nor a solution. I’m afraid I’ll end up in a mental hospital.",1,ptsd,346,70,calibration,distilbert,1,1,0.011777937,0.98822206,-2.1828034,2.246876
3,I have NOONE to talk too. = stress I've taken dbt/cbt classes. Yes I've tried grounding techniques and get frustrated after a bunch don't work. Cannot Afford a pyscologist.,1,stress,172,29,calibration,distilbert,1,1,0.029836059,0.97016394,-1.725116,1.7566314
4,I’m struggling to figure out what’s wrong with me at the moment. I’m wondering what caused you all to find out that you may have PTSD? Was it something you noticed yourself? Did family members point it out? Etc.,1,ptsd,211,39,calibration,distilbert,1,1,0.020432344,0.97956765,-1.9445891,1.9254031
5,My therapist says this is a normal behavior to display. Having been ripped from my children and left on the streets is very hard and i honeslty want to give up. But the anxiety swirls to the point i keep trying to find where i went wrong. It replays and plays in my head over and over like a horror movie. The feeling of wanting to die because at that point i had nothing left.,1,ptsd,377,75,calibration,distilbert,1,1,0.012166484,0.9878335,-2.1702654,2.2265637
6,"It can influence you to lie, encourage you to do things you wouldn’t do without it. If there’s any way that you can, try to expose it for what it is. Either to yourself, or someone who supports you • Having at least one person who can support you is vital to recovering. They don’t have to know everything, or be a perfect support, but fighting alone is how eating disorders can really take over",0,anxiety,395,75,calibration,distilbert,0,1,0.9843364,0.015663603,1.976604,-2.1640236
7,"I wonder what I would be like if I had gotten help earlier on. **Here's where I could use some input: I don't consider myself mentally ill. I hate the word. If someone asked me if I was, I'd deny it but I know I have PTSD and I guess that does make me ill by definition. Will I be considered mentally ill forever?",1,ptsd,313,64,calibration,distilbert,1,1,0.015765104,0.98423487,-2.0434754,2.0905905
8,"And they all make it sound like I will have infinity free time and money to go exploring all over where I'm going, like I'm going on a damn vacation. I'll still be spending all my free time job hunting. If they want me to come right back to a shithole that doesn't want to hire me because I'm supposedly overqualified just by existing (I keep getting rejections telling me I'm overqualified except for the one that asked me to fill out yet another application despite me handing them one two weeks ago), maybe they can pay my way and then they can pay for all the months that I don't have income. I have come back here too many times already to nothing, and they seem to think I'm just hanging around having fun living in my car. Unbelievable.",1,homeless,743,140,calibration,distilbert,1,1,0.016806405,0.98319364,-2.0199149,2.0491312
9,"Hi /r/relationships, I'm hoping you can give me some perspective. I am at a loss on how to handle this situation. I am so sorry at how long this is, but I needed to vent and hopefully one or two kind people will be able to help me process this. I want to provide some background from my side of these events. For the last year, I've been in a high-profile, high-stress management position with my company.",1,relationships,405,77,calibration,distilbert,0,0,0.63924456,0.3607555,0.34590313,-0.22618352
10,"Hey y'all. Throw away for obvious reasons. I am so confused and I don't know what to do or who to reach out to. I started dating my boyfriend two years ago when I moved away from my home to a new state for a job. He was funny, intelligent, and *very* charming.",0,domesticviolence,260,53,calibration,distilbert,1,0,0.017069286,0.9829307,-1.9748607,2.0783975
11,"I have been living in <location> at a homeless shelter run by the Salvation Army since the beginning of February (I know it hasn't been that long but still), and I started a new job a month or so later around the beginning of March. I don't know if my boss did a google search of the address I have on record or maybe drove past it one day, but I overheard him talking to another one of the staff about how 'the homeless population here in Toronto is getting pretty bad, and how there might be a lot once the weather improves because of the people trying to leave the USA because of Trump' And since I heard this conversation, I went from having 3 shifts of 4 hours per week (12 hours per week), down to this week I have 1 shift that's only 3 hours, and he's blaming how our sales are really slow, which they are down by an average of 4% compared to last year according to the reports that are printed automatically each day. It also doesn't help that since I started a month ago, we had 11 employees and as of this morning we now have 16. Tell me why the hell if business is so slow, why did we increase the number of staff by almost 50%?",1,homeless,1139,225,calibration,distilbert,1,1,0.09907923,0.9009208,-1.1260943,1.0814033
12,"Babies don't care about work hours you know. Husband finally says he'll watch our darling for the few hours between his full night's sleep and work. So we're doing this. I'm chipping on an embroidery project doing 'me' time, he's on bed with baby keeping the crawling fiend busy. He falls asleep and baby almost falls into crack between headboard and wall.",0,domesticviolence,356,62,calibration,distilbert,0,1,0.97404593,0.02595404,1.7944063,-1.8307247
13,"Already borrowed what I can from family and friends, living on my own, and rather exhausted that. I'd rather not share my specific adress in public, so PM if you want to help. Got no preferences, but a kebab or pizza with varied stuff in it would be great for nutrition. Hate asking for this, but I'm at a low point and getting rather desperate. If ordering isn't the thing for you, a small amount of money to buy something cheap at the store is just as good.",1,food_pantry,459,88,calibration,distilbert,1,1,0.023660533,0.97633946,-1.838286,1.8817159
14,"It was created by a friend of the husband. She’s in for a long, hard road after she gets done with this freefall. If anyone can help. Please do. [Team Thomas](gf.me/u/jyy4qm)",0,assistance,174,31,calibration,distilbert,0,1,0.9873389,0.0126611525,2.110717,-2.2457578
15,"The langar runs off donated food, money, and volunteers. This is a great place for food and renourishing of the soul. I don't mean religiously. I mean just connecting with fellow human beings. Beyond the physical, being homeless is very rough emotionally and mentally.",0,homeless,268,44,calibration,distilbert,0,1,0.9569951,0.043004863,1.4856489,-1.6168363
16,"The real irony is that had my dad told the truth about the car, he would be home right now plotting his next scheme, but instead he lied and got caught because of his arrogance. The problem we face now, is that there is always the chance my dad might sign the documents and they let him out (he'll probably weasel money out of his youngest brother/my uncle to pay the bail), and then we have to contend with the possibility my dad has something else planned to get us, which he probably does because that's his gig and his only goal in life since his big revelation after the pace maker got put in. My dad cannot talk to Bart or Dandy because they are witnesses, and he can't have any communication with my mom either. Myself and my brothers are contemplating getting a restraining order of some kind, but given how my dad operates, I'm not sure that will actually protect us from any harm. I have an appointment with doctor Doorstall this thursday, probably won't get anywhere but I'm sure he is aware of my dad's situation by now, or will be soon.",1,domesticviolence,1049,196,calibration,distilbert,1,1,0.023136592,0.9768634,-1.8056095,1.9373219
17,I have had two or three or more reoccurring dreams of me cheating on my boyfriend.. and they are so real that I actually feel awful when I wake up or like it actually happened. I've been spooked when I've woken up because it's actually felt like he left and it happened.. can someone shed some light on what this means? my boyfriend is 18 and I am 19 I am female he is male. we have been in a relationship for around 6/7 months. Recently me and my boyfriend had been going through a tough stage and I've been carrying a huge amount of guilt and I've been feeling like I'm not a good person at all...,1,relationships,599,118,calibration,distilbert,1,1,0.012034521,0.9879654,-2.1702526,2.2376158
18,"Today we had a really bad fight and she’s at home while I’m outside... I don’t think I can go back anymore and I have nowhere to go, with the very little money I have on me and only the vaguest sense of what to do. I’m an 18 year old non binary and have had a shitty relationship with my mom ever since my dad left when I was 8. I live in a drug heavy area that is riddled with gangs and is definitely not safe at night. Shelters nearby are full, I don’t have a car, and no friends or family to turn to.",1,homeless,503,107,calibration,distilbert,1,1,0.012183316,0.98781663,-2.1845102,2.2109194
19,What should i say? **tl;dr friend is struggling with alcoholism and bulimia. She's back in town and wants to hang out and eat and drink. How do I tell her that I will no longer participate in these activities with Her? **,0,relationships,221,42,calibration,distilbert,1,0,0.1781754,0.82182455,-0.68183595,0.84692246
20,"Kyle got out and started contacting me again, writing letters to “prove he still knew where I lived”, and “being able to get in touch with me regardless of me blocking him”. I have some friends in the police force near me, who I informed of the situation. About the same time I started talking to them, Kyle was put in jail for separate reasons. Since these two events, he has stopped contacting me (thank Christ.) James knows about Kyle, but I haven’t told James about the most recent developments because he has had a lot going on (a death in the family, health issues, among others).",1,ptsd,586,107,calibration,distilbert,0,0,0.9764346,0.023565382,1.8436339,-1.8804951
21,"Please don't make me feel worse. I mean, hell, I'm ashamed I even need to ask my boyfriend. But at least we have things to talk about and he's just naturally good at keeping me calm without even realizing he's doing it. He actually *helps* by being there. My mom and sister either do nothing or make it worse.",1,ptsd,309,59,calibration,distilbert,1,1,0.02274624,0.9772537,-1.7955236,1.9648226
22,"In some ways, I can handle it more than the average person who hasn't gone though such a trauma. Sometimes it's hard to remember that, though, when you're breaking down over some otherwise harmless feedback. I'm tired of people misunderstanding. I'm tired of feeling weak and broken. I'm just tired.",1,ptsd,299,50,calibration,distilbert,1,1,0.01507386,0.9849261,-2.1107988,2.0688057
23,"Apparently with this new technology, my entire phone shuts down for 5 minutes after making an emergency call. I'm waiting to tell work about what happened, that I can't come in. I'm going to the hospital with her. I don't care if they're mad or if I get fired. I just feel so shaken and scared still.",1,ptsd,300,57,calibration,distilbert,1,1,0.01335981,0.98664016,-2.1302643,2.1717904
24,"I apologised and thought that was the end of it. It’s gotten to the point that if I walk into a room, she’ll leave straight away, and if she doesn’t leave, or if I start talking to her or someone else, she sighs a lot so I know my presence is not wanted. If I’m in her general direction of travel, she’ll be sure to make a wide berth around me, and the only time she’s spoken a full sentence to me was to say “thanks for my present” that I got her for Christmas. Then we get to tonight. Eva and one of my brothers are staying over at our cousins house.",0,relationships,552,113,calibration,distilbert,0,1,0.9685846,0.031415362,1.6875155,-1.7410234
25,"It feels great, but I'm worried. I tried to kill myself one year and one month ago. I am prone to depression. I am worried about crashing too hard, and I have kids to care for. Has anyone else experienced anything like this?",1,ptsd,224,43,calibration,distilbert,1,1,0.014564022,0.985436,-2.0924058,2.1221244
26,"And one of the girls pull me and asks me if I like him and I said yeah and she goes “if you like him you can have him because my friend is only here for one night...(gets pulled). And there I was in a packed nightclub all on my own. Trying not to cry about the fact I got ditched by my date for the night. So I leave the club go home on the train with the worst feeling ever, more insecure than I’ve ever been. **tl;dr : one of the worst feelings I’ve ever had in my life (sorry for being dramatic)**",1,relationships,500,105,calibration,distilbert,1,1,0.01430834,0.9856917,-2.1073048,2.1251962
27,"Posted this initially in /r/depression, but it's probably better off here. I went on an awesome 1st date with really cute guy. It was fun. He was super, smart, attractive, CHIVALROUS even... We're going on a second date soon. The problem is I have no idea if this is working or not.",0,anxiety,282,52,calibration,distilbert,0,1,0.86135685,0.13864318,0.88788706,-0.93871826
28,"This post was spurred by the fact that I was just scrolling through photos I took of my boyfriend last year and I found myself thinking, ""is this person actually my boyfriend?"" I don't mean that in a sappy ""how did I get so lucky"" way (although I did luck out with him, for sure) but more in a ""how do I see this person all the time and still feel like I don't recognize him in photos"" way. We've been together for over five years. It just... it doesn't make any sense. Normally I only do this with people from high school, many of whom I haven't seen since we graduated six years ago.",1,anxiety,585,115,calibration,distilbert,0,0,0.688896,0.311104,0.36236423,-0.4325988
29,"You would try to understand (not to be confused with accept) their perspective and make a deal that will satisfy them and you. In the same way you would negotiate with your client. What would you like to get out of this deal? What would it take for them to give it to you? Can you give them less then what they want, but make it seem like it's actually more?",0,survivorsofabuse,358,71,calibration,distilbert,0,1,0.9848792,0.015120841,2.0007708,-2.175674
30,He causes emotional pain to me every day but I cannot get myself to leave him. He physically abuses me sometimes but it rarely leaves a mark or bruise. I feel like even if he cheats on me (again) I still won’t want to leave him. The only way I think I will leave him forever is if I end up hating him. And the only way I will hate him is if he caused physical harm that I cannot lie my way out of like I have in the past.,1,domesticviolence,421,91,calibration,distilbert,1,1,0.012155011,0.987845,-2.2139704,2.1838138
31,"And godforbid I see an insect anywhere near me, even if it’s through a car window, jar, or whatever… oh boy, I get VERY anxious. Sometimes I have never ending anxiety that lasts for multiple days, and flares up at the worst times. And if I drink caffeine, oh man, that makes it even WORSE. Nicotine withdrawal can compound this sometimes, increasing my anxiety twofold, and, ironically, making me too anxious to go out to smoke; which causes a vicious cycle that while temporary, can really fuck me up for the time it’s going on. I’m wondering what I can do.",1,anxiety,558,101,calibration,distilbert,1,1,0.012320412,0.9876796,-2.1603827,2.2237184
32,"I fucking *wish* I could talk this out with family therapies and interventions , god knows i've tried. My existence here is predestined and i'm going to  become whoever and whatever my  family wants me to be, dealing with whatever they through my way. I wish my mother could love me. It's either this plan or suicide, as blunt and intense as that sounds. I plan on deleting this out of paranoia soon but will keep the responses.",1,almosthomeless,428,78,calibration,distilbert,1,1,0.017961826,0.98203814,-1.9695317,2.0318499
33,"Short-end is, my brain is using physical disorders like seizures, because my brain has had enough and gone AWOL. On top of this, I have these events where I black out. Time stops, or happens differently for me. I have flashes, seeing things not there and that sort. The other night, the girlfriend and I are walking and I am seeing the sky light up, and hearing screaming.",1,ptsd,372,68,calibration,distilbert,1,1,0.033304032,0.966696,-1.5973055,1.7708999
34,"Sit or lie comfortably, quietly. Allow yourself to be here fully in this moment. With your eyes closed, begin to connect with your inner world of thought and feeling. Gradually let the horseshit of the external world fade from your awareness. If you find your mind wandering to other thoughts, don’t let it concern you.",0,ptsd,319,55,calibration,distilbert,0,1,0.9807066,0.01929348,1.8874106,-2.0410955
35,"I don't know who I'm meant to talk to but I can't breathe. I can barely get out of bed or check my phone without panicking. But I'm always checking my phone in case someone messages me. I don't have it on loud because I don't like the noise. Yet my job requires me to always be reachable and the staff under me always ask me to help them, but I can't even help myself.",1,anxiety,368,75,calibration,distilbert,1,1,0.012940095,0.98705995,-2.131018,2.2033825
36,I did. I moved 1300 miles away. I’m in therapy (just started again). Financially I don’t have any worries at the moment. I’m moving to a bigger place ..,0,ptsd,152,29,calibration,distilbert,0,1,0.9625463,0.03745379,1.5782324,-1.668242
37,He's in a group of people. The problem is that because of what happened to me (police brutality/stalking) the general public think the police are the good guys and are not understanding when I give them explain that's not always the case. My doctor was almost treating my fear of police as a phobia instead of what it truly is... PTSD! This is my first post here. I appreciate any insight or experience y'all may have with seeking treatment.,1,ptsd,441,79,calibration,distilbert,0,0,0.75557977,0.24442023,0.6657592,-0.46283704
38,--- TL;DR; Ghosted after over a month of talking to a guy. Met in hotel room. Made out but didn't have sex. If he didn't want to cheat or chickened out at the last minute why would he carry on so long with me?,0,relationships,209,44,calibration,distilbert,0,1,0.9014496,0.098550394,1.0661029,-1.1473334
39,"I suffered a concussion a month ago and I noticed it really has provoked my anxiety to be scared about getting worse and it has even led to me getting depressed and thinking of harming myself I have been like this before, I have had anxiety but not to this level. I have felt better since the concussion has healed but I am worried I won't recover from my anxiety and I have been perscribed Celprix (Escitalopram) and unsure if I should take it. I kind of feel like I can recover from this by getter back to my routine and return to work. Anyone else been through a life changing injury and had some bad anxiety from it?",1,anxiety,620,119,calibration,distilbert,1,1,0.015173551,0.98482645,-2.0104837,2.1624277
40,"All that. When we're not together in the evenings we talk through messages. The conversations aren't stilted, and there isn't one sidedness, but it's just that there's a lot of it Right now i'm ignoring her for periods of 15 minutes or so, but I feel bad. She is that attentive that it makes me tired, I have to write everything in a long single message with line breaks otherwise as soon as I start messaging she starts replying.",0,relationships,430,79,calibration,distilbert,1,0,0.017961852,0.98203814,-1.9787943,2.0225856
41,"on to friends, I recently moved into my first apartment with my college roommate, her boyfriend, and another girl. I just feel lie everyone else in the house is so much closer and its really nerve wracking living with people in the first place especially because I know the boyfriend is a bit more reserved and having trouble adjusting i think to living with three girls. my roommate from last year is trying to be supportive but i know my low energy along with her own problems is sucking the life out of her som im trying not to bother her. in the past month, i've broken up with a creepy guy, taken my friend to the ER, constantly felt ignored because technology sucks and i'm left on read if i even try, an ex has obsessively messaged me, and then the whole issues with the friends also in the leadership of clubs with me. im just a fucking mess.",1,anxiety,850,160,calibration,distilbert,1,1,0.011353913,0.98864615,-2.222672,2.2441018
42,"So I decided that I am going to talk to my doctor about tapering off lexapro next week when I go in to see her. I won't lie that I'm scared, but I think it is time. The only real thing that I had while starting lexapro was restless leg and increased anxiety, but this lasted about a week. So let's hear it reddit, what is a taper really like. Oh, male and 20 mg daily for a year is my timeline with the meds.",0,anxiety,408,85,calibration,distilbert,0,1,0.95914483,0.0408552,1.5510414,-1.6049666
43,I literally felt her lose interest in talking to me as I said that. She asked me some basic questions and then suggested that I go into walk-in counseling that my school offers because she doesn't want to waste MY time being there. I told her that it wasnt a waste of my time and that I'm here because I want to get better. This was only my second time meeting her and we never delved into any of the main issues that I was facing but she brushed me off so quickly all because I wasn't sobbing my eyes out or felf like committing suicide. She acknowledged the fact that I wanted to stay and talk about other things in therapy but she proceeding to rush me out.,1,ptsd,660,129,calibration,distilbert,0,0,0.8823263,0.11767372,0.90675324,-1.107893
44,"Public speaking in class frequently reduced me to tears in front of the class and I could think of nothing else for weeks, from the moment it was assigned. Even listening to other people having a conversation is tiring to me, even if I'm not an active participant. As a kid I never wanted to have friends over or go to their houses because a full day of school and being around so many people was exhausting, and that is also true today at work - I just want to go home and be by myself. When I say something stupid or awkward I think about it for weeks and I still berate myself for things that happened in interactions with people ten years ago. Does any of this ring true with those of you with diagnosed SD?",1,anxiety,711,138,calibration,distilbert,1,1,0.013916538,0.98608345,-2.0920568,2.1686063
45,"I just feel really left out by someone who is supposed to be one of my best friends. Is it too late to say something? Should I even say anything at all?   ---   **tl;dr**: Friends threw a birthday party for themselves on my actual birthday, didn't include me as a 'birthday girl' but invited me to the party anyways.",1,relationships,316,59,calibration,distilbert,1,1,0.017453112,0.98254687,-1.9747709,2.055859
46,He wouldn't take me to the hospital but I could feel the gaping wound in the back of my head and the hole in my lip my tooth had done. He kept packing. So I called the police. I couldn't see out of my left eye and clearly couldn't drive and felt I had no other option. The police department chose not to press charges.,1,domesticviolence,318,65,calibration,distilbert,1,1,0.03020249,0.96979755,-1.6909225,1.7782403
47,"During the pregnancy and after the (traumatic) birth of our first child in 2013, symptoms started to intensify, including lots of depression, some manic behavior, and periodic angry outbursts. Somewhere in there we settled on a very (relatively speaking) effective combination of mental health meds that stabilized symptoms. We had our second child in 2015, after which an injury led to the discovery of a debilitating and incurable connective tissue disorder. The symptoms from this have been getting worse since then, and a good chunk of time from 2015 until now has been discovering what’s going on, coming to grips with a new reality, and managing those symptoms. Overall we’ve had a very healthy supportive relationship with strong shared values.",0,ptsd,751,120,calibration,distilbert,0,1,0.98234516,0.01765485,1.9360328,-2.0828998
48,"The problem is that before I even ask for him to do this like a grown up, I have gone fully Zuko fire bender mode and decided to unleash my wrath on Joe for not doing this. Other stupid occasions I have done this? Well, did it cause when we were long distance he wouldn’t initiate calling (I know Joe too well to know this is just unnatural for him), holding my hand more than he does, coming home and giving me a kiss, honestly he has a faster pace and I even equated him sometimes not walking at my pace as him not caring. What has Joe actually done to show me he cares? He puts up with my rage and abuse, he helps with my mother (who is nuts herself, so I guess I take after her), he has offered financial help if I need it (doing MSc).",0,relationships,739,150,calibration,distilbert,1,0,0.037914667,0.96208537,-1.5418946,1.6918707
49,"So I've basically got a plan: hoard all my drugs until Tuesday, OD that night with a combo of slit wrists and maybe even hanging. I want it to be damn efficient, because this is trial number 13. These are the thoughts I've been having lately. My last attempt was at a hospital, just a few days ago, but I lied and told them it was my anxiety that led me to self-harm. They discharged me.",1,ptsd,387,76,calibration,distilbert,1,1,0.22437304,0.77562696,-0.5805159,0.65984577
50,"Through work I have been in some dodgy situations abroad. A number of times my life has been at risk, and I've had to defend myself a few times. I'm a civilian and have only had basic weapon training. &#x200B; We've always had an ex-military security contractor with us, but still had to perform aggressive roles when approached.",1,ptsd,329,58,calibration,distilbert,0,0,0.62271196,0.37728804,0.35877636,-0.14229867
51,"Long story short: 3 year old American Bully with severe encephalitis (brain swelling) which at this point is believed to be GME (an auto-immune disease). We are fighting for her so even if you don't want to make a donation or don't want to share the link, any positive thoughts are appreciated as well. My wife is 8 months pregnant & I had cancer earlier this year. We're struggling financially and need help. The rest of the story is in the link as well as some photos and videos of her when she was healthy.",1,assistance,509,95,calibration,distilbert,0,0,0.89103276,0.1089673,1.0109825,-1.0903509
52,"This is mostly a reminder to myself to use the pill box I purchased awhile ago rather than just taking pills straight from the bottle. I just felt like I needed to get this out there somewhere, somehow. UPDATE 02/02/17:  If you're like me, you obsessively search forums like this one, so I thought I'd post what happened since then. It took me awhile to find a psychiatrist that was accepting patients, but I finally saw one yesterday. In regards to the strange symptoms I had as a result of taking the 2nd pill by accident, she said that ""since 20mg is already the max dose of Lexapro, taking 40mg could produce psychotic symptoms.""",0,anxiety,633,114,calibration,distilbert,0,1,0.97084415,0.029155906,1.7185433,-1.786965
53,"This past week he's gotten really bad where he told her she couldn't use the house phone, her cell phone, the computer, the car, or even watch tv. He even stopped eating food that my mom makes and starting making his own for himself. Yesterday I atleast bought my mom a new cell phone and added her to my plan. He hasn't improved in the past week whatsoever. This was the last straw for me and I want to move out in the next 2 months and ask her to live with me temporarily.",1,domesticviolence,474,94,calibration,distilbert,1,1,0.036442075,0.9635579,-1.595598,1.6793104
54,Clearly what i need to do is just talk to her about it. I have a couple of examples in mind that will drive the point home. Mainly the first night i was introduced to everyone and a house warming we went to. We're having dinner tomorrow night. Thanks a ton for the feedback everyone.,0,relationships,283,55,calibration,distilbert,0,1,0.9871585,0.012841564,2.082546,-2.2595975
55,"Made her feel shitty. I understand. When my grandma was dying of Cancer, she kept forcing my grandma to undergo procedures and more chemo because she didn't want to lose her mother. Nevermind that wasn't my grandma's wishes and a slow all of her siblings were getting to the point of not wanting to subjected her to further treatments and just let her go, but not my mom. It's all about her.",0,ptsd,391,72,calibration,distilbert,1,0,0.122003,0.877997,-0.9914133,0.9821843
56,"I spoke with her after all was said and done and asked why. Reasons she gave me were that I didn't do enough housework and she felt underappreciated for the work she did, that my libido is considerably higher that hers and it made her feel inadequate so she went outside the marriage to feel more like she could satisfy a person's sex drive, and that I'm boring and the newness of everything was gone. Now I'm here picking up the pieces and trying to decide if I can learn to trust her again, if I'm willing to put in the work, and what I could have done to be a better husband to avoid this. I'm embarrassed and ashamed that I couldn't even hold a marriage together for 6 months. Currently she's sick because she also has untreated lupus and the stress of all of this has caused her immune system to weaken, her joints to swell, and her muscles to ache.",1,relationships,854,163,calibration,distilbert,1,1,0.0136030875,0.98639685,-2.1271732,2.1565886
57,"And after every episode with them he treats me like shit for a couple hours at work I assume wondering if I know about his behaviour and if I’ll say anything. I completely ignore it and refuse to let it invade our work environment. It’s my world, and my people, and I’m his superior. He’s not going to win a power struggle, so I don’t even have to worry about it. Other days we get along fine from 9-5.",0,relationships,402,79,calibration,distilbert,1,0,0.08217163,0.9178284,-1.2085687,1.2046317
58,"Especially the power of healing brought upon by service animals. I too, have a service dog named Luna. This wonderful man was nice enough to bring the book back in while I was off yesterday with a note with his name and number telling me to call him when I finish the book. This just made my day, it really did. There’s so much negativity in the world today and it seems not many people will stop to do something nice for someone, or help them by doing a random act of kindness.",0,ptsd,478,93,calibration,distilbert,0,1,0.98696566,0.013034316,2.0925024,-2.2345474
59,"Hey, r/Anxiety! &#x200B; I'm an undergraduate student who aspires to be an entrepreneur. I want to use my passion to help people manage their mental health. I'm in the beginning stages of forming a startup focused on mental health and wellbeing, and I would love to get y'all's opinions.",0,anxiety,287,49,calibration,distilbert,0,1,0.9857362,0.014263875,2.0313756,-2.2042832
60,"My parents take me very seriously and do what they can to make sure I can avoid him. My original post made it sound like they are not supportive of me and my healing process, but they very much are. I never HAVE to see him, I make that choice willingly so I am able to see my grandma. My mom will often take my grandma out for lunch and invite me so I can see her. I live within a Mexican culture that is very good at sweeping things under the rug, my (immediate) family and I are working through this all together and I love them for what they are doing to support me.",0,ptsd,569,116,calibration,distilbert,0,1,0.97940814,0.020591874,1.8730088,-1.989043
61,"Ever since my ex and I broke up last year, I’ve been cooped up at home because I couldn’t find the courage or motivation to go out. We had been going out for 3 years when we decided to break it off. I started to work from home and further withdrew into myself… I rarely went out, even to see friends and do my chores, like buy groceries. Today, I decided I was sick of the way I’ve been living my life lately and want to make some serious changes. I chatted up my friends and organized a Ukraine ski trip with them next month.",0,anxiety,526,105,calibration,distilbert,1,0,0.025268173,0.9747318,-1.783391,1.8692257
62,"I do not originate from that country, but my family lives only a 3 hour ride away. After Christmas (which we did not spend together) I came to visit her and her family and eventually spend New Years Eve with them. It was all fine apart from some little ""fights"" between my gf and me. There were always some small things that led to discussions. For example: We went out with the dog and when we got back, my shoes were pretty dirty.",0,relationships,432,83,calibration,distilbert,0,1,0.9609087,0.039091304,1.5303192,-1.6716602
63,"I need to borrow $60, I was in the hospital earlier this week and missed a shift so I'm going to be short my next check, and I'm already down to only $20. I can pay back $85 by december 14th &#x200B; I've paid back $100 in here before, and I've also posted to /r/borrow already. If you can help I'd really appreciate it, I can provide documentation of being in the hospital and my job",1,assistance,384,76,calibration,distilbert,1,1,0.15167515,0.8483249,-0.7903716,0.9311511
64,"with investments/money). Any responses the survey below would be much appreciated and you’ll be entered into a £50 prize draw (not expecting that many replies either so you’ll have pretty good odds) <url> Also, if you happen to have any friends or family who might want a chance at winning some money while helping out a desperate student, please share it! Thanks in advance",0,assistance,374,64,calibration,distilbert,0,1,0.9888855,0.011114479,2.1685975,-2.3197324
65,No one's story is less than another. I am looking to reach out to those who have no hope to show them that even though so many people have gone through awful things they are still here! If you're not comfortable appearing in a video audio can be submitted. Or the story can be typed out to share on the additional blog I will create. I don't want anyone to feel pressured it's only if you're comfortable.,0,survivorsofabuse,404,77,calibration,distilbert,0,1,0.9651921,0.034807958,1.6406221,-1.6818591
66,"I'm just really scared in general of not living up to expectations my partner may have. A lot of my life is built on trying to be exciting, fun, or entertaining, I'm just scared I won't be able to keep it up for my partner. The last thing I want them is to describe their boyfriend (me) as bland or boring, but I feel like that's how I'll make them feel, and it'll just lead to heartache. So, I've come to the most recent conclusion (after seeing my two best friends get girlfriends and me being the awkward loser who can't get one). That maybe I'm not the type of person who's built for relationships.",1,relationships,602,115,calibration,distilbert,1,1,0.030888071,0.969112,-1.7170029,1.7290072
67,"I was the designated driver for my parents and grandmother at Greek restaurant that was having a private wine tasting. There was some belly dancer there and for whatever fucking reason my mom started telling me to go dance with her. I told her I didn't want to, she kept pushing me. When my answers did not satisfy her, she called the belly dancer over and told her to dance with me. I froze up briefly then just fucking left the restaurant.",1,ptsd,441,82,calibration,distilbert,1,1,0.058748573,0.94125146,-1.4467216,1.327222
68,"It was more calm then I had felt in months. But then I remembered, scars. That has stopped me since those three days of calm. I only have few scratches and cuts and one glass cut but I easily hide them with a few wristbands and a watch. Thing is, everything scars and if I keep going, its going to affect me later in life.",1,stress,322,65,calibration,distilbert,0,0,0.6161812,0.38381878,0.22246605,-0.25090453
69,"Being in there was hell, I cried most of the first few days. I was very disoriented, couldn't sleep, the windows had metal grates over them. The bathrooms were locked and you had to ask for permission to use the toilets. While I was waiting to use the toilet the nurse came in my room and grabbed the door out of my hands forcefully and I didn't let go (I think its my right to use the bathroom when I need to). She then came back with a bunch of men and they held me down to the bed, pulled down my pants and gave me a shot in the butt of some sedative.",1,survivorsofabuse,554,114,calibration,distilbert,1,1,0.020047385,0.97995263,-1.9480414,1.941364
70,A nice laptop paired with a 5G hotspot from my phone and I’ll actually not be bored out of my wits end during the night. \- Get a proper set of wheels. After the end of October I’ll have to let the van sit at the shelter lot. At least I can use it for storage. I should start to look up prices for respectable used cars and insurance after I get the phone.,0,homeless,356,74,calibration,distilbert,0,1,0.9740079,0.025992133,1.766233,-1.8573925
71,"November 8 is the anniversary of when I was kidnapped and raped. The anniversaries are always hard on me, and this year is feeling extra hard. On Facebook a lot of my friends are celebrating their own or their kids’ birthdays today, their wedding anniversaries, sharing memories of the awesome vacations they were on on this day last year, etc. I feel weird and alone in my trauma. It’s not that I want anyone to have to join me in misery, but I guess I’m wondering if anyone else out there happens to be dealing with this at the same time as me.",1,ptsd,546,103,calibration,distilbert,1,1,0.015925102,0.98407495,-1.9962445,2.1275609
72,"Both me and him want to keep in contact and still do things together as friends but i find it extremely hard. Also i know there is a big age gap, i am 23 and he is 39 but i have connected with him in ways i never connected with anyone else, and both my previous relationships of 3 and 1 year was with guys that were 11 and 13 years older than me, i just like older men and i am more comfortable with them. Could all this feelings be wrong? Could it be because i have no one here and i found comfort with him to be the reason i developed feelings for him? I am not sure and i want your help!",0,relationships,590,125,calibration,distilbert,1,0,0.021468692,0.97853124,-1.8378898,1.9815673
73,"Want to get my MacBook sorted and need to update my travel card for the rest of the term. This will save me so much time in the mornings and evenings and will also help me work from home without needing to use a local library or travel to my campus. I’m a University Student and will be able to repay via my 2nd student finance instalment of 1,100 on the 8th of January, which would help repay with 30% Interest. Which I think is the highest i'd be comfortable paying. Also have a part time job however repayment would essentially be made with my January Student Finance Instalment, which would be more than enough.",0,assistance,615,115,calibration,distilbert,0,1,0.9832396,0.01676042,1.9915599,-2.0802727
74,"Typically this involves simply leaving the building inside the dream. If I can find a door and get out, the dream goes away. Sometimes I wake up at this point, and sometimes I don't, but I always remember it the next morning. Has anyone else been able to ""escape"" from your nightmares in a similar way? I hope this is helpful for some.",0,ptsd,335,63,calibration,distilbert,0,1,0.9745609,0.025439056,1.7970774,-1.848624
75,"Seemingly out of nowhere I have been feeling awful for about 2 - 3 weeks. I'm 22, I'm very introverted with no close friends and honestly that's how I liked it until very recently. I live with my mom but she is out of town 80% of the time so I stay home to take care of the house and our pets. When she IS in town, she goes out with her boyfriend to bars, restaurants, other fun things so I never see her. I have a boyfriend (he's 20 years old) who I love, but who does not have his drivers license yet and lives with overbearing parents so I rarely get to see him, and texting all day isn't really doing it for me.",1,anxiety,615,126,calibration,distilbert,1,1,0.012157279,0.9878427,-2.1910214,2.2065742
76,"I gathered my composure, went back and sulked until I was asked if I could put something in my eye sight to block it out. I got a little excited, found a huge box and was able to move on with my day.. until about 3 when the owner came over, moved it, and then asked me if I was keeping it for anything. I mentioned I was blocking the signs, she asked why and I said, well, I feel they are kind of negative... And then she told me ""They aren't negative, they are funny, and since you don't think so you should think on if you even want to work here"", walks away and proceeds to tell my boss it isn't working out with me........ all because I expressed that I felt the signs were negative. Stupid me for thinking dozens and dozens of instant in your face surprise red circles could ever equate to negativity.  I guess I have a new trigger.",1,ptsd,837,165,calibration,distilbert,0,0,0.9298975,0.07010247,1.2681243,-1.316992
77,"We are making a one hour documentary for BBC One Children in Need on what it’s like to be young and homeless in the UK. Part presented by Stacey Dooley, we hope that a film centered on young people’s experiences will not only shed light on this often hidden population but also raise awareness around the need for greater support and understanding. Whether you’re sofa surfing, in a hostel or having to consider sleeping rough, we’d like to hear from you. All contact will be confidential and doesn’t mean you have to take part, we’d just like to hear about your experiences.",0,homeless,575,102,calibration,distilbert,0,1,0.98547363,0.014526382,2.0298977,-2.1872582
78,"Rarely, I forget about the symptoms. Rarely, they don't bother me, but they still are occurring always. I have seen two different doctors about this. They ruled out a few things and suggested that it was purely anxiety and that I go on an SSRI. I have not gone on an SSRI yet, however I am planning to do so ASAP.",1,anxiety,313,61,calibration,distilbert,0,0,0.92173785,0.07826215,1.2651148,-1.201082
79,"I have to talk to him and make nice, and pretend its ok, but I feel unsettled and on edge around him. I guess I don't know what to do, it's a complicated situation, and I feel that I'll never get the ""real talk"" I'd like to have with him, or any sort of apology. He seems rather narcissistic, not as bad as my own father, but enough to not want to admit his wrong doing and own up to it. Is this something I can get over on my own while still around him? Am I over exaggerating?",1,ptsd,478,99,calibration,distilbert,1,1,0.018026505,0.9819735,-1.9733207,2.0244005
80,"Etc etc etc. "". My brain takes this one little choice -should I go back in the water- and blows it up so big that I spend 20 minutes trying to figure out what I should do, and I end up frozen unable to make ANY decision. Does this happen to anyone else? How do you deal with this?",1,anxiety,280,59,calibration,distilbert,1,1,0.015757436,0.98424256,-2.0155113,2.1190488
81,"Background: This time last year I lost my job, got evicted and my car broke down all in the same month. Cut to today and I found out my site is closing and we'll all soon be out of the job. I just feel like a big ball of anxiety and like I can't quite turn my brain off. It's like the world beneath my feet is off and I'm doing everything I can not to cry. Sorry for the brick of text.",1,anxiety,385,83,calibration,distilbert,1,1,0.011246978,0.98875296,-2.1922147,2.2841303
82,My friends are getting kind of weirded out by all of this and I am running out of excuses for my boyfriend. I dont want to break up because other than this one issue he is a wonderful partner and I really enjoy my time with him. How can I address this issue and cone to a reasonable compromise?   ---   **tl;dr**: boyfriend wont hang around my friends since i slept with some of them.,0,relationships,384,74,calibration,distilbert,1,0,0.020244898,0.97975504,-1.9074606,1.9719393
83,"Does he actually like me, or am I going to end up just hanging out with this guy? He hasn't made a move yet, so I'm inclined to think the latter. Any idea how to stop getting myself in these situations?   ---   **tl;dr**: I end up in confusing friendships with men that blur the lines between ""relationship"" and ""friendship.""",0,relationships,325,59,calibration,distilbert,1,0,0.02883542,0.9711646,-1.786292,1.7305994
84,"It's horrible. The thing is, my urologist told me that it was just an overactive bladder and gave me some medicine, but it just worked a couple of days when I was ""totally positive"" about the medicine. Even, after taking the pills I felt great, like in a normal state, but the symptoms are here again. Is it possible that the cause could be my sometimes uncontrollable anxiety? Have someone had the same problem?",1,anxiety,412,74,calibration,distilbert,1,1,0.017793052,0.98220694,-1.9548781,2.0561156
85,"Hey everyone. I need a place to vent and place my feelings because I don't know what to do anymore. This evening while playing a boardgame with my BF and some friends, I found out my BF lied big time. Short: last year we decided that I would join him this year on his skiing trip with his friends (his idea). This wasn't possible in the end (or so he told me) because his friends didn't want to rent a cabin but go on a cheap student skiing trip.",1,relationships,446,89,calibration,distilbert,1,1,0.027838975,0.972161,-1.7113718,1.8417125
86,"I told her what if her other son doesn't want him to live with him? the reality is no matter how bad or how old he is, he is still her son and she cant shake off that biological attachment she has towards him and not worry about him. This is where the problem becomes for me. I have an online friend of 5 years and she offered to me that I can stay with her for 3 month for free and during that time I can find a job to help pay rent. that's what thinking of doing.",0,ptsd,465,99,calibration,distilbert,1,0,0.038842767,0.9611572,-1.5372944,1.6713216
87,"This even negatively impacts me more because it causes me relationship anxiety, every time I have a freak out about travelling I start getting intrusive thoughts like ""what if I get there and realize I don't love him or I'm not attracted to him"" or when he sends me a text that makes me happy my anxiety creeps in saying that I'm secretly forcing any positive feelings I have for him. I know these are linked to my travel anxiety because they only pop up AFTER I've had a moment of freaking out thinking about the travel. Whenever we Skype, just talking to him feels like home, and talking about the upcoming trip feels just exciting, not nerve-wracking. This SUCKS, we're booking plane tickets next Wednesday and half of me is ecstatic but the anxious half of me is dreading it. I need to figure out how to calm all this anticipatory anxiety so I can just let myself enjoy my relationship, the excitement leading up to our trip, and even the trip itself (although I feel like once I'm there I'll be fine)!",1,anxiety,1006,184,calibration,distilbert,1,1,0.013749341,0.98625064,-2.0640972,2.2088225
88,"The following week, my mom let me use her car to drive my brother to another city for an appointment. The car is going to be mine when she buys herself a new one, so I was really excited about driving it around more often. Everything was fine until I got to the actual city and then a woman drove through a red light and hit my mom's car. I held myself together because my younger brother was with me and he has his own depression to deal with, he didn't need to see his sister break down. The car was still driveable, so I dropped him off and his appointment and then had my meltdown in the drivers seat while explaining everything to my mom.",1,ptsd,643,126,calibration,distilbert,0,0,0.97325057,0.026749501,1.7516128,-1.842513
89,This is just a vent. Thanks to anyone who reads this. Wish me luck with this new lady. She is also a yoga instructor. Maybe she will be good.,0,ptsd,141,29,calibration,distilbert,0,1,0.98715395,0.0128461225,2.065605,-2.276179
90,"She told me she had one more person to interview and that she would get back to me by Monday. I shook her hand and rushed out the store to another place and went to their restroom. I ruined my hair, I popped a little of my collar and unbuttoned some of my dress shirts. I added some water stains and even took advantage of a partially full cup of soda in one of the stalls. I spilled it on the rims of my shirt but not entirely.",1,homeless,428,88,calibration,distilbert,1,1,0.24479389,0.75520617,-0.53409463,0.5924795
91,"Hi I just wondered if any of you could offer some advice on this situation. I bought a house year ago, but I am yet to move in. I am in my early thirties but suffer from long-term depression, although I appear entirely normal in my appearance and in my communications with people, albeit a little quiet. I am currently still at home with my parents.",0,assistance,349,66,calibration,distilbert,1,0,0.46190453,0.5380955,-0.018326018,0.13435173
92,"We added a bunch of [security <url> for specific scenarios. If you're more comfortable keeping things on reddit, we put a lot of the same information on r/operationsafeescape. Either way, if you feel your computer's being monitored, check out our [secure <url> guide. Also, we're hosting our first <url> in October. We've also been busy building up partnerships in the security sector, which will allow us to bring even more resources to the audience we serve.",0,domesticviolence,460,76,calibration,distilbert,0,1,0.9863565,0.013643533,2.0709023,-2.20985
93,"Can anyone else suggest any other resources that would be available to her? Her message to me: $585 rent $180 electric $110 auto and rental insurance policies, $45 phone, $40 laundry, $200 gas, $60 preschool, $72 sitter, $27 medical insurance, $27 Kohl's card, $25 towards CHILD'S medical bill- since EX-FIANCE hasn't had her insured nor paid a dime in child support, and whatever $ for groceries and $ for bathroom items and household/cleaning supplies $20-$25 Zumba, $12-24 Pound Fit and you've gotta figure in $28 oil change every 3,000 miles (I drive 200-300 miles per week) , and CHILD needs new clothes size 5t and shoes size 11 (need to go have her fitted/measure them soon) and I really need some new dress clothes for work and clothes for outside work and new pajamas and shoes. Its just a lot with my income and no other income or assistance whatsoever. I'm flat broke and we need food and I need gas.",1,assistance,911,161,calibration,distilbert,1,1,0.13860217,0.8613978,-0.8233782,1.0035706
94,But as the Bible says evil doesn’t win and the righteous will not be condemned. I don’t want to say I’m the most perfect person ever. But God knows my heart! I am the most compassionate loving forgiving person ever. Surely God didn’t allow all of this to happen for nothing other than big positive changes to come about.,0,homeless,320,59,calibration,distilbert,0,1,0.96962386,0.03037606,1.678517,-1.7847364
95,"Hi this is my first post here. I have complex PTSD which I have only just been diagnosed with, prior to this they diagnosed me with borderline personality disorders and bipolar which are now not correct. I believe this diagnosis is finally correct and a month  ago I decided to reduce my sertraline medication as i am paying for therapy and my medication will effect my treatment. (UK only help PTSD sufferers who have been in armed forces or medical). My therapy involves a lot of therapy, mindfulness, meditation and we will be beginning emdr shortly.",0,ptsd,553,96,calibration,distilbert,0,1,0.972146,0.027854042,1.7530302,-1.7994978
96,"I know what it means to dive into oneself. I asked him and he confirmed its a deeper variant. I got excited. There’s no switching out of consciousness, you can reject what he says, your totally in control (or so he’s telling me :)). So the first part was getting me deep, through counting, dropping my hand and other techniques I went deep.",0,ptsd,340,63,calibration,distilbert,0,1,0.98116875,0.01883123,1.8577409,-2.0954869
97,"October is Domestic Violence Awareness Month and I am a domestic violence survivor who is still struggling, even after over four years. Lately I have been feeling very angry. Angry that my abusive ex received no real consequences for his actions. This man abused me in all manners: physically, sexually, emotionally, verbally, financially, etc. I was granted a restraining order against him (and it was renewed a year later) but I was unable to press criminal charges against him because I didn’t have enough evidence to have a case.",1,survivorsofabuse,533,89,calibration,distilbert,1,1,0.025807114,0.97419286,-1.733585,1.8973739
98,"Sometimes it really sucks whenever I don't have anything else to give to others. But now that it's winter, I started buying gloves, extra socks, toques, and earmuffs at the dollar store. Last week, I gave away 4 sleeping bags that we no longer use. We have tons of them since my family and friends camp a lot... it's just extra. What other ways can I help and give back to the community?",0,homeless,387,73,calibration,distilbert,0,1,0.9736327,0.026367286,1.7690146,-1.8398956
99,"**Chapter 4** *The end of the Beginning* Drug free, Depression free, I had such a great time being homeless. Oh sure, there was the occasional scary moments, I almost died about 3 times that I can remember of. I almost got stuck in the middle of Northern Ontario  in the forest with nothing to drink, I had sex with a girl inside the engine of the Freight Train, Im not talking about the conductor's cabin, Im talking about the actual engine.",0,homeless,442,81,calibration,distilbert,1,0,0.04801808,0.95198196,-1.44922,1.5377485
100,I'm so scared I actually don't want to lose him. I love him. I love him so much. tl;dr: I've gotten gaslighted in my past relationships and it's caused me to have a lot of self doubt about my thoughts and feelings and question myself constantly. in this case I'm questioning if im actually losing feelings since I'm developing crushes on others.,1,survivorsofabuse,345,62,calibration,distilbert,1,1,0.012973671,0.9870263,-2.137868,2.1939065
101,"It’s really kind of ruining my ability to empathize with some people Bc of comments they’ve made in the past. I witnessed the attempted suicide of my sister and then subsequent self harm targeting just towards myself for the purpose of manipulation and dealt with no one believing that it happened. So many people have told me be happy it was a failed attempt, failing to recognize the damage knowing someone I love could want to hurt me so badly did. Not to mention other abuse I dealt with after that. Trauma shouldn’t be a competition.",1,ptsd,538,96,calibration,distilbert,1,1,0.02362922,0.9763708,-1.8544849,1.8668733
102,"I'm building a school PC. My current laptop lags when doing Excel intensive work, which sucks for my chemistry lab work, so it definitely doesn't have much processing power. I'm not sure what the exact specs I need are, but I know that my i3 processor in my laptop doesn't cut it. I've been collecting PC parts to build my own and so far I have a low-tier processor (it'll need upgrading eventually, but is okay for now), a monitor, a graphics card, a power supply, a mouse and a keyboard. So I just need a case, motherboard, RAM, and a hard drive.",0,assistance,548,103,calibration,distilbert,0,1,0.93543845,0.0645616,1.3730327,-1.3003628
103,Someone I know has been compulsively chattering their teeth. They told me it started because they could feel their teeth wobble a little when they clenched their teeth together while feeling them with their finger (we all know this is just one of those weird tricks the teeth play on you) but it's become compulsive now. They told me they feel ill from it. They don't have any anxiety issues and the chattering is just a result of the above but I can see how it would become one. What can be done to make this go away?,0,anxiety,518,98,calibration,distilbert,1,0,0.13604134,0.8639586,-0.869537,0.9790291
104,I haven’t really complained. Only once when my gram asked me to do a million and one things in a span of a few minutes (go get this go do that) when i was already trying to setup my moms new iPad so she could watch Netflix in the hospital. That all said and done and I feel like shit. Idk if it’s sick but it also feels a hellavua Lot like anxiety. So i get my mom who’s in the apartment next door to ask her to lay with me for a few minutes.,1,anxiety,442,95,calibration,distilbert,1,1,0.014716855,0.98528314,-2.0398884,2.164047
105,"I'm worried about my friend. She's really pretty and carefree and intelligent and I've known her since highschool. We had a band back then. She played guitar and sang, I played bass and another friend of ours played drums. We were into the grunge scene and to be honest, we were kinda good for a bunch of 15 year olds trying to make a name for themselves.",1,relationships,355,67,calibration,distilbert,0,0,0.9814703,0.018529708,1.9146806,-2.0549958
106,"I think now she feels some of responsibility to help those in need and she gets a lot of gratification from these people who are very thankful to her. On occasion when we go out, we have been approached by these people and I can tell they are very grateful to her. We were at Starbucks while she's studying and the husband/wife she helped offered to buy her coffee, etc ... Lastly, her other dream is to get a house in this very rich neighborhood with houses that cost $2M at the very least. Anyways, enough with the bad, now the good things about her. She is a very loving person which is proven by the fact that everyone loves her at work.",0,relationships,641,123,calibration,distilbert,0,1,0.98412275,0.015877308,1.9571717,-2.169688
107,"Another time I had one was today in class. I was worrying about fainting because I fainted last week and didn't want it to happen again. Today I was feeling dizzy from worrying and I was thinking ""I need to get out of here."" I managed to calm myself down by taking deep breaths and closing my eyes before it got too bad. Can someone tell me if these were actually panic attacks?",1,anxiety,378,73,calibration,distilbert,1,1,0.019154472,0.9808456,-1.9121741,2.0237048
108,"I regularly visit a couple tent cities in the dallas/Fort Worth areas. I bring home made chili when it's cold and cold cut sandwiches in the summer, along with bug spray and cigarettes. I'm working with a few people that want to get involved with giving back, not associated with any church group or organization. We are going to prepare backpacks with supplies. Some things I've been asked for are socks, feminine products, disposable razors and reusable water bottles.",0,homeless,470,79,calibration,distilbert,0,1,0.9863344,0.01366569,2.0518527,-2.2272542
109,"My bond about was about 100 less than my whole savings. First place I went after getting out of jail was my work, my boss told me if I had got out 2 days earlier I would still have my job. I'm about to do something stupid out of frustration and anger. I was so close to getting off the streets. Fuckkk",1,homeless,301,62,calibration,distilbert,1,1,0.01312258,0.9868774,-2.1359727,2.1842387
110,"Please, Do not hate him. Yes, he took her side so many times. You can say that he should have seen the signs or whatever, but honestly, no he couldnt have. He worked 14-16 hours a day (in las vegas heat, that is no fucking joke of a day) to support his household. She would make sure I was tucked in bed by the time he got home, and what little chances i got to see him, he would have already heard from her I was horrible some way or another and have the impression i was trying to lie.",0,ptsd,487,100,calibration,distilbert,1,0,0.25120586,0.7487942,-0.50917476,0.5830167
111,"I don't ""feel"" in this anymore, but I honestly can't tell if I just can't let bygones be bygones or if I'm looking at this objectively. If I do break it off, it's going to crush her personally AND add the awkwardness of her telling her friends and family its off. So I don't want to do it unless it's you know, really what's needed. And if I do leave, how do I mitigate someone who has threatened suicide at the action of me leaving? **edit**: Thanks everyone.",1,relationships,460,88,calibration,distilbert,1,1,0.05549087,0.94450915,-1.3639908,1.4704562
112,"When I was eighteen I lived with my father as adult roomates, I found him four years later at 22, when he died of a heroin overdose. He was bereft at the fact that he had done wrong by us kids during those years. He had striven to be better than his father, who was a overtly cruel man who abandoned the family when he was 11. It is so hard for me to think he knew any better. The only way he could have done right by us, would have been to give us kids up.",0,ptsd,457,97,calibration,distilbert,1,0,0.046186395,0.95381355,-1.4862869,1.541496
113,"I always sound like I’m about to cry. I get really hot and sweaty, my hearing starts to go. I had to stop in a presentation one time last semester to say “I’m sorry if I have pretty bad anxiety so if it looks like I’m about to pass out, please catch me” which was to keep it light and the class did laugh, but it was also a legitimate concern. Does anyone else experience this? Is this what social anxiety is?",1,anxiety,409,82,calibration,distilbert,1,1,0.013008467,0.9869915,-2.1041033,2.2249577
114,"Is anyone else consumed by morbid curiosity? I'm constantly on /r/watchpeopledie, /r/morbidreality, /r/accidentalsuicide, as well as sites like death addict, best gore, documenting reality, etc. And - this is concern for myself, not bragging - I'm not ""phased"" by any of it. I don't savour these atrocities, but I feel like I must keep consuming them. Hardly anything fascinates me more.",0,ptsd,387,61,calibration,distilbert,1,0,0.050673127,0.9493269,-1.4235609,1.5067966
115,I thought that sounded fun so I agreed. The whole way there I was so nervous and anxious. And during was kind of fine but I was fairly scared. it ended up with my friend also having sex with me and I agreed but I was so wasted. Afterwards I felt so sick and repulsed and freaked out by what had happened.,1,relationships,304,62,calibration,distilbert,1,1,0.017103456,0.9828965,-1.9727381,2.0784853
116,"I have a cat and a dog. Without going too much into my personal circumstances, I am being forced to leave my residence very soon. I have no family or friends able to take me or my animals in. I think I may be able to leave my dog where he is currently for a few months. My cat is a 9 year old spayed female.",0,assistance,307,66,calibration,distilbert,1,0,0.02536366,0.9746363,-1.7615985,1.8871486
117,"Sorry in advance for what I'm getting off me chest. This man sexually, physically, and emotionally abused me for a year. He even tried to marry me at 16 so he could trap me in his perverted hell. After four months of completely breaking free of this sick, twisted human being he had the gall to contact one of my friends to try to get a vinyl back. He treated me like a dog.",1,domesticviolence,374,74,calibration,distilbert,1,1,0.016938234,0.9830618,-2.0304568,2.0306418
118,"She did not acknowledge his invite to come down for Christmas. Then they go on the trip 2 days later and everything is peachy keen. -Her car broke down so my dad leant her my mom's car that we still have. She said that he needed to quit referring to it as my mom's car....like, legally it's my mom's car. Shut it.",0,relationships,313,62,calibration,distilbert,0,1,0.98650825,0.013491802,2.0689797,-2.22311
119,"If you want to chat about anything, visit the support forum and hang around to find a member of support staff (such as myself) who will do their best to support you through whatever you are going through. We are based in Dundee, Scotland (UK) but have supported survivors from all over the world. Those who are local, or are willing to make the trip, we have Centre in Dundee where you can talk to volunteers and support staff in person. I hope you all find the peace you are looking for, Ross",0,survivorsofabuse,493,93,calibration,distilbert,0,1,0.985754,0.014245991,2.0582044,-2.178727
120,"I was cleaning my house with bleach, got a nasty burn in my throat when I woke up the next day. Day later it went away, but the day after that I got the worst body aches, chills, 100.6 fever, and dizziness for 2 days. It all cleared up but I have had this dry cough for 4 days now with no relief, it keeps me up at night, and I go into these coughing fits. What should I Do? I can't see a doctor for 2 more weeks as I am out of town on a job, i think I am a hypocongiract so ii worry a lot lol.",1,assistance,494,110,calibration,distilbert,1,1,0.0122229075,0.9877771,-2.1440468,2.2480984
121,"* Be 18 years of age and older * Have used a mobile device before. Take the opportunity to learn about health wellness applications, including Headspace, Calm, 7 Cups, and Happify. Attitudes and usability of such applications are not well researched. This study will expand the scientific knowledge about health consumer perceptions towards these wellness applications.",0,assistance,369,56,calibration,distilbert,0,1,0.98477995,0.015219992,1.9906523,-2.1791563
122,"His best chance is to seek treatment abroad, in a specialised sarcoma clinic. He is a young, resilient man with huge support from his family and friends. Sean is a fighter and he just needs an opportunity to beat this cancer. We cannot accept there is no hope for Sean and wish to exhaust all options. Please help Sean to get the best shot he’s got to fight the sarcoma and get back to living life to his full potential.",0,assistance,420,80,calibration,distilbert,0,1,0.951604,0.048396055,1.4944522,-1.4842784
123,"Some times it feels like my dreams will never go away. I have regular dreams about my ex. Usually a few dreams every week. Sometimes the dreams quiet down and some times they occur every night. He was abusive to the point where he tried to kill me while I was laying in bed one night, and he was very physically abuse  every other day.",1,ptsd,335,65,calibration,distilbert,1,1,0.023671882,0.9763281,-1.87293,1.8465807
124,"when you first come face-to-face with a sociopath, you will be completely oblivious to who they truly are. they will be whoever they think you want them to be. they are fake. maybe it took him a while to show you his TRUE colors, maybe it was pretty close to the beginning. but the most important time was when you connected at the start.",0,domesticviolence,338,64,calibration,distilbert,0,1,0.9827146,0.017285446,1.9294279,-2.1110263
125,"I know there are no guarantees, but what medicine has worked for you? I really just want to feel better. They’ve had me on Lexapro for the past 4 or so years but I think it’s lost it’s efficiency. All it does is keep me awake at night. I tried Celexa when I was about 15 or 16, but I was young and dumb and didn’t take it when I was supposed to, so I guess I never really found out if it worked.",0,anxiety,395,84,calibration,distilbert,0,1,0.94025487,0.05974511,1.3612239,-1.3948398
126,"But my brain defaulted into my stoned embarrassment. Just having this idea people hate me when they don’t, missing my dad and punishing myself for not being able to help my dad through his alcoholism. Not that he deserves it. He’s dug his own grave and done things I won’t mention in this post. But raping my mom was one of those.",1,ptsd,330,62,calibration,distilbert,1,1,0.020891668,0.9791084,-1.9012828,1.9460093
127,"Sorry this going to be super long, I have a lot to say... Tl;dr... see title. It was constant up and down; one minute we were happy and he was being more affectionate than he has in years, the next he's screaming at me and calling me a whore. I get it, I broke him. I feel so disgusted and ashamed with myself but I truly want to spend my life with no one else.",1,domesticviolence,361,75,calibration,distilbert,1,1,0.0112649575,0.988735,-2.2258189,2.2489104
128,"I called my boyfriend, and I just ranted at him. He was shocked. I've never spoken like that about anyone. I wasn't even thinking about what was coming out of my mouth, and I just called her all these names and said all these horrible things about her when she isn't a bad person! How the hell do I get over this?",1,relationships,313,62,calibration,distilbert,1,1,0.020512456,0.9794876,-1.9176224,1.9483747
129,"Me (28F) and boyfriend (39M) been happily monogamous for 1.5 years. We have a good sex life. We have only mentioned a couple times that it might be hot to add someone else to the mix, if the right opportunity presented itself. I met her (22F) in my pottery class and immediately felt a girl crush which is really out of the ordinary for me. She’s super cute and we have hung out as friends on several occasions.",0,relationships,411,78,calibration,distilbert,0,1,0.98491293,0.015087098,2.0157802,-2.162933
130,"I really like my roommate, and my suitemates are cool besides for them being loud at night. I know I'd sleep better in a different place, but...I don't know. I don't want to put up with the hassle. If anyone has any suggestions, please let me know. I honestly just came here to vent.",0,anxiety,283,54,calibration,distilbert,0,1,0.9758458,0.024154155,1.8093799,-1.8894684
131,"When I dare to open up to my friends, they tell me ‘Oh, my brother used to fight with me too’ and I feel diminished and dismissed. Since I left home at 21 and moved to the other side of the country I tried to talk up my family. I started from a place of recognising their vulnerability, justifying their actions by saying they were distracted by our financial woes and my dads early onset dementia. I told everyone they were amazing people. For the past two decades I have fought my body.",0,survivorsofabuse,488,93,calibration,distilbert,1,0,0.021611731,0.97838825,-1.854618,1.9580524
132,"We met and it went really well - he's a super sweet, smart, and thoughtful kid (just like his dad). It turns out that the kid has (VERY recently - after I met his dad) been dealing with some mental health issues - he texted a friend that he was suicidal, and his parents have been scrambling to get him help because they are not sure if he has depression or something else. He's since started therapy and seems to be doing ok but obviously they are very concerned. I listened and was very supportive when he told me (I've dealt with my fair share of mentally ill family members) and I could tell he really appreciated it. We talked about it a few more times after that day.",0,relationships,673,129,calibration,distilbert,0,1,0.9841239,0.015876131,1.9805803,-2.1463547
133,"This week, we stayed in the same house and I slept with her. We were watching a movie when she went to go to sleep in the next room (she's very tired a lot). About an hour later, I heard her crying uncontrollably and shaking and screaming. It was really hard to see. I held her until she went back to sleep, and then stayed with her.",0,relationships,333,67,calibration,distilbert,1,0,0.22868714,0.77131283,-0.6049787,0.6107605
134,"I used to always feel I loved him more than he does with me, that was a common fight. And it turned out to be sickly true. I care so much for that man, I place myself in his shoes and feeling the pain he must be feeling being alone. I know this is sick of me, but how do I stop this?! I shouldn’t feel bad for what he did right?!",1,domesticviolence,329,72,calibration,distilbert,1,1,0.013312052,0.98668796,-2.1092782,2.1964061
135,"While my friends and myself included, have high hopes that this will work out, I’m petrified because I am putting my feelings on the table. I’m going to be so damn vulnerable. While he’s expressed and shown signs that he’s just as into this as I am, if not more so, I’ve also never done this before. I’ve only been in 1 (college) relationship before this, followed by 3 years of singleness and ultimate casual fuckery. I know my feelings for him are real and I owe it to myself to fight for a chance of a relationship with someone I feel so strongly for.",1,relationships,554,105,calibration,distilbert,1,1,0.022158455,0.9778415,-1.8715693,1.915559
136,"<url> 18 And Under is a confidential support charity for young survivors of abuse of any kind. If you want to chat about anything, visit the support forum and hang around to find a member of support staff (such as myself) who will do their best to support you through whatever you are going through. We are based in Dundee, Scotland (UK) but have supported survivors from all over the world. Those who are local, or are willing to make the trip, we have Centre in Dundee where you can talk to volunteers and support staff in person.",0,survivorsofabuse,532,98,calibration,distilbert,0,1,0.9830378,0.016962117,1.9806718,-2.0789936
137,"What if in Ireland a place existed where pollution was zero, crime didn't exist and you where given access to food, warm beds and a chance to rebuild your life. Would you take it? I'm sick of the city, I'm considering a rural life of self sustainability and have adequate means for finding financing to a farm of some sort. Would a homeless scholarship program work for people? Self sustainable life with access to counselling and all food and board paid for help?",0,homeless,464,83,calibration,distilbert,0,1,0.57221377,0.4277862,0.16920954,-0.12167957
138,"and how that would intersect with a potential partner’s attitude. You’ve probably seen the posts on here: a woman gave birth four months ago and her husband is pissed off because her breasts are sore and he can’t play with them. A woman gave birth three months ago and her husband is pressuring her for PiV sex even though she is still uncomfortable. A woman doesn’t enjoy sexual play with her breasts anymore after breastfeeding because it’s a mammary gland and not a sex organ, and the husband gets pissed because he wants to touch her breasts and apparently isn’t aware of other erogenous zones. These were posts I remember reading on here for some relevant examples, but I can go on.",0,relationships,687,122,calibration,distilbert,0,1,0.97809166,0.021908319,1.8333718,-1.9653652
139,"I don’t know that. I think I’m responsible for all of it. For the perpetrators, for the abuse, for the dysfunction, for my depression, my suicidal ideation, my pathetic life. All of it. I’m responsible.",1,survivorsofabuse,202,35,calibration,distilbert,1,1,0.014629143,0.9853709,-2.1391943,2.0708082
140,"Lately I realized that if its possible to have our minds immortalized by transferring them to a digital copy (basically creating a backup with a computer, or slowly replacing each neuron with a computer to keep our conciousness intact) that its possible to wind up in a situation where humans have created an eternal hell. I am terrified that one day the government will force people to have digital copies of their brain, or ""go digital"". It will probably start with the military, but eventually everyone will have to (the government loves control). At this point, it would be possible for a hacker, or a shady government, to just torture a person.... forever. I mean, until the universe ended, if it does.",0,anxiety,707,122,calibration,distilbert,1,0,0.032461617,0.96753836,-1.6497934,1.7449033
141,"I feel like I'm letting this take over my life, I'm constantly worried, about what if is more then just anxiety. I went to the university psychiatrist, after a 15 min talk he gave some pills and he book the next consultation for a mouth later. The psychologist is impossible to book because is full. My parents are away they worry so much,  they want me to come home,  I live 5 hours away from them (this includes flying). I just don't know, I feel really insecure about all of this.",1,anxiety,483,91,calibration,distilbert,1,1,0.01194829,0.98805165,-2.1722212,2.2429254
142,"Now like I said, I am working hard to try and get a better job while balancing school (the good grades I've gotten in the past year and a half seem to be only things I have going for me right now. That and martial arts) and at the same time, I'm considering asking for another shift at my current job as an absolute last resort. But this anger and feeling like a loser is really something I need help dealing with. Tl;dr: My car died once and for all a few months back and my job sucks. And even though I'm working hard to improve the situation, I feel angry and I feel a like a loser.",1,relationships,585,118,calibration,distilbert,1,1,0.011712333,0.9882876,-2.1898994,2.2454321
143,We were hoping to call when he leaves for work today-he’s leaving in about 15 minutes. I’m really scared and I think he’ll continue to come after us even after he goes to jail so we’re probably going to have to get a restraining order. Considering we’re a financially unstable family this is going to majorly impact the way we live. We live in a two bedroom apartment so we’re probably going to have to move to a studio or anything else that’s cheaper. My brother leaves in 2 days because he has to go back to college and we need to take action when he’s here because me and my mom can’t really go against my dad (physically).,1,relationships,626,119,calibration,distilbert,1,1,0.020280965,0.97971904,-1.877241,2.000342
144,"I've been skipping my classes and haven't gone out with any of my friends because I'm afraid I'm going to get sick when I go out. I'm supposed to go visit my boyfriend at his school tomorrow (I'm on spring break and he's not) and I'm already worrying about if I'm going to get sick and if I even want to go incase I start to feel nauseous and get a bad stomach ache while I'm there.... I'm wondering if anyone else deals with a lot of nausea from their anxiety and what they do to cope with it? I'm terrified of throwing up and so this is like the worst symptom I could ever have.... plus I always have this weird feeling in my chest/throat like something is coming up or is stuck and am belching a lot, like tiny burps. I feel like I'm crumbling and am starting to really slow down... My anxiety/depression has never gotten this bad before and I've just been a sad shell in my bed, can't even find the energy to turn on my TV and pay attention to anything.",1,anxiety,957,187,calibration,distilbert,1,1,0.011276053,0.988724,-2.180476,2.293258
145,I gave him a week to get all his bills together so we could go over everything and see where he could cut back. He didn’t do it. He just came over with his monthly expenses scribbled down on a piece of paper. My wife also took the time to get him a list of low income apartments in the area. We told him to call around and see if there was anything available or to at least try and get on a few waiting list.,0,homeless,408,86,calibration,distilbert,0,1,0.9780303,0.021969667,1.8462005,-1.9496775
146,"My mother on the other hand tells me that she is doing all she can, when i explained to her about the way she dresses in front of him she blames him for not creating the opportunity to wear something nice. ie not going out someplace due to him preferring to do work. Listening to both sides separately have put me in a place where i am helpless and cannot do anything. All i can do is withdraw into myself and think about other things to relieve myself. Its basically that they dont understand each other.",1,relationships,505,96,calibration,distilbert,1,1,0.014466645,0.9855334,-2.0739315,2.1474059
147,"The verbal, emotions, and physical abuse continued I also believe in my heart that he cheated He left Facebook up on his computer with a conversation he had had with another ex about how much fun it was spending time with her(a day he had told me he was working late, couldn't even come up with an original lie)...it shattered me more, I didn't know my heart could break into any smaller pieces When she was three months old I told myself enough was enough... If he had shown even a glimmer of interest in his child or our marriage I could justify more time...but he didn't",1,survivorsofabuse,573,107,calibration,distilbert,1,1,0.027560346,0.9724397,-1.7152956,1.8481345
148,"That's the kind of mother who says that. My mom thinks because she donates some clothes and food to a church that she's some holy fucking roller and holier than thou. Every conversation involves me going to hell or me needing to accept her beliefs. I got to the point where I told her and my dad that the absolute only way I would ever speak to her again was if she just dropped her evangelism. I told her I wanted a mother, not a preacher.",0,ptsd,440,86,calibration,distilbert,1,0,0.13910367,0.8608963,-1.0135702,0.8091845
149,"Long story short, the alternator + module + radiator is going to cost $500 to repair. After bills are paid we only have $550 monthly for groceries and necessities. I cannot afford to pay this bill and a payday loan is out of the question because they charge a 300% interest and I cannot have that added bill to our already limited funds. Any help would be extremely appreciated. We have 2 kids and being without a car is really not easy.",1,assistance,437,82,calibration,distilbert,1,1,0.44597784,0.55402213,-0.10840305,0.10853236
150,"Perhaps as a result I feel awful about wanting more from him, I feel like it's incredibly ungrateful of me because he does do so much good for me and is really good to me in so many ways. Especially with my depression and stuff he deals with a lot of household stuff in addition to working way more than I do. I feel like shit for writing this post. **TL;DR - SO of over a decade is great to me in many ways and shit to me in other ways, I feel awful when he's shit to me but also feel guilty as fuck about expressing it because of all the times he's amazing to me. Wondering if this is emotional abuse and if it is, what can I do about it?",1,relationships,640,133,calibration,distilbert,1,1,0.011589384,0.9884106,-2.182854,2.2631547
151,Things were so good again. Just like the beginning. Then the yelling comes back. I got really sick and had to go to the hospital and he refused to come and visit me when I was home. He told me I was dense for expecting him to come hang out with me when I have such a deadly disease (it was MRSA and not that deadly).,0,domesticviolence,316,66,calibration,distilbert,1,0,0.42507857,0.5749214,-0.10982574,0.19213365
152,Suddenly everyone in the family was doing as she wished to appease her. FH is her youngest and always around when she has 'flares'. She has refused medication which made her flares better for fear of the side effects (palpitations). The flares make her cry and demand death come sooner. His sister is much less involved and appears to have the same POV I do about his mother's illness.,0,relationships,385,69,calibration,distilbert,0,1,0.9451357,0.054864306,1.3888235,-1.4576421
153,I told him I’m not using that on my makeup and my contacts stuff! I’m crying and yelling and he is yelling at me and shoving a broom in my face and I just tell him I’m taking all my stuff out of the bathroom so now it’s on the shelves that I just cleared off. So >now the only thing of mine in the bathroom is my toothbrush and tooth paste. &nbsp; >I can’t live like this.I can’t be here anymore.,1,relationships,396,82,calibration,distilbert,1,1,0.01357529,0.9864247,-2.1303632,2.1554725
154,"Hi, I cannot think clearly today. I know I have to take care of myself, but its always been an issue. I do not shower, the last one was two months ago. I sleep in my clothes and wear them the next day. I do not was my hands, or face.",1,ptsd,233,51,calibration,distilbert,1,1,0.070331275,0.9296687,-1.2382839,1.3433278
155,"I'm looking for some encouragement to get through a phase where I currently just want everything to be over. Im so tired of thinking about things over and over. Was it sexual abuse or wasn't it, should I move out or shouldn't I. All while I have less and less brain space to devote to schoolwork. People who have gone through this phase what did you do to get through it.",1,survivorsofabuse,371,71,calibration,distilbert,1,1,0.056646213,0.94335383,-1.3890136,1.4236026
156,"It's important to put your needs first sometimes. This might sound really obvious but I never realized just how harmful it can be to try and please everyone all the time. Whether you speak your mind or don't, there's always going to be someone who dislikes you. I think it's important to realize that there's VALUE in your personal expression, so it's worth the risk of offending a few people. I just haven't been able to see the value in my own words for so long.",0,anxiety,464,86,calibration,distilbert,1,0,0.3668718,0.6331282,-0.20980665,0.3358538
157,"I thought they’d give me another date to come back or put me on probation but that did not happen. They told me I wouldn’t be allowed back to my house until my court date in a MONTH. And even that is certain. Well I found a friend that I can stay with for another 2 days but after that I’m unsure of what to do. I’m currently unemployed don’t even have a license, there’s literally no one I can stay with my parents are refusing to talk to me.",1,homeless,443,90,calibration,distilbert,1,1,0.012056585,0.9879435,-2.1767538,2.229261
158,"I have been thinking about it and I think that all anxiety seems to boil down to either fear of what other people think of you or fear of death. I am curious if this is just me? Sometimes simplifying it makes it easier for me to deal with, at least during less intense moments where I still have control of my mind. I realize a fear of death is a bit unbeatable, but some how that seems to give me a bit of peace. The one that I have a hell of a time with is fear of what other people thinking.",1,anxiety,494,103,calibration,distilbert,1,1,0.42955768,0.5704423,-0.10422273,0.17943332
159,"On the off days where I don't remember them I still wake up feeling tired, wake up multiple times. I just feel like I cant sleep like normal. Any advice on what else I can do? Should I try to get a sleep study done? Ways to get out of the funk these put me in?",1,ptsd,260,56,calibration,distilbert,1,1,0.01566778,0.9843322,-2.0570874,2.0832698
160,"I actually give an assistant half my emergency fee to come help me sometimes. I feel unsafe driving to ""house calls"" in the middle of the night by myself. I frequently bring my husband along as a makeshift “tech” or when I feel unsafe, which is obviously unfair to him. Unhappy Husband: My husband is miserable both with his 60 minute commute and with our isolation out here in the country. We feel like we have no social life out here.",1,relationships,436,81,calibration,distilbert,1,1,0.018098136,0.98190194,-1.9833639,2.0103185
161,"I never had that symptom before and I just want to know if anyone else has, what has helped manage your dizziness? For me it will trigger panic attacks which I hate so much. I've tried zofran for nausea that did nothing (prob cuz it's anxiety nausea not stomach nausea). Are there any meds for dizziness or vertigo? Thanks!",1,anxiety,323,59,calibration,distilbert,1,1,0.020433651,0.9795664,-1.9172424,1.9526846
162,"How should I feel after all this? Because I feel like I was used and treated poorly, which she rejects. Also how should I read into her getting annoyed about me being with other girls? If they break up again (this is their 3rd attempt at making their relationship work), should I be there in the same way ago? As much as I like to think I wouldn't I still really love this girl.",1,relationships,378,74,calibration,distilbert,1,1,0.028615506,0.97138447,-1.7550294,1.7697442
163,Laundry. Lots of it. With my ass still against the door I grab the overflowing laundry basket. Overturn it. Sit on the fucking thing.,1,domesticviolence,133,24,calibration,distilbert,1,1,0.04165081,0.9583492,-1.603984,1.5319074
164,"I'm sure as other survivors many of you are overcoming some of the same problems as well, and may have already had some of these realizations (of what makes you YOU) or are in search of them on your journey to becoming whole. It is crazy how DEEP these emotional scars and wounds are, that I literally cried way harder in this session, than in even processing waking up in a hospital bald! In this memory, I had post-partum depression right after my son was born and was living with Nmom and my Edad when they were still married 8 years ago. (I'm so grateful that they are no longer married. He is such an excellent parent/person NOW that he doesn't care about ""undermining her"".)",0,ptsd,680,125,calibration,distilbert,1,0,0.38650405,0.61349595,-0.11880339,0.34322795
165,"I'm upset, and the fact that I don't know whether I should be upset is making me more upset. I realize there's something crazy privileged about the whole thing (parents want me to spend more money? i should xpost to r/firstworldproblems!) If this really is an absurd thing to worry about, sorry for making you read through this thesis but please do let me know because I'm just really confused and sad. TL;DR: Mom accuses me of not valuing the benefit of earning money because I don't like to spend it, though getting a good job is pretty much all i've been focusing on.",1,relationships,570,104,calibration,distilbert,1,1,0.012350831,0.98764914,-2.1453798,2.2362247
166,"Hi guys, I have PTSD that came from a suicide related incident. I'm not ready to talk about what happened, but it was pretty recent so even the small things are triggering. This timing couldn't possibly be worse, 13 reasons why is gaining popularity incredibly quickly and the ads are popping up everywhere. I'm getting help, but these things take time and I can't just quit the internet. Is there any way I block that specific type of ad?",1,ptsd,439,79,calibration,distilbert,1,1,0.08710909,0.91289085,-1.1337819,1.2156732
167,"Her name was Chinook. I wasn't there. Edit--the vet suspected she had a bad heart. We had to move to find work, back in our home province of Ontario. I'm working (moved suddenly because I had an interview at a job I knew I would get), and he's already done an interview, despite not being here for more than a few days.",0,assistance,319,62,calibration,distilbert,0,1,0.95223546,0.047764536,1.5253309,-1.467198
168,"Hi r/anxiety, So lately my anxiety/hypochondria has been through the roof. I convince myself that I have all of these symptoms and then my body actually feels like it produces them. I never know when something is actually wrong. Lately since my anxiety has gotten so bad I have begun biting my nails even worse than usual, picking my toe nails and picking any form of acne on my face or body.",1,anxiety,392,72,calibration,distilbert,1,1,0.013079633,0.98692036,-2.0951529,2.2283804
169,night sweats (bed stinks so bad and I have to wash the sheets daily and my bedroom is 68 degrees and I only sleep with sheets.) night terrors (re-occuring dream: waking up with the feeling that I am supposed to tell someone something to prevent an awful occurrence from happening but unable to say the words. The words just won't come out) Wife scared to wake me up because I am fearfully jumpy and suffer from panic attacks upon awaking. depression,1,ptsd,449,81,calibration,distilbert,1,1,0.012357621,0.9876424,-2.1444468,2.2366009
170,"She's been attack free for months now. There seems to be a downside to this though, our relationship is taking a turn for the worst. The doctor said one of the side effects would be a loss of sex drive, which I understood and was ok with as long as it helped her. Lately though she's been just colder to me. We had a talk the other day and she says she still loves me, but more as a friend.",0,anxiety,390,80,calibration,distilbert,0,1,0.5761084,0.42389166,0.13590673,-0.17091118
171,"Mostly, I think I just want a mom. I've been struggling with anxiety really bad, and a lot of it has to do with my relationship with my boyfriend. This is my first boyfriend. He's a senior at a different college. He lives in the city that I go to school in.",1,relationships,257,52,calibration,distilbert,1,1,0.03268621,0.96731377,-1.6606646,1.7269051
172,"That was nice. But now that we're close to the point of no return, with a flight booked so he can come see her(I agreed to travel out of our house for the week), and they seem to be bonding big time(I love you's abound), I'm not sure what to do with myself. On one hand I want to let loose and detach, let her have fun, and do so myself. If it leads to a new LTR for her, awesome. But what kills me I guess is the uncertainty.",1,relationships,426,90,calibration,distilbert,1,1,0.067710735,0.93228924,-1.3177212,1.3046772
173,"They are 2 hours away and I got to visit them recently and I squealed like a girl most of that drive. Two dudes and two girls are what this group consists of. I don't have to walk on egg shells, as someone who feels like a fuck up always it's nice to see four other people like me that like me. Does anyone else have any experiences like this? Where they have anxiety, whether it be bad or mild, and when around certain people it just melts away?",0,anxiety,446,89,calibration,distilbert,0,1,0.7381825,0.26181757,0.48467162,-0.55187136
174,"I've ""enjoyed"" (didn't dislike, double negatives, oof) the jobs I've had, and some were pretty good - the people like me, so I had no reason to leave. What is the equivalent of my best friend has also gone so far as to label me as a psychopath..:/ I'm just looking for similar experiences and mostly understanding of the situation (maybe guidance in what kind of people to aim to talk to, or maybe steps to take to help in diagnosis, etc) - so far in my life every single person has pretty much told me to harden the ""f"" up and get the heck over it. Thanks.. **Edit 2** I forgot to say that my father is a completely different person now - but when I see him so much as take a sip of alcohol it all floods back to me and I get extremely terrified and nervous.",0,ptsd,759,150,calibration,distilbert,1,0,0.014288916,0.98571104,-2.0468926,2.1869867
175,"Anything you forgot to write about in your statement that you wish you would've? I have so much to say that I have no idea where to start. Thank you so much in advance. sending hope, love, courage and so many prayers for everyone during this season of your lives. so thankful for this community and support from each and every single one of you.",0,domesticviolence,345,65,calibration,distilbert,0,1,0.9749323,0.025067756,1.7918067,-1.8689791
176,"He came home from who knows where and he walks in. I asked him where he had been because i was starting to get worried. He was mad, i could see it in his eyes and hear it in his voice. Next thing i knew he was behind me with his arm around my neck squeezing. He continued as he threw me on the couch and wrapped his legs around my stomach.",1,domesticviolence,339,72,calibration,distilbert,0,0,0.6820276,0.31797236,0.297328,-0.4657776
177,"I understood that I was robbed of my innocence. I just wanted to hug the 15 year old version of myself and tell her that it would be okay. I have never verbalized these feelings. For the first time, I talked myself through them. For the first time, I felt comfortable talking to someone about it.",0,survivorsofabuse,296,56,calibration,distilbert,0,1,0.9685637,0.031436324,1.6418672,-1.7859832
178,Now my treatment has stopped this triggering from happening and sometimes think about moving back. If I do I will occasionally see places and buildings connected to bad memories. When visiting my town now I am OK seeing those places but I don't like it so I avoid them. My choices are moving back or sell and start a new life elsewhere. So I ask if anyone else have done a similar move back to your hometown and managed well?,1,ptsd,425,80,calibration,distilbert,1,1,0.10779704,0.8922029,-1.0144502,1.0989932
179,He accidentally held my throat too tight and the marks of his affections remained on my long after he was a memory. He pulled out my tears and scared my face pale so not one person could see the marks of blood left on my neck. Then my world was dipped in white tint so no one could observe the taint behind my devastation. The color of my skin and the color of the fear were almost a perfect match although my fear was clearly a shade lighter than what was underneath. Who could know?,0,survivorsofabuse,484,95,calibration,distilbert,1,0,0.2619849,0.73801506,-0.514404,0.52127314
180,"You will be to, you may be 2 years, 5 years, maybe even longer, from escaping it, but please, just trust me. It can and will get better. You'll get out of it Don't lose sight of the potentially massive amount of time you'll get in happiness and meaning compared to the few years you'll spend in this nightmare. Feel free to dm me if anyone wants to talk. (the reason this is posted on an alt account is by the off chance it gains any traction, I do not want this out for family to potentially see until I've left here.)",0,survivorsofabuse,519,102,calibration,distilbert,0,1,0.97684824,0.023151772,1.8603061,-1.8819537
181,"Do some sort of entertainment such as playing music or the like(busking). 5. Other? Side Question: Any advice for being able to properly discern legitimate homeless people and ""fake"" homeless? Thanks for your time and I hope your situation improves.",0,homeless,249,40,calibration,distilbert,0,1,0.9867439,0.013256037,2.082357,-2.2276008
182,"This was literally the first meal I've had with other people in nearly a year. This couple was young enough to be my children and I could picture myself in their situation which I pray will never happen, but if it does I would really hope someone would buy me some food every once in a while. The guy seemed a bit sheepish, but the woman seemed a bit more comfortable with being homeless. They seemed like decent enough people and I don't regret buying them food, but towards the end of our meal the woman said something to the guy about getting home by midnight. But I thought they were homeless!?!",0,homeless,599,112,calibration,distilbert,0,1,0.9833633,0.016636768,1.9545572,-2.1248062
183,"I’ve started trying to write things down more. Not necessarily journal but just writing down little ideas I have in various notebooks. I’ve come to realize that when my PTSD is in full steam, my handwriting is different. I’m known in my family/friend group for having great penmanship. But now, the handwriting doesn’t even look close to before.",0,ptsd,345,58,calibration,distilbert,0,1,0.98307174,0.016928287,1.9551208,-2.106575
184,"I blame myself. Almost all the time. Especially when I feel bad, I see the uncomfortable feelings as wrong in the first place, and that it's my fault that I feel bad. This makes me feel worse. When I feel worse because I hate myself, I hate myself for hating myself for feeling bad.",1,anxiety,282,54,calibration,distilbert,1,1,0.01432422,0.9856758,-2.1300907,2.1012852
185,"My father is an alcoholic, and he has been for about 34 years. My mom has had to deal with this the entire time, and lately, he has been having parties at their house and drinking up until 3-4am almost every weekend. He drinks everyday, and my mother usually comes to me to vent about it. I’ve honestly lost my patience because I feel she should do something about it, but she won’t. She’s afraid to leave because he says he’ll accuse her of abandoning the home.",1,domesticviolence,462,87,calibration,distilbert,1,1,0.045128,0.954872,-1.4787427,1.5733316
186,I hate asking for help and I would ask my family but they disowned me when I moved due to my adoptive mom being mentally abusive. Any help would be greatly appreciated. Even if you don't have $20 anything helps. Thank you so much. Edit: I have PayPal and Cash App.,1,assistance,264,51,calibration,distilbert,0,0,0.9787828,0.02121722,1.8827775,-1.9487194
187,"I'm new to living in my car. Very limited access to cooking and can't afford ice. The basis of my diet is whole wheat bread. I eat it with peanut butter and honey/jam, canned tuna, and vegetable/bean/lentil soups. I often eat canned peaches, mandarin oranges, green beans, corn, and white/pinto beans.",0,homeless,301,51,calibration,distilbert,1,0,0.453723,0.546277,-0.05835398,0.1272853
188,"In his own ways I know he loves me but he's double my body weight, he's a weight lifter, and he has blind rage that only comes out on me of all people . If I keep gambling he could permanently damage me. I'm in healthcare I know these numbers so WHY? I like to believe that he knows his limits when we're fighting but he has scared me and himself in the past. Now that chokings are happening during every incident, the accidents could be irreversible.",1,domesticviolence,451,87,calibration,distilbert,1,1,0.038792264,0.96120775,-1.5401442,1.6698256
189,"He told me that I needed to be naked because he wanted to see my “sexy body” he said a lot of sexual things and took off my clothes. I was naked; exposed, lying on his bed on my stomach with my head in a pillow. He flipped me over and sat at the foot of the bed. I put a pillow over my face and at this time it all becomes a blur. He was giving me oral sex, fingering me, and telling me how “hot” I was.",0,ptsd,403,89,calibration,distilbert,0,1,0.84406286,0.15593715,0.7852934,-0.9034806
190,"* Almost impossible to remember something happened in past on conversation. * Hard to remember names of people or what happened in film and names from there. * Can’t recall nothing from my childhood… there is only some common memories. * I literally have worse memory than my grandmother - she can remember thing when she was small I can’t. **Closing both eyes tightly [like <url> causing feeling like: shaking, vibration, electricity behind eyes.",1,anxiety,447,74,calibration,distilbert,1,1,0.022102475,0.97789747,-1.8368182,1.9528971
191,"But recently I went on a car journey with my friends and 5 minutes before we got to the destination I started panicking because I thought I needed a wee and took a valium (completely embarrassed myself in-front of my friends). once we got to the destination I was actually fine and didn't really need one that bad. Since then it keeps happening, like I was on the train and 1 stop before my destination I got off and walked because I started panicking. then today really got to me because I needed to get a bus that goes through a tunnel to go to the pub that takes 10 mins and I physically couldn't get on the bus because of this fear. I'm so annoyed at myself that this is starting to control my life.",1,anxiety,703,136,calibration,distilbert,1,1,0.012338199,0.98766184,-2.1364052,2.2462351
192,"Hi, I've posted it a lot on this sub, constantly and I figured, why don't I just submit a post with these steps. . This is how I deal with panic attacks/anxious, intrusive thoughts. I hope that I am able to help you the way they have helped me.",0,anxiety,244,49,calibration,distilbert,0,1,0.8083713,0.19162872,0.72834903,-0.71111274
193,"Due to daughters older sibling and mother being the type that craves and feeds on enormous emotional attention, I am realizing how she's ended up making herself smaller and downplaying her own problems to not ""add to the burden"". AFAIK there has been no physical abuse, but there has been geographical and emotional abandonment from mother and brother, and probably a feeling of emotional abandonment from myself. She's smart and ambitious, but unfortunately totally lacking in self-confidence and has a habit of choosing away people and situations. I realize that through a life of undiagnosed ADD I've adopted a myriad of ""bad habits"" I will need to address for both mine and our sakes, as well as a ton of structure etc that need to be put in place. In that frame it would be very helpful to start at an end that benefits both of us, or at the very least doesn't exacerbate her PTSD.",0,ptsd,886,156,calibration,distilbert,0,1,0.94398504,0.056014933,1.3782122,-1.4462798
194,"Every cent right now is going towards making sure I don't end up homeless (I've gotten forbearance on my car payment for the moment) and it's looking grim. **[I feel embarrassed asking for help, but here is my Amazon <url> I couldn't figure out how to share my Walmart list... If anyone knows how, please let me know. Also, if you know of cheaper/better items I could add, please let me know.",0,assistance,392,72,calibration,distilbert,1,0,0.019876862,0.9801231,-1.9275972,1.9705248
195,I am really feeling like there are no good men. They are all just horrible to women. I think I would rather be alone than deal with any man again. Has anyone else felt like this? Did your feelings ever change?,1,domesticviolence,209,41,calibration,distilbert,1,1,0.015757648,0.9842424,-2.072623,2.0619233
196,"OK, so as the title says my sister has been trying to set me up with her friend for a couple of months now. Up til recently I refused to even entertain the idea because she is slightly over a full decade younger than me. My sister thinks I'm being stupid letting the age difference make my mind up for me, to the point where we had a huge fight at Christmas about it but I refused to budge. Recently however she's been bringing her friend around a lot (me, my sister, and her husband all get along really well so we hang out at least 2 or 3 weekends a month usually) and as I get to know this girl I am realizing why my sister has been so adamant about it. It's almost eerie how much we have in common.",0,relationships,702,142,calibration,distilbert,0,1,0.8610483,0.13895169,0.8837529,-0.9402713
197,"We feel this is where it matters most. We think this can be great as a quick screening process for those who are switching to a team at work, meeting a Tinder date, or just within your social circles. We understand that moderation of false reports is a problem we'd need to solve, and think that perhaps we can “checkmark” reviews that have supplied references or evidence. Please give us your thoughts. We understand this is a controversial idea.",0,survivorsofabuse,447,79,calibration,distilbert,0,1,0.9865806,0.013419414,2.0636225,-2.2339203
198,"&nbsp; SAR teams, crew and techs, go where nobody else can go. They, Dave and his team, have saved Mounties, have gone where others simply can’t and aren’t trained, or capable of ignoring their surroundings and getting the job done. SAR are a breed apart. I have asked Dave if he can introduce me to a SAR Tech so I can show his story, beside this.",0,ptsd,348,66,calibration,distilbert,0,1,0.9854842,0.0145158125,2.0218983,-2.195996
199,"Both of these were poor choices. It just exacerbated the situation. I had vases, game controllers, tv remote, coffee mugs, etc thrown at me on varied encounters. This is not an exaggerated list..  I tried to leave and she blocked the door with her body, threatening to kill herself on one such occassion.",1,domesticviolence,304,53,calibration,distilbert,1,1,0.24183002,0.75817,-0.49258515,0.6500874
200,"You've all been very kind and incredibly generous, and my mom and I are looking into all of the suggestions and recommendations that were provided below. We're extremely grateful for everything you've done for us. It's wonderful to know there are such caring, considerate, and giving people out there who are willing to help people like us. You've warmed our hearts with your selflessness. Thank you so much!",0,assistance,408,68,calibration,distilbert,0,1,0.98260164,0.01739833,1.9519004,-2.0819294
201,"Lily is a really nice person (atleast, I'll continue to believe she is), and I think she might be open to it. Apparently, Mina and Lily have known eachother since childhood. I still think there's a bond there. I want to look up a professional too, or some kinda of therapist, someone to help her and give her real advice, not my under-educated whims. If I could get some resources, that would really helpful.",0,survivorsofabuse,408,74,calibration,distilbert,0,1,0.9875945,0.012405487,2.114429,-2.2627046
202,"I feel so damaged by my childhood that I feel like I could never be fixed. Everything he's said is true about me. I am stupid, crazy, cunt, bitch, whore, and people only want me for my body. I feel so ready to just go. I hate myself so much.",1,domesticviolence,241,50,calibration,distilbert,1,1,0.012623403,0.9873766,-2.20208,2.157419
203,"He has even made a comment to my bf about me being overweight. Being overweight has basically taken over my relationship, my mind, and my life. This year, I am making it a priority to lose the weight, especially since I have nothing else occupying my mind like cancer. My confidence level right now is 0 and I feel so fucking ugly and fat. If I just got in shape, I know that I would be close to a 10.",1,relationships,401,80,calibration,distilbert,1,1,0.012920924,0.98707914,-2.147507,2.1883953
204,"A little over two years ago I visited a psychiatrist for the first time and was prescribed lexapro for social/generalized anxiety and depression. At the time, both my psychiatrist and therapist thought I was in the mild to moderate range. Lexapro was good. It was great, really. I wasn't born with depression.",0,anxiety,309,52,calibration,distilbert,0,1,0.978647,0.021353005,1.8158379,-2.0091407
205,"Well, last time we fought, I did finally call. I was so fucking scared and while he hid in the basement with all the doors locked and light off, the cops took pictures of my hands and neck while I asked them over and over not to arrest him. They told me it will be up to the judge when he sees the pictures. Well, what do you know, he got a warrant. He didn't show up to the first court date so I know he's in even more trouble now.",0,domesticviolence,432,91,calibration,distilbert,1,0,0.018030133,0.98196983,-2.0178082,1.9797081
206,"I'm livid....this only proves to me that you can't trust ANYONE not even your friggin therapist. She exploited me...pushing me to do this program wasn't to help me but she  did it for herself to try to get a raise, promotion or something. What should I do? I wrote an email to the administrator but I feel like I need to do more....I want the other participants of this program to be notified IMMEDIATELY that their sessions where they talk about very difficult/painful things, things that they don't like talking about, are being used for training purposes and God knows what else. Update: That asshole “therapist” was in fact promoted after pushing people to do this  dumb and unethical program...People that play dirty and use people get ahead.",1,ptsd,747,128,calibration,distilbert,1,1,0.03219274,0.9678073,-1.6286329,1.774659
207,"My bf and I went to his parents place in Iowa over Christmas. Over the years, I have always known that his parents don't absolutely love me but I didn't realize that they actually dislike me until this time I visited them. His dad is a difficult person to begin with, which is well known by everyone and he kept making little jabs at me and insulting me. For example, he asked if I am a citizen and how long I have been one, I mentioned that I have never watched Harry Potter and he ""jokingly"" asked me if I was busy clubbing and talking to boys and doubted my upbringing, and when I was using my bfs phone, he asked me why I am using it and if I am reading his texts. These are just a couple examples and there are many more.",1,relationships,726,145,calibration,distilbert,0,0,0.8639609,0.13603911,0.8987307,-0.94985443
208,"We are begging you for **$200** to buy bus tickets for the **4** of us to travel via bus. It is a **14 hour** road travel from our current city. The $200 will cover our travel to there and going back here. &nbsp; This would really mean a lot for me and my family, we just want to see our grandfather one last time.",0,assistance,314,64,calibration,distilbert,0,1,0.9848925,0.01510756,2.0249732,-2.152364
209,"I asked him how he's doing to fund this, if there are any bursaries and if so, how much these are, but he never gives a clear answer.   ---   **tl;dr**: Boyfriend is unemployed, looking for 'perfect' job until he starts his Medicine degree, unsure how he will fund this degree. I resent him for poor financial judgement and day-time chilling. How to change this?",1,relationships,362,64,calibration,distilbert,1,1,0.09535115,0.90464884,-1.139795,1.1101856
210,"I am not sad, I am not depressed, I am still a very happy and optimistic person with a great life, good friends, family, job, all that. But I am struggling to manage this anxiety because it spills into life. I don't have thoughts I obsess over, I don't worry about anything really. It's just the stress I have been through set up my body for this crap response. Besides relaxation, meditation and such, what can you recommend?",1,anxiety,426,78,calibration,distilbert,1,1,0.06479278,0.93520725,-1.2519667,1.4176073
211,"In class, im always on edge, i cant focus on one thing for too long and i constantly scan my environment and I think they think im looking at them which im not. this also made it more awkward to talk to them. I been there for a month but im still very nervous around my peers and teachers. I know my teacher and the tutor there get nervous/uncomfortable around me, lately they haven't been talking to me much or coming up to me especially the tutor to ask if I need help  which they did before, my anxiety has gotten worse and I probably look more visibly uncomfortable than ever so that why they have barely asked if I needed help or said much to me ha! yet  seem more at ease with other people.",1,anxiety,696,136,calibration,distilbert,1,1,0.015468141,0.9845318,-2.013971,2.1394126
212,"I was left to hold the burden of explaining to other people why he wasn't talking to them, or why he said something hurtful. I was okay with that. But I told him on many, many, very blunt occassions, 'I am not okay with just sucking your dick. I feel like you aren't putting in the effort with me and I feel sick and uncomfortable doing this.' I said this in a variety of forms as well as having panic attacks - not anxiety attacks, full-on violent shivering, mute shut-down, crying, overstimulated, feeling like you're about to die panic attacks - most of the times when we were intimate.",1,survivorsofabuse,589,109,calibration,distilbert,1,1,0.015305319,0.98469466,-2.085993,2.078138
213,"And I’ve come unglued over absolutely nothing in the past, but I will seize upon something in these moments, anything, and the vein of anxiety erupts like a volcano and I can’t breathe I’m shaking I’m numb. And he is there just reminding me, gently... this isn’t happening right now. This is your past, this isn’t our present. I’ve never lied to you. I’ve always kept my promises to you.",1,ptsd,387,70,calibration,distilbert,1,1,0.012619909,0.98738,-2.1252656,2.2345135
214,"I also always bite and pick at my lips, meaning I usually have a patch of dried blood. I also chew my nails (though I've found if I clip my nails almost everyday it goes away). I know these behaviors are typical of OCD but I don't have other OCD symptoms so I think it's just my anxiety. Any tips would be appreciated. Or if you just want to share your habits go ahead.",1,anxiety,369,74,calibration,distilbert,0,0,0.97166765,0.028332349,1.7376578,-1.7973518
215,"People who've been my ""friends"" for a decade stopped talking to me or inviting me to anything after my break-up. A guy who I've been making plans to see for two months on a weekly basis just cancelled, again (we haven't gotten together at all). Another person I was trying to date bailed because of something I can't control. I'm not worth these people's time. My boss scares the daylights out if me (stern Russian lady who expersses herself horribly).",1,anxiety,452,80,calibration,distilbert,1,1,0.020259177,0.97974086,-1.9761002,1.90258
216,When I try to befriend artists or thinkers or doers. They often either shun me because my work has been sub par and nearly non existant and they don't see me as equal. Or they show sexual/romantic interest I don't reciprocate which makes me nervous and avoidant. Sometimes I am shunmed I think because they mistake my interest in making friends for a romantic interest. I am quite annoyed by all the assumptions/game playing/projecting that goes on in the world.,1,ptsd,462,80,calibration,distilbert,1,1,0.031083833,0.9689162,-1.7099636,1.7295266
217,"I'm afraid of going into too much detail only because I constantly fear that he knows that I talk about him. To keep it short, my father was physically violent towards me, my mother, our dog, mistreated all of his animals, leaked our information on shady sites before multiple times, and has made my life a living hell up until I went to court to stop having visitation with him. I almost died twice thanks to him. I thought that it wouldn't really affect anything outside of startle reflex, trust issues, etc, but here I am years after my last visit with him and it's still affecting me fucking terribly. I just sat in bed sobbing for a half hour because I'm afraid of everyone around me.",1,ptsd,689,127,calibration,distilbert,1,1,0.0121222595,0.9878777,-2.1777716,2.2227442
218,"Also, as of right now, the 2017 team is on their trek to Alaska. Because of this, I'm limited on what I can do to raise money, since the main focus is on them. In the meantime, all I can do is ask for donations. I was hoping Reddit could help me out with this. If anyone wants to donate to me personally, here's the link to do so, along with my reason for riding: <url>",1,assistance,369,76,calibration,distilbert,0,0,0.98075074,0.01924931,1.9551997,-1.9756434
219,"It's important that people know this when they claim platitudes about 'getting support' and 'healing' that require a stable home, friends, family or even relationships. I spent all of that time trying to get to this point by myself just so some selfish POS could slap me down again. I hate this. I posted this on twitter because I couldn't think and I just wanted to share something even anonymously, of course I got nothing. It's hard to admit sometimes, until you're desperate, but I wanted someone to care.",1,survivorsofabuse,509,89,calibration,distilbert,1,1,0.017220385,0.9827796,-2.0385096,2.0057814
220,"I need information. As emotional as I am right now, I know I'm not thinking straight and am probably missing something as I research on my own. Any advice, any info, any resource, or organizations that I can apply to to help pay for this is greatly appreciated. I'm in Kansas if that helps... Thank you.",1,assistance,303,56,calibration,distilbert,0,0,0.5195935,0.4804065,0.13777305,0.0593589
221,"(NSFW) I have really bad PTSD induced anxiety due to rape situations and being a victim to dozens of emotionally abusive relationships, and I am engaged to a HVAC service technician. One day he was going to do a check up on a furnace, he called before hand and he even gave notice the day before, and I was at school at the time so I didn't see the message till a little later. He walked into the house because the door was unlocked (because some people leave their door unlocked if they're downstairs or something) and he walked into the kitchen and it was a crack house, immediately he had a gun pointed at him and he froze for a second and ran back to his van, the guy shot half a dozen times and hit the rear view mirror, he almost got shot so many times while running to the van, and when I saw this I was hysterically sobbing in the middle of the school hall and when I got home I got to my mom and kept screaming ""he almost died he almost died"" and my mom thought I said he died because I could barely breathe, he seems to be over it now but every time he is a little late coming home from work or hasn't replied in awhile I get so scared hes dead and late at night I can't sleep because I'm scared this is the last day I'll have with him. I don't know what to do.",1,ptsd,1271,256,calibration,distilbert,1,1,0.012826351,0.9871737,-2.1197288,2.2236154
222,"But in that moment neither my words nor my body made a difference...he did what he wanted.... I wanted to push him, kick him, shout...but...i couldnt move. There were times he didn't listen to me but I never thought it would lead to him forcing himself onto me. I didn't trust I'd know how he'd react if I did or said anything...He wasn't the gentle and respectful person I thought he was. I left after the shower but when I got home, I broke down.",1,ptsd,448,85,calibration,distilbert,1,1,0.066482194,0.9335178,-1.2999282,1.3420976
223,"I am living with my mom right now and we cannot afford to find a new place but in a few weeks we will not be allowed to stay here anymore. My mom will be fine she is going to live with my dad but for reasons that are irrelevant I refuse to live with him it's not even a conversation I just will not. No matter what anyone says I will not live there and that is the end of that discussion, with all due respect. I have no friends to stay with and no job so I guess the only thing I can think of is to somehow work out some kind of arrangement to get a job ASAP(we live really far from town and I have no car or driver's license) save up as much money as I can then quit that job and find one of those sketchy cheap hotels in the city for $60 a night and then find another job nearby but the problem is because of my age I don't know if I'll be able to rent at all I just have no clue what to do someone please help me:(",1,almosthomeless,918,198,calibration,distilbert,1,1,0.011468153,0.9885318,-2.17515,2.2814972
224,"She says she's sorry and that she would never have taken it to a physical place, and completely rejected the first co-workers request to take it further. However she continued to talk to him and also continued to talk and flirt with the second co-worker, when she knew he had romantic feelings. She says she's sorry and has an addiction to being desired. I told her it's not fair to me or the men she's leading on. She agrees and is trying to convince me to stay with her.",1,relationships,472,89,calibration,distilbert,0,0,0.97062355,0.02937643,1.6451689,-1.852577
225,"I’ve been taking 12.5 mgs zoloft for about 6 months (yeah, super small dose .. but it was taking the edge off, i think). I decided to stop taking it for a few days to see if it was really helping. Now, about 40 hours since my last dose, I’m suddenly kind of shaky and also flushed (my cheeks are burning for no reason. And THOSE side effects are about to freak me out - do you think it is from my missed dose? Is it possible to have such a fast reaction?",1,anxiety,454,93,calibration,distilbert,1,1,0.01589793,0.9841021,-2.0347857,2.0907552
226,And I'll get an intense feeling of impending doom. It lasts for less than a minute and then I'll fall back asleep. It usually happens during naps. I thought it was a seizure when it first happened. Has this happened to anyone else?,1,anxiety,231,43,calibration,distilbert,1,1,0.05778072,0.94221926,-1.336144,1.4554389
227,"I will do my part in applying for scholarships, saving money, working, and finding other avenues to obtain the necessary funds. My Personal Story: I was born in Oaxaca, Mexico and immigrated to the United States when I was a mere 4 months old. My parents left everything behind in Mexico due to the large prevalence of poverty and political corruption present in my home nation. My family would settle down in a town within the Coachella Valley named Chiriaco Summit.",0,assistance,467,81,calibration,distilbert,0,1,0.9717102,0.02828979,1.7356484,-1.8009084
228,"My youngest who was 6 at the time had what seemed to be a bladder infection or UTI (urinary tract infection). She was literally peeing every five minutes. Since the doctors office was closed, I took her to the emergency room. Little did I know, my entire world was about to come crashing down. The nurses got us back to a room and once they were done checking her out and had her urine to test, we had to wait for the doctor.",1,survivorsofabuse,425,83,calibration,distilbert,1,1,0.22756317,0.7724368,-0.5972584,0.6248639
229,"Why would you say that to me"" and gets extremely offended. He continues on by giving me the silent treatment for 50 minutes and then comes in the room and tells me ""You don't understand me. No one understands me. I give up. On everything.""",1,domesticviolence,239,45,calibration,distilbert,1,1,0.0656336,0.9343664,-1.355767,1.3000138
230,"How did you come up with it? I've wanted to kill myself almost everyday for 17 years. I'm done talking to therapists and asking friends for help. Right now I see two options: commit suicide or develop an emergency self-care plan for when I'm feeling this way so I'll be okay until I feel safe again. Unfortunately, my meds only impact anxiety (and only sometimes), not depression or PTSD.",1,ptsd,388,69,calibration,distilbert,1,1,0.019796407,0.9802036,-1.9065002,1.9957597
231,Since over the summer he has became homeless and gotten into drugs. He was living in his car and I was jogging one evening he approached me and he confronted me. I was so scared I kind of just stood there and he was insulting me and calling me every name in the book. He tried to get me to use my phone so he can call my mom and I denied his request. He said that if I don't let him use my phone he's going to stab.,1,ptsd,415,89,calibration,distilbert,1,1,0.08357989,0.9164201,-1.2172135,1.1774583
232,"In the dream, he kept telling me to do it as he cut himself deeper and deeper in his arm. Then he said I’m gonna do it, all because of you too. You deserve to die, then at the end of the dream he kept holding me down to put a knife against my throat and said this is how it ends, just do it yourself.” I am also looking into talking to someone I can somewhat relate to on this, talking to your friends about this typically doesn’t help me. Thank you for listening.",0,ptsd,464,95,calibration,distilbert,0,1,0.97390366,0.026096327,1.8406878,-1.77883
233,I am constantly afraid of when it's going to happen next and I'm so scared I'm going to have some embarrassing reaction to it. It happened today and I was able to play it cool for about 5 minutes and then I went on my lunch and cried my eyes out in my car. I've been having really bad flashbacks all afternoon and night. I really wish it didn't get to me like this. My day was seriously ruined by a harmless prank.,1,ptsd,414,83,calibration,distilbert,1,1,0.012941506,0.98705846,-2.1264126,2.207877
234,Sure enough she always sends us home. Every Wednesday I feel intense dread. I'm afraid to go into work the next day. A few of u may remember but just about a week ago I contemplated suicide. I always have anxiety and sadness.,1,anxiety,225,43,calibration,distilbert,1,1,0.0132454755,0.9867545,-2.1408002,2.169965
235,"I'm not getting any resources from the VA and I'm not getting better. I'm 100%, war time, service connect disabled for PTSD. I've been kicked out of the MHICM Range program because ""I'm not making enough progress”—ie not magically getting better. Im currently doing ACT therapy but it's not helping and the VA here can't offer talk therapy so they referred me to the Vet Center. After about six months there, my therapist told me I was ""too depressed to help.""",1,ptsd,460,81,calibration,distilbert,1,1,0.01649677,0.9835032,-2.0177934,2.0701632
236,"I am on a paid assassin’s hit-list. That’s it, I need to reformat all my hard drives. “Fuck it, I’ll just microwave those fuckers and then give myself the decency to have a painless death.” “Ok ok, deep breaths. We learned this in therapy.",1,ptsd,239,44,calibration,distilbert,1,1,0.2548624,0.74513763,-0.47266844,0.6001767
237,"My anxiety caused me to become independent and cold towards him, but inside I was screaming. All I wanted was for him to hold me and tell me everything was fine. But my anxiety got the best of us and caused a rift. We broke up for a week and then when we got back together we were really good for maybe a month or two and the same insecurities slipped in. Mind you, he has NEVER cheated or even acted interested in other girls.",1,anxiety,427,85,calibration,distilbert,1,1,0.031387817,0.9686122,-1.6932299,1.7362146
238,"I will browse a book on a subject that I want or need to study, research it, think about how it's going to be, then when the time for studying comes, I'm thinking about something else. Sometimes I spend the day thinking about that hardcore workout I'm gong to do in the evening, and then I spend the whole workout session thinking about something else. Sometimes even when I'm talking to people I like I realize my mind will wander. Does anyone feel these things? Do you think it's related to anxiety, or do I have ADHD or something else?",1,anxiety,538,100,calibration,distilbert,1,1,0.4563684,0.54363155,-0.050951432,0.124019936
239,"It stuck with me. It made me realize I wasn't as happy as I thought. After that my confusion took over. I drank, got high, made friends. I knew I was a mess but was working on it.",1,ptsd,179,38,calibration,distilbert,0,0,0.6365171,0.3634829,0.25742665,-0.30285236
240,"And we end up spending an indefinitely long period of time together that just never seems like it will end. I would really like to be able to hang out with her, like cook dinner, or go to a bar, or watch a movie, for example, and then just both go back to our individual homes and do our own thing. But, that seems impossible. I guess I’m really if it is necessary to constantly, physically, be with a S/O for a healthy relatioship to flourish? Am I being unreasonable/ inconsiderate in my desire to be alone?",0,relationships,509,97,calibration,distilbert,1,0,0.20175208,0.79824793,-0.6917132,0.6836664
241,"When she was an infant, she would play with her when she was told to leave her alone. She would do things she wasn't supposed to. She often acted like Grace was her child. It didn't help that Anna is mature looking at 5'8"", and was often asked if Grace was her baby. Around when Grace was 18 months, I got asked less and less to watch her, and Anna was doing it.",0,relationships,362,73,calibration,distilbert,0,1,0.9838562,0.01614375,1.9577279,-2.1522188
242,"The worst he's ever done is yell. He does not seek out confrontation and he certainly doesn't threaten people. That's not to say he couldn't hold his own in a fight. My uncle apparently got the message and started crying and begged for forgiveness. My dad told him that he believes he could eventually forgive him, but that doesn't mean he would have anything to do with him.",0,survivorsofabuse,375,68,calibration,distilbert,1,0,0.30190986,0.69809014,-0.3446857,0.49353406
243,"The simplest breathing technique can help you calm your mind. It's called diaphragmatic breathing. Simply, place your hands on your belly, then ribs, then upper chest and practice breathing into your hands. At the end, you place one hand on your belly and the other on your heart and breath into your belly up to your heart and back out again. By placing my hands on your body, you can choose a certain number of breaths to count and focus on the physical sensation of your hands rising and falling.",0,stress,499,90,calibration,distilbert,0,1,0.98041266,0.019587297,1.8772478,-2.0358446
244,"Hello. I am new here, but I thought I would share a a bit of my story. I came onto Reddit three months ago for the survivor subs. I have been in therapy five months, and it has helped a great deal. I never sought any help before, I had one bad experience with therapy a decade ago, and never went back, I didn't figure I was helpable.",0,ptsd,334,68,calibration,distilbert,0,1,0.9805449,0.019455023,1.8826702,-2.037333
245,"I've been reading through this sub today and thought I'd offer some help. -if you're from a different country, skip to the bottom for info on how to give me a hand to help others I consider my story an interesting one but I'll keep the story short. Most supermarkets in the UK offer a price match scheme. The commonly used one now is Asda's 'Price guarantee'.",0,food_pantry,359,67,calibration,distilbert,0,1,0.9845105,0.015489578,1.961766,-2.190211
246,"Most of 2017, I stayed at around 135 and have been really good about hiding my fat with very flattering clothes but over the last 3 months, I have gained 15lbs as a result of traveling for work, moving to a new city and the holidays. I have always been very unhappy with the way I look and I envy girls who are slim. I obsess about this in my head 24/7 and even though I try to stay positive, the truth about how I REALLY feel comes out almost every time I go out drinking with friends and I become extremely negative and sometimes cry alone. My bf has told me that he is unhappy with my weight and he also hates seeing me unhappy. A summary of my bf: he is a complete workaholic, he loves me to death, he tells me how beautiful I am every day, he has dumped me 3 times because of my weight, he thinks I am an excuse maker and he does not know if he will commit to me.",1,relationships,868,178,calibration,distilbert,1,1,0.01419575,0.9858043,-2.0925448,2.1479704
247,"From across the table their eyes met, and in that instant they saw their future as they held each other’s gaze—a picture of a grand love, and a future filled with hope. In that split second the young teenage boy fell in love with a shy teenage girl. 	She smiled sweetly while he spoke loudly. He did all he could to impress the timid girl that night. Little did he know she was already taken by him.",0,survivorsofabuse,399,77,calibration,distilbert,0,1,0.9810845,0.018915538,1.8884146,-2.0602603
248,The informed consent form at the beginning of the survey provides more information. Please click the link to access the survey: [survey <url> Feel free to share the survey with friends and family who meet the survey requirements. You may ask any questions you have now or later by contacting Lena by email at <email>. Thank you in advance!,0,assistance,339,59,calibration,distilbert,0,1,0.98464185,0.015358165,1.9763387,-2.184292
249,"I am so confused! Why is he playing these games? I have made it clear I want him back and to me it’s like he has feelings but is unwilling to say anything? TL;DR I’ve been dating a guy for a few months, we split up over a silly petty argument, since we’ve split up he’s been maintaining that he wanted us to break up but he’s checking in on me and asking what I’m doing. Is he just being controlling or does he have feelings still?",1,relationships,431,87,calibration,distilbert,1,1,0.016072707,0.9839273,-1.9984646,2.1159651
250,"Someone else’s suffering ensued. I feel immense sadness and guilt now. I am confronted by the memories and the recognition that to this day the experience became part of who I am. It made me stronger, as facing fear and trauma can do. But I also internalized a sense of profoud fear and vulnerability.",1,ptsd,301,54,calibration,distilbert,1,1,0.030166365,0.9698336,-1.6422973,1.8280997
251,"I can't go anywhere without and inhaler and I tested positive for asthma even though I've never had an issue before all this happened. I'm on busphar, celexa, and atomoxetine and I've been on them longer than the hallucinations and such. I don't know what to do. I feel like I should go to get psychiatric help but now that I'm in college and only working part time I'm scared of not being able to pay the doctor bills. I don't know what to do.",1,ptsd,444,85,calibration,distilbert,1,1,0.013419779,0.9865802,-2.0790925,2.2184224
252,I can't take a shower and I haven't eaten today. I am sitting in my car and almost on empty. I keep ending up with abusive men who pretend to love me and my kids then hurt us. I am on a waiting list for housing but no call backs yet. The kids are safe and good and I go see them every few days til I have a place.,1,almosthomeless,313,70,calibration,distilbert,1,1,0.011993494,0.98800653,-2.183644,2.227681
253,"When I'm single it's never an issue if a person I'm seeing is sleeping with others but as soon as I fall in love, I can get kind of possessive. My partner is very much the opposite. All of his relationships have been open and he's slept with pretty much all of his friends. Maybe a few months ago he told me that he'd really like it if I slept with other people. I was fairly keen but was getting weird gut fear at the thought of him sleeping with other people.",0,relationships,461,92,calibration,distilbert,1,0,0.2600299,0.7399701,-0.56699187,0.47882122
254,"I have been abused mentally and physically by my step-father when being only 7 and it didn't stop until 12 when I moved to Britain and lived there to this day (17 yr now). Everyday I was told how worthless I was and was getting beat regularly. However I coped with it. At the start when I came to England, I was crying all the time, when I was called stupid, and idiot or was hit by a friend (A kind of a friendly abuse, you know when you just want to annoy your friends). Everyone thought I was just a crybaby, not knowing of my past.",1,domesticviolence,535,107,calibration,distilbert,1,1,0.019467408,0.9805325,-1.9512706,1.9680836
255,Today it all came to a head when no amount of uppers or downers was leveling me out. I had a meeting to run at 1. I had lunch with a customer at 12. I had a calls all morning...and you know what? I couldn't do it.,1,anxiety,213,47,calibration,distilbert,1,1,0.028781943,0.9712181,-1.7405667,1.7782362
256,"Anyway, he bullshited that her insurance wasn't covered  by anyone in this state, and that it was illegal for him to refuse her her shift. My SO had already talked to his HR head. They had previously decided that there wasn't much they could do unless she came up to him. Then tonight happened, the head of HR is severely worried for her safety (and my SOs) in a way he wasn't before. The head has called the Domestic Violence Hotline himself, and is looking for resources to help him solve this very delicate/tricky issue.",0,domesticviolence,523,95,calibration,distilbert,0,1,0.51552033,0.48447964,0.17035681,0.10825544
257,"&#x200B; <url> &#x200B; I have decided I have spent too long letting Anxiety win. I don't just want to be informed with Anxiety anymore, I want to be an expert at understanding every aspect of it.",0,anxiety,196,36,calibration,distilbert,0,1,0.70527095,0.29472908,0.5320881,-0.34043735
258,I've been crying myself to sleep ever since I came back. I'm scared something terrible will happen to them and I can't stop feeling guilty about cutting contact with them for the past several months. My mind keeps replaying awful scenarios over and over again. I can't stop thinking about these terrible thoughts. :(,1,anxiety,316,54,calibration,distilbert,1,1,0.012920911,0.98707914,-2.1115143,2.2243888
259,"Our dog Jett has been diagnosed with diabetes and is now in the hospital to stabilize his blood sugar. Luckily, he seems to be doing well and he will be home with us soon. Unfortunately, his bill is large enough that we just can't cover it on our own (especially with our poor financial situation). We're being evicted from our home soon and trying to find a place with this bill is just too much for us by ourselves. [To help us with the bill, we set up a GoFundMe <url>",1,assistance,471,91,calibration,distilbert,1,1,0.0794273,0.9205727,-1.1127601,1.3373936
260,"She resents my relationship with our son - My son is a Daddy's boy. Even now as I type this I hear him out there waiting for me saying Daddy Daddy Daddy. He comes and gives me hugs when I come home and barely notices when my wife is gone or comes home. - ‎This is also something she's recently admitted and I feel guilty about it, but I feel like it's because she puts in no effort beyond what she needs to do.",1,relationships,410,84,calibration,distilbert,1,1,0.1040651,0.8959349,-1.0175478,1.1353031
261,"We went from completely being strangers to being absolutely the best of friends. And im talking about a person who says the same things at the same time, perfectly understands your point, same faith, same songs you listen to, just so much coincidence happening during those 8 months that made me believe in fate, destiny - whatever you call it. And im 28, i've had 2 exes. Both long term. Ive never been single since I was 17.",0,relationships,426,78,calibration,distilbert,0,1,0.9857407,0.014259248,2.0172713,-2.2187161
262,"At this point I've moved home (living with 4 younger siblings and 2 loud dogs), and I finally started a new job. I'm seeing a new psychologist and I have an appointment with a psychiatrist. My new doctor has seen me twice and already changed my diagnosis I to PTSD, which not only fits all of my symptoms, but includes some that I thought were just part of my personality. But since hearing this, I've really been struggling with accepting the reality that I have to deal with. I have vivid and disturbing nightmares, I wake up soaked in sweat, freezing and crying.",1,ptsd,565,103,calibration,distilbert,1,1,0.013617102,0.98638296,-2.1105678,2.1721504
263,"Bust the stigma, don't whine but be frank, if you know or someone else that is struggling help the best you can, constantly let others know that yes they will not drown, there is a boat, and it fits way more than one person. The reality is the more you own and verbalize things, the more control you have over it and the less over you. Bottom line is busting the stigma, no one should feel like they are alone. So does my short little list work for everyone, totally not but I think it is a good reminder for people like myself..and hopefully someone else can take something away from it. If anything it's just got for me to verbalize it all out once in awhile.",0,ptsd,661,127,calibration,distilbert,0,1,0.9819547,0.018045276,1.9334918,-2.0631695
264,"He became depressed and gained a lot of weight, which makes him even more insecure about his looks. He also dropped out of university but now has come back to finish his degree. About me, I’m 21 years old, already graduated from college and now working a part time job but my goal is to become a flight attendant. I’m 162cm tall and weight 49kg, so I think it’s safe to say that I look fit. I also have a good looking face, I’m quite popular at my workplace among my coworkers and customers.",0,relationships,491,94,calibration,distilbert,0,1,0.96022666,0.039773382,1.5413421,-1.6426291
265,"Basically I’m going through quite a bit right now. I suffer from anxiety, depression probably (low mood, irritation, poor concentration) and things just haven’t been going that well. My friend who has autism makes off-the-wall jokes about death and killing in general. That bothers me as two of my friends have passed away in their 20s… And I still think about them and try to remember the good times. Suffering from The Doubting Disease has been fun.",1,survivorsofabuse,451,77,calibration,distilbert,1,1,0.01349966,0.9865003,-2.106878,2.184621
266,"Hi, I will not have a home in a few weeks . I'm living with an abusive, drug addict roommate whom has constantly stolen from me. I have asked cops etc to help and I'm told restraining order. Well, I figure I'm just going to leave when away from me. I'm mentally and physically exhausted, but I know I cannot endure this.",1,almosthomeless,320,62,calibration,distilbert,1,1,0.01160062,0.9883994,-2.1952755,2.249753
267,"I've been dating this guy for nearly three months. We met at a bar and had a one night stand, so my expectations were very low. We started by taking it slow (dinner or takeout and a movie on Saturdays) but things felt really nice and normal. I'm used to meeting guys on apps where everything is a game and usually they are dating multiple people at once; this felt different. We met before Thanksgiving and managed to keep the momentum going through a lot of travel and three weeks spent apart.",0,relationships,494,92,calibration,distilbert,0,1,0.9851119,0.014888128,1.9967037,-2.1954873
268,"Today at work I took a customer's payment over the phone. I was pulling up her account so there was a moment of silence between us. I could hear a man in the back yelling,""I'm gonna slap you"" I didn't tell her I had her page pulled up so I could keep listening, because I was convinced I heard incorrectly. ""Bitch I'm gonna slap you"" a couple seconds of silence,""I don't give a fuck"" , a couple seconds of silence, ""I will fucking slap you"" finally I said ma'am. It took her longer than it should have to respond to.",0,domesticviolence,516,100,calibration,distilbert,1,0,0.4389917,0.56100833,-0.18119852,0.06405667
269,"he still holds me back in life. he still finds ways to get to me. YET I STILL TALK TO HIM. and i always feel worse after i do. i've tried blocking him on social media, but he still finds ways to get to me.",1,domesticviolence,205,45,calibration,distilbert,1,1,0.044482313,0.95551765,-1.5333986,1.5337629
270,"This is my first post here, and I wanted to contribute something that has helped me with dealing with my anxiety recently. Maybe it will help you, too. [Success and Failure Don't Change Who You <url> In short, a success or failure does not define who YOU are. You are still the same person that you were before you were faced with whatever adversity came your way, and win or lose, you are that same person in the end.",0,anxiety,418,79,calibration,distilbert,0,1,0.9839669,0.016033065,1.9894465,-2.1274927
271,"Ive never really had a problem with my education until this semester, I feel mislead in my classes i.e (I do great on the homework and then I end up failing the tests). This has lead to me failing or doing not up to my standards in my other classes and its beginning to effect my own self worth. Instead of being confident in myself im resorting to internal hatred and just overall sadness. I am in a relationship with a very loving girlfriend but I feel that if I bring my problems into it, it could go sideways and I dont want that. Because of all of this my sleep schedule has not been exactly ideal, I usually go to bed at midnight and wake up early for class and the quality of my sleep is not what I would call good (tossing and turning and frequently waking up).",1,stress,769,150,calibration,distilbert,1,1,0.012603545,0.9873964,-2.1387253,2.2223685
272,"She requested to go to the bathroom right away, and we helped her with that. The husband/driver was out loading all our parts when she finally came out of the bathroom. We asked her what is wrong. She said, ""He grabbed me by the neck and hurt me. I don't think I can go back with him.""",0,domesticviolence,285,57,calibration,distilbert,0,1,0.93318844,0.066811584,1.2336962,-1.4030346
273,"Who do I talk to at this point, the Command Equal Opportunity Officer (e-7) who basically says she will look into it but doesn't seem concerned. There is a stigma about asking for help in the Navy and it needs to change. Basically, if you take any meds you get treated like a black sheep. If you go to medical and they give you meds, you get removed from your duties and everyone else carries your load while you are forced to stand around them not allowed to do anything. If you do get out of the navy because you spoke out about being depressed, anxious, or having symptoms of PTSD then you would be seperated from the Navy and sent home.",1,ptsd,640,122,calibration,distilbert,1,1,0.4655088,0.53449124,0.017429542,0.15561387
274,"My therapist asks me point blank what I want to talk about, so I talk about the things that were bothering me in the last two weeks. I asked him for suggestions or tips regarding the trich, he did not really give me any advice and instead read off a document to me for an hour and just printed it off at the end of the apt and gave it to me anyways. And yes the information is beneficial, but I can find all the same stuff on this sub's side bar. I'm slowly becoming more and more frustrated. I want to be open for help, I mean this was a huge step for me to even schedule an appointment much less continue going for a month or so.",0,anxiety,631,129,calibration,distilbert,1,0,0.015507236,0.9844928,-2.0708668,2.0799527
275,I dread what it would be like to inject myself with insulin. I am out of work due to a lot of health problems I have chronicled on Reddit. I have put in for my short term disability but it has been almost a month and I survive off the small amounts I make on surveys. It is frustrating in so many ways. But I am really tired of being hungry because I cannot grab a healthy snack.,1,food_pantry,379,78,calibration,distilbert,1,1,0.014971552,0.9850285,-2.0610747,2.1254437
276,It does eventually pass once i realise they are sticking by me. Some just cant stick it out which is fair enough. I find it frustrating though as i have just drove someone away who i really liked. He has ended up deleting and blocking me as he didnt at all help with reassurance which just made my mind go into overdrive creating scenarios that were probably non existent. Does anybody else deal with this?,0,ptsd,406,75,calibration,distilbert,1,0,0.030995114,0.9690048,-1.6702836,1.7721566
277,"I also have been taking Zoloft 25mg for 12 days. I plan to start exercising nightly for 20 minutes beginning tonight. I want to do all that I can to alleviate my symptoms but if there is a cure, I would love to know. I'm not a patient person and this illness is really making me fed up to the point where I'm getting angry! Anything helps!",0,ptsd,339,67,calibration,distilbert,1,0,0.015645552,0.9843545,-2.0379136,2.103886
278,"EDIT: I should also mention that when I do fall asleep, I snore REALLY loudly and I can hear myself in my sleep. My boyfriend says that it sounds like I'm not breathing or trying to breathe.   ---   **tl;dr**: I can't stay awake during tv/movies! Don't want it to drive a wedge between my boyfriend and I.",0,relationships,305,57,calibration,distilbert,0,1,0.6922048,0.3077953,0.52039605,-0.29005086
279,"Hello r/ptsd. I'm currently almost 19 but suffered a lot of traumatic events within my immediate family between the ages of 10-15. Earlier this year, I noticed that I had terrible body odor (I shower and wear deodorant everyday) whenever I left the house. This was obviously accompanied by some unbearable anxiety, as well as very severe panic attacks. After talking to my psychiatrist and a therapist, they diagnosed me.",1,ptsd,421,70,calibration,distilbert,1,1,0.028655201,0.97134477,-1.6978483,1.8254981
280,"My sister is an alcoholic as well and also drinks too much, tho not as much as this fellow. I've never been comfortable with the level of her drinking or her personal choices and I live long distance from her. I try to nudge her in more positive directions and in the past 18 months have been offering a few hundred in financial support monthly to her to help her better provide for her kids. About 6 months ago, it came out that her boyfriend has been screaming in her face and laying his hands on her. Usually she beats him up as much or worse - I think it's pure insanity and I told her that she needed to make physical contact a 'red line' and if I heard about it, I would call the local police office and report him.",0,domesticviolence,721,142,calibration,distilbert,1,0,0.45839173,0.5416083,-0.06338819,0.10343072
281,"First time posting here so I apologize if I am breaking any rules. I have been taking Sertraline (Zoloft) for about 10 years now. At my lowest points, I was taking 200 mg a day but I have been stable on 150 mg a day for a while now. I would like to one day be off of it completely, but I know that will take a lot of time and work. My question is, can anyone tell me their experiences with withdrawal symptoms?",0,anxiety,410,84,calibration,distilbert,0,1,0.93984246,0.060157537,1.3670763,-1.3816693
282,"Then i start getting jaw aches and collarbone pain or back pain and I have been to A+E several times and every time I am healthy bar one time i had a chest wall muscle inflammation. Then of course these pains panic me and the cycle goes on for hours. I just want to know why this happens and if I can help it but doctors dont listen to me just say ""well we can up your doseage or put you back on those pills that knocked you out but ruined your functioning life"" Does anyone else get similar things? And how do you deal with doctors that just dont care.",0,anxiety,553,111,calibration,distilbert,1,0,0.013123408,0.9868766,-2.124796,2.1953514
283,"If I could, I'd put security cameras all over his house so I can watch whatever he does and says. I don't even like him. I hate him, in fact- I've spent hours fantasizing about ways to kill him. When I was in high school, I picked routes that passed him and hung out in places he walked by. Does anybody know why I feel this way, or have any research on this type of behavior?",1,ptsd,376,76,calibration,distilbert,1,1,0.028215231,0.9717847,-1.7948651,1.7444073
284,"I get where she's coming from, but only if there had been inappropriate conversation or actions on my or my ex wife's part. My ex wife and I have literally zero feelings for each other, other than friendship and concern for one another as we are our son's parents. I don't know really what to do at this point. Maybe someone can give me some insight? ---",1,relationships,354,67,calibration,distilbert,1,1,0.016865728,0.98313427,-2.0782213,1.9872406
285,"I am currently only using 5-htp once a week, i get no benefit when i use it daily. I have also been working out which has inevitably eased my depression and made my anxiety more tolerable but its still obviously taking hold of my life. Well here i am at this present moment, I have been contemplating having a sit down with my parents and telling them about my depression (pretty sure they already know, they just don't want to adress it). It had been hard, my parents come home at 9:00 PM and don't want to be bothered with me. they go straight to their rooms and the only time they are willing to talk is when they tell me to clean.",1,anxiety,634,123,calibration,distilbert,1,1,0.017475465,0.9825246,-1.9573563,2.0719712
286,"No I’m not. What I am saying though is that man and woman were designed to have a mate. A mate who completes you and makes you happy. A mate you can love and be loved by. I never searched for a man to make me happy or be my knight in shining armour, but he found me anyway.",0,domesticviolence,273,59,calibration,distilbert,0,1,0.9805284,0.019471614,1.8464782,-2.0726557
287,I was also forced (with threat of prison time) to get asleep apnea test. Fastest response from the VA I’ve ever seen. Within 36 hours I was diagnosed and set up with a CPAP machine. Matches up with my ex-wife’s thoughts that I don’t sleep more than 30 min before coughing myself awake and throwing fists. Burn pits fucking suck.,1,ptsd,328,60,calibration,distilbert,1,1,0.030924814,0.96907514,-1.7351645,1.7096187
288,"After unsuccessfully looking for a girlfriend on dating sites and personals, I made a simple post on CL looking for a friend that basically said that my life was too much of a mess for me to really date, but I'm trying to be more social, etc. I was upfront with the fact that I have PTSD and am getting help. I was expecting mostly spam messages from bots, etc... surprisingly like 90% replies were just mostly people telling me to grow up without even knowing what my life is like or what I've gone through. The other 10% were adult babysitters and spam. This is kind of what lead to my isolation in the first place.",1,ptsd,617,117,calibration,distilbert,1,1,0.22731963,0.77268034,-0.5609402,0.66256815
289,She is willing to surrender her cat it's just difficult to find a place rn that can take him. 2. She can't move in with me because I live in a studio apt with my boyfriend and we just renewed our lease and cant have a 3rd person plus no animals allowed. 3. She has called 211 and has tried to speak with someone from a local shelter called Mercy house but they haven't gotten back to her.,1,almosthomeless,388,78,calibration,distilbert,0,0,0.7300637,0.26993635,0.45032927,-0.5446162
290,"Are there any recommendations I should bring up with my doctor? I know going to reddit for medication advice is generally not a good idea, however the psychiatrists and other doctor's I've seen do not seem to have much greater advice. Weight gain is a primary concern as I have a heart condition where weight cannot be increased. Citalopram (Celexa) Escitalopram (Lexapro, Cipralex)",0,anxiety,382,63,calibration,distilbert,1,0,0.38677573,0.61322427,-0.22918533,0.23170039
291,"But unfortunately everyone refuses to do so. Now I guess my question is, how do I ... 1\) Seperate myself emotionally from him? 2\) Be more assertive when dealing with him? 3\) Build myself up to be a confident and self reliant person that doesn't hit rock bottom every time I deal with him?",0,ptsd,291,54,calibration,distilbert,0,1,0.7642977,0.2357022,0.54267424,-0.633714
292,"Hey Reddit PTSD - I am an independent documentary filmmaker working on a series of shorts in Amsterdam about emotional memory disorders, including PTSD. I heard about your subreddit from my brother. It's really cool that you've built a community of support here. I'm posting here because I'm looking for people in and around Amsterdam - or people who might want an excuse to visit Amsterdam! - who have PTSD, and would be willing to participate in this documentary project.",0,ptsd,473,80,calibration,distilbert,0,1,0.9862174,0.013782655,2.0421665,-2.2282991
293,"but I'm really, really afraid of public embarrassments and awkward situations. So I was in the train station and saw this homeless lady asking for food and money. I always help homeless people if I have change in my wallet. I walked up to her, took out my wallet and pulled out this £5 cash to give her. She was kinda old, so she wasn't in a perfect physical health.",0,anxiety,366,70,calibration,distilbert,0,1,0.7933921,0.20660792,0.64216447,-0.7033302
294,"You aren't weak. If you were weak, you wouldn't be fighting. I honestly don't know what inspired me to post this as I don't post here ever. This is obviously an alt, but I just wanted someone to hear if anyone. We're all going to get through this.",0,anxiety,247,48,calibration,distilbert,0,1,0.9623079,0.037692137,1.5993197,-1.6405631
295,"I saw a professional for a psych evaluation and though there are no flashbacks or nightmares, I still am placed with the ptsd label. I know this isn’t something you just “get over” I just thought I moved on from my “trauma” I watched a few episodes of bojack horseman and it’s thrown me into an episode of depression Idk I’m sad, I’m mad, I get irritable I have no idea what symptoms and triggers are for me, I just keep going because if I don’t I’ll stop and fall apart. I’m like a piece of glass being held together by masking tape. I would’ve rather been told I’m a sociopath/psychopath or a narcissist due to my severe apathy towards everything.",1,ptsd,649,121,calibration,distilbert,1,1,0.010003894,0.9899961,-2.2448475,2.349879
296,"As much of an asshole I know it makes me, I simply can't put my heart into a relationship in which I know I'm not the father of her child. I was ghosted this past summer by one of few people I've ever wanted to have a relationship with, and the subsequent weeks were a quest to find sex that would distract me from the pain. Others came before, but she's the first to actually show interest in the long term. She's made these ambitious plans for our distant future, and I don't have it in my heart to tell her it'll never happen. She's the first girl to show me daily how much she cares for me, and the impending thought of breaking her heart is killing me.",1,relationships,657,129,calibration,distilbert,1,1,0.01346728,0.9865327,-2.1377919,2.1561415
297,"I've started having flashbacks, tearfulness, intrusive thoughts and flashbacks again. I've been having a rough time lately. Something that helps me during these times is to find a small space or bathroom to hide in for a while or to reach out to partners of friends. Today feels really hard and even though I want to run away I know I can't. How're you all doing?",1,ptsd,363,66,calibration,distilbert,1,1,0.013023015,0.98697704,-2.1290119,2.198917
298,I’ve put my family through it too many times and it’s putting a strain on my relationship. I’m not who I used to be. And because of that I’m afraid people are going to leave me. My partner especially. He’s seen me go through this before and I’m afraid he’s going to give up on me.,1,anxiety,280,56,calibration,distilbert,1,1,0.012808529,0.98719144,-2.1681826,2.1765702
299,"I just want my time to matter more, and I have an idea that this might help. But for several reasons I'd need to stay within my greater metro area. So do you guys have any tips, advice or life hacks from your experience? Thanks in advance ya'll. Happy trails.",0,homeless,259,50,calibration,distilbert,0,1,0.98716694,0.012833054,2.084346,-2.2584689
300,"If you intervene he will stoop down to the lowest level cursing his sons out with the worst imaginable. First the obvious question, is this domestic abuse? Domestic violence? Am I imagining this or blowing it out of proportion? I'm in Canada, are there any legal avenues we can use to end this?",1,domesticviolence,294,53,calibration,distilbert,1,1,0.092764,0.907236,-1.1122907,1.1680532
301,"I will, personally, be testifying as a witness in this case Justine's custody was taken away after a suicide attempt while battling postpartum depression. Her son and his father were home at the time of the incident. Following this Atticus was put solely in the custody of his father.",0,assistance,284,49,calibration,distilbert,0,1,0.96554047,0.03445948,1.6379437,-1.6949601
302,"Well, not big but petty. Look, I live around the area of my assaulters. If I ever run into them, I wish I could yell out,” rapist! You know what you did!” I wish there would be witnesses and that they’d get to think about it. Gosh, I know.",0,ptsd,239,49,calibration,distilbert,0,1,0.6188674,0.38113263,0.24686569,-0.23787785
303,I have mustered up the courage to be a bit more uh public I guess with my problems. If you have questions feel free to ask. Also thank you for reading this post in general! I hope you have an excellent day! (Also why is every letter capitalized in the posts are the mods Jaden Smith?),0,anxiety,284,56,calibration,distilbert,0,1,0.98673636,0.013263579,2.0621512,-2.2472298
304,I was completely on my own by 14. When she felt the cuts on my wrists in the dark on night she asked if I was cutting ? I said no and she never said anything again. I could go on and on. I think she truly believes that because I am an adult now that all the screw ups all the pain I have been through is my own fault.,1,domesticviolence,317,71,calibration,distilbert,0,0,0.9536845,0.046315506,1.4997003,-1.5251559
305,"Been together for 5 years, married for 1 year. My husband outwardly reserved/introverted but he's also very goofy around me. We joke around and are playful with each other in most interactions unless it comes to serious subjects. Lots of teasing, tickling, and 'play wrestling' in our home. The problem has always been when it comes to, umm, being romantic.",0,relationships,357,60,calibration,distilbert,0,1,0.9754832,0.024516838,1.745238,-1.9383347
306,"No really guess!.... This IS THE LAST TIME!!! THIS IS IT!!!! Fast forward , she goes a little further this time and consults an Attorney Firm. She always said money was problem , and me being an idiot said I dknt care I'll make a plan so that this evil doesn't have to be in our lives, She calls Me to say that the Attorneys need $250 for an Eviction Letter to him.",0,domesticviolence,365,73,calibration,distilbert,0,1,0.96293145,0.03706861,1.5688869,-1.6883247
307,"I guess 15 years later and I haven't put being bullied in high school behind me. Probably doesnt help that I'm unsecured about my body and feel that everyone is judging me because I'm a personal trainer lol... *sigh* . i look fine, just not up to par with more serious gym dwellers. And work performance? Well personal training is a sales gig.",0,anxiety,343,63,calibration,distilbert,0,1,0.9592291,0.040770896,1.5283761,-1.6297853
308,I would also be so grateful if you could just pray for her and our family during this time. Also if anyone is familiar with this type of serious health issue I would be so glad to hear about it so I know more about what she is fighting. They have told us the cultures came back streptococcus pneumoniae one of the most common forms of strep. Thanks for reading. <url>,0,assistance,367,71,calibration,distilbert,0,1,0.9866326,0.013367412,2.0573146,-2.2441633
309,"I was going through a hard time after our breakup (started seeing a therapist and psychiatrist). In the span of the 2.5 years since our breakup I have had other boyfriends and hookups. Some of my hookups happened to be some of his old friends, the most recent happening 11 months ago. I never talked to these guys leading up to the hook ups or since, it was purely just spur of the moment drunk sex. Recently me and my ex have reconnected after 2.5 years of no contact.",0,survivorsofabuse,469,89,calibration,distilbert,1,0,0.07951468,0.9204853,-1.1983163,1.2506429
310,"So I guess I'll jump right in. I have PTSD, and have for about 15 years with varying degrees of symptom severity after a sexual assault. Right now my symptoms are pretty well controlled and I am in regular therapy. Largely I am only dealing with nightmares and a heightened startle response and doing really well overall. In the last year I started dating an amazing man.",0,ptsd,371,67,calibration,distilbert,1,0,0.417103,0.582897,-0.036138836,0.2985385
311,"Sometimes I'll stop and just stand somewhere or stare until I get snapped out of it. I don't know for how long but it can't be for more than 10 minutes. I just found out about catatonia and I show a few other symptoms. When I dissociate it's usually a lot more violent and delusional so I thought maybe it was something else. I haven't brought it up with my therapist because I just had a meeting with her before learning about this, am I just looking too deep into things?",1,ptsd,473,91,calibration,distilbert,1,1,0.016166769,0.98383325,-2.043749,2.0647495
312,"Today I made the choice to go sign up for a gym membership. The working out part isn’t hard. It’s the fact that it’s a new place, and fairly wide open. I struggle with open spaces. But I walked in and signed up!!",0,anxiety,212,43,calibration,distilbert,0,1,0.9099804,0.090019636,1.1473045,-1.1660907
313,"The problem occurs when he returns to visit me for 1-2 weeks. When he's back at his girlfriend's house, he doesn't really have much to do. So, he spends a lot of time gambling. That in itself is a gigantic problem since we have almost no money. He is gambling money that he **can't afford to lose**.",1,relationships,299,57,calibration,distilbert,1,1,0.058975883,0.9410241,-1.3710028,1.3988374
314,"Hey everyone! I'm going to start by saying that if you're reading this I hope you're doing well and are having a really good day. I apologize that this post is long but if you could read through the whole thing so that you understand the situation then I would really appreciate it! So as the title says, I have a friend who is currently struggling with severe depression. I care very much about her and am very concerned for her well-being.",0,assistance,441,82,calibration,distilbert,0,1,0.98243344,0.017566526,1.9524782,-2.071559
315,"At 26... it was a roller coaster ride. It was great at the start... then I caught him with someone else at a party. I broke up there and then, realised I couldn't let go... we got back together, we broke up, he became abusive... it went downhill from there. I just couldn't let go of him. I kept hoping it would work out... it never did.",0,survivorsofabuse,337,67,calibration,distilbert,1,0,0.07002859,0.9299714,-1.2770432,1.3092072
316,"Over the last 18 months we have become closer than ever and as best friends living separately have grown our life together. 8 years ago we were panhandling for gas money to get to work, and now we are for successful business owners. We have spoiled my daughter rotten. Designer clothes, designer makeup, way too much freedom, gym membership, and anything else a 14 year old girl could ever want. I think a lot of that comes from the fact that we were not able to provide her with anything for so long.",0,survivorsofabuse,501,93,calibration,distilbert,0,1,0.967578,0.03242206,1.6408162,-1.7551407
317,"At first, I could still do some short work but by 2015, it was a no go. I applied for SSI and SSDI in Dec, 2015. Denial after denial. I had a lawyer. Final hearing in front of the ALJ was April 3rd, 2018.",0,almosthomeless,204,44,calibration,distilbert,0,1,0.9519297,0.048070375,1.5317616,-1.4540634
318,"Like the title says, I’m rapidly losing motivation. I recently switched collages to be closer to home, so I could be closer to family. And my depressive spirals are coming more often, mainly because of the lack of work I do. I always end up doing things at the last damn minute. My freshman year I tried my best, almost.",1,anxiety,320,60,calibration,distilbert,1,1,0.01588169,0.98411834,-2.0455232,2.0810559
319,"He has struggled to hold jobs, finish his degree, or make rent on a monthly basis. Joe and Janet live in the big city a few hours away from the small town where they grew up. They came here for university and stayed. About half of Joe’s circle of friends is Janet’s friend circle including ex boyfriends and her college peers. The other half are bar friends.",0,relationships,358,67,calibration,distilbert,0,1,0.93215,0.06785003,1.307998,-1.312196
320,"I didn't want any of this.. I literally had NO CHOICE in ANY of this!!! If I didn't have kids I would not be here, 100%. I pray every night that I would just die in my sleep... then LOL no sleep, no death, just lots of screaming in my head and ruminating anxious thoughts, bad memories on top of bad memories. THIS is hell.",1,ptsd,323,65,calibration,distilbert,1,1,0.011857087,0.9881429,-2.1980846,2.224817
321,"They love you and are very loyal to you. They also have individual personalities. Alaska is a funny bunny who stomps her hind legs if she doesn't get her own way (she always wants treats but she can't always have it) but my friends rabbit is a sleepy type one who will jump on your bed, try to steal your food and won't stop eating it's own food. People may quickly think ""drugs"" but just try and quickly think ""animals"" unless you are dangerous when you have your episodes or become angry after them. Just think that all of that drug money some people spend could go on raising and giving a loving home to an animal who will heal him/her.",0,ptsd,639,121,calibration,distilbert,0,1,0.9831119,0.01688804,1.979712,-2.0844057
322,"Especially always being tired which just adds to the anxiety. I'm having some trouble falling asleep atm (and staying asleep which is even worse) and thought that maybe typing my thoughts out would help relax my mind and help me see my problems from a different perspective. I know things will get better, because they always do, but its still difficult to deal with the anxiety. I meditate regularly, but if anyone has any other suggestions in dealing with anxiety during bed time I would greatly appreciate it. Thanks (:",1,anxiety,522,90,calibration,distilbert,1,1,0.042674184,0.9573259,-1.4998281,1.6107216
323,"I currently have $7k in my bank account. I have $1.4k in credit card debt, which nets me $5.6k. I have no incoming cash flow other than tax refund that I have not filed for yet. In worst case scenario, I can tap into parts of my 401k/roth savings, which do amount to over $35k, but obviously there are tax penalties associated with that along with having some restrictions. Due to ongoing expenses, like car payments, insurance, food, airBnb, etc, I project to have no cash in my checking account in about 4 months.",0,almosthomeless,515,94,calibration,distilbert,1,0,0.14514057,0.8548594,-0.8067222,0.9665121
324,"To make a long story short I suffer from anxiety, depression and PTSD due to past abuse since I was pretty young and recently had to move back home due to a traumatic event/mental health making it hard for me to survive on my own. This has made it very hard for me to be able to work/make money and support myself so my mother (being the kind woman she is) has helped out in feeding me but we're both low on food now and I feel horribly guilty and responsible. I'm trying every option I have out of desperation (this and a few other subreddits) and in the process of applying for assistance. Until then things are gonna be rough. If anyone can help out in ANY way I will really appreciate it.",1,food_pantry,692,134,calibration,distilbert,1,1,0.011571786,0.9884282,-2.1792657,2.2682803
325,"Any help on how to stop ruminating? I work with some pretty toxic people and I can accept when people are ignorant and generally rude about my PTSD. I get it, some people are just really stupid and ignorant and won't understand how the assault affected me. But I spend WEEKS ruminating on all the things they've said, things they might say next... and the grounding techniques that my therapist suggests never stops it. How do you distract yourself from ruminating or arguing with people in your head?",1,ptsd,501,88,calibration,distilbert,1,1,0.023612933,0.9763871,-1.8618813,1.8601832
326,"She currently has a somewhat reliable car, and a job lined up at Target working part-time. I'm currently in college multiple hours away, so I can't help as much as I would like to. (She is currently located in Western MA) I'd like to know what her options are. If anyone could give some advice, it would be much appreciated.",0,almosthomeless,324,60,calibration,distilbert,0,1,0.9881491,0.01185096,2.11209,-2.3113344
327,"Picked music up again and I'm considering the possibility of doing it for the rest of my life rather than science, which is what I've been led by my environment to believe is my ""destiny."" Even if I am coming to plenty of realizations, I constantly ponder about our relationship, how horribly it ended, and whether I may have done something wrong and how I can fix a bad quality in myself that made things end that way. I just want to forget. Is this horribly written? I think so.",0,relationships,480,90,calibration,distilbert,1,0,0.014773959,0.9852261,-2.0821736,2.1178315
328,"Now, this was my first long term serious relationship and at the time, i wasn’t aware if what he was asking me to do was normal or not. But i loved him with everything i had, so i gave up my oldest and greatest friendship for this guy i loved. Who ruined me. Myself and Alex have always been a bit flirty, but never made a move on one another. He would come to me about relationship advice, i never before had feelings for him and i would help him wholeheartedly with any issues he had.",0,relationships,486,96,calibration,distilbert,0,1,0.98087287,0.019127158,1.8991008,-2.0382328
329,"These weren't the only punishments, though. Sometimes he'd make us choose a favorite toy or plushie to be thrown out if we'd made him mad, and one time when he caught me rescuing my plushie, he slapped me across the face, then made me watch him cut her into little pieces, standing there at 1 in the morning berating me about how I was a stupid, ignorant little bitch that needed right and wrong beaten into her, because I was too stupid to to know how to do as I was told. Sometimes, though, he'd not just snap and get angry... He'd utterly lose control of himself. Screaming so furiously I couldn't really understand him, grabbing me by the arms/shoulders and shaking me hard enough to give me whiplash, and continue screaming over me once I collapsed in a cowering heap when he let go.",0,survivorsofabuse,788,145,calibration,distilbert,1,0,0.016508982,0.983491,-2.0457618,2.0414422
330,"To help spread the word, I'm also running a competition on social media — prizes: 💸 3 x £50 Amazon vouchers! My instagram is: @thewellnesssocietyorg My twitter is: @thewellnesssoc It's currently #1 on Amazon's self-help and counselling genre top free books list. I'd love to hear your feedback. Please get in touch!",0,stress,315,52,calibration,distilbert,0,1,0.9857384,0.0142615605,2.0319765,-2.2038467
331,"This sends me into an extreme anxiety spiral, because I'd been seeing his mother almost every weekend for nearly five years, and she does this at the drop of a hat. I understand she was just trying to protect her son, but the level of nastiness was just insane. I had to get our old counsellor - mine and N's - involved to speak to her. She said the mother is taking things seriously. I don't believe it.",1,survivorsofabuse,404,78,calibration,distilbert,1,1,0.017418493,0.9825815,-1.9662168,2.0664344
332,"Please help if you can - donations of any amount are appreciated and can make the difference of his family keeping their home. Or please consider sharing this post on your facebook pages, twitter or elsewhere. Please say a prayer on their behalf and be thankful for your own good health - Thank you and God bless you all <url> His gofundme account number is <number>",0,assistance,366,66,calibration,distilbert,0,1,0.97999483,0.02000509,1.8906868,-2.0008738
333,"She was unemployed and toyed with the idea of answering ads from strangers to perform fetish tasks for money, to include nudity (but no sex). It really wrecked me that she would consider that. She brought it up once again not too long ago (not seriously) and I flipped out. She was working as a nanny for a long time and I was very insecure about her and her boss because of my fear that she would be willing to do sex work for money. Now, she has never done any sex work for money and we agreed that it is not something I am comfortable with and she will not do it, so that's not an issue.",0,relationships,590,118,calibration,distilbert,1,0,0.08717766,0.9128223,-1.1998826,1.1487107
334,"They're all things I enjoy doing and don't see as being that big of a deal, but she seems to perceive them as grand gestures. She regularly says that she ""doesn't deserve"" someone as ""perfect"" as me (which yes, she does, she's amazing, and also I'm not even that great, just moderately thoughtful) and has also said that ""because of past experiences, I have trouble liking people who I know like me... I guess it's more rewarding to feel like I've ""earned"" the validation."" In short, it seems like because of her past relationships, she kind of has an unhealthy mentality around 'earning' affection, and definitely has some sort of commitment issues (apparently her last ex said that he didn't really love her for the last year of their relationship, but was too afraid of hurting her to break up with her). All of this makes me ambivalent about broaching the topic of a committed relationship with her because I don't know how she'll react, but at this point we've both admitted we're falling for each other.",0,relationships,1009,177,calibration,distilbert,0,1,0.9352299,0.06477008,1.2394092,-1.4305393
335,"Today I also had to write down all the emotions I could think of then put a color next to each word that I felt “matches” the emotion with markers. And the next page There’s an outline of a human body. I had to put each color(emotion) where I feel it on my body. I’m slightly annoyed because before all of this she’s been taking me very seriously and helping with so much, and now I feel like she’s being demeaning? Should I just see where this takes me or let her know that this feels slow and pointless at my appointment next week ?",1,ptsd,534,105,calibration,distilbert,1,1,0.027066143,0.9729338,-1.7282498,1.8537827
336,"Hardly any jobs there too. So maybe even the next town over is the only place age could find a job. I have a car, not very reliable car, at that. So she has a place to stay until she gets on her feet but no transportation. No licence to trek that 20 miles back and forth up and down the mountain even if she did get a job.",1,homeless,322,69,calibration,distilbert,0,0,0.90301716,0.09698276,1.0254252,-1.2057831
337,"Hi, everyone! I'm a writer working on an article about the usefulness of social media forums to provide community/resources/language to people in abusive situations (whether that's abusive parents, friends, or significant others.) If a subreddit (or another site) helped you really understand/realize that your situation wasn't normal, would you be willing to DM me? (Anonymously, of course! I won't use anyone's handles.)",0,survivorsofabuse,422,62,calibration,distilbert,0,1,0.9838006,0.01619939,1.9969596,-2.1094902
338,"The idea of what ISPs can do once the lack rules are truly active have made me feel sick to my stomach. I can't sleep and it is affecting my school life. I can't afford to pay ransom to the Corporate Fascist Thugs who wish to cableize the internet and I can't stand the idea of the internet becoming like that of China and North Korea. We are still fighting, but I'm still paranoid and every day that gets closer to April 23rd makes me feel more infuriated and panicky. I feel under attack and very life about to be destroyed.",1,stress,526,101,calibration,distilbert,1,1,0.011940052,0.98805994,-2.1420813,2.273764
339,"Clearly he's hurting inside and I want to get him help, but he refuses to get help because he denies he has a problem, and blames it on everyone else. He then punches me as a result of this, pushing me almost off my chair. I get up and push him away from me, and so he picks up my workbooks and flings them across the floor. He raises his fist above his head, and in defense I get the broomhead (not the broom - that's already been broken) to push him away from me. He then gets the broomhead and throws it down the corridor into my room with the door open.",1,relationships,557,113,calibration,distilbert,1,1,0.071207836,0.9287921,-1.311842,1.25644
340,"While he constantly texts and asks what I'm doing. If I don't satisfactorily respond, he gets passive aggressive and tells me he's worried about what I'm doing, he's ""bugging out"" his ears are ringing so he knows I'm doing something. He said that today. Via text when I was on the phone with driver control. It makes me think he is psychic or something, because any time I do anything to try and get past this relationship, for myself, it's like he knows.",0,domesticviolence,455,83,calibration,distilbert,0,1,0.60363567,0.39636436,0.2106368,-0.21000016
341,"I also get really painful cramps/periods every month. I do not share this with the people I work with because I do not want to ""complain"" nor do I think it is any of their business! Today, I asked to leave at lunch time, because I was in a lot of pain, I had terrible cramps, and actually bled through my pants! Embarrassing! The secretary told me it was no problem.",1,relationships,366,71,calibration,distilbert,1,1,0.01871537,0.9812847,-1.9563379,2.0031796
342,She loves being drowned in kisses and whisked off to bed like a princess. No all she can manage is side hugs. This is also taking a toll on me (not being able to fall asleep/wake up next to the woman of my dreams is crushing) but I'm trying with all of my heart to be sympathetic. To get to my question: does ANYBODY have any advice to help her get through this? Anything I can do or say to help her feel comfortable again?,0,anxiety,423,85,calibration,distilbert,1,0,0.01318241,0.9868176,-2.1178634,2.1977384
343,"Help me network, help me find a room, please! ISO a room for rent as soon as possible. Looking for a roommate-type situation, a room in someone's house, etc. Not looking for full houses or units. I need as soon as possible--I'm dealing with an emergency situation and am losing my housing on Friday, August 11th.",1,almosthomeless,312,56,calibration,distilbert,1,1,0.019276654,0.9807233,-1.9048308,2.024565
344,Obviously they don't care but to me it means everything. I've always been like this. My dream one day is just to magically wake up with this skill.. if only like worked like that.. Does anyone have any tips on how to calm my anxiety down and not let it overpower me? Anything would be greatly appreciated.,1,anxiety,305,57,calibration,distilbert,0,0,0.98243666,0.017563302,1.9324241,-2.0918
345,\-steel Thermos \-calorie block rations \-several MREs \-stack of restaurant napkins \-three containers of wet wipes,0,almosthomeless,116,16,calibration,distilbert,0,1,0.96769285,0.032307208,1.5644107,-1.8352137
346,I tried some cheese and some had pretty intense flavors and being an highly sensitive person this i think caused some stress. We stood for about an hour when i felt this dropping feeling in my stomach. I knew this was a sign to get some food and sit down but my dad was very happy checking out cheeses so i risked just waiting and chilling out. Then my whole body felt that dropping sensation and my hearing started going. I started getting warm and it felt like pin needles on my body.,1,stress,486,93,calibration,distilbert,0,0,0.8882118,0.1117882,1.0005069,-1.0720974
347,"John often withholds her very necessary prescription drugs to get his way, which is super messed up. Recently she had a small financial windfall and he became super nice and after they spent it all he reverted. He's extremely manipulative and abusive. She's shown us pictures of bruises. The plan right now is that she'll get her prescription sent to somewhere near us, then while John is at work, she leaves with her service dog, meets us in our car and we take her to our house a few hours away.",0,domesticviolence,497,91,calibration,distilbert,1,0,0.19726828,0.8027317,-0.70876163,0.6946942
348,"Yo, straight up. I am so goddamn sick of it. Yeah, its fine, I will wake tomorrow and do the work moving forward, but life is honestly the most pointless bullshit ever. Tomorrow my social worker comes. I just got rejected for a program I was kind of counting on.",1,ptsd,262,50,calibration,distilbert,1,1,0.014000941,0.98599905,-2.1195705,2.1349604
349,"So I'm currently in a decision if I suffer from social anxiety or not. If I can I will ask ny step mom tonight as we like to watch TV at night diwn stairs with a cuo of tea but thats if she doesn't go to bed straight away. I know I'm too scared and will just freeze up to ask her to stay down. I want to tell my step mom because I know she will tell my dad, I wouldn't be able to tell anyone else accept for my nan. I'm in a really tough situation right now as I want to see a doctor or therapist about this but I need to tell someone first.",1,anxiety,541,118,calibration,distilbert,1,1,0.011166374,0.98883367,-2.1902344,2.2933848
350,"When first diagnosed I was put on a daily prozac. 3 years later, I've managed to wean myself off and just use my klonopin only for the worst attacks. That actually seemed to work well and I've been off the prozac for about a year and even got off Facebook 3 months ago because it was becoming a point of unneeded drama, but I'm suddenly getting the depression symptoms again. I've walled myself off from most people and have become less communicative with my husband. I don't like going to our neighbors house because I have a paranoia that 2 of them don't like me.",1,anxiety,565,105,calibration,distilbert,1,1,0.015235595,0.9847644,-2.0626466,2.1061213
351,"It's not really safe for me to be driving. I can't even function enough to do the grocery shopping. Sometimes it goes into an actual panic attack, but not too often. My husband has recently banned me from going anywhere alone unless absolutely necessary (like to work). Is this something a service dog would be helpful for?",1,ptsd,323,57,calibration,distilbert,1,1,0.015490735,0.9845093,-2.047609,2.1042922
352,"Hey all. Friday i had a woodworking competition and everything went really good at first but then it just got worse and worse and my ptsd started to kick in. I felt really aggressive and angry and sad all at once. My friends saw that there was something going on and asked what was going on but at that moment everything that gets told is getting picked up as bad in my head so it only made me angry'r. It was my dream to win this competition, i practiced so hard and then this happened and to make it worse i had a really bad dream the night before that everything was going bad etc and well the dream came true.",0,ptsd,613,121,calibration,distilbert,1,0,0.014562433,0.9854375,-2.0469475,2.1676934
353,"I won't go into too much detail but what stems off of that is thoughts of being and feeling worthless like I'm not good enough for anyone and that I'm undeserving of the good things given to me but then another thought stems off of that one which would be something along the lines of me thinking how stupid I was acting and then another thought after that and so on. Another little thing I'd like to add is that that I seriously struggle seeing my own self worth and how much I mean to my friends and family (who are all amazing by the way I love them all so much). Eventually on fairly rare occasions those thoughts tend to lead to depression, paranoia that people around me hate me and don't want anything to do with me, dissociation with reality and then finally the rock bottom of that would be thoughts of suicide (though I've never acted out on these thoughts or would ever want to) and the occasional anxiety attack where I feel nauseous, my heart beats really fast, my limbs feel like jelly, heavy breathing, I feel panicked and I just want to get out of the situation as quickly as possible. Other than that though I'm quite optimistic and I tend to be a genuinely upbeat and happy person! I'm seeing someone about these problems but I just thought I'd ask if anyone has any extra advice they could give if things start to get a bit out of control.",0,anxiety,1358,255,calibration,distilbert,1,0,0.010456546,0.98954344,-2.2165005,2.3335147
354,"and then proceeded to show me the video of the ""dumb girlfriend"" struggling to answer the question. Needless to say, I was pissed. I said I couldn't believe he would think it was possible that I might be that stupid. He insisted that he only asked me as a joke, and then I got angrier because in what world is questioning my ability to handle basic logic funny? He continued to go on the offensive insisting that he had been kidding, that of course he doesn't think I'm stupid at all, and how could I even think he would think that?",1,relationships,532,101,calibration,distilbert,1,1,0.070306316,0.92969376,-1.2771024,1.3048913
355,"I only have about $10 left in my bank account. My new job pays bi-weekly which means i'll be starving for about 3 weeks. While I do plan to visit the local food bank, I figured I might as well reach out to my fellow redditors also. I will leave the link to my wishlist down bellow. If you guys can help me I would gladly appreciate it!",0,food_pantry,335,68,calibration,distilbert,0,1,0.9153531,0.08464692,1.1942246,-1.1865968
356,"Fuck you for getting money through your job while doing literally nothing to help your patients. Fuck you for being an absolutely useless bigot. This town is small and i will suggest everyone I know to never, ever go to your damn fucking clinic you dick. &#x200B; Time to get a new doctor and see if I can finally get someone to listen.",1,anxiety,336,63,calibration,distilbert,1,1,0.056790438,0.9432096,-1.433857,1.3760636
357,"I take solo back packing trips and my friends really see me as someone fearless and free-spirited. It makes opening up about my mental health issues kinda difficult because they can't ""see"" me acting this way. I have a lot of anxiety and depression issues around my romantic relationships. I also have depersonalization issues, and want to be alone more often then not. I think the fact that I can be so outgoing and positive most of the time, my friends don't realize that I struggle quite a bit some days.",1,anxiety,507,91,calibration,distilbert,1,1,0.2032965,0.79670346,-0.61435366,0.7514635
358,"We're currently looking for separate houses, haven't told the kids but my face is an absolute dogs dinner and will definitely have scarring for life. If it was the two of us, we could work it through but my relationship with G after so many telling offs, heart to hearts, explanations about his actions and their consequences, still goads me to get a rise. This is a woman who won't back down easily and will portray very intelligent coniving questions which have left me feeling dominated, under control and manipulated for a couple of years now. The one guiding light for us to work through it is my younger two children and how much I adore them. Still,in this current situation, there's is a seemingly insurmountable wall of emotions from all parties which would need a huge amount of effort to even bring us to the negotiating table.",0,domesticviolence,838,148,calibration,distilbert,1,0,0.05244315,0.94755685,-1.4078212,1.486336
359,"Fast foward almost a year later.. My mom begs me to let stepfather move back in with us (Im 16, paying a lot of the bills while my mom parties, leaving me to watch my 2 little brothers.). Well, I say f*ck it because she'll probably do it anyway. Two months after he moves in, I was raped by the person I was dating at the time.. I was a virgin. I cried and begged him to stop.",1,survivorsofabuse,376,78,calibration,distilbert,1,1,0.15451129,0.8454887,-0.8357789,0.8638687
360,I have no friends. This has been both a cause and an effect of my anxiety and depression. I can open up and become confident once I get to know people and I have had friends before but I've gone almost a whole year with no actual friends since I have moved. Moving and the effects it had has greatly affected my confidence making new friends since I most of my interactions are with small town people who have had their friends and known other groups for years. I have a very hard time carrying on conversations with acquaintances and bridging the gap of relationships.,1,anxiety,569,105,calibration,distilbert,1,1,0.014396024,0.98560405,-2.0887506,2.137552
361,I can barely pay the bill this month but the device is not working well at all as it is old and I spilled a good amount of water on it last night during dinner. I need at least $50 to replace the device itself and keep my plan. Willing to pay back as I get on my feet again. Long time Redittor here Im not going anyplace. Thank you,0,assistance,331,70,calibration,distilbert,1,0,0.124123484,0.87587655,-0.9312913,1.0226569
362,"The only way to really settle disputes is to listen carefully to what is being said. If you are only paying attention in order to retaliate, then you aren't really listening at all. *How:* Truly listening to someone will help diffuse their anger and allow you to really understand the problem. **(4)** **Ask Questions**",0,ptsd,319,54,calibration,distilbert,0,1,0.9727414,0.027258607,1.7613329,-1.8134162
363,"Part of what makes good writing is having small specific details and the little stories that make up the novel as a whole. This is why I was hoping that, if you are interested, you could send me stories of your experiences in an abusive relationship - whatever detail you choose to send, it doesn't have to be anything ""epic"" and ""grand,"" it could be the smallest segment that you hold significance to. If you have any questions about what I'm looking for, let me know - though I'm really looking for anything! Feel free to post them here, or private message me. Thank you in advance <3",0,survivorsofabuse,586,108,calibration,distilbert,0,1,0.9873447,0.012655306,2.0391986,-2.317744
364,$400 would suffice but $500 will drastically help boost my income for 4/4. Time frame for repayment listed includes $100 tip and is at-worst scenario. In other words loan may be repaid sooner. Thank you for your consideration. Sean,0,assistance,231,39,calibration,distilbert,0,1,0.9752447,0.024755359,1.8135308,-1.8601156
365,I really want others who can relate to the PTSD aspect to talk to. Not just anxiety but actual PTSD issues. I made a small little discord if anyone wants to join and just talk. If there's a bigger better one let me know! <url>,0,ptsd,226,45,calibration,distilbert,0,1,0.9848932,0.015106814,2.006026,-2.1713612
366,"My mom [54F] has catered to his every need since marriage, and although she complains about it constantly, she still goes along with it. Although he uses his anger to attempt to show others ""he's the boss"" and can order them around, I believe he's a weak coward inside who loses all control when he becomes afraid or upset (I'll provide examples below). There are some events concerning him that have occurred throughout my life that have caused me to come to resent him (and my mom too sort of): From as far back as I can remember, to this day (although it's much less now), my parents have had screaming matches. My dad's face turning red and spit flying, as he yells and often curses at the top of his lungs to my mom, and her crying and screaming back.",0,relationships,756,141,calibration,distilbert,1,0,0.03560025,0.9643998,-1.586595,1.7125584
367,"I moved out of our family home and in with my boyfriend nearly 2 years ago. Since then we’d speak a bit over text, mainly for each others birthdays. Last time we spoke via text was about three months ago. I asked Eva if she wanted tickets to a concert for a band that we both really like and had seen in concert together before. She said yeah, but was less than enthusiastic when I gave her the ticket a week later when I went to visit.",0,relationships,436,87,calibration,distilbert,0,1,0.98666745,0.013332578,2.0770314,-2.227091
368,"- I am asking for people to view a video I made about this here: <url> You'll ""get it"" instantly. - If it moves you, PLEASE SHARE it (and/or <url> amongst your friends, and to any relevant groups. (When sharing links, it makes a huge difference if you can personalize it slightly with a few words). If you can DONATE, I would be eternally grateful. Any amount helps.",0,assistance,366,68,calibration,distilbert,0,1,0.98767626,0.012323719,2.128576,-2.255253
369,"It started off small, but it's getting larger and larger by the day to the point that I want to cry. All I want to do is sleep, but no matter how much I sleep, I'm still exhausted. I sleep and sleep and sleep and sleep. I fuck up my school life by sleeping so much. Why am I still tired.",1,anxiety,287,61,calibration,distilbert,1,1,0.014071338,0.9859286,-2.142794,2.10665
370,"I just need to vent and receive some advice/ encouragement. I just went through major jaw surgery (I replaced the TMJ joint disk with a fat graft) and my mouth is now wired shut for the next 9 months. To fill the time I would have spent talking, eating, and generally having a good time, I have instead been studying for all the standardized tests I need to go to a good college. I studied at least 4 hours a day and put a strain on my recovery (this is because my upper body muscles were strained which affects my jaw and subsequently my new disk). Luckily, my hard work payed off.",0,stress,582,112,calibration,distilbert,1,0,0.38454664,0.61545336,-0.161773,0.3085211
371,"My father was diagnosed with Stage 4 prostate cancer, and while it's well-controlled, the side effects of his hormonal and chemo treatments have left him far more emotional (but, at least, unable to just sublimate his depression/anxiety into anger and vent it at any available target anymore), and the physical side effects have forced him into an early retirement, meaning 80% of the time he's home and sitting in the livingroom. He's no longer directing the same vitriol and venom at me that he used to, and neither does my sister, but... It's all the little things they do to invalidate my feelings, treating more like a live-in servant than a family member, and the occasional outbursts if they get angry/upset that trigger me badly... It's making me lose ground, lose progress, and I'm having more and more trouble coping with everyday life...  And I'm afraid I'm going to just, break. Crumble under the weight of it all...",1,survivorsofabuse,928,158,calibration,distilbert,1,1,0.012506949,0.98749304,-2.1716003,2.197285
372,"It's been a few months since things happened. I want to talk about what happened, though, but most people are so tired of hearing about it, so I am quiet about it now. I would like to talk about it here where others can understand, if you don't mind. I'm sorry if it is triggering for anyone. Therapy is in the future but not for a couple more months so I have a couple months left of reeling until I can deal with it in a therapeutic setting.",1,ptsd,443,88,calibration,distilbert,0,0,0.817787,0.18221301,0.76575,-0.7356755
373,"I do not want to hurt anybody. The therapist says it is self punishment, that I want these people to tell me what a piece of shit I am to verify what I already believe. But I never ever think of it like that at the time. I feel better if they are kind, and ambivalent or a tiny bit worse if they are cold and clinical. If it is unconscious, well I am getting sick of that idea.",1,survivorsofabuse,377,79,calibration,distilbert,1,1,0.015177713,0.9848223,-2.0503552,2.122278
374,"I'm constantly worrying, snapping off at my kids or even total strangers over trivial things, and have panic attacks so bad that I shake and can't catch my breath. The dr was very nice and understanding of what I was going through. She prescribed Buspar, which i'm not very familiar with. If you are or have taken it, how helpful was it for you? I realize everyone is different but just looking for general experiences, or anything else I need to know about it.",1,anxiety,461,84,calibration,distilbert,1,1,0.014120794,0.98587924,-2.1119869,2.1338985
375,"He took his sleeping pills before cleaning out his gun. The magazine was out, but there was a bullet stuck in the chamber. He accidentally pulled the trigger. It went straight through his arm chair and hit his dog in the head. She yelped slightly and tried to walk away before she slumped down and passed on.",0,ptsd,308,57,calibration,distilbert,0,1,0.85583615,0.14416385,0.8531915,-0.92793685
376,"Some details changed for anonymity. Also, let me know if there's a better place for me to post this. My wife and I are trying to help a family member in an abuse situation. I'll call her Amanda and her ""boyfriend"" John. Amanda and John live a few hours away.",0,domesticviolence,258,50,calibration,distilbert,0,1,0.98417944,0.015820619,2.0306222,-2.0998719
377,"I agreed and the four of us had dinner and I dropped them back home to Kate[18F]'s house where they were staying the night because her parents were not home. As I was pulling away Jamie[17F] ran up to my car and asked me if I wanted to stay the night with them, at first I was hesitant but I eventually agreed because I thought other guys were coming round. It turned out the other guys couldnt make it and it was just me and the three drunk girls. I asked Kate[18F](it was her house) if I could get some MDMA and drop it tonight and she agreed if I got her some. I drove us to the bottle shop where Jamie[17F] got her friend to buy us some more alcohol and went to get the MDMA which me and Kate did while Jamie and Sophie just drank.",0,relationships,735,148,calibration,distilbert,0,1,0.9780557,0.021944214,1.8093729,-1.9876902
378,Every rational part of me believes I'm retroactively terrified of the fact I almost didn't get to live the life I'm living now. I wish I wouldn't think about it. But I just keep doing it. It's like I get some sick thrill out of the fear and anxiety like it's a horror movie or rollercoaster. I know I shouldn't be feeling that way about it but I am and I don't know why or how to stop it.,1,ptsd,388,79,calibration,distilbert,1,1,0.011747976,0.988252,-2.198832,2.2334244
379,"I've told her each time to stop, she apologised but doesn't see what the big deal is because she ""hasn't been in love with me for a long time."" This is when I started to feel awful. I can't fully figure out why though because Im not in love with her - I probably hate her and haven't realised it yet. I just feel terrible. I can barely get out of bed to go to uni.",1,domesticviolence,364,76,calibration,distilbert,1,1,0.0149063775,0.9850936,-2.06911,2.1218374
380,"Did I mention my parents are religious? I don't know if this is normal for religious people to treat. Whenever I tell them I'm terrified of being homeless they tell me I'm a ""acting like a baby"" and ""get over it"" my parents parents did not treat them this way. They're basically mad because they(I guess 30 or 40 years ago were different when they were my age? Because they said they both lived on their own at 17 and that they find it creepy I'm 16+ and they find it creepy being around me).",1,homeless,492,95,calibration,distilbert,1,1,0.019696116,0.9803038,-1.9400085,1.9674327
381,"I feel like I'm dying. I know that I'm not but I feel like it. I'm at the end of a cold. Not a cold that I sometimes make up in my head, but an actual cold. Stuffy nose, chest congestion, scratchy throat.",1,anxiety,204,43,calibration,distilbert,1,1,0.016702104,0.98329794,-2.016896,2.0584815
382,"He laid me down and went to take off his clothes, then I sprung up, ran to the bathroom, grabbed the key(only one we have), ran to the guest room and locked myself in there. Finally safe. No pillow or comforter though, just a thin blanket and some clean laundry. No matter, I couldn't fall asleep anyways. Around 6am I crept outside, took a shower, gathered most of his stuff I could find and left him a note saying I took his key, and when I'd be back at 8pm he should be gone and anything that he leaves behind goes to the bin.",0,domesticviolence,529,104,calibration,distilbert,0,1,0.7492374,0.2507626,0.5631007,-0.5314484
383,<url> Resume: <url> Thank you! !,0,assistance,32,6,calibration,distilbert,0,1,0.975339,0.024661025,1.7769492,-1.9006119
384,"I'm not against working my ass off, I'm just getting down right now, no responses to applications can do that. I'm in a state that doesn't even have a real art school. I have no funds whatsoever, no family to help, I don't know where to go from here? Like how do you even apply for scholarships? How do I not starve to death if I can get to art school?",1,assistance,352,71,calibration,distilbert,1,1,0.010889722,0.9891103,-2.22304,2.2859461
385,u mind you my mom is 5’1 and he is 5’9. now her jaw hurts and pops when she opens it wide. so this is my dilemma: i am a very emotional person. my emotional skin is raw and any slight change in others affects me greatly. side note: i had developed ptsd growing up from being scared of my older brother (saw him and heard him fighting with my family many many times growing up) but since he moved out for good (i hope) its gone away.,0,domesticviolence,432,88,calibration,distilbert,1,0,0.05433634,0.9456637,-1.3471403,1.5095533
386,"She desperately needs to see an oncologist or something about these tumors she's developed. It's breaking my heart seeing her like this. Other family members, all of whom are in Canada agree that going back to Canada (we moved to Texas in 95) would be good but her excuse is that there's no jobs. Also her not having a passport (it use to only be a green card required to travel across the border to Canada) is probably deterring that option. Thank you Reddit.",0,domesticviolence,460,84,calibration,distilbert,1,0,0.07261214,0.92738783,-1.249762,1.2974777
387,"I know no break up is fun, but you know what I mean. Without going into too much detail: she was unhappy, cheated on me, broke up with me, started dating other guy. We also live together. It's been three weeks and the stress had caused my stomach to twist into knots I cannot untie... Not really sure where else got with this. I just want to stop feeling like this.",1,stress,365,71,calibration,distilbert,1,1,0.017451445,0.9825486,-1.9827507,2.0479767
388,"Hello, You are invited to complete a survey for a WMU psychology department research project designed to assess treatment preferences among adults seeking treatment for a variety of concerns. We hope to learn if and how preferences for treatment change over time, and if patient’s perception of their treatment’s match to their preferences is related to the benefit received from treatment. The survey is open to anyone ages 18 or older who is currently engaged in mental health treatment for at least one month and four therapy sessions, and not longer than one year. If you choose to participate, you will be asked to provide some demographic/background information, respond to survey items about your preferences for treatment and how they have changed over time, and about your quality of life. The survey may take between 30-40 minutes to complete.",0,survivorsofabuse,853,139,calibration,distilbert,0,1,0.9863841,0.013615878,2.067207,-2.2156022
389,"I know this may seem like a small thing, but to someone with these problems, it's a huge deal and to be at a store where you do not feel ""safe"" around your managers and you can't talk with them and grow as an employee, what's the point of continuing to work there? So I luckily got them to put me on 3rd shift. Minimal contact and I still get to work for the company. As I did mention, I have been struggling lately with some things: being slow with completing tasks on the work list is the biggest issue I believe. I'm not sure why I'm slow, in the past a supervisor has said ""Yes you're slow, but you're thorough.""",1,assistance,616,121,calibration,distilbert,1,1,0.037998173,0.96200186,-1.5557054,1.6757729
390,"Hi everyone, So I am in abusive relationship. We live together. He doesn't pay for anything but his alcohol and drugs and occasionally his gas. When he's feeling generous he has been known to give me 10 dollars toward gas.",0,domesticviolence,222,40,calibration,distilbert,0,1,0.81089914,0.18910085,0.71405226,-0.741811
391,"We will be using THE RESPECTFUL PROSTITUTE by Jean Paul Sartre This is to be one presentation that includes all of these elements. I HIGHLY recommend a PowerPoint. Take a good, clear picture or scan of your ground plan and sketch and add those as slides. Organization of your presentation is important.",0,assistance,302,52,calibration,distilbert,0,1,0.98744094,0.012559064,2.0586379,-2.3060362
392,"Bit of background... My abuser was my mother's father, let's call him J, because he doesn't deserve the title Grandpa. My mother's mother was H, because she didn't like us kids and doesn't deserve the title grandma. Between 1987 and 1989, I would stay at J's house for up to a week at a time and every night he would come into the room to abuse me. It always centered on sexual humiliation.",0,survivorsofabuse,390,73,calibration,distilbert,0,1,0.7935676,0.20643237,0.6782891,-0.66827685
393,"I feel so worthless on those days. I guess I just needed to vent to a community that will hopefully understand, and see if anyone else had any similar experiences. I had PTSD for almost a year before going on benzos, but it wasn't until I was put on benzos (and then stupidly chose to continue a do-it-yourself habit) that my mind just happily dissociated - I barely remember the last year. PTSD often = dp/dr, benzos often = dp/dr, and benzo withdrawal (which many helpful internet sites say can last months or even years, yay) often = dp/dr. What in the fuck have I done to myself?",1,ptsd,583,108,calibration,distilbert,1,1,0.014968888,0.9850311,-2.1068957,2.0798037
394,Trash cans and bags are a thing. There are so many places to throw trash away. If you can’t get up out of your a lazy person. As for being hard it is absolutely. But if you can just focus for a year you can do anything.,0,homeless,219,47,calibration,distilbert,0,1,0.9692286,0.03077131,1.6225538,-1.8273641
395,"Grad school isn’t really the easiest place to parent alone. Assistantships don’t pay you enough to live off of by yourself (Mine nets me a little less than $800 a month, rent is $750), let alone with a tiny human that needs a particular type of education. They also require you commit to 20 hours a week of on campus work. Essentially meaning, you can’t really hold a full time job anywhere. On top of this, working another part time becomes difficult because work hours have to coincide with the hours your little one is at school, and with 20 hours a week on campus already, that leaves little time to actually work anywhere else during school hours.",1,assistance,652,118,calibration,distilbert,1,1,0.40356624,0.59643376,-0.123860314,0.2667672
396,"I have no problem with a few years either way, hell the last girl I dated was 6 years younger, but this is an entire decade. That's a lot. But other than the number itself I don't know if I should care this much or not. She's pretty mature for her age and I'm admitedly a bit of a late bloomer so we are in roughly the same stage of life so that's not an issue like in a lot of age differential cases. But I just can't help shake the thought of how weird it seems to me.",0,relationships,470,99,calibration,distilbert,1,0,0.048656493,0.9513435,-1.4809723,1.4921176
397,"But upon second look, it can become apparent. It is hard to convey people's attitudes in a reddit post, but you can tell from people's vibes if they're being nice (and yes, that happened a lot) vs. if they have ulterior motives. So, maybe not the best reddit post, but don't think you can judge what happened based only on a cursory impression from the post. Besides the larger point is that the prejudice is rampant, whether or not you like my example. That's the larger point.",0,homeless,478,87,calibration,distilbert,0,1,0.98625064,0.013749354,2.0061755,-2.2667432
398,"She never really felt the need to do that and occasionally would go out with her friends. Everything was great -- I took care of her extremely well, she took care of me patiently and amazingly. I bought her a car, paid for her rent, and ultimately supported her so she could focus and finish her college (I'm full time employed, the breadwinner in the relationship). Our relationship was VIVID and full of color in the beginning. We had our own apartment, got a beautiful dog together, and traveled to a few places.",0,relationships,515,93,calibration,distilbert,0,1,0.9850595,0.014940501,1.9748054,-2.2138207
399,"I feel like I'm going to go insane. I can't stop crying or wanting to pull my hair out or screaming. I can't stop shaking. I'm on medications for anxiety and they help some but not much and not often... Ultimately, I know I'm not me anymore.",1,ptsd,241,47,calibration,distilbert,1,1,0.012780173,0.9872198,-2.1414487,2.205549
400,"Hello So I've had chronic social anxiety since I can remember. I had a pretty traumatic childhood, which has resulted in me being socially awkward, and very nervous in social setting. Fast forward to this week- I've been invited to a party this weekend. I would love to go, but to be honest, I'm very scared to go.",1,anxiety,314,58,calibration,distilbert,1,1,0.017120048,0.98287994,-1.9614598,2.088777
401,"I'm a guy, . When I was 13, i started talking with a girl on an online forum. Being quite bullied (nothing physical, mostly social stuff, shaming and that kind of jive), I really didn't have alot of people to talk to. But this girl, man oh man I really liked her. We spoke at first about nothing in special but quickly it got really personal and in depth.",0,survivorsofabuse,355,69,calibration,distilbert,0,1,0.98602664,0.0139733665,2.0073216,-2.2492087
402,"Because not really. I would have survived, I always have before, I have gone three and four days without eating a single thing on dozens of occasions in the last fifteen years, and I will be fine. The guy is wonderful, and has helped me a great deal. But it felt like an intentional attempt to act like I am a burdensome charity case. I just don't know.",1,survivorsofabuse,353,68,calibration,distilbert,0,0,0.9694151,0.030584887,1.6804483,-1.7757387
403,"I've never been on this side of the road, being the one to let someone know I'm not interested. I wouldn't know how to go about letting her know without completely devastating her. I know there is a risk no matter what I say, but how should I go about it gently.   ---   **tl;dr**: Person wants to hook me up with his adoptive sister, we have nothing in common, how do I tell her that I'm not interested?",0,relationships,404,78,calibration,distilbert,1,0,0.15563731,0.8443627,-0.8363443,0.85470945
404,"I don’t post very often and I’m on mobile so apologies for formatting errors etc I’ll try to make this easy to read! Background: I’ve been struggling with alcohol abuse and I’m currently 4 months sober (yay!). The first month without alcohol my withdrawals were intense. I became so angry, my anxiety was off the charts and I couldn’t focus on anything at hand. At the time I was taking 20mg of paroxetine and my GP doubled it to 40mg for  6 months while my body tried to cope without alcohol.",0,anxiety,493,91,calibration,distilbert,1,0,0.015010686,0.9849893,-2.0695455,2.114323
405,"In order to make a case for its commercialization, we have to do a strong market validation research and costumer insight so we decided to create a survey asking parents what are they looking for in a wearable device for their bundle of joy. Here's the link: <url> You will also enter for a chance to win an Amazon Gift card! Thanks! **SURVEY HAS BEEN EDITED FOR BETTER EXPERIENCE**",0,assistance,382,69,calibration,distilbert,0,1,0.98532516,0.014674876,2.0131435,-2.193691
406,"Anyway. I quit my antidepressants several months ago because I am in a good place now, and I can survive without them. I just find that thoughts like this are still very present, and can be very difficult to deal with. I never do apologize on Facebook. TLDR: I want to apologize on facebook  for not being normal and being awkward AF.",0,anxiety,334,62,calibration,distilbert,1,0,0.05333188,0.94666815,-1.3941896,1.4822247
407,I'm so used to being forced to submit to him that I no longer have a voice. He heavily favors my sister over me and would buy her anything she wanted in a heartbeat. An example would be at Darvin furniture one time. He takes me and my sister there and tells her to pick out a desk. I look at a $100 discount desk and he says we don't have enough money.,1,domesticviolence,352,73,calibration,distilbert,1,1,0.03131922,0.9686808,-1.7448407,1.6868625
408,"So I’ve been taking 40mg paroxetine for around 3 months (I don’t go to her straight away) and have been fine until the past two weeks. I’m beginning to notice that my anxiety is again incredibly high a lot of the time. By listening to my body I’ve come to realise that caffeine is triggering me. NOW this is new. I’ve been drinking coffee since I was around 17 (22 now) and I’ve never had an issue (infact, it used to put me to sleep) but now whenever I have a coffee (French press at home or latte from a barista) within about 30 minutes I begin to shake and uncontrollably sweat.",1,anxiety,581,112,calibration,distilbert,1,1,0.017317323,0.9826827,-1.9638691,2.0747101
409,"I'll start of by saying, sorry for my bad English or grammer. English is not my first language. I don't talk to anyone in class. I avoid people and girls who try and talk to me because I get soo nervous and my heart starts pounding. I don't talk to a single girl apart from my sisters and my mom.",0,anxiety,296,60,calibration,distilbert,1,0,0.015721085,0.984279,-2.0354376,2.1014688
410,"But even if I don’t make my goal, I pledge to keep fighting for companion animal and pet owner rights. If nothing else, this has opened my eyes. - This is 100% real. I will answer any questions you have, so long as I do not have to name the other person involved. I’m not trying to ruin reputations.",0,assistance,299,59,calibration,distilbert,0,1,0.9726716,0.027328398,1.7315712,-1.8405489
411,"Asked for a little extension. She won’t provide it. I should be able to graduate in December. My academic counselor is looking to help me graduate around some of the program, so I hate to bring my concerns up higher or file with disability. My trauma therapist wants me to advocate higher up.",0,ptsd,292,53,calibration,distilbert,1,0,0.097303726,0.90269625,-1.0448385,1.1827103
412,"His mom and aunt like me too. But there have been some dark portions of our relationships, which I am ashed to talk about. First of all, the lightest part - when he is nervous because of something, he lashes out on me in shape of harsh criticism. Or he yells. 'You always stare at your phone!!!'",0,domesticviolence,295,57,calibration,distilbert,0,1,0.8348097,0.1651903,0.8204362,-0.79966956
413,"I have trouble connecting to it on a personal level, but isn't that healthy separation of past/present? I think my present anxieties/self image issues stem from traumatic experiences, but I can talk about these things fairly openly in a way that feels rehearsed. I had a panic attack where I felt terrified and unable to move at my psych's this past Tuesday, but that's not typical for me, at least not anymore? I realized most my recent ""panic attacks"" may be ""breakdowns"" because it's not accompanied by a sense of fear, but pent up emotions I haven't been able to release resulting in a sudden loss of control... I start hyperventilating, screaming, and unleash all this pent up fury to the point where I feel detached from my emotions/self and have no control, start throwing things or hurting myself, until I'm exhausted and suddenly shut down/dissociate.",1,ptsd,860,146,calibration,distilbert,1,1,0.012055075,0.98794496,-2.1609175,2.2452238
414,"My version of events wasn't believed due to ten other witnesses denying it and I was expelled immediately. I got home and unexpectedly my bags were already packed. My sister-in-law walked up to me, gave me an insincere hug, and said ""Your actions have consequences. You're going to Portland two weeks early."" I asked if I could say goodbye to my nieces and nephews and friends and she said ""no.""",1,ptsd,395,70,calibration,distilbert,0,0,0.6982624,0.3017376,0.45125702,-0.38778016
415,"His reply:  ""Thanks for not punching me!"" All-in-all, I like this guy, he's been an OK manager to me, I've gotten all of my raises since I've been under him, he has kids, so he understands me as a parent, etc. Am I making too big of a deal out of this? I thought about going to HR about it, but I'm in a position where I can't jeopardize this job, and I'm not the most well-liked person on the team (nothing that I did, I was hired externally for a position that 3 internals wanted), for whatever that's worth. Your thoughts?",0,ptsd,525,102,calibration,distilbert,1,0,0.089693174,0.9103069,-1.0725114,1.2448757
416,"Childhood sexual, psychological and religious abuse brought me to this subreddit as well as others. I have found peace and validation in hearing every one of you share/counsel/encourage/love. However today, my abuse is not my pain. I am a career firefighter, and have been for nearly 3 years. Before that I worked in EMS for over 7 years.",0,ptsd,338,58,calibration,distilbert,0,1,0.9658156,0.03418442,1.6415337,-1.6996692
417,"And I found as I got older, I always turned to women for support. My first marriage didn't work out, but I tried. And my second has been beautiful, we've been together for nearly 18 years, married for 16. We still have a lot of fun and while she doesn't understand what we went through first hand, she's perfectly supported me and we've built a good life together. My mum never had another relationship.",0,domesticviolence,403,74,calibration,distilbert,0,1,0.98380554,0.016194452,1.9743774,-2.1323822
418,"It makes me so disappointed in myself because I hate what I've become and I hate feeling so helpless. I'm to the point where I'm afraid, not knowing why. Most days I end up crying at work. I have no friendship or relationship with those I work with and cannot feel comfortable around them. There's even an awkwardness with my manager who only talks to me to criticise and complain, and just before my holiday she gave me an informal warning.",1,anxiety,441,81,calibration,distilbert,1,1,0.012652214,0.9873477,-2.1806405,2.17655
419,"- Your letter or email has a medium-chance of being the nudge that convinces the foundation to take a closer look. **Next step** Please enter your name and email here, and I'll send info **[Google form for your name and <url> If you can't help out directly, I'd really appreciate if you share this page or form with anyone who might fit.",0,ptsd,337,62,calibration,distilbert,0,1,0.98852813,0.011471944,2.1387699,-2.3175428
420,"She also has very heavy periods that the only one I have seen so far lasted two weeks. I really like this girl and I want to make it work between us. We had a talk about sex last night and she just said it's painful and she wishes so hard that we could have sex all the time but she is in pain, it's like certain positions or even going down on her is the best option. Can anyone give me any advise moving forward? She keeps telling me ""I don't know why you are with me because of this"" (somewhat sarcastically) and I let her know that I am here for her and we will work this out no matter what but at the same time I want her satisfy her sexually on a regular basis.",1,assistance,667,138,calibration,distilbert,1,1,0.45843378,0.54156625,-0.11101427,0.055635273
421,"I was nice, and it got me no where, so I was rude, it got worse. I compliment my mom and my sister as much as I can, I tell my sister I’m proud of her, I tell both of them I love them, I take care of my mom the best I can, but I’m still their verbal punching bag. Every day I tell my mom that I love her, that she looks pretty, etc etc, but it ends up in her replying with “you’re gonna fail this year you know that right? You need to do your school work”. My sister called me naive and immature for not making fun of people’s interests and looks.",1,ptsd,547,117,calibration,distilbert,1,1,0.12314879,0.87685114,-0.966104,0.99683994
422,Original frustrating moment: <url> Writing this so y'all can see what kind of people I'm dealing with! I called up the non-profit this morning to ask if I can use another identification document instead of my birth certificate because getting a BC from the clerks dept in my town cost $28 which I don't have. I asked for the girl that I talked to yesterday since she would know what my situation is but the gentlemen who answered the phone told me that she nor her supervisor was in and that I should call back on Monday and talk to Cassandra or her supervisor to reschedule my appointment that was set up for this morning. Ok I said then hung up.,0,homeless,647,121,calibration,distilbert,0,1,0.83292276,0.16707726,0.8127062,-0.79377836
423,"And I woke up. It took 3 nurses and some sort of shot to calm me down when I woke up and I had to lay there limp for an hour in the recovery room by myself. They then put me in the maternity ward, sharing a room with a mother who just had her baby. The second surgery was a few days later because the surgery was incomplete. I found out when the part of the baby came out and I slipped on it in the bathroom, my husband found me in a pool of blood crying on the ground.",1,ptsd,469,101,calibration,distilbert,1,1,0.32915178,0.6708482,-0.26479453,0.44722933
424,"I'm posting this one more time for anyone that didn't see it. Our location is in central Louisiana. A co-worker recently gave birth last week and her baby is in stable condition. She was initially told that her baby would have dwarfism and she was okay with that, as long as it was healthy. Later, they told her that her baby wouldn't survive at birth.",0,assistance,352,65,calibration,distilbert,0,1,0.9853313,0.0146686705,2.0283842,-2.17888
425,"If you qualify, you will complete a variety of questionnaires online. The study will involve four online assessments over the next month that should take about 40-50min to complete and you will be compensated up to $70 in online gift cards to Amazon. A few important things to know about the study are: 1. The study includes questions and images regarding self-harm, suicide, and other unpleasant images.",0,stress,404,67,calibration,distilbert,0,1,0.98384166,0.016158307,2.0122766,-2.0967538
426,iIfelt forced to quit that job because being homeless in oakland sucks alot. Advice: dont be too proud to accept help from people who care. Lots of folks have been through tough shit and can understand. 2. Leave when you get homeless.,0,almosthomeless,234,42,calibration,distilbert,0,1,0.80164236,0.19835758,0.6640338,-0.73255736
427,"It was an honour to do it for this amazing man and example of manhood at its most heroic, courageous and incisive inteligence of a surgeon working with a loaded gun to their head, RPGs exploding 10 feet away. &nbsp; **Please share your stories and comments.",0,ptsd,257,46,calibration,distilbert,0,1,0.98343474,0.016565252,1.9523051,-2.1314392
428,"For a while now I honestly feel like my brain just broke. I am so embarrassed. I used to be really quick at replying to stuff, really good at video games (I would play competitively!! ), The world was easy to navigate... Now it feels like someone beat me with a rock in the head and I never recovered from the concussion. Everything seems so... Fast.",1,anxiety,350,66,calibration,distilbert,1,1,0.014715465,0.9852845,-2.0145,2.1895316
429,"I am not even sure what to say. My girlfriend was really, really mad. Not at my family, they're just basing this off what they hear, but at my sister. And honestly, I am really mad too. What the fuck could she be saying about me?",1,relationships,229,46,calibration,distilbert,1,1,0.013828958,0.98617107,-2.1116009,2.1554644
430,"I don't use accommodations at school, so being able to finally hit that goal feels amazing, it feels as if a part of me is finally back, and that all my hard work, sweat, tears, and angry words are getting me somewhere. Two years isn't much, and I know many of you struggle even more than I do, but if you take nothing else from this remember this: You've already made it through the hardest day of your life, you're sitting there reading this having lived past that day, and that's no small feat. In some ways you may feel weaker now, but considering that you've lived through your darkest day already, are you sure you're not just stronger in an unfamiliar way? Sure maybe amother day will creep up and it'll feel like someone hit the reset button on your world again.",0,ptsd,770,143,calibration,distilbert,1,0,0.1356042,0.86439574,-0.9255293,0.926761
431,"I can't begin to summarise how I feel about her. I want to spend the rest of my life with this person, but I want to help work through this stuff together. Once she goes into an anxiety spiral I'm completely at a loss of what to do apart from hold her and stroke her hair. What strategies can help break the spiral when she starts one, and how can I approach the topic of seeing a counsellor and developing mindfulness strategies without her going into a panic attack? Help me /r/anxiety, you're my only hope.",1,anxiety,509,96,calibration,distilbert,1,1,0.02289415,0.97710586,-1.8648552,1.8888583
432,I can't stop the ruminating thoughts about the whole process. I also can't stop the what if's or I should have done more. I keep blaming myself and beating myself up. It sometimes makes me physically sick. Do you have any tips to help alleviate the pain and stop the thoughts?,1,anxiety,276,51,calibration,distilbert,1,1,0.012056528,0.9879435,-2.1766047,2.2294142
433,"Hi Everyone, I've been dating my GF for about 10 months, and everything is pretty good with the relationship. I think the two biggest weaknesses are my clinginess and her sometimes-poor communication skills. I like to express how I feel, and I'd much rather talk about the elephant in the room, whereas she likes to sweep things under the rug. We met at college, and her girlfriends from school have a group of guy friends.",0,relationships,423,75,calibration,distilbert,0,1,0.9826957,0.017304271,1.9336826,-2.1056638
434,"Hey all! My <url> was driving our 1984 Fleetwood Southwind RV through Madison when it unexpectedly threw a belt and wonked out the radiator. Now [my <url> is stuck, trying to get it fixed in time to get back on the road and make it back to his job. We really love this RV and would hate to see it abandoned for parts somewhere, but we have no connections in Madison, WI. We are ready to pay cash money to anyone in the area that has a Chevy 454 radiator or knows an RV Wizard and can help us in the next couple of days.",0,assistance,519,105,calibration,distilbert,0,1,0.57523566,0.42476434,0.27632195,-0.026923379
435,"Deep breathing, reminding myself that I'm just irrationally panicking, promising myself to take it step by step, analyzing the emotional baggage I've placed on this paper. For weeks now, it's been sitting on my computer, mocking me. It's late, and I'm slowly loosing motivation to even try. Can anyone help? I really want to try and edit the paper into something worth reading without feeling like I can't breathe.",1,anxiety,414,69,calibration,distilbert,1,1,0.015191475,0.98480856,-2.0775204,2.0941923
436,"My problems started after my first panic attack which had happened in October. After that I had a lot of anxiety about my heart (bp 140/90) I was medicated with Zoloft for a while, it helped but I didn't want to become dependent on it and I had a lot of side effects. My bp with Zoloft was around 120/70 After some weeks the anxiety came back with horror, fear of the death and lump in a neck, stiffness in chest. My blood thyroid hormones were measured, everything's perfect.",1,anxiety,476,89,calibration,distilbert,1,1,0.029478237,0.9705218,-1.7127573,1.7814243
437,"I realized that maybe it's better if we break up even though I love him so much and he's one of the most important people in my life. It's already hard enough to decide to break up with someone you love and it's even harder when you can't do It because the person won't show up. If we werent together for so long, I'd probably would've just blocked him already and carry on. But I don't want that. I want to keep being friends.",0,relationships,427,84,calibration,distilbert,1,0,0.043261807,0.95673823,-1.5561259,1.5401338
438,"Your responses to the survey items will be anonymous and kept confidential. Clicking the “SURVEY” link below will take you to a page asking you to read through a consent form explaining the purpose of this research, the content of the survey, the type of questions you will be asked, the amount of time it may take to complete the survey, and the risks and benefits of your participation. At the end of the form you can click “AGREE” to consent to the use of the answers you provide and to begin completing the survey. Thank you for your time and interest.",0,stress,556,102,calibration,distilbert,0,1,0.98580605,0.014193988,2.0366132,-2.204028
439,"So I don't believe she's telling me the real reason shes pressuring me to have another baby I am going to leave it here, please ask, I made a fake account so I can be honest as possible. Here are my primary concerns though 1) The day care incident with money. I feel like I cant trust her with finances.",1,relationships,303,60,calibration,distilbert,1,1,0.027502095,0.9724979,-1.7759137,1.7896919
440,"So here's what's going on: 1) I'm a full-time graduate student teaching a full college course by myself. (45ish work/study hours per week) 2) Because the stipend from the teaching is not enough to pay for really anything, I work in foodservice (35 hours a week) 3) Because I am trying to get into a certain PhD program, I need experience in a particular field, so I have another job (9 hours per week)",0,stress,401,74,calibration,distilbert,0,1,0.946915,0.05308498,1.4364036,-1.4449117
441,"Also, to answer the million dollar question everyone has, ""How does this happen to someone who outearns her abuser by a factor of 6?"" I wish people talked more about the other side of financial abuse. We hear all about the men who financially abuse their partners by prohibiting them from having a job, or denying them access to bank accounts, and that sort of thing. There's also the side where they monitor every account and become completely terrifying if their higher earning partner so much as buys one cup of coffee that they didn't approve of. They spend all her money on random crap that they can pass off as household expenses.",0,domesticviolence,636,113,calibration,distilbert,0,1,0.78114015,0.21885988,0.6458864,-0.62643653
442,I remember what it felt like to not be anxious one on medicine. none of the other ones I've been put on take any of the edge off. I can't even play xbox live without holding my breath because I get anxious that people can hear me breathe. I mute my mic to give my lungs a reprieve and then go back to holding it. thanks for reading my little rant.,1,anxiety,347,71,calibration,distilbert,1,1,0.0283814,0.9716186,-1.6806023,1.852627
443,"But it hit close to home when my own parents have pressured me over the years to reconcile with my brother, angrily demanding how I'd handle their funerals, whether I'd insist on not going (I wouldn't. My brother was best man for our other brother's wedding, which I attended but declined being a bridesmaid, and kept a careful distance. Then I went home, drank an entire bottle of wine and cried while my husband comforted me). 2. I never would have known about my cousin's son if I hadn't been able to make the funeral yesterday.",1,survivorsofabuse,531,96,calibration,distilbert,1,1,0.09188121,0.90811884,-1.0860873,1.2047913
444,"This is all relevant because I'm slowly realizing that **keeping my relationship from my mother isn't sustainable**. I'm not a good liar. Eventually, the truth has to come out, because I cannot live like this. Problem-- my mother would HATE my boyfriend. Being a narcisist, she can't stand when I give anyone more attention or devotion than her.",1,relationships,345,58,calibration,distilbert,1,1,0.015058484,0.98494154,-2.0430129,2.1376278
445,"I just feel so naked and unprotected. WIll this be any different with the therapist? After all I don't even know if I want to go to this therapy session, I'm so confused about myself it's unbelievable. Has anyone of you guys ever experienced this self-confusion before and can help me finding myself again? The appointment has not even yet been made and I'm already freakin' out about it, I feel kinda like an idiot right now.",1,anxiety,426,77,calibration,distilbert,1,1,0.013337472,0.98666257,-2.140344,2.1634066
446,"Brief background in bullet points or I will go all weird again if I go into detail. -drug taking parents. - mum was disabled in a wheelchair at times, in and out of hospital all the years I was growing up. - Dad commited suicide when I was 6. - Mum relied heavily on drugs and booze.",0,ptsd,283,57,calibration,distilbert,0,1,0.8453168,0.15468316,0.7807434,-0.9175891
447,"He came after me a few times so I got away and called cops. He was arrested, restraining order in place and he also had unregistered gun and no licence for them so he may be in trouble for that also. The hard part is he was good to my son, and now he is abruptly gone which is best, but I am not not sure how to explain to him. he is six and very sensitive and the spent a lot of time together. tl;dr boyfriend got aggressive and is jailed, how to tell young son why bf is gone now and we have to move soon?",1,domesticviolence,507,108,calibration,distilbert,1,1,0.22682992,0.7731701,-0.60375464,0.6225439
448,"? To me is heartbreaking to know that the most I can achieve is to keep defending myself, but not getting to be loved, accepted and cared. I know that somatic therapies may somehow help me to develop discernment, but that is not what i'm looking for. i'm looking for ways to attract healthy people. Please no victim-blaminish phrases like the ""love yourself first"" motto, (I already love myself wildly hard) please no tough love.",1,survivorsofabuse,429,75,calibration,distilbert,1,1,0.16906266,0.8309373,-0.7596855,0.83259934
449,"Hey. I turned 18 two weeks ago, and this weekend, I was booted from my parents house. My uncle is nice enough to let me rent out one of his places, but after rent, and utilities, and gas to get to work, I don’t have anything left over. Problem is, the new place isn’t furnished, and I wasn’t allowed to take anything from my house except my clothes. So, if anyone could help me get furniture for my new place, I’d greatly appreciate it.",0,assistance,436,84,calibration,distilbert,0,1,0.828735,0.17126502,0.8620308,-0.71465755
450,"I literally have never been sick so much. Normally if I get sick at all it’s when allergy season comes, so like once a year. My hair is definitely falling out way more than it normally does. Has this happened to anyone? I know it’s almost over.",1,stress,244,47,calibration,distilbert,1,1,0.017065205,0.9829348,-1.9903121,2.0631888
451,"There's a TL;DR at the bottom for those who wanna get to the point this gets kinda lengthy. Hi, I'm 19 and this is my first time posting here and I'm hoping at least one person can relate. Before a few months ago I never had to deal with anxiety really, but out of nowhere it hit me like a truck. I guess what's been causing it is relationship issues, but mostly health anxiety. My first major mistake was googling symptoms I started having, not realizing that it was normal for anxiety to cause physical symptoms.",1,anxiety,514,96,calibration,distilbert,1,1,0.44125316,0.5587468,-0.05413844,0.18193933
452,"He said that I should have ptsd because the reason I was wrestling my dad for the gun is because Im a sick bastard who wanted to kill him and the rest of my family. I don't know why I made this post. I don't know if I even really got out what I wanted to say. I just feel so alone. Its been almost a year since that day but even today , my family some how twisted my actions into thinking im some sort of failed murderer",1,ptsd,420,89,calibration,distilbert,1,1,0.013749393,0.98625064,-2.1336725,2.1392436
453,"We are, by far, the youngest people around marinas. We named our beautiful boat ""Dessert First."" We embrace this philosophy and get chuckles from waitstaff but it also has sentimental meaning for us. We're doing it now and not waiting. We're the -only- boat named Dessert First that exists, as far as I know.",0,assistance,308,54,calibration,distilbert,0,1,0.98587704,0.014122891,2.0451505,-2.2005842
0,"Its like that, if you want or not.“ ME: I have no problem, if it takes longer. But you asked my friend for help and let him wait for one hour and then you haven’t prepared anything. Thats not what you asked for. Instead of 3 hours, he helped you for 10 hours till 5am...",0,relationships,270,55,test,distilbert,0,1,0.982535,0.01746494,1.8955324,-2.134408
1,"I man the front desk and my title is HR Customer Service Representative. About 50% of my job is spent onboarding new hires. Maybe 10% is clerical/paperwork. The rest is dealing with people who walk in and need help with benefits, retirement, etc. Although I am required to know the basics of our benefits plans and how the retirement and pension benefits work, many employees have questions beyond my knowledge base.",0,anxiety,416,71,test,distilbert,0,1,0.9704175,0.029582473,1.6715193,-1.819025
2,We'd be saving so much money with this new housr...its such an expensive city.... I did some googling in their language and found that it was illegal for them to do that. I was excited like oh ok if it happens ill call the police on them....  but now i did some further googling and turns out that if you sign the contract with that in it than everything is on their side... The contract is long term so we'd have to give 6months notice before leaving even if we give it next week ill still have to live six months with this.... i wanna die i swear i havent been so helpless and scared in so long.... Also two days ago my friend mentioned he ran into my ex who ruined my life and that he told him he wants to see mw and get closure.,1,ptsd,732,147,test,distilbert,1,1,0.013829992,0.98617005,-2.05957,2.2074192
3,"My ex used to shoot back with ""Do you want me to go with you?"" all the time, no matter what it was. I almost wonder if I blocked out him asking me that about our own wedding. I unloaded a terrible memory of this on my current BF today and he took it like a champ, I just could not stop chasing myself in circles over this and knew if I heard any sort of similar phrase I would lose it. I just needed to throw this out in the open, where others who might understand could 'hear' it.",1,ptsd,481,100,test,distilbert,1,1,0.012756935,0.98724306,-2.1124504,2.2363908
4,"I haven’t said anything to him yet because I’m not sure how someone would take hearing that their partner has such fluctuations of feelings towards them (especially since he told me he loves me and is somewhat clingy). Nonetheless, I know a conversation will need to be had but I want to get my feelings in order first. What would y’all recommend, Reddit? TL;DR I have “hot and warm” feelings towards my boyfriend. Can’t figure out why.",0,relationships,436,77,test,distilbert,1,0,0.09626491,0.90373504,-1.1157734,1.1236589
5,"Thanks. Edit 1 - Fuel Receipt As Requested. <url> Sorry for the long responses, I went to spend the night at a friends because it got really cold here! The Police said they don't give out a copy of the report but they gave me an incident number that can be used to verify the report was filed.",0,assistance,293,58,test,distilbert,0,1,0.9706935,0.029306464,1.7278893,-1.7723134
6,"When moving into their tiny house, they would be given a state I.D. with that tiny house's address on it as well as a list of strict rules they have to follow lest they lose some privileges or even be evicted from their house depending on the rules broken. So basically they won't be homeless anymore but ""homed"" which is why the place would be called ""Homed"". Anyway, the homed will have to pay rent for their tiny homes by either getting a job (which is why it is important for them to get a state I.D.) or doing volunteer work around the community (e.g.",0,homeless,556,105,test,distilbert,0,1,0.9595598,0.04044021,1.6073213,-1.5593288
7,"More specifically, for example, I live with roommates and I can't remember the last time it has been quiet in the apartment. There's never a moment where it is completely silent and I know it's anxiety and sensory overload, but gosh does it make me angry. My roommates talk CONSTANTLY and they keep me from being able to sleep because all I can concentrate on is their voices. Another example, in one of my classes today, my professor talked non-stop and she's one of those extremely hyper, fast talking, off topic teachers who go off on tangents about things that aren't related to the lesson at all. It was so hard to stay in that class without storming out because I couldn't handle listening to her loud voice any longer.",1,anxiety,725,130,test,distilbert,1,1,0.01971219,0.9802878,-1.943332,1.9632772
8,Long story short my family in NE Ohio is abusive as hell so I had to leave the state and stay with family down south. It isn't working out and they're sending me packing to Ohio because I guess I'm a financial problem even though I got a job here. I have nowhere I can stay. I'm even getting rid of my beloved cat so I can have options. I can't go back to my family in Ohio.,1,almosthomeless,374,78,test,distilbert,1,1,0.011993178,0.98800683,-2.17395,2.2374017
9,"This new ""roommate"" lived 3 hours away in an post code envious town and seemed super sweet, funny and SUPER handsome with a successful career mapped out in front of him. I agreed to meet him for dinner half way between our homes, in San Leandro.. He showed up with roses, a million watt smile and a full arsenal of lies. Within 5 days he had made the journey to personally escort me and my belongings to his personal prison he had concocted for his next victim - me.. The first week he was sweet, attentive,... almost too kind.. Then one morning it all changed.",0,domesticviolence,561,105,test,distilbert,0,1,0.98505265,0.014947318,1.9876349,-2.2005284
10,I've always hated nail files. Somehow that's a part of this. God. I'm confused by it all. It's a feeling to recall it that I've carried my whole life but never understood like a cloud.,1,survivorsofabuse,184,35,test,distilbert,1,1,0.08762625,0.9123738,-1.1267369,1.2162323
11,"Yesterday afternoon, two black males attacked me from behind, took my phone, and shoved me to the ground. The police came and did all the investigation he could and I came to my hotel I'm currently staying at (I'm traveling right now-yes female solo travel can be dangerous lol), slightly scraped and shaken but no major injuries. The police weren't hopeful that they will get to find my phone with all of my not-backed up travel photos but at least I survived the day and I can get a new phone! Money doesn't concern me, I'm just really bugged that I won't have all of my photos from two-week travel. The thing is, I was scrolling through youtube to find phone reviews (so that I can get a new one and not regret it lol) and clicked on a video with a black male person showed up.",1,ptsd,780,147,test,distilbert,1,1,0.041399326,0.95860064,-1.5178509,1.6243591
12,"PTSD is life changing for the worse. Every day fight. Getting in a fist fight in high school( who did not get into a fight)  I'm not talking about bullying,  Playing video games,  having bad dreams does not cause PTSD. We have seen things, or done things or ,been part of things,  that most people will never understand and hopefully never experience. End of Rant",1,ptsd,363,65,test,distilbert,1,1,0.21613833,0.78386164,-0.58005184,0.708262
13,"He’s abused my dog in the past and I’ve no doubt he’ll do it again. My dog is one of the only positive aspects in my life, so taking her to the humane society is something I really want to avoid. In addition to that I have no job, a partial college education (I’d prefer to stop going to school and get a job), and no place to go if I were to leave my husband. Please please tell me what I can do. I feel so hopeless about everything.",1,domesticviolence,434,90,test,distilbert,1,1,0.013857431,0.9861426,-2.1385574,2.1264217
14,"the only thing I ever want is just to be in his arms. Basically, terrifies me back into his arms every fucking time. We'll say I love you, he'll hold me so tight. He's so warm, I'm craving soo bad to be in his arms rn tbh. I don't wanna go to sleep knowing hes not going to be in bed with me.",1,domesticviolence,292,63,test,distilbert,1,1,0.07831068,0.92168933,-1.2965932,1.168931
15,"Despite being younger than him, I have had more experiences with love and sex. He has always been curious about my past and even when I refuse telling him, he always asks me about my experiences with my exes or people who I have slept with. That's okay, I am a curious person too. He's older than me but I'm the first guy he had ever dated and I even took his virginity. The thing is, I know he feels jealous(?",0,relationships,410,81,test,distilbert,0,1,0.9681257,0.031874258,1.6722515,-1.7413119
16,"I go from living happily, almost as if that part of my life didn't happen, to being floored by pain. I feel guilty to myself for how strong the reactions are so many years later. I feel guilty to my partner who has to deal with it even though he's not the one who caused me this hurt. He's been nothing short of wonderful, but I'm scared my past will end up driving him away. I certainly wish I could get away from me sometimes.",1,domesticviolence,428,85,test,distilbert,1,1,0.017316364,0.9826836,-1.9986622,2.039973
17,"I have a lot of self esteem. I value myself, I believe I'm smart, have a good personality and am attractive. Some days though (perhaps most), I will still get anxiety. I'll start to talk to some people and for no reason at all feel my heart rate go up and start to overthink the things I say, which then leads to me coming off as awkward. This doesn't happen with the people I'm fully comfortable with.",1,anxiety,402,77,test,distilbert,1,1,0.4082968,0.5917032,-0.18571815,0.18529268
18,"If I go to an interview for example, I'll know that I'm a good candidate, I'll know that if I don't get it there will always be other opportunities and it's no big deal. Yet I still get nervous because it's something that I want, I want that employer to like me. If I go to an interview with no expectations at all, not even wanting the job (I've done this a few times for practice interviewing), it'll turn out great. What are your thoughts on this? Edit: FYI I'm talking mostly about social anxiety, though it has happened that I get anxiety in the most random places like just going upstairs in a building.",0,anxiety,609,115,test,distilbert,1,0,0.019398388,0.98060155,-1.9055037,2.0174725
19,"Like sleep would never be a simple thing for me. So recently, I accidentally fell asleep at 8pm and I found myself awake around 4am. I immediately felt like I had screwed myself. My instinct was to try to go back to sleep but I decided, for whatever reason, not to. What I discovered was amazing.",0,anxiety,296,56,test,distilbert,0,1,0.90469664,0.09530333,1.1085429,-1.1419922
20,"Discovering LimeWire was like breathing in fresh mountain air in the early hours of the morning while there is dew glazed over the leaves on the trees and surrounding grass. I felt a real connection with Post Hardcore/ Alternative. During this time I knew of Anxiety, but I didn't know OF it. In other words, I considered it a personality trait and not something treatable, more or less just apart of me. Playing video games secluded in my room and swimming on a variety of swim teams kept me sane to an extent but I was living in an isolated bubble.",0,anxiety,550,101,test,distilbert,0,1,0.9592102,0.04078983,1.4774597,-1.6802177
21,"Manageable enough to come home on weekends and work at the job I loved, while driving back to school Sunday nights for the upcoming school week. I was confident in myself that I would be able to balance my newly found work-school life. The apartment I signed a year lease on, which ironically ends this month, was about a 10-minute drive from the campus itself. Not having any help from my parents, and having some money saved prior to going back to school, I thought it would have been enough. I ended up also getting an on-campus student job in the same line of work I am pursuing, and at the time majoring in at that University.",0,anxiety,631,117,test,distilbert,0,1,0.9823015,0.017698515,1.9201169,-2.0963006
22,"*""When thinking about life, remember this: No amount of guilt can solve the past, and no amount of anxiety can change the future. ""* This is a quote I stumbled upon a few years ago that still sticks with me to this very day. At face value it presents the idea that anxiety is fueled by the very nature of what it's foundation is based on; **nothing. ** I keep an open mind these days, in fact, one can argue a quite possibly *too* open mind.",0,anxiety,441,86,test,distilbert,0,1,0.96687895,0.033121005,1.6655989,-1.7083068
23,"If I continue, I start to physically feel like I'm floating and nauseated. My instincts tell me to run.  I am to begin to treatment next week and was wondering if anyone has used a weighted blanket. If so, did it help with the physical symptoms? Ive expressed my fear to the specialist I am seeing.",1,ptsd,298,56,test,distilbert,1,1,0.016970744,0.9830292,-1.9874924,2.0716553
24,"I have a vague fear that I get when I'm ""alone"", or when such a situation is coming up. I put it in quotes as it is really when my wife is not going to be around. This weekend my wife and oldest daughter went away early saturday got back mid day sunday. I was home with my youngest. I had some mild fear about it leading up to it.",1,anxiety,330,70,test,distilbert,1,1,0.032752994,0.96724695,-1.6636926,1.721767
25,I'm a senior who needs a small amount $60) to pay on my agreement with DWP and would like to ask for some help. (Southern California) I can give the account number. I also need $33 to renew my license (expired Dec. 8) so I can apply for utility assistance. They have strict rules and won't take an expired license. If anyone can help I would be overjoyed.,0,assistance,355,68,test,distilbert,0,1,0.9818024,0.018197626,1.9812939,-2.006805
26,"I could be homeless soon, and that's not like ""anything possible"" but like it's gonna be possible soon. I was looking in my area and there are some nice areas where water meets land that are away from homes but still in the town. It seems exciting to live near the water, but I have no idea what I could face. I should say, I'm not afraid to be homeless, this isn't a bummer for me. I'm pretty stoic as well, but it's still nice to be prepared.",0,homeless,444,88,test,distilbert,0,1,0.644838,0.355162,0.2798613,-0.31656376
27,"Mushrooms, LSD, and DMT have  been the most effective means for me to solve my anxiety. If you choose to consume these drugs however, please be aware that these are powerful psychoactive substances that can have repercussions on your mental well being. Physically, they are incredibly safe. Personally, they allowed me to view my life free from the ego, which let me adopt a healthier mindset. If you are using drugs (Which includes alcohol) to escape your negative feelings, you are not solving the problem.",0,anxiety,508,85,test,distilbert,0,1,0.98270375,0.017296186,1.9709015,-2.0689204
28,"If it is negative, don't reject the thought. Follow the thought as far as your mind wants to, and move on when you notice another thought arise. Again, this creates a barrier between you and your mind. * Flow: Have you ever played a game where you are completely in the moment? Maybe the ball was just thrown to you, and your body seems to react automatically.",0,anxiety,360,67,test,distilbert,0,1,0.9808686,0.01913139,1.8836588,-2.0534492
29,"You have mental noise: These are thoughts that arise spontaneously and we have no control over. For some people these are very negative. Behind this mental noise we have the observer however, this is you. When you are engaged in a activity that creates flow, your mental noise is reduced, and the observer has complete control. Engaging in mediation allows us to get in contact with this observer, separating us from our mental noise.",0,anxiety,434,74,test,distilbert,0,1,0.9508448,0.049155213,1.4786568,-1.4837111
30,Not sure the best way to describe it but for the last week and a half I have had to be social and around people every day except for a couple of hours each evening and it is KILLING ME. I’m on edge constantly because I need a break to just start over. And now I’m on the way to a 3 day work seminar in another country and I feel like there is zero mental energy left. I get back and then have work on Monday again. Anyone else feel like they need a day or two alone to “recharge” their (mental) energy?,1,anxiety,502,104,test,distilbert,1,1,0.0113826925,0.98861736,-2.2035792,2.260634
31,"I had poked fun at him for looking at /r/hentai or whatever a week or so ago, and I know I was pushing it too far, but I just thought it was amusing. I didn't think any less of him, and I told him that. I can understand him being embarrassed though. Anyway, last night I had been joking about looking at his browser history after seeing a recently viewed tab for porn. I figured it wasn't a big deal, since we both know each other's kinks and don't hide anything from each other (there's nothing worth hiding on either end).",0,domesticviolence,524,101,test,distilbert,0,1,0.98134345,0.018656578,1.9221233,-2.0406005
32,"I did a few times but it always just blew up in us breaking up and then me being miserable for awhile. I just don't know if I should bother anymore and commit to the fact that I'm alone and will probably be for the rest of my life. Both my brothers are married, most of my family members have partners apart from me so I sort of feel like the odd one out there. I'm sort of just unsure of what to do next.   ---",1,relationships,411,86,test,distilbert,1,1,0.01241276,0.98758715,-2.1595557,2.216984
33,"I've been texting Rebecca on and off for the last week, always about my breakup. Bill went through Rebecca's phone last night and saw she was texting me. He lost his mind. He won't speak to her, and said I betrayed him. I tried to explain that he is my best friend and even if I liked Rebecca I would never try anything, ever.",1,relationships,326,64,test,distilbert,1,1,0.25599742,0.7440026,-0.5875436,0.47933358
34,"Should I stick around and save up my money? I mean college A and C are pretty good choices right? A is almost free and I could make the best of it, and C I could always figure things out my freshman year and then commute, and we could still see each other. Do you think we see each other too much? Should I limit my time with him?",0,stress,330,69,test,distilbert,0,1,0.9796053,0.020394756,1.8653752,-2.0064967
35,"We are down to less than $100 for another week and 4 days. Her weight watchers is due, and she is sad we may have to cancel. I am already doing what I can, and anything seemingly extra goes towards our 3 kids which we love dearly. I started a gofundme. I am looking for $100 so I can give her money towards weight watchers.",0,assistance,323,65,test,distilbert,0,1,0.97709876,0.022901267,1.8237486,-1.9296468
36,"His reason was that he would rather save money and stay home where he can smoke than pay for any expensive experiences. I managed to convince him to go on holiday with me for a week but he's always thrown it back in my face that he would rather have gone home (he's Spanish), saved the money, got a new tattoo etc. Now. I love to paint but I have in my life had a complete lack of motivation or energy. I started doing an evening course which I loved.",0,relationships,451,90,test,distilbert,0,1,0.5608958,0.4391042,0.09968563,-0.14511286
37,"My wrists start to itch. My bruises from rock climbing and martial arts remind me of other, past bruises. Nightmares. I had such a fucking nightmare last night. Nightmare on top of nightmare.",1,ptsd,191,33,test,distilbert,1,1,0.01782165,0.9821783,-1.9607016,2.0486572
38,"But the life at dads was always kind of not ok? He drank and was angry a lot. His moods would change quickly and at times it was hard to figure out why he was angry. He yelled and throw things and sometimes shoved me around too, but me he never got that physical with like he did with my oldest brother. My dad also cried a lot and forced me to listen to him talk about his sad childhoos and then had me comfort him.",1,survivorsofabuse,416,86,test,distilbert,1,1,0.3037739,0.69622606,-0.4250733,0.40431747
39,"The server encourages happiness and improving yourself. Glamorizing mental illnesses and encouraging people to harm themselves is prohibited. If you are studying something related to mental illnesses or well-being, or if you have a job related to one of those things, you can have a role that shows you are a professional and willing to talk to people in case they have questions or need advice. &#x200B; Invite link: <url>",0,ptsd,423,70,test,distilbert,0,1,0.98850447,0.011495533,2.141183,-2.3130517
40,"So, I've been homeless since about the first, but I was expecting this. What I wasn't expecting was the changes I've made in my life since becoming homeless. Thankfully I have a job, so I do have money. But I hate everywhere that's affordable to eat! I've been a big junk food/fast food fan for years, so I'm a bit overweight, but lately, I just don't seem to care for meat as much, and fast food is just so.. gross right now.",0,homeless,426,82,test,distilbert,1,0,0.020381387,0.97961855,-1.9485714,1.9239697
41,"I've had other things happening - lack of direction in life, nervousness about getting a job, feeling lonely by neglecting friends to do work and internships. I don't know if I don't love him anymore. I don't know if I can get past my resentment. I don't know. **Tl'dr: I feel numb to my boyfriend after a series of arguments/events that have left me not feeling loved or like a priority to my boyfriend.",1,relationships,404,74,test,distilbert,1,1,0.012313301,0.9876867,-2.1857822,2.198903
42,I don't feel like he's in love with me and I question my feelings for him. I don't know if I'm being clingy or he was being cruel and I'm overreacting. I don't know if my numbness is caused by other stress in my life. What do I do. **,1,relationships,234,50,test,distilbert,1,1,0.012961153,0.9870388,-2.1571457,2.175607
43,"But I just can’t do what I need to do because I am terrified that I am doing the “wrong” thing, regardless of what decision I make. But the current situation (doing nothing) is extremely detrimental as well. I feel like a total loser and I am deeply ashamed of this anxiety, though I know that it is nothing to be ashamed of. I’m confident in so many areas of my life, but anxiety targets me and I become immovable. This is one of those times.",1,anxiety,443,86,test,distilbert,1,1,0.011748038,0.988252,-2.1918826,2.2403688
44,They weep after every session with me and all I can do is give them the thousand yard stare. I don't even know how to feel yet my girlfriend says I'm selfless to a fault how I can be I don't know she always says she wishes she could have rescued kid me from my mother and has been the saint of a women that is still by my side and still wants to marry me. How and why I don't know I feel worthless ans like I have nothing to offer up other than my love and the constant promise I'll never leave her. I have lashed out so many times at her for things not even done by her and I die inside a little more everytime I do. I know she knows why it happens and understands the brain chimstry behind my psych issues as she is a sociology and psychology major/minor.,1,ptsd,757,155,test,distilbert,1,1,0.011336477,0.9886635,-2.202597,2.2657318
45,"Regarding my abuser, I still feel my heart ache with compassion, and the understanding that no human being is born a monster; it is an environment poisoned with violence they grew up in that guides them into life as an abuser. I have prayed every single day for John Doe and his foster family, in the hopes that he can overcome his inner demons and lead a life of peace. But if and when he finds a new woman to victimize and rob her of dignity, worth, and benevolence, I feel proud that I have taken steps to ensure that even if she is too afraid to step forward, I have taken that first step in her honor. I feel proud to have set the precedent to lead him on a path for growth and healing if he chooses. I feel proud to have broken that silence.",0,domesticviolence,747,147,test,distilbert,0,1,0.93913305,0.060866907,1.3934675,-1.3427999
46,"His consequences will never reflect or equate to the suffering I have endured and the life-long trauma that will impede on the rest of my life. Because on March 21st and 22nd in 2017, my humanity was shaken and distorted in ways that I still struggle to resolve. It exists in the shadows of nightmares I still have of his face, his screams, his weapons, his murder threats, suicide threats, and fists. It is perpetuated by the adrenaline and primal fear I have when I see vehicles that look like his. It is in my mind when I have to loop around my neighborhood before going home, out of fear that I will see him, because he ONLY lives 5 minutes from me.",1,domesticviolence,653,123,test,distilbert,1,1,0.016176587,0.9838234,-2.0351431,2.0727384
47,"I'll try to keep this short. I've never been able to feel empathy towards other people, I'm not a sociopath or anything (as far as I know), I know when I should feel bad for/with somebody but I can't make myself care as much as I want to. _ Anyways, my mothers best friend of 45 years just killed himself and she's pretty torn up about it. I gave her a hug and what not but I have no idea what else I'm supposed to do.",0,relationships,418,86,test,distilbert,1,0,0.012284253,0.9877158,-2.1406004,2.2464764
48,"Sorry for the essay, poor grammar and punctuation. Thursday night. I asked a friend what they were up to tonight by text and instantly got a phone call after. Now usually I’d  ignore their called calls due to the worry of having an awkward phone conversation. This time I answer and we agree for them to come over.",0,anxiety,314,58,test,distilbert,0,1,0.93854517,0.06145479,1.3768079,-1.3492212
49,"It started with a panic attack that led to hypertension. I felt my heart pounding with shortness of breath. I felt dizzy, and I thought I was having a heart attack, this was the first time I ever experienced this. I thought I was going to die. I went to the ER.",1,anxiety,261,52,test,distilbert,1,1,0.024364626,0.9756354,-1.7942647,1.8956919
50,"None of the issues we discuss get addressed. 6) After a while, I get really pissed, my significant other gets angry with me over some issue, and she ends up breaking up with me. I am weary of this whole emotional drama that I have to go through to end a relationship. I almost feel like it's not even my choice to end a relationship. Is there a way to avoid this whole process?",0,relationships,377,74,test,distilbert,1,0,0.012697147,0.9873029,-2.1920717,2.1615279
51,"I am weary of this whole emotional drama that I have to go through to end a relationship. I almost feel like it's not even my choice to end a relationship. Is there a way to avoid this whole process?   ---   **tl;dr**: My break-ups tend to be long and drawn out, with me unable to really break-up with my partner.",1,relationships,313,60,test,distilbert,1,1,0.0122512765,0.9877487,-2.2045262,2.185272
52,"Like she said ""shes too much attached to her boyfriend, she knows that he fucks other girls but she cant break with him cause he will block her on fb and delete her phone number forever, he is her the best friend, soulmate"" Wtf? Run away and try to fall out of love or... or what? See what future will deliver? Im lost right now.",0,relationships,329,65,test,distilbert,1,0,0.062936775,0.9370633,-1.3340427,1.3665774
53,"Hello all, for the next two years I’ll probably be living in my truck. I am going to college for free (thanks AmeriCorps) but I can’t afford to live in a real home. So I live in my truck. Any tips for keeping it clean and keeping things orderly? It’s so much harder than I thought it would be.",1,homeless,293,59,test,distilbert,1,1,0.03970282,0.9602972,-1.582299,1.6035216
54,"He also tortured me in several other ways, like subduing me and pressing his knee into my temple or heatbutting me in the nose as a way to start a fight. I started taking martial arts and self defense classes and I started retaliating against him, when I was around 15. He'd also hit my mom sometimes and I'd protect her. One time while trying to avoid his chokes I cut my head so bad that blood was gushing all over the room - and when I got him off me, he came back and headbutted me in the nose and tried to choke me again, after which I threw him over the table. The whole room was covered in my blood and he was still relentless.",1,ptsd,634,127,test,distilbert,1,1,0.098155364,0.9018446,-1.1230388,1.094852
55,"My ""symptoms"": I know this probably isn't nothing compared what other people go through. I even thought this didn't affect me, I thought most people go through either the same or worse, until I was about 20 years old. But once every day, or every 2-3 days, I get intense, intrusive memories about these events. I feel extreme anger and hate, my heart rate goes sky high, sometimes even my hands start shaking.",1,ptsd,409,73,test,distilbert,1,1,0.012332661,0.9876673,-2.1577618,2.2253332
56,"Like, I don't think they happen if I distract myself with the Internet or doing some hobby that I like.  I remember feeling like this at least once a week ever since I was around 15 or so.   I used to have nightmares about either fighting for life with my brother or my dad or someone else, or about seizures happening to me or people around me every day. Now I have them maybe once a week or two. I get something that feels like an adrenaline rush when I'm bringing this up, for instance as I'm writing this, or when my brother decides to visit my mom, and sometimes it just happens randomly.",0,ptsd,593,114,test,distilbert,1,0,0.05231532,0.94768465,-1.3693333,1.5273993
57,"Throwaway, changed names, etc... My ex and i dated for about 2 years and had an incredible relationship. Traveling, great sex, got along with each others family’s, you get the point. This was also my first serious relationship. “Steph” was the kind of girl who didnt click too well with other girls, so she gravitated towards guy friends more often.",0,relationships,349,60,test,distilbert,0,1,0.98678476,0.013215277,2.041301,-2.2717774
58,I still wake up from nightmares about beating Adams head through a wall. Its the last thing i think about before i fall asleep and the first thing i think about when i wake up. I just want to stop thinking about it but nothing seems to work. I feel like I’m a prisoner to my own brain. Literally any advice or personal experience is welcome.,1,relationships,341,66,test,distilbert,1,1,0.014146288,0.9858538,-2.0886233,2.1554325
59,"My girlfriend and I have been amazingly strong for the last 8 months, shortly before new years she told me that she feels very much in ""love"" with me but ""doesnt feel right"". She wanted an unknown amount of time away from the relationship saying only a couple of weeks and still wanted to keep the same ground rules as when were together (monogomous, etc..) Shes vague when i try and talk to her about it, stating she just feels like somethings wrong and that shes doing this so she can fix her self and come back to 'us' stronger I talked to her again last night and as always shes adamant this is because she loves me and wants us to work more then anything... Shes never lied to me before, not even over little things so i have no reason to doubt her intentions. Basically i said i feel like her backup and i wanted to breakup untill this 'problem' is resolved so today we split for a month",0,relationships,893,171,test,distilbert,0,1,0.94977754,0.050222486,1.3430212,-1.596744
60,"I was younger than 13 during my period of abuse and one thing I'm noticing now is that I can't wrap my head around consent. People tell me that I couldn't possibly consent to anything that happened, even if I asked for it. That I didn't even know what was happening to me. It doesn't feel that way to me. On paper, I get that.",0,survivorsofabuse,326,65,test,distilbert,1,0,0.03472979,0.96527016,-1.6347069,1.6901034
61,"That's why I've come to you guys. \- If the formatting is weird, it's because it's midnight and I've edited this damn thing so many times I want to cut off my own hands so I can't torture myself with editing it any more. It's probably garbled af. Yes, I did proofread it, but I can't guarantee quality because it's midnight lmao. I'm super tired.",0,anxiety,346,65,test,distilbert,1,0,0.021151876,0.9788481,-1.8918161,1.9428318
62,"&#x200B; I'm sorry if this isn't appropriate for the thread. I don't really know if it's appropriate anywhere. I guess that's the point? ""Am I normal or am I fucked up?""",1,anxiety,169,31,test,distilbert,1,1,0.105462596,0.89453745,-1.0402201,1.0977303
63,Child Sexual Abuse is a huge problem which needs ending. Children never build a true sense of self and emotions if someone takes it away from them. I don't want to be seen as a victim. I just want people to know I understand them and hope this will make them happier. Thank you for reading and have a good day,0,survivorsofabuse,309,61,test,distilbert,1,0,0.3638113,0.6361886,-0.23788817,0.32097158
64,"I feel like a completely different person. My best friend suddenly died in September and I thought I was finally healing from her sudden death, and now this horrible tragedy. I feel like I can’t relate to humanity anymore except for people who have also unfortunately experienced this. Everything seems so trivial and empty. I already had anger issues before this, due to traumatic brain injuries, and now I feel a paradoxical combination of extreme rage/complete emptiness, etc.",1,ptsd,479,78,test,distilbert,1,1,0.014344525,0.9856554,-2.0789955,2.150943
65,"I told him that even though I prefer living on the west coast, I am willing to try living anywhere in the country except for DC, and even then I could do another year or so there, but I couldn’t fathom the idea of spending my life, setting down roots, and starting a family there. He doesn’t seem keen on the idea of doing anything else. I guess I’m just looking for some perspective. After having this big talk we both expressed that we really, really don’t want to break up. Then I begin thinking, if I’m unwilling to move back to DC, and he’s willing to place this notion of an ideal career ahead of me, do we really love each other that much?",0,relationships,646,125,test,distilbert,0,1,0.9795955,0.02040459,1.8742816,-1.9970983
66,"Last week while my girlfriend was out of the country I noticed our puppy Luca wasn't acting himself. I took him to the emergency clinic and after some tests they told me he would require immediate surgery or we were at a high risk of losing him. The surgery was costly but necessary, however we are now having difficulty paying our bills. We have reached out to family and friends for support and are now searching for any help we can get. Thank you for taking the time to hear our story.",1,assistance,488,92,test,distilbert,0,0,0.679458,0.32054192,0.4660994,-0.285183
67,"To help us transition smoothly, please place all Thanksgiving-related anxieties in this thread. Any feedback is welcome - please reply directly to the sticky comment with your thoughts. If all goes well, we hope to expand this idea to the December holiday season and beyond. Happy Thanksgiving in advance from the /r/Anxiety Mod Team! <3",0,anxiety,337,55,test,distilbert,0,1,0.98793554,0.012064448,2.1335428,-2.2718117
68,"###Hello everyone!, We hope you've begun defrosting your turkeys in preparation for a delicious meal. As the holiday season begins to ramp up, we've decided to try a new approach to handling the influx of Thanksgiving-related posts we normally receive every year. We're excited to be launching a Thanksgiving MegaThread, a single post for users to share their turkey-day anxieties and support others. Our goal in this trial is two-fold:",0,anxiety,436,70,test,distilbert,0,1,0.98743314,0.0125668,2.119021,-2.2450294
69,"Wondering if anyone has this same problem and if anyone has found a way of overcoming it. Regardless of who messages me (family, friends, strangers) I avoid opening the message (text message, email, social media message, calls, voicemails) and avoid replying until hours later or even the next day. I don’t know why I do this, but I feel like it takes so much of my energy to open the message and reply and it’s almost like I don’t want to have a continuous conversation with anyone. It’s very bad for trying to maintain healthy relationships. Does anyone else suffer with this from anxiety?",1,anxiety,591,104,test,distilbert,1,1,0.018017245,0.9819827,-1.9940251,2.004219
70,Any advice is welcome. I'll be checking in and replying to comments as much as I can but I have to be discreet so I may not be able to answer for a while. Thank you in advanced. Tldr: I was ready to move out then my car broke down and he is now fixing it. He doesn't know I'm leaving as soon as he's done and I feel terrible about it because he's actually being nice for a change and is trying to stay sober.,1,domesticviolence,408,86,test,distilbert,1,1,0.02196263,0.97803736,-1.8318928,1.9643126
71,"I stuck it out because I didn't have the means to leave and I had a hard time accepting it was abuse. I tried to change my behaviour, but nothing was ever good enough. It was a typical narcissistic and empath relationship. I slowly realized even if I was wrong, it didn't warrant this treatment. Cue months of gaslighting that I was suffering from ppd (this may be somewhat true, but didn't dismiss the fact that he was also abusive.)",1,domesticviolence,434,80,test,distilbert,1,1,0.033555776,0.9664442,-1.693685,1.6667296
72,I don’t get paid again until 9/1/18. This is the only low cost apartment near my school. What can I do? I’m desperately in need help and it has to be paid. Very comfortable and willing to show proof of security deposit from the leasing portal.,1,homeless,243,46,test,distilbert,1,1,0.01488968,0.9851103,-2.0573173,2.1347682
73,"I have reduced my drinking a ton since i started it and by the second week I could already feel a major improvement in my anxiety and mental clarity, but it may have been largely due to my reduction in alcohol. In the past three days I have felt myself beginning to spiral and today I am feeling very very dark, very disconnected. I am such a low dosage I am wondering if maybe it's just not working and what I thought was it working was actually just reducing the alcohol intake? Because now all I want to do is crawl into bed.. or drink.. fantasizing about self harm. I also feel like I'm just obsessed with feeling bad and I am doing this to myself.",1,ptsd,652,126,test,distilbert,1,1,0.012075206,0.9879248,-2.1683128,2.2361395
74,"I never thought I'd actually be homeless without the drugs. It's kind of like regular camping, except instead of raccoons and bears you gotta look out for tweakers, creeps, and J-cats... I plan on starting a work program soon, I've already signed up with probation, and I'm starting to be my own friend again. Laughing has helped too. Endorphins and oxytocin are getting me high as FUCK.",0,homeless,387,67,test,distilbert,0,1,0.9125275,0.08747248,1.2030387,-1.1418552
75,"We talked for almost 2 hours that night and she insisted that she didn't want to end things, just wanted to slow it down for a while until she was comfortable. She told me she had just gotten out a relationship before we met, and didn't intend to have such strong feelings for me and now she is just scared. I actually ended up really liking her which has been rare for me lately, so this is something i would like to hold on to if at all salvageable. The problem is we barely text (once a week or so), and have not hung out since that party. Is this a case of 'Just not that into you' so she's just trying to be nice?",0,relationships,618,125,test,distilbert,1,0,0.27997246,0.7200275,-0.41843778,0.5261605
76,"It certainly seemed like we were both really feeling it, and ended up sleeping together after the second date (realize this is a little soon). After the first few dates we decided to host a party together around the holidays and for some reason after this her interest level dropped severely. Told me it was moving too quickly and she was scared that it was headed toward something she wasn't ready for. I backed off after this, eventually called her a few weeks later (because communication between us had severely slowed down). I attempted to end what we were doing because i could feel she wasn't interested anymore.",0,relationships,619,108,test,distilbert,0,1,0.9687015,0.03129856,1.630921,-1.8014636
77,"My (now ex) boyfriend (19M) broke up with me (20F) 4 days ago. We would have been together for 6 months this Sunday. However, the way in which he did it leaves me wondering if he left the door open or not. The reason why he broke up with me is that this coming semester, he will be working/in class for 12 hours a day and he doesn’t want to put me through that, since he won’t have enough time to give me. He then said that he didn’t think this would be the last time we spoke, and that we would somehow find our way back into each other’s lives eventually.",0,relationships,557,112,test,distilbert,0,1,0.91955245,0.08044751,1.1716278,-1.2646545
78,"I can't ask my family because they don't have the kind of money to help me. If anyone can help me even just a little bit, I would be ridiculously grateful. I just can't even express what this has done to us. Yes, the bills are paid, but now we're so anxious that we barely leave the house due to panic attacks. I've done things like ubereats but $15 here and there isn't even making a dent in what I need.",1,assistance,405,81,test,distilbert,1,1,0.0130495,0.98695046,-2.1562102,2.1696599
79,"I’d appreciate any and all tips or suggestions about how I can best support her. My heart hurts knowing we won’t be dating anyone soon, but I love her so much I want to give her time and space to heal. In the meantime, I’ll work on being the best version of myself. TL:DR My girlfriend and I broke up due to a job that puts us 5 hours away.",0,relationships,340,70,test,distilbert,0,1,0.95946324,0.040536806,1.5107293,-1.6534343
80,"When I ask him why he’s done this he says “Shut the fuck up.” He also “talks down” to me in bed, calling me slut, pig, and stupid. I am NOT into this and I never told him I was. When I am giving him fellatio he pushes my head down even when I am resisting and I choke. He has also pulled my hair, hit me and punched me.",1,domesticviolence,319,70,test,distilbert,1,1,0.022131031,0.977869,-1.9321692,1.8562256
81,"I texted him good morning. Then begun the message about how I would love to, but I can't because marriage is something I want now. Before I got the chance to send that text, he sent another one. He had come to the conclusion that he wanted to marry me. Genuinely.",0,relationships,263,51,test,distilbert,0,1,0.8157682,0.18423183,0.67738307,-0.8105522
82,"i know this is a common problem that many people have but i dont know what to do. i dont sleep at all on sunday nights and it fucks up my whole week. im scared of the sadness i will feel as soon as i wake up, im scared of having to repeat the same day over and over until friday, im scared of waking up in a panic attack, im scared of having a long complex dream and then waking up not remembering it or not liking it. the stupidest things freak me out and im so sad and tired. i brought this up to my therapist towards the end of my session but she didnt really have an answer, and i didnt bring it up the next week.",1,anxiety,617,130,test,distilbert,1,1,0.011511746,0.98848826,-2.1897845,2.2630243
83,"Please, I'm NOT looking for any handouts. That's the last thing in the world I need. I WANT to pay back every penny that's loaned to me. I just feel like this is too big of a loan to ask on /r/borrow, and I'm stuck in such a rut. I've found a few nice cars around here that I feel would fit the bill in the $2500 price range, and then tax, tag and title, and maybe a couple months of insurance payment.",0,assistance,402,83,test,distilbert,1,0,0.01566712,0.9843329,-2.0845568,2.0558429
84,"Okay this is driving totally insane and I can't function normally because of it, I have had intrusive thoughts basically for as long as I can remember, though now they are pushing me closer and closer to insanity. I am only focusing on one disturbing thought now which I really only need serious and helpful answers for. To start off, I remember it being the start off 2015 and I was sleeping over at my best friends house who we will call ""J"". Now J and I would always stay up all night when having sleepovers, and this certain night I managed to pull through to 6:30 am 30 minutes after J had fallen asleep, though when I woke up I was in his sisters bed. Now since then up until now, I just assumed that I was literally half asleep and that I was just looking for anywhere comfortable to sleep that wasn't taken in my literally half asleep state of mind (both his sisters had stayed up all night in the living room I've believed up until this moment, also something to keep in mind is that both of us were to young to be consuming alcohol and I have no memory of myself entering their room.",1,anxiety,1093,209,test,distilbert,1,1,0.014427904,0.9855721,-2.0035937,2.2204642
85,I just wanted to say thank you to everyone that posts on here. I just found this subreddit yesterday and reading all of your guys' posts have made me feel so much less alone. Knowing that other people understand what I'm going through for some reason has helped me tremendously. Particularly a post that someone made about feeling like their trauma isnt real and like convincing yourself that it didnt happen. I have felt like I'm crazy for years because I was in such deep denial about what happened to me.,0,ptsd,507,91,test,distilbert,1,0,0.035428066,0.9645719,-1.596847,1.7073332
86,"How can I be a good boyfriend in this situation? I don't think she should “give up having friends” and I think she should hold on to the ones who suffer from similar issues and understand (and some of them are also great, kind people that she should hold on to regardless). I think spending time with other people than me is good for her, but she is so afraid of ruining things for others. TL;DR: Girlfriend has anxiety attacks and cancels plans with friends, not all friends are very understanding. I know how to comfort her when she's feeling down, but how do I otherwise support and advise her in the best possible way?",0,anxiety,622,115,test,distilbert,1,0,0.4738119,0.5261881,-0.07859485,0.026253423
87,"I stopped eating and stopped sleeping... I eventually ended up in A&E after telling my family I intended to kill my self, I'd already been self harming and pulling out my hair from the stress. I lost a stone and a half in weight in a month. I was given sleeping pills as I had not had the rest to let my brain consider recovery, and I was given lorazepam for the holidays so I could get out of the house to have Christmas with the family. I now only use lorazepam for panic attacks I have at work or situations I cannot leave when I panic , like catching a plane.",1,anxiety,563,112,test,distilbert,1,1,0.023039576,0.9769604,-1.7686971,1.9785355
88,"I’m so tired of people evaluating me visually and telling me “I look fine” when 3 TBIs and complex PTSD are, by nature, invisible. I feel so alone in this, and judged because my resilience activities, running and lifting, make me appear perfectly normal. I’m desperate to overcome these issues, especially given my profession and the need to operate in crowded conditions. Army docs dismiss my problems because I look capable and am a high-achiever despite it all, even questioning whether the incident resulting in my PH “actually happened”. I need someone to believe me.",1,ptsd,572,95,test,distilbert,1,1,0.014994479,0.9850055,-2.03641,2.1485553
89,"Btw, I am only an exec.... I am afraid to have a gap in my CV, but for once in my life I want not to worry for a bit. Of course, during the next period, I will apply to jobs but I don't want to rush and take the first  offer. Anyhow, have you ever experienced something like this? What did you do to overcome it?",0,anxiety,312,67,test,distilbert,0,1,0.8711212,0.12887879,0.9377096,-0.9731992
90,"I asked the other day if they've set a date. He laughed in my face and said 'no' as if it were the most ridiculous thing he's ever heard. He comes home late, and showers immediately. Then, he showers every morning before he leaves. He doesn't talk to my mum and I, at all, and he's cagey and secretive about everything, to the point of hostility towards my sister.",1,domesticviolence,364,69,test,distilbert,1,1,0.35250258,0.6474974,-0.36329576,0.24476105
91,"I can't support their relationship on any level. To make it clear, neither does my mother. She only allows him to remain here because he'd be homeless and be forced to move hours away to a place with almost no transport and he'd take my sister with him (he did it before. It culminated in the allegations of cheating and the choking), and that's the last thing we want. Better the devil you know and your enemies close or something.",0,domesticviolence,432,80,test,distilbert,1,0,0.018637678,0.98136234,-1.9874828,1.9762738
92,"It was two months ago and since then, we've been both trying to make some efforts to make our relationship great again (sorry for the reference, but I confess the phrase is catchy), but she's still not sure and is still often distant... Sometimes she says I love You, and sometimes she's not sure again... I don't really know what it means to not know what one feels for another. I guess it's a thing, and I try to accept that, but I don't know how to react, what to do, what to think... I was so happy with her, I just feel overwhelmingly sad and can't help ask myself what a did wrong, what I should do, where this is going.",1,relationships,626,122,test,distilbert,1,1,0.0140362205,0.9859637,-2.103626,2.1483524
93,"I've never been medically diagnosed with anxiety, and I know that I would need to see a professional to officially determine if I really had anxiety, but sometimes I relate to symptoms of anxiety I see online and wonder if I should be concerned. Some things that have led me to think I may have anxiety: I've been performing on stages for all of my life, but I still find my heart racing and knees weak every time I'm on stage. One time, I messed up a performance, and when I saw my peers the next day, I had to remove myself from the situation and go to a place where I could be alone. I don't mind public speaking though.",1,anxiety,623,121,test,distilbert,1,1,0.017233785,0.98276615,-1.9966103,2.046889
94,"I keep it together at work and hear I'm doing great, but I'm always on the edge of falling apart. I've been through tough adjustments before which always suck, but this is hitting me differently, maybe because it's high level/can't and don't want to quit. (But kinda want to win the lotto so I could quit). I want to get through this transition and get good at this job, bit I can't do survival mode much longer. Working too much but idk how to stop.",1,anxiety,450,85,test,distilbert,1,1,0.020302974,0.97969705,-1.918092,1.958384
95,Last night one firmed and I were texting about something unrelated and B was brought up. I basically told her that I have distanced myself from B because of XYZ. She said she understands but B has been really nice lately and has been supportive of her pregnancy and has bought the baby tons of stuff... I don’t know why but I feel weird about that conversation. I even told her that I refrained from telling anyone for so long bc I don’t want anyone to view her differently.,0,anxiety,474,89,test,distilbert,0,1,0.80399,0.19600996,0.63047063,-0.7809507
96,"My sister is an alcoholic, which is something that seems to run in the family. Everytime my mother invites her over to spend the night, she has to hide all her beer and wine in a futile attempt to keep my sister from drinking it all. However, my sister always sneaks alcohol into the house anyway, and is drunk by nightfall. Then the arguments start. Usually they start over something like dinner not being done soon enough, or because my mother found the boxed wine my sister smuggled in, or because my mother simply said something that stuck in my sister's craw.",0,domesticviolence,564,102,test,distilbert,1,0,0.48726466,0.5127353,0.024773117,0.07572543
97,"It has been some time since I posted, but with Fall setting in my anxiety is really getting to me. The cold frightens me, I don't think my partner can survive the weather to come. I used to love Fall, I still do in some ways, but these past couple years really puts into perspective how dangerous it can be. The dread that Winter will be here soon with such instability. But I need the rain; I need the colder temperatures, because I need to have the best mushroom season I have ever had.",1,homeless,488,94,test,distilbert,1,1,0.014980549,0.98501945,-2.028476,2.1574328
98,"How...do I do that? How much/how little should I say? How can I face my class and my RAs again now that they know I'm a nutcase? TLDR: Had a meltdown in trauma class, and I'm afraid it'll happen again. How do I tell my professor and prepare for the almost inevitable hellscape that is my inability to keep my shit together?",1,ptsd,323,62,test,distilbert,1,1,0.012610211,0.9873898,-2.1684873,2.1920707
99,Hi everyone. For a few months now I haven't been able to get this off my mind. My abuser was my cousin who is 5-7 years older than me(24F). He is very close to my brother and father. His dad is a wonderful person and my favorite uncle.,0,survivorsofabuse,235,48,test,distilbert,0,1,0.9529203,0.04707964,1.4974792,-1.5102115
100,"By the fourth infusion, I was able to sleep through the night, and only got a mild feeling of anxiety when talking or thinking about it. Today, while leaving my psychologist's office, I saw someone get hit by a car. It was not pretty. He died. Right as I'm starting to move past one, another happens.",1,ptsd,300,56,test,distilbert,1,1,0.48782852,0.51217145,0.112985216,0.16168064
101,"Best friend knows I have anxiety and I am always asking her if she's mad at me. Well, yesterday she asked if I wanted to go to the beach next weekend, I said yes, and then today I told her I couldn't because I was supposed to watch my sister's kids. She wants to know why I don't take them with us. It's a two hour drive, and I really just don't want to go. But then she says that I always say no when she asks me to go somewhere with her.",0,anxiety,439,93,test,distilbert,1,0,0.039753463,0.9602465,-1.5446379,1.6398553
102,"Dad is utterly distraught, he has never laid a finger on us. He's not even allowed to have at his house overnight, and all visitations are supervised. I did not stay at my dads house overnight until I was 16, and that was because my mom did something horrible, and I was foced to flee the house. &nbsp; I had struggled making friends because of my abuse at home and unruly behavior at school.",1,survivorsofabuse,392,74,test,distilbert,1,1,0.026798788,0.9732012,-1.7574697,1.8347645
103,* I refused to fold his underwear. Just a couple smacks this time. (age 9) * I couldn't convince my dad to sign adoption papers so stepdad could adopt me. Late nights with mom ensue and I get special attention from stepdad for a week or two (age 7 or 8),0,survivorsofabuse,253,51,test,distilbert,1,0,0.17345905,0.82654095,-0.6507943,0.9105135
104,"Sister and I were watching the three VHS tapes we own on repeat because we literally don't have anything else. (I know, sorry for the whining. I feel very lucky that we even had a TV to share.) I should mention that this was to bully us as prior to this Dad sees me literally falling apart, starts playing video games with me more often. We get a PS2 to share and keep at his house (Jak and Daxter Bundle, so it was new and expensive) with what little money he has.",0,survivorsofabuse,465,92,test,distilbert,0,1,0.9672821,0.032717876,1.7145549,-1.6720135
105,"Do you huddle up in the corner of some obscure building that's out of the way? Under a pine tree that's thick enough to prevent any outsiders knowing you're there? Those are kind of the best ideas I have... but I really don't know and I would greatly appreciate any advice. I don't want to give too many details but I live in a city of just over 100,000 people. I'm already on food and medical assistance.",1,homeless,405,77,test,distilbert,1,1,0.10784104,0.892159,-1.0268819,1.0861042
106,"I'm an adult with a mental illness, went through a messy breakup with an unhealthy ex that I thought was  the one and was in a codependant relationship with, I felt like I was letting him use my body by the end of it. I have ended up  basically non functioning, isolated, living on couch eating take away once a day for the last 10 months. Started staying at my parents intermittently in November, having a rough time processing stuff with my ex. Cue four days of remembering incidents of inappropriate sexual touching from my father when I was a child. Non stop.",1,survivorsofabuse,563,103,test,distilbert,1,1,0.022779677,0.97722036,-1.8786521,1.8801914
107,I don't necessarily want to come out and tell my story in hopes that someone bites. But I'm a survivor of psychological and physical abuse as a child... the abuser is my younger sister's dad. She is 20 and I'm 26. She isn't old enough to remember all that me and our older sister went thru. She defends him so much...,1,survivorsofabuse,317,61,test,distilbert,0,0,0.80787075,0.19212933,0.7544623,-0.681771
108,I wasn't sure when I argued with him and she said that when him and I were breaking up and I asked if he still is attracted to me (and he had said yes but now I know otherwise) that is considered as arguing. I explained that I just wanted to understand because I was so thrown. She said that it counts as arguing and there is no point to ask him that and she built on that and said some other stuff that expressed that I am wrong to feel this way. I finally told her that I am sick and tired of being told that I cannot feel betrayed/hurt. I didn't stay at ex's place for an hour because we were arguing.,1,relationships,604,124,test,distilbert,1,1,0.042351905,0.95764816,-1.5916259,1.5268412
109,"Hi guys, I'm a final year psychology student at university, and my dissertation is looking at the association between porn use and romantic relationship satisfaction, as well as sexual satisfaction. The link for my study is <url> I would be grateful to anyone that completes the study. In case after signing in, it redirects you to the main page, the name of my study is ""Pornography Use, Romantic Relationships, and Sexual Satisfaction in Homosexual Men"". Anyone interested in taking part will need to make an account for my university's online survey host site, but none of this information will be shared with me. I will only receive an ID number in case someone wants to withdraw from the questionnaire after completing it (details of how to do so can be found on the participant information sheet, which is attached to the description and introduction of the questionnaire).",0,assistance,879,147,test,distilbert,0,1,0.9875003,0.012499721,2.152269,-2.2172015
110,"Am I sick? The dreams got worse. My mother felating me and soaping me in the bath. I also dreamt about terrible things happening to my newborn daughter, kidnappings, terrible accidents and finally the last straw: Me inapproapriately touching her in the bath and her felating me. That is my nightmare image burned into my mind.",1,survivorsofabuse,326,56,test,distilbert,1,1,0.015528231,0.98447174,-2.0623138,2.0871315
111,"I have PayPal and I was requested on my previous post to start a GoFundMe so I've got that. I am also willing to pay anyone back if you want to do that. Please know that I am not some dead beat who doesn't support his kids, looking for a hand out. I've always been able to provide for my kids and I never expected this to happen. <url>",0,assistance,335,69,test,distilbert,0,1,0.98098075,0.019019192,1.928598,-2.014506
112,"Spring 2102 I began to see a man that I worked with and that only made my roommate jealous and angry. I went to a pdoc (who was basically a pharmaceutical dispensary and appointments only lasted 15 minutes) who diagnosed me with ADHD, generalized anxiety disorder and caffeine dependency. My ex-roommate(who had PTSD from fighting in Iraq and BPD) became jealous that I was hanging out with and spending all my time with a man that was not him, he began to hide my prescription anxiety and sleep medication so I would have to spend more time at my apartment and with him. Late summer 2012 I was able to catch him doing a series of illegal things, had him arrested for petty theft and evicted him from the apartment. I spent a couple months more in the apartment and ultimately ended up moving in with the man I had begun to see (he and I have now been together almost 5 years).",0,ptsd,877,163,test,distilbert,1,0,0.2589295,0.74107045,-0.461847,0.58969283
113,"I’m a previous victim of abuse at home and since moving to university (the abuse ended way before uni) I’ve experienced very frequent nightmares both relating to and completely unrelated to my previous problems. It’s hard for me to go more than 3 nights without having at least a couple of nightmares a night, most of which relating to my trauma. Has anyone else experienced this? If so, would anyone be able to offer some advice on how to address these nightmares as they’re starting to affect my studies. Thank you in advance",1,ptsd,527,93,test,distilbert,1,1,0.019394184,0.9806058,-1.9599168,1.9632806
114,I leave and breakdown in the kitchen because I’m still scared and freaked out. And the fact that I feel that I have to apologize for being triggered and am unable to control my reaction infuriates me. The part that confuses me is that when I was assaulted as a child I was never held down. I was frozen in fear. So why am I panicking over this seemingly innocent situation?,1,ptsd,373,71,test,distilbert,1,1,0.012394998,0.987605,-2.1690187,2.2089708
115,"I feel terrible for saying this  but, He went away for month and sadly i noticed our family was a little happier and more functional with out him. Recently He's moved from beer and onto spirits, this is where the problems begin. For some reason when he drinks beer he's mellow and approachable. Now that he's drinking spirits. He is the most distingusting person to be around.",0,domesticviolence,376,67,test,distilbert,0,1,0.9045141,0.09548596,1.1090674,-1.1393511
116,"Much to and fro ensued, form filling, up front payment for surgery, hospital stay, food, meds. Peter the Poet is home now, ordered not to put any weight on his foot for 6 weeks. I'm grateful to the staff of the hospital that inserted a titanium piece to his ""clean brake"" bone. I'm happy he's alive! edited for blatant spelling error",0,assistance,333,61,test,distilbert,0,1,0.9857044,0.014295555,2.044388,-2.1890202
117,"<url> Goa a go-go. Peters first time abroad and first airplane ride. Day two of our holiday, regardless of road conditions, the driving skills or lack of them, the cows wandering all over the place me and Peter the Poet both decided what we needed was an independent means of travel. So it was we took out a weeks hire on two scooters.",0,assistance,335,63,test,distilbert,0,1,0.9850937,0.014906266,1.9886429,-2.2023122
118,"We are in an uneasy peace right now, and i don't touch her although i am still the same caring guy but with precautions. What did i do to deserve this? and why do bad men get the good wife that sticks around and the good men always lose? I want to have my life back but i cannot see how? filling for a divorce will create a huge scandal since we are a minority as Christians and church laws prevail her, so i am also looking at a minimum of 6 years till any verdict is made.",1,relationships,474,98,test,distilbert,1,1,0.025388865,0.97461116,-1.7879306,1.8597975
119,"Reddit, I need some quick advice about a situation I just encountered. Over the weekend I went home to visit my parents and within this time new neighbors moved in right next to me at my apartment complex. I come home from work and take a nap, but then wake up to a child's screaming and crying. Right after this, I hear a smack as our units have paper thin walls. I'm pretty sure I shouldn't have announced myself and just called the police, but I was so angry at the thought of what was going on next door I went over and pounded on their door.",1,domesticviolence,546,107,test,distilbert,1,1,0.019160692,0.9808394,-1.9099877,2.0255601
120,"<url> To learn more about what my disabilities are like for me, you can read this post. <url> in it I talk about the loneliness. I really am scared. Posting here helped before, but I think just getting everything out helps more than anything, so thanks for taking time to read.",0,assistance,277,51,test,distilbert,1,0,0.05193419,0.9480659,-1.4025668,1.5018799
121,"This is one if the most perplexing symptoms I get when I'm in high anxiety or panic mode. It's the only time I can think of as yawning as being stressful. I have a lot of fatigue anxiety. The more anxious I get, the more fatigued, which makes me anxious. I've almost fallen asleep after calming down and then I have a big yawn and that just restarts it.",1,anxiety,353,69,test,distilbert,1,1,0.01775945,0.9822405,-1.9824158,2.0305026
122,"Now, I'm kind of annoyed both because this should be common sense and because now it doesn't seem like he cares how I feel. I don't want to seem needy or controlling, though. Am I overreacting? How should I bring it up again?   ---",1,relationships,231,44,test,distilbert,1,1,0.031039368,0.96896064,-1.7089365,1.7320311
123,"I never did, but I pretend that I did, and I'm still in contact with her. Nobody would ever guess that I endured what I did. I'm in a competitive medical sciences program and thriving. I've had a wonderful boyfriend who supports and loves me unconditionally, and he knows everything that has happened to me. His mother is great, I love her, and I have aunts that I latched on to for maternal support.",0,survivorsofabuse,400,74,test,distilbert,0,1,0.9800677,0.01993237,1.9167666,-1.9785098
124,"I'd never heard this idea until recently, and I'm starting to see it cropping up more, always in opposition to any kind of support (or even empathy) for the homeless - any attempt to help the homeless is pointless because 'most' homeless people want to be homeless; therefore housing programs/assistance, mental health & substance abuse support are wasted because the homeless are too lazy to get themselves out of homelessness and 'enjoy' their condition, because they don't have to work, because they don't have to pay bills, because they don't have responsibilities, because they're lazy etc. I strenuously disagree with this, and I feel like it's an attempt to move the goalposts; there's a growing awareness that homeless people may not necessarily be homeless because they got themselves into that position and they 'deserve' it, but because of substance abuse issues and mental health problems, coupled with a breakdown in social network. But that's a lie, or 'lefty propaganda', for some people; they want to believe, despite whatever legitimate reasons some homeless may have for not being in shelters, say, that it's a *moral failing* \- going full circle, they don't deserve help because their homelessness is a consequence of decisions they made. Thoughts?",0,homeless,1268,204,test,distilbert,0,1,0.5546766,0.4453234,0.1354715,-0.084112935
125,"We had begun to get more sexual, having to say hey let's not do anything this date instead of just doing something when it naturally happens and when we want it to. The reason why I told you about February is that I'm having that same feeling about being with someone else, only this time it's directed towards a particular girl. I've known this girl since 7th grade, I met my girlfriend in 9th grade when she moved here. I asked her out before my girlfriend and got lowkey denied, but she was too nice to tell me straight up no. I've changed significantly since then, however, and she's been subtly flirting with me for about a month.",0,relationships,635,118,test,distilbert,0,1,0.9830179,0.016982093,1.9550117,-2.1034563
126,"We seem to be talking and accidentally being together more often in school, making what I think are feelings towards her only stronger. I can't bring myself to bring this up with her because I'm scared that we will have a repeat of February again. I love her so much but I feel that if I have these feelings about other girls am I really devoted to her? This is in no way her fault, she has done nothing to deserve my questioning of my decision, this is my problem and mine alone. I am reluctant to bring this up with her because I'm worried that she might break up with me because I do truly still love her I'm just wondering if this other girl is a passing thought more focused than earlier and something I can overcome.",1,relationships,722,139,test,distilbert,1,1,0.013777568,0.98622245,-2.1319835,2.1388566
127,I have a question about my ex who has a past of violence against women. I was never warned about it but I found out he was violent and I left. His ex has a full life restraining order against him.Now he is on probation for assaulting a police officer for 3 years in the past year he has gone to jail three times for domestic violence. His latest trip to jail was last week for domestic violence his third time. I was wondering what do you think his punishment will be since he's not learning his lesson from the punishments given to him and he just doesn't care.,0,domesticviolence,562,109,test,distilbert,1,0,0.038891632,0.9611084,-1.6296608,1.5776472
128,"I tried explaining this to her, but she said I should have redone it and she would never have turned something like that into her boss. When she asked me to work on it, she asked for information. Not a full spreadsheet of detailed numbers or anything. During this meeting, I got very anxious, told her I was anxious, and actually started crying. (Typical reaction when I don't have control over things and my anxiety jumps.)",1,anxiety,424,76,test,distilbert,1,1,0.031997666,0.9680024,-1.6842022,1.7253695
129,"My university holiday is over in a week. I've been submitting resumes online for 3 months and haven't gotten a single response. It's understandable since I'm applying for pharmacy assistance job which is highly competitive. I've been reading ""Rejection Proof"" by Jia Jiang where the author tries to get rejected once a day and vlogs the entire thing in order to face his fear of rejection. One day, he decides to find a job but only work for a day.",0,anxiety,448,80,test,distilbert,0,1,0.9179123,0.08208765,1.1375455,-1.2767688
130,I woke up crying. Wtf is going on in my head that I Dream such graphic scenes. My abuse was mainly by my stepmom. My dad was neglectful. Pretending nothing happened.,1,survivorsofabuse,165,31,test,distilbert,1,1,0.02541064,0.97458935,-1.8028781,1.84397
131,"I brought it up to him (assuming this forum would tell me to) and he got very livid at me. Now we’re not speaking (His friend is still at his house). Not sure what to do. TL;DR: bfs friend from out of town is staying with him while I was away. Not sure if they are doing normal friend stuff, or if my bf has a crush.",1,relationships,316,67,test,distilbert,0,0,0.92246675,0.0775333,1.1681683,-1.3081756
132,"However, my mind is set on the possibility of diabetes or MS as an explanation for my symptoms. My depersonalization has come back strong and I've felt very tired recently and I don't know what is symptoms are causing/caused by other ones. I've been anxious this whole semester to a high degree but I've never felt symptoms like these before. Someone help? EDIT: For reference, I'm 5'9"", 173 lbs",1,anxiety,395,69,test,distilbert,1,1,0.04128411,0.9587159,-1.5326324,1.6124847
133,"I struggle to know what it is I should do most of the time... during this anticipatory stage. If my anxiety oscillated between normal followed by panic, I wouldn’t feel so confused and constantly question what I should be doing right now. There aren’t any damn patterns. Further, It seems like most of the anxiety coping techniques (deep breathing, exercise, meditation, etc) are only effective at keeping the feelings at bay while you’re doing them. 30 minutes later you’re right back where you started.",1,anxiety,504,84,test,distilbert,1,1,0.01750407,0.9824959,-1.9621211,2.0655415
134,"I created a CV today, but it just filled me with dread considering having to apply and do interviews/god forbid actually have to have a job where I'm responsible for things and could end up screwing up so badly. On top of that I'm terrified by the current situation of applying for uni and am fearing the worst that I will have a panic attack at the interview for it and be rejected. I feel like such a burden and I can't do anything right. I have been considering suicide for the past month. I'm just so anxious and depressed all the time and if I can't even get a part time job, what is the point in me?",1,assistance,605,119,test,distilbert,1,1,0.012331129,0.98766893,-2.1697004,2.2135203
135,"I'm not competent to deal with life, despite being 21. I'm living like a parasite on my family. I'm so tired of not getting to sleep at night because I'm constantly worrying about the future and not being in control of it because I can't trust myself not to fuck everything up by panicking. It all just seems so absolutely futile. I don't know what to do anymore.",1,assistance,363,68,test,distilbert,1,1,0.0119136,0.98808634,-2.2025259,2.2155635
136,"But I have been on about a dozen times, and have been hung up on nine. It is always the same issue, sadly. I get depressed, it is late, I cannot sleep or stop thinking about past trauma, and I would just like to talk to someone. But the bulk of them have hung up, some almost immediately, and some after longer. It is the longer ones that hurt more.",1,ptsd,349,70,test,distilbert,1,1,0.014910859,0.9850891,-2.0923607,2.0982816
137,"Every once in a while I get the concept of death stuck in my mind. Thinking I’m not going to be here anymore, thinking my parents won’t be here, thinking what’s going to happen after I die. Just thinking about how we all are mortal. That gives me such bad anxiety I disassociate and I try to go back to normal, I can’t. I’m in that state right now and I really don’t know what to do.",1,anxiety,383,77,test,distilbert,1,1,0.012309677,0.9876903,-2.1551442,2.2298393
138,"I’ve truly been inspired to be more generous with complements and lifting others up. I’ll never know what affect it may have on someone! 💕 it could make their day. Also, it gets me outside of my own head. Just wanted to share my positive experience and possibly inspire someone to share kind words throughout the day.",0,anxiety,317,57,test,distilbert,0,1,0.98261124,0.017388768,1.9316707,-2.1027184
139,"So I texted her a message saying “7:45” , I sent it with the quotations to let her know that she’s late and I’m starving. So F2 responds to me through her phone, by voice message. She gave me a very sassy attitude telling me to “remove the pipe from my ass and eat a snack”. I had already needed to eat a snack since they made me wait a half an hour, I don’t think that her response was warranted for what I said. I get what I said was a little petty but I don’t think I deserved that attitude.",1,relationships,494,102,test,distilbert,0,0,0.85554737,0.14445262,0.7938609,-0.9849291
140,"She’s in play therapy once a week but haven’t seen noticeable change :( We have a worry doll and box, practice being greatful and do cosmic kids yoga, i don’t force her to do things but her teachers express concerns about her and we  were recently told not to continue doing dance because of her non participation and separation problems.",0,anxiety,338,60,test,distilbert,0,1,0.97292894,0.027071048,1.7072649,-1.8745813
141,"I don't think I ever want to go back over there. I don't think I want to involve myself in all this, and I don't know if I can handle the responsibility of being friends with my friend anymore. I can't even call her out on her behavior or how she treats her boyfriend because to her, it's all HIS fault and it's his fault every single time. I've tried and tried and TRIED to encourage her to get help, more help than she's getting. I've tried to encourage her to try to go inpatient for awhile.",1,relationships,494,97,test,distilbert,1,1,0.015622985,0.984377,-2.0970159,2.0462499
142,"It got to the point that my friend would start going off on me, calling me names, and telling me what a terrible person I was. It was honestly getting too much to deal with. For awhile, I had to block her. I had to remove her from my life. I couldn't deal with the stress and I couldn't be the person they could go to when I was starting to become so mentally drained from the stress of her relationship situation.",1,relationships,414,82,test,distilbert,1,1,0.017057689,0.98294234,-2.0191207,2.034829
143,I am not used to this. I have tried to get as much help as possible and as soon as I am done filling out paper work and get all my affairs in order we have an offer of a place to live (2 hours away).  Every night has been OK. (Uncomfortable sleeping surface) We feel safe where we are staying in our car but tonight it is so windy and it's rocking the car. I am scared. Is it dangerous for us to be in my car in a bad wind storm?,1,homeless,429,93,test,distilbert,1,1,0.013360483,0.98663944,-2.0697176,2.2322857
144,"Hey Redditors, I am looking for advice and suggestions about what I should do with my current living situation. I have lived in my current apartment for 2 years, and took up tenancy after I separated from my ex-husband. He kept our apartment. The apartment I'm living in is comfortable enough, it's mine.",0,assistance,304,53,test,distilbert,0,1,0.98444194,0.015558087,2.0168328,-2.1306612
145,"Our study involves an online survey (approx. 45 mins), which may be accessed at the following link(s) along with more details on our project: FOR PC/LAPTOP USERS: <url> FOR MOBILE USERS: <url> If you are any age above 18, we would like to hear from you even if you are not currently using cannabis, or have not ever tried it in your life.",0,assistance,338,63,test,distilbert,0,1,0.9873863,0.012613703,2.1006787,-2.259599
146,"this was something he did with my mom as well when they were together, just as some sort of weird game, but it's till like kinda invasive, right? there was also a game called try to get out, he'd pin me down or hold me in various positions and i'd have to try to get out. he'd kiss my neck sometimes too even though i didnt really want him to, ""neck kisses"". i'm pretty sure i expressed my discomfort and he was pretty dismissive for at least a while, although it stopped at some point, but i was at least 9 or something and this stuff was still going on. my grandma says he treats me more like a wife than a daughter.",0,survivorsofabuse,618,123,test,distilbert,0,1,0.95639104,0.04360894,1.48368,-1.6042247
147,"I absolutely get along with this family member, it's just that I'm an introvert and have social anxiety, and I just really like my alone time. I am an anxious mess at even the thought of company! I hope I can pull this off without acting like a bitch or a freak. I've asked my husband to be understanding and not make me feel worse or put me on the spot. I worry the house isn't clean enough, what will we eat, etc..",1,anxiety,416,83,test,distilbert,1,1,0.013663877,0.9863361,-2.0716655,2.2075763
148,"I dwell on negativity quite easily and am I easily impressionable to brooding. I tend to express myself intensely to people without realizing it, giving the wrong impression because it's natural for me to be intense, but I am also quite composed and can for the most part be 'chill' but it's just that I only have two parts to me, a 'chill' way of expressing myself, and a passionate/intense way of expressing myself, so I come off the wrong way without realizing it when I think I'm being normal. People say that I'm a great person and easily liked but I don't realize sometimes how my expression and tone may come off, and people naturally give me a benefit of a doubt that I'm just passionate. My jealousy is extreme, and it causes me to be a questioning type but I use subtle ways to get information so it appears as normal a  question because I have attachment issues and fear of loss. There is more to explain but I got to the bare bottom of the issue after realizing these habits.",0,ptsd,987,183,test,distilbert,1,0,0.33761367,0.6623863,-0.3589224,0.3150243
149,"I realized how small nuances subconsciously give me thoughts without me feeding into it. They feed into itself and I watch it do it all on its own, and it causes responses in my body and anxiety without trying. It's almost as is if another person is living in here but what it is, it's all instinctual. The awareness has given me a better grasp on things but it feels like an illness now with this new perspective because it comes over me like one. It's like being drugged and having no control over the effects, and you have no choice but to let it occur, and you fight any urges it gives you, although you may be aware of it happening.",1,ptsd,637,122,test,distilbert,1,1,0.032692187,0.96730775,-1.6807841,1.7065966
150,"But that's it, just okay. Very recently she has become very very self absorbed, cold and not supportive of me and my goals. She's doing her Masters, I try my best with everything that I can for her, she suffers from generalised anxiety disorder so sometimes she can't even go outside so, I try my best to help her in anyway I can. I pay for her books if she needs some because she can't really afford them, if she needs food I help. I say this like I mind and, I don't I really don't.",0,relationships,484,96,test,distilbert,0,1,0.8927185,0.10728149,0.9465865,-1.1722287
151,"It's just us two and it's, really intense. She hugs me, tells me how much she's missed me. Reminisces about our relationship. Tells me how I broke her heart. She tells me about lads she's been with since and it felt like she was comparing them all to me and gets really emotional.",1,relationships,280,53,test,distilbert,0,0,0.96833557,0.03166443,1.611664,-1.8087206
152,"I’m starting to eat far less and constantly poke at my fat, starve, compare myself to other girls and today, I’ve given into regurgitating and that has made me almost lose it. I did mention in a previous post that I have a huge phobia of vomiting, and I see that it’s combatting my body dysmorphia now. I’m at my nerves end. I do have times where I’m calm and collected. Reading a book.",1,relationships,386,74,test,distilbert,1,1,0.018313346,0.9816867,-1.968302,2.01334
153,8) I am not a resident of Nevada or any other state. I have been out of the country for almost 20 years. 11) How can I apply for food from the food bank? I think I will be camping about 60-70 km from the city. I have no problem carrying the food.,0,homeless,246,53,test,distilbert,0,1,0.9584286,0.04157144,1.4937979,-1.6440837
154,"for years i've had this overwhelming sense of doom, this feeling of having been fucked up. i hate to even say this considering he has his own history of csa and physical abuse, but i genuinely wonder about my dad sometimes. there's just this awful feeling that hits me out of nowhere sometimes. i cant breathe and everything is just awful and i feel so sure that something happened. but other times i feel so stupid and evil for even thinking that.",1,ptsd,448,82,test,distilbert,1,1,0.012025523,0.9879745,-2.1598327,2.248793
155,"i experience dissociation. i get this feeling like there;s a pill in my throat. i soemtimes wonder if maybe the reason i struggle so much is beacause something happened to me? but idk. i'm probably just overthinking this the way i do and making something out of nothing, but i've been wondering off and on and pushing these thougths away for a few years.",1,ptsd,354,64,test,distilbert,1,1,0.016398417,0.9836016,-2.0113108,2.0827255
156,"I don't get anxious over things that I know won't happen and i don't get anxious in social situations, but i feel like if i stay with my dad, who right now especially needs someone to be with him, I'll be thrown into an inescapable pit of despair because all I'll do is worry about him. But if I leave, I'll be the loneliest person on the planet, and I'll still worry about him because he's my dad and i really do love him. Not only that, but im a college student who takes 14-16 units a semester and I'll have to start working 30-40 hours to move out and i just feel like i can't do it anymore. I have friends who back me up in everything that i do but some days (like today) its not enough. I just want to be at least at peace with myself but no matter what option i choose i can't even manage that.",1,anxiety,801,162,test,distilbert,1,1,0.012308691,0.9876913,-2.1502483,2.2348163
157,"Title gives the gist of it, the link has a bit more info (apologize for grammar errors, my Aunt started the fundraiser and she is not the best at grammar) please help and/or share. It was in <location>, will probably be able to be verified with news reports later today as it is a very small town. Thank you <url>",0,assistance,313,60,test,distilbert,0,1,0.9859012,0.014098852,2.0396829,-2.20778
158,"I assumed she would answer the question, or she would explore my feelings of inadequacy, or she would interpret the transference. But her response instead was the title ""I am not getting into this with you"". She then went on with how she did like me, thought I was an interesting and nice person. but I do not believe that, it is too unlikely. Besides, as an addendum to her refusal to speak to my question, it seemed false.",0,survivorsofabuse,424,79,test,distilbert,0,1,0.9417129,0.05828708,1.2606564,-1.5216638
159,"Yeah, not so much. I had a minor surgery on my neck today that just used local anesthetic, so I was fully conscious for it. Everything was fine since I'm not squeamish - until I realized they needed to strap me down to make sure I didn't move. It's a delicate procedure; I understood. But I hadn't been in restraints since the medical trauma, and I completely dissociated.",1,ptsd,372,68,test,distilbert,0,0,0.71587795,0.284122,0.48495522,-0.43915084
160,"My mom is a single mom working two shifts every day and she cannot wrangle a full grown man like my brother anymore. So she lets him do what he wants as long as he can pay a small piece of rent. So he works with friends doing god knows what. He's home around 2pm every day and he will always tear apart the fridge looking for food, microwave some gross stuff, then drop the dirty plates in the sink. He makes SUCH A MESS everywhere he goes it's absolutely disgusting.",1,relationships,467,91,test,distilbert,1,1,0.035836615,0.96416336,-1.6429491,1.6493416
161,"I didn't know what to do. I wanted to curse him, hit him, just. I was so angry. When he came to me and my sister's home, he wanted to talk about things with me. I simply told him that I'm not his wife so he doesn't owe me any explanation and that he should just leave.",1,relationships,268,57,test,distilbert,1,1,0.018352367,0.9816476,-2.0080483,1.9714255
162,My 42 yr old sister-in-law died of metastatic breast cancer last night after a 6 year battle. I am trying to raise funds to establish an endowed scholarship in her name through Olivet-Nazarene University in Illinois to help students with interests in music to honor her memory. Why would you consider giving to a stranger? Because maybe cancer has touched YOUR life. Donna was your everyday woman.,0,assistance,397,67,test,distilbert,0,1,0.9826737,0.017326316,1.9626442,-2.0754063
163,"I was laid off work temporarily and the insurance I was getting stopped over a week ago suddenly. I can't get back to work until next Monday earliest. I sold some stuff online locally a few days ago, got more stuff listed but it's not moving and almost all of what I made online went to fee's when I renewed my license plates. I have literally nothing but a few days more of plain rice left. I figured I may as well give this sub a shot.",1,food_pantry,437,87,test,distilbert,1,1,0.031804353,0.9681957,-1.6751553,1.7406757
164,"I had been raped by two different people as a kid. Between ages 5 to 8 I was raped by someone who's name I wont even call out, and when I was eleven I was raped by this odd couple (the guy raped me, the woman just was present while it was happening). I don't know if it's that or that every time I have had a crush on someone, that someone always fall for one of my best friends, but I really feel like I wont be able to have sex unless I am extremely drunk. It's not really about losing my virginity anymore, because it has already been stolen, but it's about not freaking out. How did you guys do it?",1,survivorsofabuse,602,123,test,distilbert,1,1,0.026427867,0.97357213,-1.7768068,1.829746
165,"I developed and was diagnosed with PTSD 5 months later. I was having trouble sleeping (still kind of do), hypervigilant, moody and suicidal at times. I never thought I would make it through...but looking back,I used every single coping skill possible to survive, even if that meant calling crisis every day. I'm not perfect today but I really see the light at the end of the tunnel. I look forward to my future.",0,ptsd,411,73,test,distilbert,0,1,0.64261186,0.35738814,0.29777822,-0.2889402
166,"Hi PTSD forums, Selective mutism has been something i have been afflicted with for 7 years since middle school. It was only in senior year of high school that I began speaking again thanks to the help of a few friends whom i no longer am in contact with and also my football coach/teacher. Now in college however I dread presentations. Often, I would lock down and say one or two sentences and after that say ""i'm done, ill hand it off to my group member"" or I would splurge out incoherent sentences that have no purpose or thought behind them during presentations and people would have a confused look on their faces.",0,ptsd,618,113,test,distilbert,1,0,0.025660995,0.97433907,-1.7477372,1.88905
167,"How do I handle this without looking petty or selfish? ** **Edit: I'm getting a lot of replies telling me that I just need to stop letting her push me around. I know that, and the whole idea behind posting here was to get some advice on how to do just that. I truly appreciate the advice that most of y'all have given me, and will definitely be having a conversation with her letting her know that it's nothing personal against her, I just don't want to have a workout partner at all.",0,relationships,484,93,test,distilbert,1,0,0.32842332,0.6715767,-0.31632367,0.39900124
168,"I don't mind the fact that she goes, I don't even mind if she goes at the same time as me. I just wish she wouldn't make such a big deal out of doing it together. How do I convey this to her without looking like a selfish asshole? **Tl;dr: I prefer to work out by myself for various reasons. My roommate decided to start going with me and is requesting that I make accommodations to my schedule and routine so that she can join me.",1,relationships,431,86,test,distilbert,0,0,0.922863,0.077136956,1.2396898,-1.2422085
169,"I’m fairly new at directly helping the poor. Been creating bags to give out that has food, bandaids, nail clippers, tooth brush and toothpaste, small shampoo and bar of soap, and some items are gender or age specific. But what else would you suggest? I’ve heard of gloves and socks but not sure where to get them cheap and in bulk. I want to create at least 100 bags and do it a few times per year.",0,homeless,398,77,test,distilbert,0,1,0.98611766,0.013882345,2.0434272,-2.2197306
170,"After getting startled, I have this thing where I'm really angry and defensive for 30-120 minutes afterwards. I can put myself in the most calm of situations, but the duration of this seems to be somewhat independent of my environment. I'm guessing this is because my PTSD brain does not respond well to stress hormones? Sometimes I try to push through it and just go about my day anyway, but it's usually counter-productive. I'd like to train my service dog to alert to the physiological change.",0,ptsd,496,86,test,distilbert,1,0,0.0166645,0.9833355,-2.0143826,2.063287
171,"I've been assured this last repair will fix everything, however it won't be out of the shop until late next week. I'm $200 short on rent. I have money from a TSP coming to me, however I just sent in the paperwork today, and it usually takes about 2 weeks for the money to get to me (especially with the holiday). I will be able to repay this $200 in about 2 weeks, and have no problem paying interest. I live in Philadelphia, PA.",0,assistance,429,84,test,distilbert,0,1,0.7640992,0.23590076,0.59490424,-0.58038217
172,"This question is not meant to be disrespectful in any way, shape, or form to people who 1) are actually diagnosed autistic, or 2) are in no way autistic, but just suffer from severe social anxieties. This is just about my experience and people who may relate. So, throughout my life, I sometimes struggled with the feeling that there is something ""different"" about myself. A lot of the time I've convinced myself it was just because of low self-esteem, paranoia, or a desire to have some type of diagnosis that would help ""solve"" or explain my awkwardness or social issues. People warn me not to jump to conclusions and it's easy to self-diagnose online in this day and age.",0,anxiety,674,119,test,distilbert,1,0,0.26202795,0.737972,-0.4507191,0.5847357
173,Maybe anyone with a history of abuse or trauma can tell me if there are particular things to be sensitive to here: I tried to be supportive but obviously failed in the end here. She's talking about wanting to divorce me. We're looking into couples therapy. I really appreciate any insight or advice. **TLDR**: Wife is working on an art piece that is important for her career in the arts non-profit world.,1,relationships,404,72,test,distilbert,0,0,0.9852212,0.014778811,2.0315735,-2.1680982
174,"He is our little angel and we are both gaga for him, but money has been extraordinary tight, adjusting to parent life and sleep deprivation has been tough for both of us. We were fighting and bickering a bit for the first time in his first months of life, but I figured that was normal for new parents. I work in the financial industry for a modest income (working hard currently to get to the next level where I'll make substantially more) and she works for an arts-based nonprofit. I have no particular attachment to the financial industry, it's just been a way to pay the bills and I find it interesting enough. She's a passionate artist though, always knew she wanted to be one, and it's really important to her.",1,relationships,716,131,test,distilbert,0,0,0.9848653,0.015134636,2.0008862,-2.1746328
175,"We met about 2.5 years ago, both somewhat fresh off our respective divorces. I felt we had a real connection, we fell for each other hard, dated (eventually lived together) for a little less than a year before she got pregnant. We were both really happy as we had both talked about wanting children - at the time we got pregnant we were ""not NOT trying,"" we had definitely had many conversations and were both on board and happy to have a child together. We felt we had met our true love in each other. Things have been rough since the birth of our son.",1,relationships,553,105,test,distilbert,0,0,0.979035,0.020964975,1.8490301,-1.9946842
176,"She was soon Baker Acted, and spent a week in a mental hospital before she convinced her parents to somehow get her out. A few weeks later she begged me to take her back and see how much she had changed, and I did. She's on medication now and still seeing a therapist occasionally. However, after a few months things reverted back to how they were before, minus the suicide threats. Fast forward to the present.",0,relationships,411,76,test,distilbert,0,1,0.9851553,0.014844754,2.0334885,-2.1616642
177,"Due to recent medical issues of mine (I was hospitalized for anorexia), we had to pay 1,000 dollars for my hospital bills. We paid our bills due to help from a relative, but now we have nothing left. My mom is sick and can't work, my brother is mentally disabled, as is my sister. I feel defeated, I don't want to beg, but I have no options left. Any help would be appreciated (We have been to our food bank, but four people consume a lot of food.",1,food_pantry,447,88,test,distilbert,1,1,0.01554467,0.98445535,-2.032903,2.1154678
178,"Hey guys, how are you? So, I've been diagnosed with anxiety disorder for 6 years now, though I know I've had it for more than ten years, I just didn't know it was an anxiety issue. I'm a 30 years old straight dude who started struggling with anxiety when I started to think I was gay (now I know this thing is called HOCD, but at the time I even came out as bisexual to my mother). After I went to therapy hoping to accept my sexuality, I discovered my problem wasn't self acceptance but an anxiety disorder, so that made sense, because I came out as bisexual even though I don't feel attracted to men. I thought I was burying my desires or something like that.",0,anxiety,661,127,test,distilbert,0,1,0.8133042,0.18669581,0.7281621,-0.74346256
179,"I get that three mistakes in a row is nothing new, I've seen coworkers make that many in a day. I just can't shake the very strong feeling that this person may not be a safe person to be around and I have no idea if that is a helpful gut feeling or if it's a weird and new manifestation of the PTSD (I've never had this issue before, previously people only triggered my ptsd when refusing to let me leave or when being quite physically aggressive) Obviously I am going to talk to the PTSD counselor about this to see what they think but I have to decide about this appointment by first thing tomorrow (13.5 hours from posting) whether to trust them enough to keep the appointment, or to cancel it for now so I don't risk getting kicked out from appointment mixups. I'd try in a new city in a couple months when I have a stable living situation. Is there a way to gauge if someone is unsafe or if I'm paranoid?",1,survivorsofabuse,909,176,test,distilbert,1,1,0.0105365105,0.98946345,-2.2312639,2.3110526
180,"My PTSD was starting to flare up (due to potentially having to go back into the traumatizing situation) and I asked for assistance finding low cost therapy for that in my city and I was given an address to go to for that, as well as a program name for my physical disability. I went to the place about the therapy immediately, I also asked about the program which they had never heard of. I googled it and it says that that specific program is for a very different demographic living in group homes. I was confused but accidents happen with names changing all the time in government programs and such. When I went to my follow up appointment with the social work place, the front desk lady said I didn't have an appointment.",1,survivorsofabuse,724,134,test,distilbert,1,1,0.16104947,0.8389506,-0.74446106,0.9059791
181,"For instance, there was a show on netflix that I thought would be fun to watch together, but she said she couldn't because she used to watch it with her ex and it reminds her of him. Like, are you even over him? She constantly compares me to her ex's in subtle (maybe not subtle) ways, like ""[ex] used to do this thing you do, and you know how I feel about that."" I'm not your ex, I don't think it's fair of you to compare me to him like that all the time. She says she's ""not used to being single,"" it kind of makes me feel like she's using me to get reassurance and validation.",1,relationships,579,117,test,distilbert,0,0,0.9698476,0.030152304,1.6591206,-1.8117571
182,I’ve tried to reason with him and tell him I love him and there is no reason for him to beat me and he says that he knows I love him and I should see that he loves me too but I don’t listen to him and not listening to him will cause me to lose everything. The physical abuse really has damaged me mentally and lowered my self esteem. I’ve been super depressed and I’m scared for what I’ll do to myself if I don’t get out or if I do get out of this  and have to live a life without him . We have a 3 month old daughter and he is in love with her. When he beats me I hate him but seeing him with my daughter makes my heart melt.,1,domesticviolence,626,136,test,distilbert,1,1,0.011653762,0.98834616,-2.1886284,2.2517755
183,"I may try a new medication. Antidepressants were ok but kind of turned into an unfeeling zombie, which wasn’t good either. It’s hard to describe, but the vigilance goes beyond traditional anxiety and it can be embarrassing. I don’t like it if it affects the mood of others around me, or even makes people want to stay away. Has anyone had luck with medication that soothes you enough, without making you groggy or disconnected?",1,ptsd,427,74,test,distilbert,1,1,0.41820905,0.5817909,-0.12699217,0.20313759
184,"He would refuse to kiss me or touch me because I was a contaminant and he would obsess about how clean and lovely Japanese idols are, etc. He would often say to me that if he ever met an Asian woman he would dump me immediately. The sexual requirements were a very stringent hygiene ritual, followed with putting on one of his idol videos and I would dress as whatever the girl was wearing such as a maid costume or whatever. He would keep his eyes on the screen while I basically gave him a blow job. Very rarely he would have sex with me, I suppose because it would mean having to look at me more than the screen, so he'd prefer just a blow job.",0,survivorsofabuse,647,127,test,distilbert,0,1,0.9709937,0.029006243,1.6879022,-1.8229067
185,"Hi, I'm sorry if this doesn't fit here as I'm new to Reddit. I originally posted this in relationships advice but it was taken down due to the mention of abuse. The original post went like this: I met my exBF online when I was 13, he was 18, almost 19 at the time. To cut it short, he groomed me into accepting abusive behaviour from him which carried on when we moved in together when we were 20 and 25.",0,survivorsofabuse,404,81,test,distilbert,0,1,0.9803884,0.019611606,1.9022179,-2.0096095
186,"I recognise that he was not very nice but I can't get him out of my mind, I crave his attention and just wish he would want me. I know this is not healthy and good for me, but it is how I feel. I feel like I need him to tell me why he stopped loving me and what's wrong with me so I can change, but ultimately he's just not interested and I shouldn't really respect the opinion of an arsehole anyway! So I'm feeling very lost and still isolated. As I said, I seem to gravitate towards people who are not good for me and I have ended friendships recently which were obviously toxic for me.",1,survivorsofabuse,588,119,test,distilbert,1,1,0.015678331,0.9843217,-2.0302188,2.1094542
187,"So I've had PTSD a few years now, coming up on a decade as of December 2018, and in the last year or so I've undergone a lot of change, for the best. I figured since I've found these things to be very important in my fight against this, that I'd share them here. First thing first is to mention therapy. You've got to do it, and it's going to fucking hurt. Medication is also important if you need it.",0,ptsd,401,80,test,distilbert,1,0,0.09933122,0.90066874,-1.102235,1.1024427
188,I’m asking now because my partner told me to eat a chicken schnitzel Parma instead of my ham and cheese sandwich. I freaked out. I almost had a full-on fight with him because I didn’t want to. Felt like I couldn’t. I almost broke down into tears.,1,anxiety,246,47,test,distilbert,1,1,0.017081179,0.98291886,-2.0067003,2.045849
189,"Hi all. I recently moved to another country and it pretty much cost everything to get set up here. My roommate just moved out to start a new chapter with their significant other, taking pretty much all the furniture with them and naturally, rent has gone up. I'm wiped out until the 17th. I, my wife and daughter would appreciate any help to tide us over.",0,food_pantry,355,66,test,distilbert,1,0,0.025492107,0.9745079,-1.7447958,1.898768
190,"I was so sure that tattooing was the career I wanted to get into but after completing the apprenticeship and even working as a tattoo artist AND piercer for about a year, I find myself still fucking miserable. Maybe even worse than before. The first tattoo shop I worked for was great but I had to move and I struggled finding another shop like that one. The owner of the last shop I worked in was just a total fucking asshole and treated me like dirt. There's a lot more detail with that story but to make it short, the entire experience made me terrified of going into tattoo shops now.",1,anxiety,588,111,test,distilbert,1,1,0.014022897,0.98597705,-2.137132,2.1158097
191,"He doesn't let me have any friends i have one from highschool and he's been trying to get me to stop talking to her. saying she just has bad intentions and isnt a true friend but i know diff shes a good person. She recently asked me to start going to the gym with her and i said yes at first, but i told my husband and he flipped. Then he goes you dont need to and all this other stuff but right befour i told him he grabs my fat and says jiggle jiggle...Which just tells me.. you need to lose some weight which i do, I know ive gained alot since having our son...Or yesterday i was craving chips and i told him i was going to the store to get some things and he says.. No! go run around the house.. and continues on what hes doing.",1,domesticviolence,732,150,test,distilbert,0,0,0.7675856,0.23241445,0.51817,-0.6765578
192,"I feel like the trust I worked so hard to build and the work I put in improving myself by going to therapy, dealing with the anger and the fact I was quick to be violent (old habits die hard...), dealing with and accepting the fact I've also got ADHD and autism, becoming a better man and not following in the footsteps of my dad is just... gone. Destroyed. Utterly fucked. I feel betrayed and completely alone because she was the only person I trusted on this entire planet. I can't even look at her even 4 days later and I've barely spoken to her since.",1,ptsd,555,106,test,distilbert,1,1,0.012271143,0.98772883,-2.185065,2.2030928
193,"I am called back as a few secondary characters in a play with plenty leads and these character have one line each and sometimes no lines at all so I’m basically ensemble again. To top that off I got called back as the same four characters that like 13 girls are going to compete for and one of them is a new girl in school that this was her first audition. I’m a bit jealous and I know I shouldn’t be but I’m not jealous that the new girl got in, it’s a mix of jealousy and disappointment and dissatisfaction in myself. Plus these two guys that I might have a slight crush on are called back for main characters that kiss the leads in the play so I’m a bit mad about that too. Sorry for ranting so much and I might sound like a bitch but I just need some place to rant and this felt like the best place for it since I’m so stressed and mad at myself about this.",1,stress,861,174,test,distilbert,1,1,0.014338957,0.98566103,-2.0486178,2.1817143
194,"This lead to a series of tests which basically showed that he had developmental issues and as he only ever eats junk food and soda showed that hes pretty much decaying. He has some memory issues now and can't really be trusted to live on his own like he could but he'd need a care taker to come in once a week to make sure he's eating, hasn't burned the house down, etc. Anyways I bring this up because at this time in life I was praying to God to kill him or to at least get him out of our lives so I took this incident as either A)Gods way of making me eat my words or B)This was the answer to my prayers as he technically is dying by grdual decay.....slowly",0,survivorsofabuse,660,133,test,distilbert,0,1,0.8922965,0.10770353,1.0670263,-1.0473899
195,"We've funnelled about 4k into saving our dog's life. As you can see- we haven't gotten that in donations, but what we've gotten has really saved our asses. I found out my dog had a 'treatable' disease right after graduating from college. The college debt was already a burden, and after my partner got laid off- the panic set in that we would have to put my best friend down. He's too young for this, and has been too good to us.",1,assistance,429,82,test,distilbert,0,0,0.94036394,0.059636045,1.3962815,-1.3617253
196,"I went through sexual assault less than a year ago and I still find I have flashbacks, I get anxious over it. I don’t tell many people this. I told one friend and a few days ago we got into an argument and he ended up saying that it was my fault it happened. I haven’t talked to him since and I’ve deleted his number, but he keeps messaging me as if nothing happened. Am I being irrational in ignoring him for this or is he just an asshole?",1,ptsd,440,89,test,distilbert,1,1,0.011643332,0.98835665,-2.186032,2.255278
197,"I’m  asking yall how can I live life properly? Immediately after I threw up  in year 2, I never feared it happening again. I admit when this happened  I was in tears, and same in year 3- I was crying next to my mum by the  toilet but it was over quick and again- I was eating chocolate again the  day after. But now, nausea? Stop eating for the day.",0,anxiety,349,70,test,distilbert,1,0,0.052287914,0.94771206,-1.3939314,1.5033542
198,"I set up this go fund me page today after learning about the tragic accident that changed my friend and his family's lives forever. Tyson owns his own construction business where he and 2 others work. Last week one of his coworkers died of heat stroke in Tyson's front yard. Saturday June 2, 2018 Tyson was in a car accident where he rolled his vehicle and was ejected. He has over 20 broken/fractured bones and internal bleeding.",0,assistance,430,77,test,distilbert,0,1,0.9704823,0.02951774,1.6813883,-1.8114133
199,"I'm sorry if I didn't post this in the right place and such, it'd be really comforting if someone had this as well and told me about it. edit: another way to describe it may be a million thoughts at once. it's really irritable. It's not like I'm thinking ""what if"" as I have seen many people describe, it's just random things, imagine 100 TV channels playing at once and you know what none of them are about or to do with you. It's also very sudden, like an attack.",0,anxiety,465,90,test,distilbert,1,0,0.052331705,0.94766825,-1.4380178,1.4583843
200,"I see her as a distressed and confused, hurting person. In part, this was out of my hands. They filed on my behalf. But the guilt of all this will do to her is hard to deal with. I'll keep breathing and moving forward.",1,survivorsofabuse,218,44,test,distilbert,1,1,0.0546211,0.9453789,-1.3660233,1.4851422
201,"My mood has been worse because it’s so fucking hot in the uk and I feel sticky and gross 24/7 unless I’m in the shower. Maybe dehydration is the reason behind my depressed anxious feeling? I really thought the meds were helping me before this so I don’t want to give up on them....but I don’t know what to expect right now. Sorry for going on too much, advice would be amazing right now. ❤️",1,anxiety,390,75,test,distilbert,1,1,0.011922655,0.9880774,-2.1873486,2.2299721
202,"This has only started in the last few days. My mood has been worse because it’s so fucking hot in the uk and I feel sticky and gross 24/7 unless I’m in the shower. Maybe dehydration is the reason behind my depressed anxious feeling? I really thought the meds were helping me before this so I don’t want to give up on them....but I don’t know what to expect right now. Sorry for going on too much, advice would be amazing right now.",1,anxiety,431,83,test,distilbert,1,1,0.012138047,0.987862,-2.1775792,2.221619
203,"Hold on, this is going to be a long one folks. I met Alex at work about a year ago. We collaborated on few projects being in similar roles but never worked directly on the same team. When I first met him, I wasn't romantically interested in him. I was in a relationship and I knew the age difference and it was just not something that would be on my radar.",0,relationships,356,71,test,distilbert,0,1,0.983267,0.016732953,1.9476429,-2.1258578
204,"The second half of a song called Monsters, by the band NOFX. A favorite of mine, it seems appropriate. I never had the guts to do it. But God how I wanted to run off. God give me strength",0,ptsd,187,39,test,distilbert,0,1,0.9416226,0.058377393,1.3765444,-1.4041317
205,If I am to survive I must defy him I'm leaving this behind I'll go so far away He'll never find me I know that I'm Making that the last time,0,ptsd,140,31,test,distilbert,1,0,0.015010518,0.9849895,-2.0901158,2.0937643
206,"But Kim Jong Un has already fired more missile than his dad and grandpa combined. How worried do I need to be on the East Coast of the USA? I'm trying to calm down with breathing exercises and busting my mind with Netflix. It's helping a bit, but I'm really on edge. I've got an appointment with my doctor next week, so I'm hoping maybe a higher dose of medicine can help.",1,anxiety,372,72,test,distilbert,1,1,0.03760097,0.96239907,-1.5500933,1.6923058
207,"At the end of the night he literally dragged her to the end and caught a cab home by themselves. I didn’t think of anything as he was telling me that she would act up sometimes. But this time it was something different. My gf started crying all the way home, telling me how she told her that my friend “S” beats her. It took me a while to realize what she was telling me.",1,domesticviolence,371,75,test,distilbert,1,1,0.32305014,0.67694986,-0.3527324,0.3870572
208,"The first two times I had done these psychedelics I was mostly alone, the last one however was with my friends. So me and two of my closest friends (let's call them Joseph and Andy) took our tabs in a pretty comfortable setting (as has been suggested by most who have taken these drugs). It was at Joseph's apartment. About an hour later Andy has definitely been hit the strongest with him being the most talkative and I the least. The visuals were amazing as usual and the sound is also distorted as usual.",0,ptsd,507,94,test,distilbert,0,1,0.98019445,0.019805541,1.8654184,-2.0363708
209,"This weekend was terrible, and I guess I wanted to talk about it. Even before this I've been a bit detached and increasingly jumpy. Any sudden sounds or movements I don't expect make me jump. Sometimes I startle so hard I actually pull a shoulder muscle. This weekend though just was worse than usual...",1,ptsd,303,54,test,distilbert,1,1,0.01770874,0.9822912,-1.9638233,2.0520062
210,"This may be a ridiculous question, but I feel like I go to pee way to many times more than average and It's starting to make me insane. I wanted to get this out of my mind. I think it may be a psychological problem, like an anxiety ""symptom"". Because when I'm at home for an entire day, it's fine. But when I'm in school or in any other public place I get that thought: ""What if I suddenly have to go while I'm doing an exam?""",1,anxiety,426,87,test,distilbert,1,1,0.014522294,0.9854777,-2.0679514,2.14949
211,"I asked for nothing but a declaration (a document detailing finances) from the divorce. He stole from me. I asked for nothing but restitution. He fought, forced me to hire a lawyer (more money), dragged out the case, and led to have alimony imposed upon if he failed to make restitution. He still failed to even honestly attempt to make restitution.",1,assistance,349,61,test,distilbert,1,1,0.36640897,0.633591,-0.19973172,0.34792176
212,"At the very least, I need help keeping the RV running so that I can get food at least, keep going to the doctor to see if I can get well enough to work again. And if i end up filing for bankruptcy and lose my home (as might happen in the next month or two, to be honest), I'll need it to sleep in. So if anyone to help out even a little bit with this $575, I could really use it. Thank you! Update:",0,assistance,398,86,test,distilbert,0,1,0.94415337,0.055846646,1.4699531,-1.357726
213,"Hey guys. This post is primarily obsession and compulsion orientated. I did want to post in the OCD sr but it’s pretty quiet in there. I’m a 19 year old male from the UK and in terms of my anxiety, this has truly been the worst year of my life. My most common obsession theme throughout my life has been to do with my health but for the last two years I have been dominated by intrusive thoughts about being a homosexual when I’m not and being a pedophile.",1,anxiety,456,89,test,distilbert,1,1,0.02361193,0.9763881,-1.8417859,1.8803222
214,"If you don't, find one. It helps so much and may be the only way I have gotten this far. I think it is just so scary because there is nothing that feels like this isn't just how life is from now on. I feel like I fight every day just to be able to be this crappy shadow of the guy I used to be. I feel like there is nothing to look forward to, and all I have is just trying to fail at everything in the least humiliating way that I can.",1,ptsd,436,95,test,distilbert,1,1,0.012058823,0.9879412,-2.204145,2.2016819
215,"I’m not afraid of this guy, at all, and I have no idea what brought this reaction on, but I’m humiliated and feel terrible. I kept telling him I was so sorry but I just felt like an idiot, and I didn’t want to get into my past because it gets heavy. I just feel like I will never be normal again, I don’t know if I should talk about it, I’m frustrated. Any advice? I feel damaged.",1,domesticviolence,380,78,test,distilbert,1,1,0.012604263,0.9873957,-2.152467,2.2085688
216,"I sent a respectful email to my primary psychiatrist explaining my thoughts on how it was inappropriate to have Paterno's picture prominently displayed. Am I fucked up in the head for thinking this wrong? In the past, I had a mild traumatic brain injury. Sometimes I over react. 24 hours post appointment, I'm still bitter about the Paterno pics.",0,survivorsofabuse,346,59,test,distilbert,1,0,0.014870954,0.985129,-2.0759742,2.1173885
217,"In a day I went from broke and facing a dark, foreclosed home with no utilities to having enough money to totally catch up on all my bills. Then I had an appointment with my psychiatrist and case worker at the clinic I go to. I shamefully told the doctor there that I had been out of control, off meds, binging on alcohol and not following advice. She explained that it was not surprising for someone with my condition to lose control with all the stress I was facing. She increased my prozac dose and made appointments to follow up and see a therapist and reassured me about many things.",0,anxiety,588,110,test,distilbert,1,0,0.03744667,0.9625533,-1.6055964,1.6410754
218,"So I had to look for work again. She gave me hell the entire time. I just found another job at the end of February, but my start date wouldn't be till near the end of march. That wasn't good enough for her (as if I set the start date), so she breaks up with me, and kicks me out. Now I'm fucked, because I have work.",1,homeless,316,67,test,distilbert,1,1,0.017947238,0.98205274,-2.0209591,1.9812495
219,"It was a higher amount previously, but I've been figuring things out each day to get by. At this point I may have exhausted all options. I can repay the money along with some interest once I get paid. Although I'd love to split that between this pay and next months if possible. If not, that's ok too.",0,assistance,301,58,test,distilbert,0,1,0.9596374,0.040362597,1.5356078,-1.6330442
220,"I really need to get this off my chest because I don't feel like anyone I can talk to in ""real life"" right now is going to understand (I am seeing friends Wednesday though). I had a horrible weekend. Boyfriend and I want to move next year. This weekend we visited a city we were thinking about moving to and we **hated** it. I was so discouraged and feeling so vulnerable by the whole thing.",1,ptsd,391,75,test,distilbert,1,1,0.01280828,0.9871917,-2.167746,2.177026
221,"The news is always problematic for folks with PTSD, but it just feels so much worse lately. I am not one to regularly get triggered by the news, but this weekend just was too much. I just felt like I was swept into this gigantic downward spiral. I really want to go clean up my room and get some food ready for tomorrow (the work week) (AKA do some ""adulating"") but I am so exasperated, exhausted, and burnt out that I just can't. And that is going to make the week even worse.",1,ptsd,477,93,test,distilbert,1,1,0.012806521,0.9871934,-2.1346762,2.2102354
222,But she then came out of the bathroom a second time and attached me saying she was going to fucking kill me and started choking me. I did push her back against bathroom door just to restrain her. Not to hit her Just to try to figure out what was going on. It was the 3rd time i was attacked in 24 hours. I was scared.,1,domesticviolence,317,66,test,distilbert,1,1,0.026177624,0.97382236,-1.8500533,1.7662705
223,The online therapist who was helping me through by depressive anxiety disorder ghosted on me without furnishing a reason. What's worse is I spent a majority of my waking time in the office and I feel so alone and out of place there. I would love to have somebody I can trust but theres always something. Ugh can't keep doing this. I've not been getting sleep over this feeling.,1,anxiety,377,69,test,distilbert,1,1,0.011530252,0.9884697,-2.1879804,2.2632034
224,"But yeah, I was afraid and dumb and feeling vulnerable when I wrote it. So thanks to you guys for calming me, and sharing your own stories (really helped alot). tldr : I was sooper stoopid, but me and my dad are still cool. But thank you to everyone who calmed me down on here when I posted. It meant alot.",0,relationships,306,61,test,distilbert,0,1,0.9616692,0.038330805,1.5711883,-1.6512283
225,"Now they didn't know about HF autism then but the signs were there. Bullied in school and at home, I just shut down at about age 10. Went to school ,went home , didn't talk to anybody. The schools noticed. Parents were duly notified but nothing was done.",1,survivorsofabuse,254,48,test,distilbert,1,1,0.2816543,0.71834564,-0.41836545,0.517905
226,"Hello everyone, A very close friend of mine was in an accident a few years ago and deals with PTSD. He has horrific nightmares that wake him up and keep him in a state of fright. We live in separate provinces, so when he does have his dreams it is difficult to comfort him. Each time he calls, and I struggle with what to say on the phone.",0,ptsd,339,68,test,distilbert,1,0,0.022106223,0.9778938,-1.8444316,1.9451103
227,"First things first, this may contain triggers for several different types of abuse. If this is no the right place for this post, by all means get rid of it, last thing I want to do is cause trouble for others. I'll refer to my wife as M Some background: My wife's parents immigrated from the Soviet Union in the 80s with her brother, wife was born in the early 90s. Obviously life followed a different set of rules in the USSR, and that's bound to be a difficult thing to adjust to.",0,survivorsofabuse,482,93,test,distilbert,1,0,0.26484337,0.73515666,-0.45817122,0.5627738
228,"I'm just so tired of everything. I want my life back, I want to travel and get a degree or just a job. I am coping now because I started drinking heavy, I know it's not the best thing but it keeps me calm for now. I just don't know what to do anymore to be honest. Festival season is starting next week and all my friends are excited to go and see the bands.",1,anxiety,358,75,test,distilbert,1,1,0.01230861,0.98769134,-2.1808708,2.2042005
229,"I have tried every basic medicine like Prozac, Zoloft, etc. right now I take 15 of Buspar twice a day, Effexor 150 once, and 30 of Vyanse twice a day. I can’t get out of bed or do anything without Vyvanse even though it lasts maybe 5 hours. Ican sorta tell a difference from the Effexor, like I don’t feel as emotional. But I still experience severe anxiety almost every day and it does nothing to help my panic attacks.",1,anxiety,420,80,test,distilbert,1,1,0.014804168,0.9851959,-2.0726418,2.12529
230,"I wrote a 4000-word short story on depression to bring awareness. I need around 10-15 people to answer the questionnaire. If you guys could answer it, show it to maybe somebody or tell me somehwhere I could post it to get more people to read and answer, that would be so great. <url> (This is the questionnaire, and a link to the story can be found inside)",0,assistance,356,67,test,distilbert,0,1,0.98706484,0.012935136,2.0728717,-2.2619164
231,"(although i’m scared it’ll change me) TL;DR: I suffer from mental illness, and am leaving a relationship with my girlfriend. This is hard for me because she was the best and only friend I had and i’m in a very bad spot physically right now so i’m very isolated and lonely and in an unsafe place with my abusive father. I need to find someone to talk to because i’m hearing voices from an inanimate object and am becoming inseparable to it. how do I make friends whilst having my anxiety?",1,ptsd,487,91,test,distilbert,1,1,0.011752395,0.9882476,-2.1861145,2.2457616
232,Some anxiety may come from other areas such as physical etc.This can help to. Do you think most people in the court would agree that not bullying people because of there looks is good? That people don't deserve discrimination? I do. Well put that on your sheet and you can be more confident in yourself.,0,anxiety,303,55,test,distilbert,0,1,0.9788986,0.021101428,1.8611126,-1.9759748
233,"Read from your sheet and you will be accepted by others effortlessly. This also starts the beginning of you allowing yourself to be yourself. Do you believe strongly about animal rights ? Brilliant that would go down pretty well in the court? Sounds commendable, put it on your sheet and read from it.",0,anxiety,301,53,test,distilbert,0,1,0.9877193,0.012280764,2.0695877,-2.317777
234,"I'm 20, and just got kicked out of my grandmother's house spur of the moment. No idea why, she refuses to tell me, just started throwing things at me and told me ""It's not safe for me to be there."" I do still have my car, and I have a job so I can afford it. My question is how legal is it to do so? It's a small car, and I'm 6'8, so I doubt I'll get much sleep anyways, but if I do, I wouldn't want to get woken up by police telling me to move, or worse, getting impounded or something.",1,homeless,487,104,test,distilbert,1,1,0.030701566,0.9692984,-1.6744794,1.7777795
235,"I feel so overwhelmed, I am excited as hell, and twice as much anxious. Any one else experience this before a big dream job or something?? How did you, if you did , beat out anxiety? ? luckily I haven't had a panic attack because I know how to keep myself at bay... but I am on the edge of my seat 24/7...",1,anxiety,305,63,test,distilbert,1,1,0.019516477,0.98048353,-1.8779291,2.0388575
236,"New to this sub. Here is some background information about myself. ------------------------- I developed anxiety in my freshman year or high school. The traumatizing event happened when I was young, but an event when I was older triggered memories and sensations, and from then on I have dealt with axiety and panic attacks.",1,anxiety,324,53,test,distilbert,1,1,0.16399896,0.836001,-0.7216033,0.9071665
237,"While presenting today, I had absoluly no flight-or-flight panic even when in an confrontational, adversarial discussion about sports or politics. I've always gotten a little flustered during these types of conversations in the past. I'm even witty at times. Please do give this supplement a try. Best of luck.",0,anxiety,310,49,test,distilbert,0,1,0.9781423,0.021857705,1.8135043,-1.9875973
238,"I have a minimum wage job here in town but there are no places for rent anywhere near me with reasonable prices that I could afford. I don't have a car or a license(and don't know how to drive even if I could get one fast), so I pretty much need to live close to where I work. I've been reaching out for potential roommates but the only person I know who's be interested can't move on a short notice and can't afford it till his car gets out of the shop. I also don't want to leave this job because despite it being minimum wage it's actually getting me experience for my career path. So I'm trying to think of what I can really do.",1,almosthomeless,632,126,test,distilbert,1,1,0.015269645,0.98473036,-2.0615003,2.1050007
239,"She's the first person I've ever really opened up to. I haven't told her everything about whats happened, but she does know about my anxiety (which I get from my PTSD) and she reacts sportively to it. To some extent, I let me be ""myself"" around her, whatever I am. She's moving. She's moving to Maryland.",1,ptsd,304,56,test,distilbert,0,0,0.981482,0.018518023,1.8984581,-2.071861
240,"If so, what methods have been most helpful? What changes in your relationship with your body have you noticed that have made the biggest difference? Has this method of therapy made it easier to keep triggers at bay or at least more manageable? Have there been any negative experiences with somatic therapy and if so what has been the most challenging part of it? Thank you for taking the time to read this post, I look forward to reading your responses.",0,ptsd,453,81,test,distilbert,0,1,0.98327935,0.016720612,1.9326407,-2.1416104
241,"I feel like I am just being written off because of my diagnosis before anyone even tries to look into it and see if anything else might be at play. I'd just as soon not say anything about my PTSD to be taken seriously, but it appears in my medical records. Or when I list my medications as required, Drs usually ask me what the meds are treating and it comes up then. Has anyone else had this experience? What has worked for you to be taken seriously?",0,ptsd,451,88,test,distilbert,1,0,0.01452314,0.9854769,-2.0870435,2.130339
242,"I can't guarantee that I will never change my mind, but I've never dreamt of happily ever after, I don't really believe in eternal love and soulmates and all this stuff so I guess it's not really likely. I'm not asexual or aromantic, I love sex and I love him in a non-platonic way, I just can't compromise on that kind of thing, I wouldn't even know how to do it. I could meet his family, pretend to like them, pretend to bond with them and pretend to care, but that's really just lying to make him happy. I've tried it before and it makes me hating myself and them. I've always told him the the truth about the level of commitment I'm comfortable with, but nevertheless I feel like I'm leading him on.",0,relationships,703,134,test,distilbert,1,0,0.012843322,0.9871567,-2.1634734,2.1785316
243,"I already know more or less how i want the video to be, but i could use some help editing the video and tips for shooting it. The location is Helsinki, Finland. Would be ideal if someone with experience would reach out, perfect if he/she live nearby or we can make it work online. This is my first ever reddit post, hope to feel your love * <url>",0,assistance,346,68,test,distilbert,0,1,0.9864411,0.013558928,2.0751007,-2.2119577
244,"If  you wish to contribute to the academic research and have 10 spare  minutes please participate in our online experiment.This   is a survey  that includes a short video, so please make sure you have   audio/video  on. More information on the video content is included in  the  informed  consent. Please read it carefully prior to taking the  survey.The  results of the study will be included in academic publication and a PhD  thesis.If you can help us, simply follow the link: <url> We are looking forward to your responses.",0,assistance,527,87,test,distilbert,0,1,0.9873246,0.012675436,2.092198,-2.263135
245,"Will I ever like it? I feel like a fucking rejected piece of society with my son being the only purpose of my life (which I love every single second of being his mother) I need help. I don't know what to do, I've tried therapy and it hasn't helped in the slightest. I honestly can't even afford it anymore. I'm also hesitant to try medication because I'm still nursing.",1,ptsd,369,70,test,distilbert,1,1,0.011004282,0.9889957,-2.235531,2.2628744
246,"I have been suffering from anxiety and panic attacks since I was a teenager. I have been to the ER more times than I can count cause I thought I was dying. For the longest time I thought that I was the only person who this was happening to, until I met a girl who was going through it too. It felt good knowing I wasn't alone but I still was in the dark and scared. As time went on I met more people who were going through the same thing and it really helped to have some one to talk to who knew what it was like.",0,anxiety,513,108,test,distilbert,1,0,0.019820133,0.9801799,-1.9041201,1.9969178
247,And I'm feeling continuously happy for the first time in a long time. But I'm pretty sure it seems crazy to anyone watching. In short: Has anyone recovered from trauma and felt this way? Has anyone developed schizophrenia or a bipolar disorder and felt this way? Is it okay to accept this?,0,ptsd,289,52,test,distilbert,0,1,0.9405312,0.05946883,1.3845309,-1.3764615
248,"She and I are gamers, and we both play similar games together often. It was a part of our bond. However, looking back, her relationship to the game was extremely obsessive. Moreso than anything I've seen. She literally did nothing but play that game in the weeks leading-up to the assault.",0,ptsd,289,51,test,distilbert,0,1,0.96751636,0.03248362,1.5414174,-1.8525791
249,"He got off of me, and went into the other room. I laid on his couch trying to breathe while crying. Eventually I got up and started heading towards the door. T started putting his shoes on and said why don’t we go for a little walk. I told him to stay the fuck away from me and I ran out of his door and down the street.",1,domesticviolence,320,68,test,distilbert,1,1,0.22576284,0.77423716,-0.61018026,0.6222129
250,"Asked her for help. She said ""come for dinner"". She's not that good of a cook. I don't talk to her anymore. I don't care anymore.",0,homeless,129,26,test,distilbert,1,0,0.2209096,0.7790904,-0.65091,0.60946363
251,~~1. Money card~~ (Work has a paycard option!) 2. Phone plan. 3.,0,homeless,64,12,test,distilbert,0,1,0.98090416,0.01909581,1.8935374,-2.0454686
252,"Don’t worry there are 3 police cases “in process.” But it is very sad how hard you have to fight to get REAL advocacy from the police for domestic violence, even with all the evidence in the world and they just drag their feet. I mean the violent incident with the gun happened almost a year ago! Where is the JUSTICE in this system of ours?! I hope to find some soon, starting with Wednesday. But I’m JUST SO SCARED to have to see him again!",1,ptsd,442,86,test,distilbert,1,1,0.01831403,0.981686,-1.9362957,2.0453084
253,"Recently a family member of mine called the police on their boyfriend bc he strangled her and beat her. His charges are strangulation and M2 simple assault. She, for now, doesn't want to press charges which is extremely frustrating. She could possibly save a life by doing so. This man has single handedly ruined her life and has been in trouble with the law time and time again.",1,domesticviolence,379,68,test,distilbert,1,1,0.09292602,0.90707403,-1.1253664,1.153054
254,"I don't know how to maintain my relationship with my brother while he still lives under my parents' control \(which covers everything from finances, to communication with other people, to leaving their house \-\- or rather not being outside the house without them other than for school and work\). I'm lucky enough to have a few wonderful friends who supported me in various ways while I've been getting situated, but I don't know how to grow my friendships with them now that I have the freedom to. I got so used to not talking much to them as their other friends would, and I guess they're used to that from me. With new people that I meet, I find it very difficult to relate to their lives. I feel uncomfortable answering questions about myself, my past, and my background.",0,survivorsofabuse,776,139,test,distilbert,1,0,0.015350307,0.9846497,-2.0885274,2.072623
255,"I told her I wanted to stay because I was told I was one of the best in the club, and for a while I was in the England squad. She convinced me “they probably say this to everyone to make them stay” and I believed her. I wasn’t allowed to wash, style my hair, shave or choose my own clothes. If I did any of these things a landslide of arguments would arise. “Who are you trying to impress?",0,domesticviolence,389,80,test,distilbert,0,1,0.97063047,0.029369505,1.639331,-1.858658
256,"This internet ban subsequently resulted in me failing my studies, and in turn lead to my parents despising my relationship. Needless to say, they had noticed a huge change in my personality on top of failing my studies. I want allowed to speak to these friends either. She worried that they would be finding ways to show porn to me, and made them out to be terrible friends, which I of course believed. I failed to mention how incredibly good she was at manipulation.",0,domesticviolence,467,84,test,distilbert,1,0,0.37423044,0.62576956,-0.22539717,0.28871325
257,"The police in Mt. Sterling, Kentucky were... decidedly unhelpful. The local citizenry sympathized with my plight in that respect. I had to hitch-hike back to Lexington. The most I've been able to replace ID-wise so far has been my ATM card and my pre-paid card -- I opened up an account at a national chain bank while I was here the past two weeks and my banker here obviously knows who I am -- and the temp labor place I had been working at had a copy of my ID, so I was able to get that information from them as well.",1,assistance,519,102,test,distilbert,0,0,0.71532124,0.2846788,0.5515794,-0.36979082
258,I've heard Xanax is similar except I don't want to risk dying from having some other stuff in it cause I couldn't obtain it legally. What other options do I have? (Just to clarify: I'm at my wit's end. I just need something to get me through certain days. I recognise the risk of addiction and that it's not a long-term fix.),1,anxiety,325,62,test,distilbert,1,1,0.16125052,0.83874947,-0.81577665,0.8331763
259,"I've been procrastinating on posting this for weeks. I don't post to reddit much, but this is important to me. It's pretty late, so if you see this please help. I'll post the tldr at the top in case you want to skip the wall of text. I don't care if you comment without reading everything.",0,anxiety,289,56,test,distilbert,0,1,0.9830057,0.016994301,1.9805589,-2.077178
260,Squad up.” His eyes lit up. “DIS MAN CRAZY AS A FUCK! I LOVE YOU BRO.” Then we took that picture.,0,homeless,97,21,test,distilbert,0,1,0.9666604,0.03333962,1.6110028,-1.756098
261,"First I'd like to say thank you for taking time to read and consider my post. Funds would go to gas, medications, rent, etc., currently we are a little short on rent. I am in the Seattle, Washington area. I have suffered from chronic migraines for about 15 years now. I have also suffered from Occipital Neuralgia (which is Trigeminal Neuralgia's ugly sibling) for some time and just diagnosed as of the last two years now.",0,assistance,423,76,test,distilbert,0,1,0.7858782,0.21412185,0.74183196,-0.55842453
262,"Post contains spoilers for Spider-Man : Homecoming. I was the first responder to a fatal plane crash in Australia in January 2017, and have been dealing with my PTSD since then. I’ve been lucky to avoid most triggers now I’m back in the UK, but watching Spider-Man tonight there’s a scene where a plane crashes into a beach, and my mind is all over the place with my heart rate through the roof. If anyone has any suggestions for how to deal with this please do say, I haven’t been in therapy for a while x",1,ptsd,506,96,test,distilbert,0,0,0.963946,0.036053967,1.6275076,-1.6585107
263,"I just need to get this off my chest with people who will get it. I can't stand being in this situation where I feel like my reaction to something could be coming from the PTSD in which case it was an overreaction, or if the thing done to me was actually shitty and the reaction was warranted. Or some sort of combination of both. I can't see other options. I just have ended up feeling guilty for self-advocacy because I have this internalized feeling (only just now realizing I have this) from my past that he was right, I am just crazy and needy and the abuse was justified.",1,ptsd,577,110,test,distilbert,1,1,0.010481858,0.9895181,-2.237991,2.309581
264,"We were living together and life was pretty sweet. But she's my ex for a reason, right? In any case, the last two years after college got rough eventually. We were both working and things just piled up in the worst possible way. We didn't agree on how to take care of a pet.",0,relationships,274,54,test,distilbert,0,1,0.7475444,0.2524556,0.51315314,-0.5724053
265,"Anyway, I just sort of got the news and don't even know if I'm posting this right. I don't even know what I'm ask for or how to do this. I feel embarrassed and vulnerable to everything right now. I'm sorry if any of this violates posting rules. I can give more information if needed in PM.",1,assistance,289,57,test,distilbert,1,1,0.0125073735,0.9874927,-2.1605446,2.2083063
266,He seems hesitant to leave his friends and says he watches out for them. And he's not ready to quit drinking. Which is totally honest and fine. How can I be a help to him? As far as getting him some things he needs and any advice on what to say to him.,0,homeless,252,53,test,distilbert,0,1,0.9431109,0.056889106,1.3024852,-1.5055947
267,"No history of DV, married 8 years, together 10 years, nothing like this has ever happened before. We have two children, 2 & 5 that unfortunately witnessed nearly everything. Sunday night we had both been drinking, she was significantly more intoxicated than I (likely due to not eating much that day.) She came out of our bedroom and started ""doing"" the dishes - slamming everything in the process. I raised my voice telling her to go to bed and I would handle the dishes - she snapped, started screaming, hitting me in the chest (slapping to be a little more precise if alcohol+adrenaline actually allow for vivid memory recollection) before I know it she has a knife - I take it out of her hand and grab the second knife that was in sight (dinner had recently been prepared, we used multiple knives to do so) I threw them both in the trashcan, but her rampage continued and she soon had yet another knife in her hand, this time pointed directly (or close to) her heart, stating that she wanted it to all be over, never wanted any of this (we relocated 800 miles for my work approx 3 weeks ago and left behind every friend and family member we have that could help either of us right now) I grabbed both of her wrists and we struggled, we both hit the ground and I held her down until I could remove the knife from the situation - at some point I was stabbed just above my thumb even though I did not realize it until minutes later.",1,domesticviolence,1433,268,test,distilbert,0,0,0.89740354,0.10259647,1.0891594,-1.0795429
268,"Hey guys I have PTSD from years of emotional abuse and neglect by my narcissistic parents. I am living in their house again now due to some financial hardships (Im 22), I am constantly being triggered and am experiencing intensified symptoms. Does anyone have any tips on how to deal with this situation? I feel completely trapped, I need to figure out how to manage these symptoms because they're really getting in the way of my functioning. Sorry for the lack of detail/emotion but I am so drained.",1,ptsd,500,88,test,distilbert,1,1,0.012030916,0.98796904,-2.1453433,2.2628284
269,He pretty much told me that he was angry and disappointed and would probably not forgive me for a while and that I owe him. I was going to go... I still want to. I just am looking at either going to this wedding and being evicted or not going and dealing with the disappointment. I don't feel like I have a choice.,0,ptsd,314,63,test,distilbert,1,0,0.013496906,0.9865031,-2.1542847,2.1374211
270,"So my brothers wedding is soon. Like very very soon. My fiance recently lost their job and we had to move and then a bunch of medical drama happened. I told him I would do everything I could to get there, I am honestly not sure if I want to go to prove I can, just because I care for my brother or because I am not being smart and compassionate enough to say no to myself. But there I was dead set on going, despite the obvious problems and the advice from the majority of the people everywhere I go that I should not go.",1,ptsd,521,106,test,distilbert,1,1,0.017401494,0.98259854,-2.000355,2.0332897
271,"I hate this feeling. I hate weddings, but I want to be there to support them... but I can't. <url> &#x200B; edited; For clarity",1,ptsd,127,24,test,distilbert,1,1,0.03287184,0.9671282,-1.6947513,1.6869637
272,"I regret signing up for class especially this  math class. I feel so pathetic I may drop out again. im so anxious in class, it is so long about 6 hours since it supposed to be help special type of class to pass a placement test since I failed that. I halfway made it to my second week. I cant take it anymore.",1,ptsd,309,63,test,distilbert,1,1,0.012808064,0.9871919,-2.1141033,2.230686
273,"He wanted me to say once again that of course I was in the wrong and I need to change my selfish ways and give him the kind of love he deserves. When I stated I need space, he then demanded I be out by midnight tonight. I pointed out I would simply ask our roommate to spend 1 more night in the house as a guest. So he conceded to letting me sleep there tonight. This break up and crossroads is yet another opportunity for me to prioritize my needs in a creative and synergistic way.",1,almosthomeless,483,97,test,distilbert,0,0,0.9281546,0.071845435,1.253047,-1.3056343
274,I don't have anyone to borrow money from. I need help coming up with ways to create additional income asap. Love to all you out there going through a similar struggle. We got this! !,0,almosthomeless,182,35,test,distilbert,0,1,0.86320996,0.13678999,0.87565345,-0.9665577
275,I was diagnosed with an anxiety disorder and another mental disorder recently. I did some googling and saw that it seems that people with mental disorders as well as other disabilities are eligible to apply for Disability Cards in my countries. They include certain perks such as being allowed to go to a theme park for free. My aunt has a husband with diabetes. I sent her a screenshot of the info and asked if he could apply as well as there are perks.,0,anxiety,454,84,test,distilbert,0,1,0.9841384,0.01586161,2.0223634,-2.1055014
276,"If I'm home and I'm home 50% of the time, I spend my time online with my friends. Even then, it becomes an issue. Faultily, there are days which I do spend the whole day playing with my buddies. But they were the only people I had interaction with outside of work anymore.   Btw, my girlfriend and I also work at the same place.",0,relationships,328,64,test,distilbert,0,1,0.96850294,0.03149707,1.682955,-1.7429019
277,"One friend went to the same college while the other didn't, but we still kept in touch. Obviously, that didn't go so well. For the friend in the same college, I thought that just asking her to meet up and talk would be nice, but I feel I was too persistent, and she broke all ties with me, asking me to never contact her again. The same goes with the other friend. I tried to keep in touch, but I guess my methods were totally wrong and creepy.",0,relationships,444,88,test,distilbert,0,1,0.58557475,0.41442525,0.16850346,-0.17719775
278,"Or, if you would like further information, please message me. For your participation, you may choose to enter a raffle to win one of eight $25.00 <url> gift cards.",0,survivorsofabuse,163,29,test,distilbert,0,1,0.98500156,0.01499843,1.9972397,-2.1874578
279,"If you are interested in participating, you will be asked to complete an anonymous online survey that will take approximately 20 to 30 minutes, one time only. If you are interested in participating, please click on the following link: <url> Or, if you would like further information, please message me. For your participation, you may choose to enter a raffle to win one of eight $25.00 <url> gift cards.",0,survivorsofabuse,404,69,test,distilbert,0,1,0.98693883,0.013061187,2.0673938,-2.2575693
280,"Anything from elbowing someone in the face to completely letting loose with a knife or a baseball bat. It can be mildly amusing for a moment, but I find it actually calls up a distress response more than anything else. I start to feel my head ache, my shoulderblades become taut and sore, and my throat close. My heart rate also increases and my breathing becomes somewhat more laboured. I know this is unhealthy, and I will be addressing it with my therapist, however I was hoping to  get some input from fellow reddit users with PTSD.",1,ptsd,536,97,test,distilbert,1,1,0.021210056,0.97879,-1.8759911,1.9558506
281,"I suffer from depression and anxiety, I didn't have the courage to tell  him no.. Although he never hit me, I was never allowed my own bank card, I wasn't allowed my car keys... He yelled and cursed at not only myself but my young children too.. One day last week, he told my legally blind son to open his fucking eyes when he couldn't find his snow pants.... That did it for me, he was gone.",1,domesticviolence,392,77,test,distilbert,1,1,0.012075854,0.9879241,-2.215589,2.1888092
282,They work together and I found out from a mutual friend that they're on a project together and I'm having difficulty handling it. ​ I am seeing a therapist. I am practicing self help. But this sort of thing is affecting me immensely.,1,ptsd,233,43,test,distilbert,1,1,0.06798729,0.9320127,-1.2857822,1.3322433
283,"He was my best buddy in high school and we’re still really close. And my girlfriend, who goes to school in DC, is home too so I can see her. I’m grateful for them but wish I had a bigger friend group from home that I was still close to. I’ve loved college, but haven’t really found a new best friend yet. I’ve still kinda struggled with feeling like an outsider and not really fitting in.",0,anxiety,388,76,test,distilbert,1,0,0.28937784,0.7106222,-0.46917942,0.42922825
284,"Everyday I have to wake up and choose to push forward & live or fall apart & die. Lately, it's been really hard to push forward & live. I'm tired you guys. I am so tired. What do I do?",1,ptsd,184,40,test,distilbert,1,1,0.015947878,0.98405206,-2.047899,2.074454
285,"I was uncomfortable. He’d alleviate my fears. We’d progress. Then it was something new. Again, I was uncomfortable.",1,domesticviolence,115,18,test,distilbert,1,1,0.47045493,0.52954507,-0.05618577,0.062132273
286,"My best friend of nearly 20 years is dealing with some anxiety around personal issues. She’s been remembering some things from her childhood, and, with the help of her therapist, is trying to process and heal. We don’t live in the same area, and when we got together about a month ago, she filled me in on some of those issues. About a week later, she told me that she was taking a break from electronics in order to try to process and heal, and that she and her therapist had been talking about it for a while. She said she was putting her phone on airplane mode and that she’d check it in a few days and that she’d check her email about once a week.",0,anxiety,651,127,test,distilbert,0,1,0.9799029,0.020097109,1.8701985,-2.016679
287,"Are there federal or state (IN) laws that govern shelters for shelters that don't accept any federal funds? According to a news story I have found on this shelter they don't accept federal funding, grants or any kind of corporate or foundation funds. There are so many things going on here that don't seem legal, and many more that are totally unethical. I've been here for a month and here's just a couple of the things that are jumping out at me: * Our meds are kept locked up in a cabinet in a room accessible only by staff and ""resident staff"" (which also seems like a HUGE conflict of interest.)",0,homeless,600,111,test,distilbert,0,1,0.6307634,0.3692366,0.35783115,-0.17766207
288,"This probably sounds super lame but I'm really, really proud of myself. I feel like this was a huge step in healing from my trauma and allowing myself to exist beyond what happened to me as a kid. I feel like one of the reasons why I felt so comfortable was because we talked a lot about boundaries and stuff beforehand, and I mentioned that I'd been sexually assaulted in the past and that I might need to stop if I start freaking out, and she was really understanding and sweet and always really communicative. Stephanie and I both agreed that we should definitely go on a second date. I'm just really happy and gay and proud of myself and Stephanie is really cute that is all",0,ptsd,678,127,test,distilbert,0,1,0.97624683,0.023753168,1.8074644,-1.9085354
289,There was never any plan for it to be a resource for others. It grew organically. It would be nice to get some constructive feedback. That would help me be clearer about where to go with this in the future. Thanks in advance.,0,homeless,225,43,test,distilbert,0,1,0.9876143,0.012385709,2.0864418,-2.2923071
290,"She literally said that I don’t even count as a boyfriend. --- Fastforward to now - or for the past few months to be precise, where an incredibly hot girl messages me on Tinder and asks me out. I delay meeting her and although she said she's fine waiting, she's still completely out of my league, and because I don't want to come off as desperate, I let her message me most of the time. Anyway, after a month we finally meet up, and it goes incredibly well.",0,relationships,457,88,test,distilbert,0,1,0.6810913,0.31890872,0.35483235,-0.40395913
291,"Almost too well. She extends our date twice, buys us a drink each, starts a make out session which lasts for 2 hours, calls me hot, and although neither of us had a house free she gave me oral too. Although she said she had a great time - which I replied to - I then waited to respond to her next message, and I don't know if that killed any momentum because I was already very delayed when we first got talking of course. Anyway, despite our great date and a second one lined up when I asked her out a day later, she ended up cancelling on me, and then told me a week later that she got more serious with another guy - which to me only translated as him being hot and me being ugly. They broke things off a week later, and she did ask me out again, but at one stage I annoyed her with a jokey message.",1,relationships,802,164,test,distilbert,0,0,0.9750812,0.024918823,1.7803383,-1.8865591
292,"She said she always had to message first, and she decided to completely blank me when I apologised, and that was that. The first girl to ever express proper interest in me in my life ends up going completely down the drain. I don't know if it was because of my own management of messages or me being unattractive in general, but despite this great date occurring I only feel absolutely awful because of it in the end. Oh, and to rub salt into the wounds I even noticed she unliked my profile picture of all things. Ouch.",0,relationships,520,98,test,distilbert,1,0,0.014700842,0.9852991,-2.057985,2.1470554
293,"I stayed in Africa, I was only one month into the program and was too proud to leave. I must have horrible luck because I experienced two more horrific events while visiting Dar es Salaam...things I won't get into. For now, I take Wellbutrin for the depression, but still feel myself flinching away from people on the street, or am scared I am being followed or watched. On a positive note, I've grown a ton, learned a lot, and am still kicking ass in this world! Here's to three years and many more anniversaries!",0,ptsd,514,94,test,distilbert,1,0,0.01681192,0.9831881,-1.9562652,2.112447
294,"Has anyone dealt with urinary retention as a side effect of lexapro? I've been taking lexapro for like 2 weeks or so, and in the past week it has become very difficult to pee, even at home (it sometimes takes a lot of pushing, and my bladder never feels like it's truly empty.). And the more I have to go, the harder it is, so I try to go often, like every 30 mintues or hour or so (even at night). I can barely eat or drink anything anymore. I did some research and it appears that urinary retention could be a side affect of lexapro.",1,anxiety,535,106,test,distilbert,1,1,0.027609775,0.9723902,-1.7752721,1.7863153
295,"I'm completely overwhelmed. I think this process is about the best I can think of (below), but I really, desperately just want to dive back into my career. Am I wrong to think I'm not emotionally ready? Should I force myself to wait? Is there anything else I could plan on doing?",1,domesticviolence,279,52,test,distilbert,1,1,0.0135913715,0.9864086,-2.128577,2.1560585
296,"Hey everyone, I’ve had quite the journey the last couple of years trying to get through a masters program in psychology to be a therapist and also dealing with health concerns. I came upon some research that led me to some conclusions that could possibly help some women who have gone through similar situations. So I was raped when I was 10 years old and gone through other various forms of trauma all throughout my childhood. I functioned pretty well until I got to my graduate program in clinical psychology. I had been in a stable relationship with a man who is supportive and loving so everything felt like it was going great.",0,ptsd,631,113,test,distilbert,0,1,0.97499204,0.02500803,1.7670624,-1.89617
297,"I'm 14 years old going in highschool. I've had anxiety, mostly health anxiety my entire life. But it usually only lasted a day at times and my anxiety only when off it certain, not daily things now I suffer daily and want it gone. I've posted here before but just want to know what you guys think of this, recently someone passed away in there sleep from a heart attack and now I'm anxious like never before. I'll wake up with panic attacks and such.",1,anxiety,450,85,test,distilbert,1,1,0.013476845,0.9865232,-2.0642712,2.2289426
298,"He loved to learn, he said. I felt his hope. Being free of homelessness is more than just having a roof. I hope he is on the path of thriving, not just surviving. Education is a ladder that nobody can ever take away.",0,homeless,216,43,test,distilbert,0,1,0.9829334,0.017066622,1.928224,-2.1251929
299,"I don't want to be nice to him because I don't like him and certainly don't like how he treats me. I know it's not my fault and I am not a bad person. I have never had friends, family, or other partners ever accuse me of the things he accuses me of so I know it's not real. I just needed to vent because I hate being trapped in this situation. I don't have anyone I can stay with and am still waiting on housing assistance which at the very least will take another 6 months and that's if I am lucky and the wait-list isn't too long.",1,survivorsofabuse,532,109,test,distilbert,1,1,0.0114101,0.9885898,-2.2095711,2.2522092
300,"This is good and bad... I was a STEM major before and probably would have had a challenging and high paid career by now, had my life taken a different course. However, post PTSD, I found myself extremely connected with the arts. I have intense emotional reactions to aesthetic experiences, and I think that’s largely responsible for the fact that I now work in a creative industry. I experience aesthetics in a unique way that I’m not sure resonates with the typical non-affected individual.",0,ptsd,491,84,test,distilbert,0,1,0.6351112,0.3648888,0.33959207,-0.21461546
301,"**Remember Need to Know**. Only tell people about your plans if they absolutely need to know and can be trusted. Limit the number of people that know your plan; even if you trust them, they may be tricked into giving up your location **Be careful of your browsing history**. Most browsers keep a record of websites you visit.",0,domesticviolence,325,58,test,distilbert,0,1,0.9807966,0.019203378,1.9260874,-2.0071914
302,"**Get a new phone**. One option is to purchase an inexpensive, reloadable cell phone from any major retailer. These phones, commonly referred to as “burner phones” will have no connection to the abuser and can help you keep in touch with your support system. Another option is to visit a retail location for your provider and have them move you over to a new plan. If they don’t offer you a new phone with the plan, make sure they perform a factory reset of the device to ensure any apps that could track your location are removed.",0,domesticviolence,531,97,test,distilbert,0,1,0.9819449,0.018055124,1.9528227,-2.043283
303,"* The route you intend to take when leaving, where you plan on going and who will help you along the way * Where your emergency clothing, supplies, money, and documents are kept. Also, try to hide the fact that those things are being moved at all * Any emergency code words, such as those used with children to indicate safety or danger * New, private bank accounts",0,domesticviolence,365,68,test,distilbert,0,1,0.98311436,0.016885655,2.0006597,-2.0636013
304,"**While at a shelter** Depending on the nature of the shelter, you may be asked to follow specific security rules designed to protect you, other residents, and the shelter staff. Although those rules may sometimes seem a little bit restrictive, it’s important to follow them for everyone’s safety. If the abusive partner had access to your cell phone or your account, you may be asked to remove your phone’s battery, and maybe even wrap it in tinfoil to block any transmissions. Although this may sound a little bit extreme, this might be done because a cell phone may be used to track you or find out where you’re going.",0,domesticviolence,621,109,test,distilbert,0,1,0.9805064,0.019493598,1.9348158,-1.9831672
305,"**While traveling to a safe location** **Don’t take the most direct route** to your destination. When you leave, head off in the opposite direction from where you’re actually headed, just in case someone sees you leave and may tell the abuser which direction you went. Afterwards, double back and take another route to your actual destination. **Know what to look** for to make sure you’re not being followed.",0,domesticviolence,409,68,test,distilbert,0,1,0.97760266,0.022397306,1.8353976,-1.9407651
306,"As I kid, I had been pretty anxious and nervous, but they were negligible. I only got anxious when there was something happening, like giving presentation etc. They did not tamper with my everyday life and I was not concerned with them. But recently, I felt like my anxiety has developed into a new level. I got so damn anxious for every day stuff.",1,anxiety,348,64,test,distilbert,1,1,0.039508425,0.9604916,-1.5353726,1.6555588
307,"Instead he followed me to the store in his car. He would even drive slow enough to have the car next to me at all times. During one of our fights he took a permanent marker and slashed lines all over me while telling me ""how does that feel, you slut?"" He walked away and I just fell to the floor in tears. He came back and poured his Gatorade all over me telling me to shut up and stop crying so loud.",1,domesticviolence,401,83,test,distilbert,1,1,0.04841233,0.9515877,-1.4401107,1.5382668
308,I was not allowed to talk to anyone. I was not even allowed to be on Facebook. Erik made me feel like a prisoner. When i had the Facebook app my phone would always get this random pop up notification saying my login has expired but I was never even logging in because I was too scared of what Erik would do to me. I was only allowed to safely be on my phone while I was next to him and only if I was doing something like reading or watching videos.,1,domesticviolence,448,92,test,distilbert,0,0,0.63987803,0.3601219,0.38314155,-0.19169347
309,"Before I could tell Erik we should go outside he threw me back onto the bed saying, ""yeah, you will make a deal. You will show me everything that you do behind my back, you fucking liar. You are always on your phone talking to guys and now you will show me everything!"" Erik had me on my bed laying pushed against the wall while he laid down on me with his full body weight. His body is so big and heavy it was making it harder and harder for me to breath as he was crushing me.",1,domesticviolence,478,98,test,distilbert,1,1,0.07522134,0.92477864,-1.3325102,1.1766093
310,"He kept the pressure on my throat and I felt as if I was going to die or become unconscious. Erik finally let go only to hit me in my head a few times. I felt very scared from not being able to breath. Every time I tried begging Erik to stop he told me to shut up, that I was not allowed to talk. Erik used my hair as handles to bash my head on the wall at several different times throughout the attack.",1,domesticviolence,403,85,test,distilbert,1,1,0.035645213,0.9643548,-1.6002766,1.6975679
311,My siblings and I went through a lot growing up. You would think it would have made us close but for some reason we were never close. For some reason I was the most outcast-ed. To this day if I were to bring up the childhood abuse they would tell me that I am dramatic and that it wasn't THAT bad. They will even say they respect Jay.,0,domesticviolence,334,68,test,distilbert,0,1,0.53493863,0.46506134,0.03361613,-0.10636661
312,"I laid there terrified not knowing what was going to happen. Not knowing when, or if, it was going to stop I was fighting back tears because I knew I had to keep trying to out smart him in order to protect myself and make Erik stop attacking me. When I fell onto the futon I landed on Erik's new hat that he bought when he was out earlier that day. As another tactic to calm Erik down, I asked Erik if he could show me his new hat. He stood there angry for a few seconds before answering yes.",1,domesticviolence,492,100,test,distilbert,1,1,0.020149337,0.97985065,-1.898345,1.9858836
313,As of Sunday i have experience sever anxiety. Its too the point i am unable to do normal everyday functions and doing my job is harder. All i can think about is how i was ripped away from my daughter and how she is without me. Its to the point my therapist uas suggested i used cbd oil to manage my anxiety instead of narcotics. They help take the edge off and let me relax to the point i can sleep.,1,ptsd,399,81,test,distilbert,1,1,0.015285411,0.98471457,-2.0107284,2.1547248
314,"I've been renting since university and I'm getting sick of seeing the same amount of money I'd pay towards a mortgage go into the pocket of someone else. I have a junior role in the company, it's going somewhere (I hope) but not fast. I find financially I'm staying basically cash-neutral and my quality of life isn't brilliant. I'm not managing to save anything. I've been thinking that I should get a house with the money I inherited.",0,relationships,436,78,test,distilbert,1,0,0.017138049,0.982862,-2.0342338,2.0149338
315,"What can I do best to support her? Are there resources on this? I don't want to simply badger her to leave. I've tried to point her to better resources than me, but I'm not having much luck. I'm worried for her life.",1,domesticviolence,216,43,test,distilbert,1,1,0.06102682,0.9389732,-1.3462291,1.3872445
316,"So in the past two weeks, I’ve been supporting my dad through some mental health things, I’ve been having trouble at work, my Nanna got diagnosed with Alzheimer’s, and to top it off, my boyfriend broke up with me two days ago.I work full time and I’m also at uni, which I’m falling behind in. Whatever I do, I cannot concentrate on anything and just fall into an absolute panic when I have a second to think. I feel so nauseous that I can’t eat. And I’m bursting into tears randomly. Can you suggest some coping strategies that you use to stop the constant cycle of negative thoughts?",1,anxiety,584,108,test,distilbert,1,1,0.011609797,0.9883902,-2.1800482,2.2641797
317,"He broke up with me, accused me of lying about my cousin, saying he never heard of her despite the fact he has. I ended up sleeping with my friend that night. Then there was the issue with him threatening to hide my belongings with an unnamed friend. I wouldn't get to know who. A whole bunch of crazy ensued.",0,survivorsofabuse,309,60,test,distilbert,1,0,0.04823977,0.95176023,-1.4848198,1.4973096
318,"I asked him what happened to his hand, and he told me that the hood of his car slammed down on it but he's fine. When we got home Jude pulled me to the side and told me Coop is not fine. He told me Coop can't move it at all and it's a problem. Coop doesn't like doctors. He looks at Doctors and Nurses like they're the Grimm Reaper or something.",0,relationships,345,72,test,distilbert,0,1,0.74537617,0.2546238,0.5068385,-0.5672634
319,I doubt and second guess myself a lot. I hesitate and fear picking up the phone. Fear coming off as too aggressive or too pushy or not sending the right person and Err On the side of not being aggressive enough. I’m afraid to take control as I fear ruining relationships etc. Last year i still did surprisingly well despite all this and even earned a rookie of the year title and won a trip.,1,stress,391,75,test,distilbert,1,1,0.017494313,0.9825057,-1.9489454,2.079285
320,"However, his fits of anger kept going at the smallest things such as eating the rest of the corn chips or even mentioning politics that he doesn't agree with. This went on at the same rate of once a month or so until I turned 16, which is when I noticed that it probably wasn't normal. One occurrence of this was when I was trying to buy a pair of sunglasses, but needed to use his paypal as where I'm from you need to be over 18. This for whatever reason ended in him exploding in rage again, because he couldn't remember his password. He left the room, and grabbed me by the throat when he came back.",1,domesticviolence,602,118,test,distilbert,1,1,0.07553122,0.9244688,-1.2882047,1.2164686
321,"Then he didn't talk  to me for day and after that suddenly he pretends like nothing ever happened. He also tries to tell me that I remember things wrong in these fights, and that I am the one who always starts them. Last night this happened again, until he said some things that I don't feel are possible to take back, like telling me I am a loser and all of my friends hate me because I'm an a#$hole, and that he regretted bringing me up. I feel that crossed a line, due to the fact that this argument started because he told me when I was barbecuing sausages not to put the lid down, even though that's the way I always do it. He then proceeds to tell me my memories of cooking sausages have never happened, and then starts the fight/argument.",1,domesticviolence,745,143,test,distilbert,1,1,0.26166174,0.73833823,-0.4286693,0.6086802
322,"Then I came home.      My Mom pointed it out first, I went from being the class clown and the life of the party, to being the quiet guy who stood in the corner of the room. I went from a musician and avid gamer, to having no interest in any of it, and no replacement hobby. The things I had the most passion for in life were gone. It was like someone removed one of my five senses and my soul at the same time.",1,ptsd,410,85,test,distilbert,0,0,0.93756783,0.06243215,1.2771633,-1.4320455
323,"in the end i just end up leaving, ignoring the question or just saying something like ""haha, i'm not really interested in that sort of thing"" or whatever. that's all fine i guess, but what really pisses me off is when people act like it's some kind of status symbol to be sexually active (we are 18, ok.) and treat you like an immature loser if you aren't. wish i'd known that it was cool and a good thing back when i was being abused, it could have given me some playground cred or something instead of a lifetime of trauma processing. lol! i know my anger isn't justified, that their intention is not to be offensive or rude, that i'm being petty and immature and that i shouldn't take offense from these typical teenage status things but sometimes i just want to tell people about all the horrible things i went through so they will shut the fuck up and leave me alone.",1,survivorsofabuse,872,164,test,distilbert,1,1,0.015715064,0.98428494,-2.0588257,2.0784702
324,"That's it. My mom made me delete it and said ""that's what is wrong with your generation, you act too grown."" Nothing about my picture was ""grown"" I was actually wearing a long white t shirt and boyfriend jeans. Even when we go to the beach with my siblings, me and my sister were wearing the exact same bikini and she said something to me about ""needing to sit my fast tailed butt down."" Mind you, my sister is two years younger than me and the bikinis weren't even provocative in a bikini sense.",1,relationships,496,94,test,distilbert,0,0,0.97728944,0.022710582,1.8137164,-1.9482354
325,"He blames me. He's wrong. [This is what my spine looks <url> I've got Ehlers Danlos Syndrome, which is a genetic connective tissue disorder that makes faulty collagen everywhere in my body, so my muscles are always in pain trying to keep my body in place (and have clearly failed in that regard). I've had symptoms all my life.",1,assistance,327,59,test,distilbert,1,1,0.02707458,0.9729254,-1.7192129,1.8624992
326,"However, I can't kick the Lyme. None of the specialists who treat Chronic Lyme are covered by insurance (because it isn't recognized by the CDC), and I'm so broke I can't justify buying myself hot food not covered by Food Stamps, let alone seeing a doctor I'd have to pay out of pocket. I'm terribly afraid of getting spinal fusion while still being this saturated with Lyme Disease. Lyme Disease gets much worse if it gets in your spinal column and brain, and getting myself all cut up for surgery with Lyme in my system..... I'm afraid I'll get worse.",1,assistance,553,100,test,distilbert,1,1,0.012327806,0.9876722,-2.1542835,2.2292101
327,"All of my money goes to rent, utilities, and credit cards, and delivery food a few times a month when I'm too beat to cook. My boyfriend was nearly broke as me, and was leaning on my credit and foodstamps from time to time, leaving me in significant debt. We are breaking up after five years, because my pelvic organs are collapsing downwards, making for painful sex. He hung in there for three years of sexlessness, so I can't fault him.... but he's leaving in the next few months as soon as he gets the money to move out. I've got to figure my shit out.",1,assistance,555,106,test,distilbert,1,1,0.016696872,0.9833031,-2.0506463,2.02505
328,"(I travel between NJ to NYC often, and $2.75 each way is pretty expensive. NJ and NYC both have Disabled rates for public transport, but the PATH which travels in-between, does not. It's total bullshit.) A free place to live in NYC? A bold plea, I realize.",0,assistance,256,47,test,distilbert,0,1,0.9830862,0.01691373,1.9408413,-2.1217296
329,"Holy crap, this is long. Migraine ramble. Thanks to any who have read all of this. I can give verification of my claims to anyone who needs it. (EDITED TO ADD: wishlist link above.)",0,assistance,181,34,test,distilbert,0,1,0.98358744,0.016412567,1.9642763,-2.128883
330,"Hey everyone. Been subbed for a long time and a lot of you guys helped me realize a few things so I thought I can try to help back. I’ve been dealing with anxiety/depression for a long time and never really done anything to deal with it. (Family didn’t really believe in that kind of stuff back in the day) I always believed that I had a passion for extreme sports like skydiving, water rafting etc etc. which is one of the reasons I believe I have anxiety maybe (adrenal produces slightly more adrenaline causing my body to be in a constant flight or fight state).",0,anxiety,565,106,test,distilbert,0,1,0.9384002,0.06159983,1.3014069,-1.4221107
331,Yet no matter what I do the feeling of unwantedness and just pure hopelessness never fades. I  don't really know what I'm doing anymore. Is there anywhere out there where I can just  pack my stuff and live alone? Is there someone I can talk to about all  this or some kind of help for things like this? I'm currently alone and  have no one to talk about any of this.,1,assistance,366,71,test,distilbert,1,1,0.013640403,0.98635966,-2.1586244,2.1223607
332,"I'm currently between jobs and looking to make money in any way I can, so I was wondering if anyone would be interested in buying a cross stitch commission from me. I can do any type of pattern or design, in various sizes. Here are some examples of things I've made: <url> I would really appreciate any help I can get! Times are rough and my mental health is not great right now, so it would be nice to have something to work on that would also help me pay my bills and medical expenses!",1,assistance,487,95,test,distilbert,0,0,0.8255301,0.17446987,0.7831167,-0.771157
333,"Hey everybody. I'm not really sure else where else to possibly post this. I'm currently between jobs and looking to make money in any way I can, so I was wondering if anyone would be interested in buying a cross stitch commission from me. I can do any type of pattern or design, in various sizes. Here are some examples of things I've made: <url>",0,assistance,346,65,test,distilbert,0,1,0.9824097,0.017590243,1.9638498,-2.0588145
334,"I currently have nowhere to live. My ""friends"" have made excuses as to why they cant help me out. This sucks. It's times like this where the world seems like an incredibly dark place and the best way to escape the pain is to leave it. IDK.",1,almosthomeless,239,47,test,distilbert,1,1,0.014268286,0.98573166,-2.131654,2.1036906
335,When my SO and I first started dating and she told me she had PTSD I though just being a good guy would be enough. Well just being a good guy is not enough when your with someone with PTSD. You can still trigger them even though you are a good guy. You can still get offended when they tell you they can't trust you even though it is the PTSD talking and not them. You feel like a failure when they tell you they feel hopeless and that nobody can help them.,1,ptsd,457,93,test,distilbert,1,1,0.027664248,0.97233576,-1.8152957,1.7442646
336,You can still trigger them even though you are a good guy. You can still get offended when they tell you they can't trust you even though it is the PTSD talking and not them. You feel like a failure when they tell you they feel hopeless and that nobody can help them. It really sucks when all you want to do is love them and they can't accept it or feel it. Especially when they are the most amazing person you have ever met when they are not triggered and in their right mind.,0,ptsd,477,95,test,distilbert,1,0,0.03107399,0.968926,-1.7394612,1.700356
337,"It is having a major strain on our relationship as he obviously wants to be involved but essentially I am unloading all my worry onto him. I am really unsure how to move forwards from here. If I think I am being irrational and hold in my anxiety, he says I am not communicating with him about it. If I open up and tell him, I feel like I am a burden and it makes me feel guilty and pretty low that I'm feeling this way. Any advice would be appreciated!",1,anxiety,452,91,test,distilbert,1,1,0.012142399,0.9878576,-2.1677945,2.231041
338,"We wish to teach such kids and train their family members skills so that they can also afford to take a house on rent. Since it's inception, FreePathshala has conducted many events, classes thereby helping many lives to survive, grow and keep smiling. FreePathshala has established education centres for children, in the age groups of 5-13 years. Freepathshala currently has 60+ kids studying at sector 46 & 51 Gurgaon. The facilities set up at FreePathshala site in Sec 51, Sec 46 Gurgaon will support the education and development needs of children coming from neighbouring labour camps.",0,assistance,589,96,test,distilbert,0,1,0.9784822,0.021517875,1.8282092,-1.9889096
339,I'm just so angry that I'm still dealing with this. The abuse happened 10 years ago. My abuser lives a normal life and doesn't have to deal with the shit I go through every day. I'm just so angry. Thanks for reading.,1,survivorsofabuse,216,42,test,distilbert,1,1,0.012480876,0.98751915,-2.1876743,2.1833239
340,"we had few arguements, then i stopped interacting with him. I myself did feel that i was in the 'teenage phase where you start having problems with your dad. I, according to him, was being irrational, rash, non-docile, difficult, nothing like he had seen before, haughty etc. He even slapped me ( his 23 , well i turned 24 this week, year old daughter), and then during the heat of moments he has , not just once said, that he wants me to go away, that he doesnt want to have to do anything with me, and he doesnt care where i go , what i do. So right now, yes i have decided to go somewhere, somewhere far, somewhere obscure , as somebody or rather nobody, start a  new life, start with nothing.",1,almosthomeless,696,134,test,distilbert,1,1,0.13004851,0.8699515,-0.8926134,1.0079165
341,"That is 100% manipulative and wrong. Just because someone is your biological parent, it doesn’t mean that they are worthy of respect. A biological parent is just as capable of hurting their child as anyone else is. More than, if anything. You made the decision to create a household and you showed that you were only ever happy with it when you benefited from it.",0,survivorsofabuse,363,65,test,distilbert,0,1,0.97527486,0.024725202,1.8051649,-1.8697314
342,"For the innocence you wish you could convince me to see in you. For me. I have said everything that I wanted to. I ask of you to not come home and start a dialogue with questions, but rather with answers. I will not be responding via text.",0,survivorsofabuse,239,48,test,distilbert,0,1,0.98385,0.016150048,1.9614611,-2.1480892
343,"Yo? Awww!”* You downplayed what you did. You looked at my hurt as a cute and lovable thing. This wasn’t the first time you reacted like this. Whenever I told you the way you used to make me feel or if I reminded you of a situation in which you were abusive, you would do the same thing.",0,survivorsofabuse,286,58,test,distilbert,0,1,0.9637112,0.036288816,1.6110859,-1.6681962
344,"When I think about your reasoning behind not letting me homeschool back then, I realize now how much it contradicts your decision in ripping my extended family away from me. By pushing me to put myself out there and make new friends, I only ever feared that you would find a way to take them all away from me somehow. To this day, when I think of the word “family”, I think of (multiple cousins’, aunts’ and uncles’ names), etc. Not you. Not (sister’s name).",1,survivorsofabuse,458,85,test,distilbert,0,0,0.94712096,0.052878972,1.4378629,-1.4475582
345,"Update: I’ve just got a response from my dad. His english is not the best, but he said, “I love you, and I know, you will think is a script love and is only letters but we both love you, time will create and demonstrate the my love was pure with a lot a mistakes as you see it and probably my eyes was block on times god night we love you"". I responded with, “Time means nothing if you don’t do anything with it. The fact that you are waiting for an intangible thing like time to prove your intentions is fantasy.",0,survivorsofabuse,513,103,test,distilbert,0,1,0.98715335,0.012846684,2.050546,-2.2911937
346,"That will never go away. I’ll be right with you cause family comes first and I don’t want Mum and Dad to feel in the middle of it all anymore. Its going to take time. I again left it a few hours, but I felt incredibly annoyed by her reply, which I felt was very dismissive of her own actions. I decided to cut her out.",0,relationships,318,66,test,distilbert,0,1,0.5247056,0.4752944,-0.032874662,-0.1317776
347,"I have an extremely ironic sense of humour and my friends seem to get along with it. So it's generally easy to be extroverted around them, especially with the alcohol that is usually associated with our meet ups. I opened up to two people, one of them is my best mate he just took everything in and offers me support when I ask for it, but generally stays away from the topic. The other person is a girl who confessed her fucked up brain to me, and I impulsively did the same back. We talk about each others feelings a lot, and I think that helping her is one of the very few ways I can feel any sort of happiness.",0,ptsd,614,121,test,distilbert,0,1,0.98250455,0.017495487,1.9267315,-2.1014304
348,I screamed and my mum helped me until I passed out. I went to the doctor the next day and they referred me on to get a diagnosis for PTSD as well. I get flashies about once every couple of months now and it gets more and more terrifying each time. About a year and a half before GCSE's (finals for you Americans) my anxiety started to show. I would be super stressed about every little test in school and had a baseline amount of stress building up as I got closer to my exam dates.,1,ptsd,482,96,test,distilbert,1,1,0.015873583,0.98412645,-2.0186036,2.1084948
349,"Is he that desperate to see me? Why does he do this? If his friends don't mind and I don't mind, should I even be concerned? Maybe I'm blowing a little issue out of proportions but just curious to hear what others have to say! Thanks for reading!",0,relationships,246,48,test,distilbert,1,0,0.20486946,0.79513055,-0.6141599,0.7419734
350,"Recently however, he's been becoming more desperate with wanting to see me after him and his friends leave the bars. So desperate in fact, he'd be wiling to ditch his friends. In the past when he'd come over we would play video games, eat some food, and then go to bed. We have sex quite frequently, but never on these types of nights when he's drunk. We'll make out, and fool around but in most cases, no sex.",0,relationships,410,78,test,distilbert,0,1,0.6574314,0.3425686,0.29048228,-0.3613862
351,"We’ve embedded a piece of our personality into our technology, and that is so cool. So HOMESCREEN is a gallery, a showcase of that personality. It’s a glimpse into stranger’s life, completely grounded in how they use technology. It is presented without bias and 100% anonymously, so that viewers can make their own assumptions and judgements based only on the information given by the image. So what I'm looking for is screenshots of your phone's homescreen.",0,assistance,458,76,test,distilbert,0,1,0.98757136,0.012428678,2.0665772,-2.3086648
352,"<url> For information and help on other veteran related issues, this is a great resource. <url> Over the last five years we've supported about 1600 veterans in Wales, it's been an incredible learning curve. I've seen so many amazing transformations and want anyone that's going through PTSD right now, to hang in there and reach out for help.",0,ptsd,342,58,test,distilbert,0,1,0.9866368,0.013363205,2.0674803,-2.2343168
353,"But here i am, hours later, having a panic attack and wishing i could crawl out of my skin. It's really triggering a sense memory i have, so instead of remembering the event, it feels like it's happening right now. It is the most devastating ending to this day that could have possibly happened. I was feeling so brave lately. Does anyone else get sense memories?",1,ptsd,363,66,test,distilbert,1,1,0.027883006,0.97211707,-1.6963854,1.8550735
354,“Take all your problems and rip ‘em apart... carry them off in a shopping cart... one thing you should’ve known from the start... **your problems in hand are lighter than at heart. **” The things that seperate us from taxonomically lower lifeforms are our abilities to record and rationalize information. So do just that: record and rationalize.,0,anxiety,345,57,test,distilbert,0,1,0.98622,0.013779986,2.034062,-2.2366002
355,"He felt my chest and sort of kissed my abs, all this weird stuff he never did before. We did it again the next week and he seemed more into it this time, like a lot more. I have never seen him like this, ever. He started moaning and shit, and all this weird stuff, and then near the end, he literally kissed me and sort of got on top of me. We've kissed before for the webcam, but we pretty much never kiss besides that.",0,relationships,420,86,test,distilbert,0,1,0.76931924,0.23068069,0.5460373,-0.6584343
356,"I've always had this slight urge to drop out of society since my early teens. Nothing I've taken all that seriously until now though. Just thought it was a bit of a childish fascination with going against the social norm. Anyways, I simply just think I'm not cut out for what the world has become. call it pathetic or what you want.",0,homeless,332,62,test,distilbert,1,0,0.055040497,0.9449595,-1.4303821,1.4126906
357,"anyways, i'm just here for a few reason. one is to explain why i'm considering this, which i already have done. two is to get ""beginners guide"" to first get by on my own until I meet people and possibly gain more tips along the way. and three, i'm open to people trying to change my mind about this as well, but i doubt that'll be easy for you to do. anyways, thanks in advance.",0,homeless,378,75,test,distilbert,0,1,0.9861151,0.01388491,2.0428483,-2.220122
358,"It may have been those emotional mute buttons that PTSD can sometimes press? I don't know. But recently I suddenly have all these flare-ups of anger that I don't really know what to do with. It takes every ounce of my being to control myself sometimes, and I feel lucky that I have been able to keep things relatively under control. I do occasionally do little things I'm not proud of, and I'm worried this will be a problem if I don't know any coping strategies.",1,ptsd,463,86,test,distilbert,1,1,0.015974825,0.9840252,-2.0359771,2.0846603
359,"It’s getting up above 100 here, and I’d like to have something I can easily carry in my car to give out since I’m working deliveries. Unfortunately I’ve been without a steady job for 6 months so I can’t do to much, but I was thinking about buying a bunch of plastic water bottles, freezing them, and carrying them in a cooler in my car to give out when I’m at lights. Would this be helpful? What other small or inexpensive things would help make the summer a bit more bearable?",1,homeless,477,91,test,distilbert,0,0,0.67270267,0.3272973,0.34754446,-0.37289008
360,"I'm afraid that I could also give her those snapchats. Usually I wouldn't care but first of all I know how much it would hurt her if She had seen it. I hate myself for lying but I just know how much it would hurt both me and Her, I also love Her more than anything or anyone else. I told her I won't be talknig with anyone and that I don't like anyone in that class (which I did). I have no idea what I should do, if I tell her that She's goin to breakdown and quite possibly break up, if I don't do anything it's gonn get even worse but I also can't tell that to her, I just can't hurt Her or see her get hurt and I just can't even imagine loseing her, especially because something that I know well I fu*ked up and could and should have been avoided but it happend althozght it shouldn't and I can't stand it.",1,relationships,810,166,test,distilbert,1,1,0.010916163,0.9890838,-2.205679,2.3008554
361,"I'm in a nursing program, and we're talking about domestic violence. It just so happens this lecture has been on the syllabus since day one, I just have impeccable timing. My question is, should I talk to my cohort about my experience? I feel that it may make them more aware to see and speak to someone that's been in the situation. I feel its important they know how police treated me, and the fact that the first people that showed empathy, the first people that asked ""are you okay?""",0,domesticviolence,487,90,test,distilbert,0,1,0.9771338,0.02286622,1.8464974,-1.9084655
362,"I know about the whole insecurity thing. Ive delt with it for over a year which is roughly how long we've been together. She is a senior in high school and I am a freshman in colllege so we spend a lot of time apart. In high school since we were together a lot I'd say it was worse.  We broke up for a short while, but realized we didn't actually want to.",0,relationships,355,73,test,distilbert,0,1,0.9712298,0.028770193,1.6567066,-1.8625166
363,Im at a point where I need to talk to him about so many things but I cant if he continues to avoid me. I feel like a mess and any advice or help is really appreciated!   --- TL;DR Boyfriend and I have communication issues and he now left for two days and wont respond to any calls or texts. Any one know what I can do to help myself not go crazy and fix these issues.,1,relationships,367,77,test,distilbert,1,1,0.013418289,0.9865817,-2.1128676,2.1847599
364,Before he left he said several times that he still wants to be with me but he needs time.... -- I can't believe we are on such different pages and it was also so unexpected. I feel like he drops these bombs on me and Im left to pick up the pieces and wait around for him. --,1,relationships,274,58,test,distilbert,0,0,0.80277115,0.19722882,0.6537512,-0.7499539
365,And how I made her let me bring him back to her boyfriends house. How I begged him to come over. And how she was just trying to be a good person and discourage it. She's telling people how much I wanted him to fuck me. How RELENTLESS I was.,1,ptsd,240,50,test,distilbert,1,1,0.19865747,0.8013426,-0.77256423,0.62214226
366,I just don't know what's real anymore. I can't live with everyone in my life thinking that I'm crazy AND a hysterical slut. I just can't do this anymore. I'm so ashamed I can't be in this skin anymore. I'm starting to get scared.,1,ptsd,229,44,test,distilbert,1,1,0.013582239,0.9864178,-2.1121879,2.173129
367,Am I mentally ill? I want to kill myself but I'm to scared to even do that. I'm supposed to be starting college in the fall but I don't think that'll work out well. This entire post is probably gibberish but I haven't slept in almost 2 days and I can't think straight. I don't know what to do but I can't keep doing this.,1,anxiety,321,65,test,distilbert,1,1,0.0115828095,0.9884172,-2.1550655,2.291517
368,"Hi! I live in an apartment block. There are 6 door entrances within a 5 meter proximity, so we can hear our neighbours slightly if they're very loud. I live next to an asian women I've never seen before. I don't know if she lives alone.",0,domesticviolence,236,46,test,distilbert,0,1,0.95454454,0.045455463,1.486015,-1.5584862
369,For me it would start with rent. We got approved for an apartment but some shit happened and we don’t have 1st months anymore so we can’t move in. We still have time to come up with it but I doubt we will before the deadline. After we got that I have an employment opportunity lined up but I can’t start the job until after the baby so I’d just have to manage to keep the rent paid until Dec which would be after due date and minimum recovery time. After that I’d just need to make sure I had some decent savings up by then to get everything I’d need to start the gig.,0,homeless,568,115,test,distilbert,1,0,0.031010441,0.9689895,-1.7117972,1.7301326
370,"I hate that I am this way--I have a normal job, but all that has rotted away because out of the past 2 years, I spent 7 of those months in various hospitals and treatment using FMLA unpaid. I have so many fucking medical bills sitting in collections. I still have my job thanks to FMLA, but I am a rotting piece of shit living life minute by minute, losing a war against addiction and depression and anxiety. But...I somehow manage to ""look fine"" and I look like I should be thriving on paper. I feel like such a fraud, but I swear I am not trying to take advantage of the system or anything.",1,homeless,592,115,test,distilbert,1,1,0.01275086,0.9872492,-2.1577723,2.1915514
371,"Good news is that my application for public housing was accepted. Bad news is that it will take up to six months for anything to open up for me. More bad news is that I didn’t know until today that my friend had to report me living with her to her landlady as soon as possible, and because she waited so long I am an unauthorized guest. So I have to be out today. I think I have a place to go, but I just feel like I’ve sort of hit a wall.",1,almosthomeless,439,93,test,distilbert,1,1,0.018316712,0.98168325,-1.9582489,2.023206
372,"I'll call him out on his behavior or try to stand up for myself, and then he'll either get mad and give me the silent treatment and not apologize, or he'll tell me I'm lying and that he didn't do or say something. Even though I know he did. He criticizes my parenting and tells me I'm lazy since I'm a SAHM (even though I do all the cleaning, cooking, taking care of our toddler, taking care of our pets and anything else around the house with little help from him because he feels entitled to not do anything since he works and I don't). To top it all off, he doesn't think he has a drinking problem... yet always drinks at least 3 beers or more every night. He also slapped my son and left a mark on his face while we were camping (I didn't see him do it because I went to go pee but saw it and asked about it when I got back).",1,domesticviolence,829,168,test,distilbert,1,1,0.07772357,0.92227644,-1.1938604,1.279826
373,"Now he is enraged because I said months ago that maybe internet access was not a bad idea, that there was some stuff there that may connect him more to others. He had been asking for months how to access the internet for free, and I just did not know what to say, he mentioned it so much, besides he would have to get internet access from a company if he wanted to use the internet reliably. So he did that at some point, and is now having issues. It just looks like an older man who is having difficulty navigating the internet and who finds Apple care unhelpful. But he is phoning me today yelling and accusing me of paranoid stuff and hanging up.",1,survivorsofabuse,649,125,test,distilbert,1,1,0.029390529,0.9706095,-1.7115521,1.7856996
374,"I knew I was unhappy in this relationship. He has a very impulsive personality, he destroys his property and overdoses on drugs when he is angry. When I was telling him that I needed some time on my own, he would threaten to kill himself so that I felt obligated to come take care of him (happened 2 times). I would stay because I felt I had the moral obligation to make sure he is okay. I felt very manipulated.",1,domesticviolence,412,80,test,distilbert,1,1,0.030050667,0.96994936,-1.762849,1.7115102
375,"So something happened over 3 years ago that caused me a tremendous amount of anxiety, and over the past few months the anxiety surrounding that event has come back? It doesn't make sense, I can't rationalize it either. This time around it's not as intense as it was then but I'm definitely experiencing the same thoughts, same anxiety. What the f do I do? I don't feel comfortable at all talking about it with a therapist and it's began consuming my life again.",1,anxiety,461,83,test,distilbert,1,1,0.011128774,0.98887116,-2.204573,2.2824569
376,"If he's the textbook abuser, she is the textbook victim. She keeps giving him chances and accepting his apologies and living in this cycle of abuse. She thinks she's the one doing something wrong. I keep telling her that the only thing she is doing wrong is staying with this guy and thinking he will change. I tell her she does not deserve this treatment.",0,domesticviolence,356,65,test,distilbert,1,0,0.12132632,0.8786737,-0.98266894,0.99726087
377,"I thought why not try and look for a girl at the gym, but as you can figure, at 3:30am there's not as much fish in the see. Though I fear any partner not sharing my passion for fitness will not bear the strict diet I follow and the amount of time and energy I invest daily into the whole topic. #**TL;DR** ish And it is also not me wanting a girlfriend right now, do or die-esque. I am also way more interested in finding a girl sharing the same passions, aspiring to achieve similar goals, sharing the same values and providing a safe haven for one another long-term rather than just having some fun and being superficial about it.",0,relationships,632,120,test,distilbert,0,1,0.9834357,0.016564352,1.9714245,-2.1123748
378,"Am I a bad person for stealing food when I need to? I have a job but sometimes I'm broke for a couple days in between checks, I hate having to steal... I hate the anxiety and constant worry for the next 2 days that ""they're building a case on me and they're gonna crack me randomly at work or something"".. I was just starving... Today I had to steal some noodles and potato salad from 2 different stores as I was walking out of both I was watched by a worker... I feel like scum...",1,homeless,481,96,test,distilbert,1,1,0.01182792,0.9881721,-2.1741424,2.251252
379,"My PTSD has manifested itself in disassociation, flashbacks, panic attacks and general anxiety and depression. I believe that my PTSD is related to my previous abusive relationship also, sexual assault, traumatic childhood experiences and an alcoholic parent. I am looking for any advice related to these issues that may help me learn to manage them. I am currently seeing a therapist and going through CBT and I mediate regularly as well. Any suggestions or resources would be greatly appreciated!",1,ptsd,498,79,test,distilbert,0,0,0.65676874,0.3432313,0.41365513,-0.23527233
380,"Hi, my english isn't my first languge and my grammer or spelling might not be perfect, but sorry in advance. I met my friend in august 2016, in school and we became really close right after we first met. We would hang out all the time, 5 days a week and then talk and text on phone or skype for another atleast 2 hours. We shared everything and it felt like we've known each other since forever.  But then after 1 month of daily talking/hanging i was going on a trip alone with my longterm boyfriend for 3 years [M20] for 2 weeks before christmas.",0,relationships,547,105,test,distilbert,0,1,0.9856367,0.0143633615,2.0376503,-2.1909568
381,"I was at my first party with her and I got really drunk and when im drunk i like making out with all my girl friends, not long kisses but with tongue. My boyfriend is fine with this because its girls but I eventually kissed her and it was so nice, not like any other friend. We ended up in bed making out for approximately 2 hours. We became even closer than before and we had sleepovers every friday, just her and me. We would get drunk alone together every time and then kiss more and also go a bit further for hours.",0,relationships,519,103,test,distilbert,0,1,0.97652483,0.023475215,1.7425101,-1.9855449
382,"Every single day I think about what happened, and it scares me to this very day. My hands go numb all the time with loss of sensation and my muscles are tense 24/7 I have a hard time believing it's anxiety but it most likely is because I've never had panic attacks before that incident. I've been on one antidepressant (Zoloft) for 3 months, and it didn't do anything. I was prescribed Venlafaxine but I'm too scared to take it due to the side effects. So yeah that's my story",1,anxiety,476,90,test,distilbert,1,1,0.011623102,0.9883769,-2.1523867,2.290683
383,"I have no clue. I meditate twice daily, jog every morning, eat very healthy, absolutely love my life and am following my passion. Yet I’m struck with random physical anxiety all the time. No negative thoughts or anything like that, it’s purely physical. A very uncomfortable feeling in my chest.",1,anxiety,295,50,test,distilbert,1,1,0.015600555,0.98439944,-2.033449,2.1112764
384,So we are striving to find that balance between building an inviting and encouraging community (village) and the first rungs on the ladder to independence. I read all of your posts and take mental notes as to what you are telling each other of what you need or the advice you give a newcomer. But it would be fantastic if you dropped me a note telling me of what you think. Thanks. God Bless.,0,homeless,392,74,test,distilbert,0,1,0.9874134,0.012586615,2.1039307,-2.2585242
385,"I come out bleeding and it boy tried to yell at me. But he noticed my arm and was like "" oh my God"" but then crazyasses started to whine that he was losing his mind. So he went back downstairs. Shortly thereafter it boys parents kicked him out for violence towards the family, property damage, and refusing to get a job. Him and crazy ass started haranguing me about me getting them both jobs at my pwork which I didn't want to do honestly.",1,domesticviolence,440,85,test,distilbert,1,1,0.039944693,0.9600553,-1.613014,1.5664811
386,"Whenever the mutual friend would go to the bathroom, she kept making eyes at me, and me at her. The physical chemistry was palpable. After we were about to leave, our friend took off, and we hung out in the parking lot, me embracing her for lengthy periods of time. I wanted to just go for a kiss, but I knew it would be crossing a permanent boundary. Afterwards, she approached me at work.",0,relationships,390,74,test,distilbert,0,1,0.98418057,0.015819462,1.9509246,-2.1796436
387,"Around 5 months ago I started talking to Q. She's a coworker of mine who I've admired since I started at my job three years ago. I respected her and wanted to be friends, but we never talked or ran in the same social circles. 5 months ago, she invited me to a concert that her husband couldn't attend. We went as friends, had a blast, went out dancing afterwards, everything was Kosher.",0,relationships,386,73,test,distilbert,0,1,0.9875338,0.012466149,2.086817,-2.2853768
388,"After doing this twice, she sent me a message on Instagram about a month ago saying ""how dare I check out of her life and pretend to still care about her or her family"" and that she ""didn't think things would turn out THIS badly"" for the two of us in terms of ""remaining friends."" We had tried being ""just friends"" several times, but we pushed that barrier several times. We even mutually discussed it. I thought this was something we both wanted, but perhaps I was wrong? Her husband is in a line of work in which he interfaces with large groups of people.",0,relationships,557,105,test,distilbert,0,1,0.9841611,0.01583896,1.9807693,-2.1485474
389,"She told me that things had to go back to where we were before we ever went to the concert. I agreed, and stopped talking to her aside from professional responsibilities. NOW... in that period of time since two MAJOR things have happened. 1. Her mother was diagnosed with cancer.",1,relationships,279,50,test,distilbert,0,0,0.9822119,0.017788153,1.8980427,-2.113232
390,"As I get up from the end table, a bit dizzy, he takes the badminton racket and jabs me twice in the abdomen. The attack ends there, as I make my way to my phone to call 911, where I am chased out of the house before I can make the call. Everything ends there; I wait for police to arrive so I can grab my stuff and leave safely. The only property damage on my end was my glasses, which were mangled pretty badly, leaving a frame screw broken (frame falls out) and the nose rests warped. Police say they were unable to do anything because they think I was fighting back.",1,domesticviolence,569,113,test,distilbert,1,1,0.019338397,0.98066163,-1.902667,2.0234678
391,"Little over 3 hours ago, my dad had attacked me. I'm not sure who to go to for advice, hoping someone can share any here. Thank you. Here's the full story Preceding physical contact, me and my dad were having a verbal argument.",0,domesticviolence,227,43,test,distilbert,0,1,0.8943486,0.10565136,1.0596108,-1.0763402
392,Just wanted to share with you all -  yesterday I flew to Germany from England for a full day work meeting today. I am now waiting at the gate to fly home. 9 weeks ago I had a panic attack thinking about traveling across England on the train to see my sister for Christmas (my amazing boyfriend drove me over and then came to pick me up! ). A mix of medication and therapy has helped me so much.,0,anxiety,394,79,test,distilbert,0,1,0.95637935,0.043620605,1.5517777,-1.5358474
393,Still had moments of anxiety but I got through them. We can do it guys! It's so tough and I know I'll have bad days but hoping that the good days outweigh them. Completely shattered now though. Could sleep a million years.,0,anxiety,222,42,test,distilbert,1,0,0.05182488,0.94817513,-1.4839385,1.4227304
394,I know it’s nothing for me here especially with my current boyfriend but I also am so afraid to fail or get stuck with my ex. Help? Advice? Empowerment? I need it all right now.,1,domesticviolence,177,35,test,distilbert,1,1,0.012504976,0.987495,-2.136583,2.2324617
395,"So im feeling a bit defeated; I finally went to my dr at the beginning of last month about my PPD and anxiety, also my workplace is very stressful and my marriage feels like it's crumbling because we are always arguing... my dr prescribed me Zoloft, I really wish now I had journaled how it made me feel, but thinking back, I had some nausea and then started to feel anxiety relief within a week, and overall better mood in a few weeks. Last week, I was working nights and forgot to take my Zoloft four days in a row... I went into a crisis/withdrawal, started taking it again and on day three I felt AWFUL. I went to a walkin because my dr was away that day. She prescribed me Paxil, to start at 10mg and then increase it to 20 after a week.",1,anxiety,742,145,test,distilbert,1,1,0.012724937,0.9872751,-2.123646,2.2277389
396,"We will also provide links to treatment and informational resources throughout the study. Please send us a private message to receive a link to the screening questionnaire to see if you qualify for the study. If you qualify, you will be told more about the study and you can decide whether or not you want to participate. If you don’t qualify, you may be told about a different study that you can participate in instead. Thanks for your consideration!",0,ptsd,451,79,test,distilbert,0,1,0.9871143,0.012885697,2.096039,-2.2426286
397,I feel like im receiving mixed signals from her as we usually talk for most of the day either thru texting or at work. (she chooses to sit by me everyday)   ---   **tl;dr**: How do I take things slow and not become clingy after not dating for a really long time? I really enjoyed getting to know her but I feel like im falling way too fast for this girl and Im not sure she feels the same way I do.,1,relationships,398,81,test,distilbert,1,1,0.07321588,0.92678416,-1.2865152,1.2517931
398,"I'm not sure...? I'm stressed to high heaven, and I know that this is the core of it. I don't believe in god, or I dunno... but I am terrified of facing this portion of myself? Like Someone with a phobia of something. But I need this part in my life.",1,ptsd,250,51,test,distilbert,1,1,0.01755636,0.9824437,-1.9615531,2.0630734
399,"I get intrusive memories, that are really hard to get out of my head, sometimes I actually flashback like I'm there. I have nightmares that replay old memories of me as a child, or sometimes of just her face. But it doesn't happen everyday. This is the first time I've really thought about frequency, I'll catch myself actively trying to avoid thinking about certain things. I stay away from where I used to live with her, every time I go to that town I have a panic attack.",1,ptsd,474,88,test,distilbert,1,1,0.022106959,0.97789305,-1.8544745,1.9350334
400,"All the research are being conducted by Harvard affiliates and cover a huge variety of fields in the social sciences! It's a cool way to help out with research and learn something along the way. Our newest one is on estimation, using images of dogs :) check it out: <url> See other experiments on the website for more surveys that could be relevant to you! Really appreciate it :)",0,assistance,380,69,test,distilbert,0,1,0.9883922,0.011607807,2.1455011,-2.2989008
401,"Now I’m in a healthy relationship. This man is the love of my life. He always pushes for me to be better and I resist it sometimes. I’ve turned on him fearing him having a dark objective, and I don’t understand all my triggers. All I know is sometimes I see my incredibly loving boyfriend as my incredibly abusive ex and it breaks my heart because he’s the only person that tends to me so well... he does everything he can to help me always he saved me from that awful relationship... he saved my life.",0,ptsd,502,96,test,distilbert,1,0,0.0134140495,0.986586,-2.1086524,2.1892955
402,"I get so stressed at work. I feel like women get all the preferential treatment. Also, the few women who are in charge just spend their time micro\-managing the men while letting the other females just slide by doing minimal work. I don't get it. It causes me huge stress because I feel like im living in an unfair world and I don't know what to do about it.",1,stress,358,69,test,distilbert,1,1,0.012018465,0.9879815,-2.1836617,2.2255578
403,"Met a girl at a work convention, and really hit it off. Started dating, and really moved FAST. It felt like true love, the sex was awesome, she was so sweet. A few months in, she started zeroing in on anything she did not like, and would use anything she could against me. She would ignore my texts for periods of time, our sex life went down.",0,relationships,343,67,test,distilbert,0,1,0.9848489,0.015151142,1.9902114,-2.1842008
404,"My main obstacle now is getting said training. Everything is in the city and it's so loud and bright there. I have enough blankets for now. And I'll give my kitty to the humane society before conditions are cruel. I'm not a monster, I'm just not quite ready to give her up yet.",0,homeless,277,53,test,distilbert,1,0,0.08403565,0.9159643,-1.146175,1.2425611
405,"I applied for disability, but was rejected. They said that although I will have great difficulty finding work, with adequate job training I could provide for myself. I agree with that. (I can't be around loud noises, bright or black lights, or strong smells. There are other restrictions but those are the main entry level position killers.)",0,homeless,341,57,test,distilbert,0,1,0.91696715,0.08303288,1.1950066,-1.2068282
406,"To the typical bystander he looks to be in a bad way, but actually he’s happy. He had a mental breakdown over Christmas and was sectioned. Because of this the social services have been visiting him and due to their insistence of better accommodation, he has had to use his savings to buy a shed which he now sleeps in. He is profoundly proud of his self sufficiency and freedom and desperately does not want to be put in a home or helped in any way. The shed (although better than his trailer) isn’t insulated.",0,relationships,510,95,test,distilbert,0,1,0.96107495,0.038925104,1.5429645,-1.6634486
407,"He is coming round tomorrow for a cup of tea and I want to broach the idea of knocking down his small shed for this larger and better insulated cabin, without offending or embarrassing him. How on earth do I go about this? TLDR: my blind neighbour is sleeping in a very small and very cold shed. He is profoundly proud of his self sufficiency. My husband and I have sourced better (mainly for peace of mind) but I don’t know how to broach the subject without offending or embarrassing him.",0,relationships,489,91,test,distilbert,0,1,0.7432904,0.25670955,0.51959723,-0.54354435
408,"7- If your children are no longer living at home, what kind of effect did this have on your relationship with your spouse when they left? 8- Are you in a career that you had planned to be in when you were younger? Have you been fulfilled in your career? If you could have done anything else, what would it have been? 9- Do you think someone can be completely fulfilled as both a parent and a career person or do you usually have to sacrifice one for the other?",0,assistance,460,90,test,distilbert,0,1,0.9797649,0.020235142,1.8462125,-2.0336792
409,"We’ve been together for 4 years now, living together for just over 1. He’s a very sweet guy, but at times he can seem childish. He’s always joking or making fun. But he also seems very uninterested in things, and to brutally honest if you saw his resting face you would think he doesn’t care about anything. It’s so relaxed with heavy eyelids and he speaks in monotone quietly.",0,relationships,377,69,test,distilbert,0,1,0.9794464,0.020553576,1.8098047,-2.054148
410,"I have just recently got on anxiety medication again because it’s been going downhill recently (my boss knows this, we have more of a friendship than boss/employee relationship) I really just want to up and quit because I make shit money and I feel myself declining but I also know once I pass over this rough patch I’ll need this job because I’ll have to move out I’m sure. I want to text her and tell her I’m taking the week off for mental health reasons, is this not okay? For all I know I’ll wake up in the morning and just not go. I feel like shit right now and know I won’t feel any better by morning or in a few days. I’m just lost.",1,anxiety,639,127,test,distilbert,1,1,0.010983202,0.9890168,-2.2030385,2.2973058
411,"I will make everything as clear and concise as possible: Backstory: My late grandparents home, the home I was raised and still currently live in, is being short sold to a relative by the bank. My grandparent did a reverse mortgage, died and their home went into foreclosure, got put up for a short sale, and is now in the closing process. The relative who's purchasing the home clearly wants to profit off of the home and is warning me that in the coming days it'll be time for me to go. Unfortunately, my next stop will be a shelter as I have no money saved up to move into an apartment of my own, nor do I make enough working part-time to pay rent, and I don't have many ready available options that I'm aware of.",1,almosthomeless,715,137,test,distilbert,1,1,0.020580979,0.979419,-1.8902926,1.9722996
412,"Backstory: My late grandparents home, the home I was raised and still currently live in, is being short sold to a relative by the bank. My grandparent did a reverse mortgage, died and their home went into foreclosure, got put up for a short sale, and is now in the closing process. The relative who's purchasing the home clearly wants to profit off of the home and is warning me that in the coming days it'll be time for me to go. Unfortunately, my next stop will be a shelter as I have no money saved up to move into an apartment of my own, nor do I make enough working part-time to pay rent, and I don't have many ready available options that I'm aware of. The only question I have is does the relative have to pay us to move out or can they just kick us to the curb without a penny?",0,almosthomeless,785,155,test,distilbert,1,0,0.016418995,0.98358095,-2.0075932,2.0851676
413,"They are too old now to travel to the US and I would love to see them again. Here is a [picture of <url> on dialysis. There are three requirements for a donor, blood type match, tissue match and you need to be in good health. If you are interested in donation or have any questions at all, please PM me and we can discuss next steps. I am located in Seattle and as long as you are in US, you can be considered for a donor.",0,assistance,422,87,test,distilbert,0,1,0.987084,0.01291598,2.0835588,-2.252731
414,"Plus she sent him pictures of her ultrasound. Now I'm just heart-broken because I was head over heels for this guy and I'm also disgusted by what he did to this girl. I don't know how to confront him about this or how to handle this situation properly. I am going to break up with him, but what do I do after I end it? Do I tell his fiancee?",1,relationships,341,70,test,distilbert,1,1,0.011286413,0.9887136,-2.2101357,2.2626696
415,"He broke my hymen through overly aggressive fingering before we ever had sex. He surprised me by trying unlubricated anal sex without warning, and I did fight that one, but only out of complete instinct. I screamed and moved away and sat crying for an hour, unable to move or speak while he tried to apologize. After we broke up he became religious, and he publicly and privately called me a whore and a slut for stealing his virginity. I never defended myself or told anyone about what happened.",1,survivorsofabuse,496,89,test,distilbert,1,1,0.08925185,0.9107482,-1.1634119,1.1593924
416,"My problem is most of these articles mention getting your friend professional help, but he's already seeing a psych and therapist. The other thing frequently suggested is to gently nudge them to do things. This is a problem currently though because of the physical distance between us and their lack of a phone currently. Has anyone else gone through or is experiencing something similar? I could really use some advice 😟",0,anxiety,421,71,test,distilbert,0,1,0.7317565,0.2682435,0.5519507,-0.45160195
417,"I just don’t feel like living in that situation is worth me even trying to help them keep the house. After talking to a few close people, I have decided that I can’t sit around waiting for my rent to inevitably go up again, and that staying there means I can’t continue with school. But I’m having issues coming to terms with the fact that bf won’t come with me. He says he doesn’t want to abandon his mom, and that he has to help them any way he can (like now giving up 50% of his income). If he leaves, his mother and sister will not speak to him, and will blame me for taking away their brother/son.",1,relationships,602,119,test,distilbert,1,1,0.012568287,0.98743176,-2.1713064,2.1926243
418,"Now six weeks ago, I was asked to contribute $250 to the household, great no issue. Now suddenly (this happened in the space of an hour yesterday and was never discussed with me), my rent has doubled to $500, and my boyfriends tripled to $700. As a full time student who pays every single bill herself, including school, I cannot pay this amount. Now here’s some backstory: the house was going to be foreclosed on due to no one paying the mortgage, bfs mom and sister insist they want to stay and keep this huge, 6 bedroom house. They refuse to rent out the extra rooms to help.",1,relationships,578,108,test,distilbert,1,1,0.085563995,0.914436,-1.0836908,1.285352
419,"She is easily manipulated. She will believe anything anyone tells her. She is constantly finding a new naturopathic medicine to boost her immune system or whatever her problem is. After her separation, she REALLY turned to God and religion. She believes that her nephew was cured from something because she prayed (even though he was on antibiotics the whole time).",0,survivorsofabuse,365,60,test,distilbert,0,1,0.95691895,0.04308108,1.4764426,-1.6241922
420,"And yes, I would love help. I live in <location>. I can't use a phone as we only have one; house phone, that mom is always sitting near. I would love to be given links to sites that can help my brother and I to places that will take us. Because today was the last straw with my 'mother' hitting my brother with a tennis racket as my 'dad' restrained him down on the couch.",1,domesticviolence,372,75,test,distilbert,0,0,0.95320594,0.04679403,1.4915775,-1.5224979
421,"Hello, This is my first time posting here and I'm not entirely sure what the protocol is or what the requirements are. That said, rent is due in three weeks and I'm worried that I won't make it in time. I'm here exploring options and seeing what assistance, if any, I could get to make it to next month. I share an apartment with my brother in Denver, who has a somewhat stable job and is able to pay his rent.",1,assistance,410,81,test,distilbert,0,0,0.93899643,0.061003555,1.4226788,-1.3112009
422,I explained my situation without giving him how long I’ve been homeless but said I’d be back on my feet by December. That was at the beginning of the conversation. Then at the end of the conversation he said I should be good there for a week. What the heck! Now I have to find new places to park in hopes I don’t get bothered at night.,1,homeless,335,67,test,distilbert,1,1,0.015674748,0.9843253,-1.9859828,2.1539228
423,I’ve been sleeping in my car for 37 months with only 4 more months until I’m back on my feet. I’ve been staying in the same parking spot in the dark edge of a public parking lot every night. Last Thursday night I’m woken up by a cop banging on my window with his flashlight at 1:45am. He said he helped someone in the same parking lot a week prior find a place to live. I call bullshit on that.,1,homeless,394,80,test,distilbert,1,1,0.028723445,0.9712766,-1.7534391,1.7674586
424,"Now that I’m single I find that I don’t have much friends I can hang out with. With the few guy friends I have we all just play sports together and that’s literally it, nothing outside of that. No one I can really be like “hey let’s go to this concert” or “Yo, let’s hit this party up”. I also feel like I’m kind of too mature for ppl my age, which is conflict sometimes too. I also genuinely want some gal friends and nothing romantic but just some girls to hang out with but I feel all girls just assume all guys have bad intentions or just want to get in their pants.",0,relationships,570,114,test,distilbert,1,0,0.02263846,0.9773615,-1.8158681,1.9493382
425,"The few gal friends I associate with are either in relationships or kind of just brush me off or fake like they want to hang out but really don’t when the time comes. My school has no clubs whatsoever, so I can’t really meet anybody that way. I do go to a fairly small school though, around 7,000 students. I always wanted to be in that group that always hangs out. So I honestly don’t know what to do or how to go about this situation.",0,relationships,436,86,test,distilbert,1,0,0.026812322,0.9731876,-1.7458423,1.8458731
426,"They say, that I'm the anti-Christ, Look to God, don't question it twice, Dead man, because I did it thrice, Foolish man, about to be sacrificed. Don't cry over me.",0,homeless,164,30,test,distilbert,0,1,0.8247525,0.1752475,0.75327736,-0.7956067
427,I’m just getting done with my training at my new job which I’m so thankful to have. It’s just that I’m down to my last $40 in my bank account and I don’t get paid for another 2 weeks. I’ve been eating peanut butter and jelly to get by but it’s becoming really hard and also depressing. I’ve never been this anxious about how I’m going to eat but here I am. Please help me.,1,food_pantry,372,75,test,distilbert,1,1,0.012730724,0.9872693,-2.1216586,2.229266
428,"But once he explained his fascination, I was more sympathetic, but laid down the boundary that divorce talk can’t be a part of our relationship. My youngest never remembered her dad’s abuse, and is very upset that she doesn’t get to see him. My oldest remembers a bit more, but was not the victim most of the time, and also feels a little mad. It’s hard to talk about divorce without having the conversation about their dad, and it’s even harder to explain to them why they can’t see their dad. It was worse when they were younger, so I wanted to avoid the talk.",0,relationships,562,105,test,distilbert,1,0,0.08590319,0.91409683,-1.1529106,1.2118049
429,"I am unsure how to begin, but brief about me. I was a mess in my youth, half way houses, trouble etc, never got into drugs or drinking but did have a child young but her mother cheated then moved away, was sometime before we reconnected (she wanted child support and that was fine) but by this time I had moved to another country to get myself out of the existence I lived in. And this was going well, great career, started a family etc, all awhile building a long distance relationship with my eldest (not easy as they kept moving around). fast forward some years later, my eldest has attempted suicide due to many things but one being Aspergers making it hard for her young mind to cope with teenage hormones, so I made a choice to return to the US, to help her. I had to change careers, and try starting from scratch, brought my young family over and at first seemed all was fine.",0,assistance,883,167,test,distilbert,0,1,0.86228245,0.13771753,0.8535059,-0.9808723
430,&#x200B; **Heyyyyyy. ** So Just wanted to introduce myself. I'm a young lady who suffers from Complex PTSD and just want to reach out to be part of a community to get some help while also helping others. Supporting other PTSD victims is something that has helped me heal.,0,ptsd,271,49,test,distilbert,0,1,0.98443764,0.01556228,2.0014093,-2.1458113
431,"The title pretty much says it all but I want to add all the gory details. In my girlfriends family there are a lot of hammy downs. There is just a plethora of clothing and obscene amounts of things that nobody needs, so when I want a thing the answer is almost universally ""lets ask my mom first before buying"". In my life thus far I don't really take other peoples things. I have like 5 pairs of jeans and like 3 more pants I bought for work, but other than that I don't have extra stuff and I like it that way.",0,relationships,512,103,test,distilbert,0,1,0.93702996,0.06297002,1.2709311,-1.4291254
432,I feel so vulnerable and unsure of myself all the time now. I didn't think it would affect me this way. I'm so tired of eating ramen noodles and granola bars. I'm sick of seeking out the cheapest coffee shop that has wifi. I'm sick of feeling like a burden.,1,homeless,257,50,test,distilbert,1,1,0.013439428,0.9865606,-2.1671844,2.1288478
433,"So. I have been planning my birthday party for over a month, I bought myself a beautiful dress, I am excited to do my hair and makeup and just live my best life. I moved to NYC 3 years ago and don't really have a lot of friends. I met a group of people in august and they have become my close friends. Of the 10 people I invited half the people can't come.",0,anxiety,356,74,test,distilbert,0,1,0.97912586,0.020874126,1.8674085,-1.9807413
434,I had done research on termination of parental rights but everything from the state said that the state had to be the petitioner in cases like that so I just assumed it was that way in other courts. So I ended up petitioning to terminate his rights today and included a statement from my ex’s other sons mother. But now I am afraid. I don’t want him to get this paperwork and end up blowing a fuse and hurting me or my son. I’m staying with my parents and he knows where the house is.,1,domesticviolence,484,95,test,distilbert,1,1,0.016823834,0.9831761,-1.964144,2.1038477
435,"Moving on to the following workday, I went over to the shop to collect the dishes from the stuff I brought to the party. I had a beer and chilled with the gang. Then the owner of the shop busts out with his wife's concerns that he and I were ""after each other"". My not-so-savvy self didn't know what he meant at first. But as the realization washed over me that I was being suspected of an affair I was mortified horrified and shamified.",1,relationships,437,84,test,distilbert,1,1,0.038223825,0.9617762,-1.5514919,1.6738307
436,"I feel like you don’t want to talk to me, he said I was fine talking to you this whole time but you giving me shit like this is making me not want to talk to you. Then I said Your being a fucking asshole you didn’t reply to my message till I messaged you again. Which is weird, and you don’t talk to me for over an hour at work. But now you don’t want to talk to me bc I’m asking about it? Then that’s when it all started I kept calling after that he ignored .",1,relationships,460,99,test,distilbert,1,1,0.04788471,0.9521153,-1.5643542,1.4255357
437,3. I was meeting with someone. 4. Because I’m so tired of wasting my time on someone who is so insecure and paranoid that it interferes with both of our lives. You deserve this because you impose your paranoia onto me and demand impossible things.,1,relationships,247,45,test,distilbert,1,1,0.032833785,0.96716624,-1.721776,1.6611364
438,*potential triggers: abuse* I was recently diagnosed with PTSD and have been prescribed Cymbalta. Since taking the drug I have found that my flashbacks have kind of intensified. I can now taste things and smell things whereas before it would just be a scene that played out it's like I'm THERE every time. I keep having urges to call my abusers and other people that were involved and tell them that I remember the truth now and I don't forgive them.,1,ptsd,450,81,test,distilbert,1,1,0.014881009,0.9851189,-2.0565124,2.136164
439,"But I'd like to reciprocate her feelings. I think I do truly love her, but I'm not going to fuel her infatuation by saying it. Should I just sit back and wait? What signs should I look for? Should I confront her again?",0,relationships,218,43,test,distilbert,0,1,0.90200317,0.09799676,1.0106634,-1.2090203
440,The two women sitting out front were his family. They are all African immigrants and don’t primarily speak English. They were the ones who handed me the phone. The police came by yesterday to talk again to my neighbors while I was at work. My husband told me last night that the man died.,0,ptsd,288,54,test,distilbert,0,1,0.9714877,0.028512271,1.693096,-1.8353981
441,She starts to cry and apologize as well as tell me that it was all her fault regardless how many times I try to convince her otherwise. As her boyfriend it's extremely painful to watch. On our ride home from the store today she had another breakdown that lasted until we got into the house. However that's when things took a turn for the worse. She had an extremely severe panic attack.,1,ptsd,386,72,test,distilbert,1,1,0.05812126,0.9418788,-1.38823,1.397115
442,"The chapter we shared together may have ended but the story itself will never change. So here's to you, Babu. Thank you for teaching me so much, for the irreplaceable memories, and for being such an important part of my life. ---   **tl;dr**: I love my current partner, but I think I'll love my first love forever.",0,relationships,314,57,test,distilbert,0,1,0.9841562,0.015843792,2.001447,-2.12756
443,Every day I am in rage mode listening to her pure stupidity and trying to argue stupid things. I'm on the verge of absolutely blowing up on her but I would lose my job. Please give advice on how to deal with an extremely difficult coworker before I absolutely lose it!! ! Tl;Dr crazy coworker is affecting my work.,1,relationships,314,59,test,distilbert,1,1,0.011580015,0.98842,-2.1980147,2.248812
444,"I don't know what to do and i need some help. Can anyone give me some insight into why he's being like this to me or what i can do? Is there anything saveable here? **TLDR: I [F26] am at my wits end with my partner [M27] being emotionally abusive, what can i do? [Duration 1 Year]**",1,domesticviolence,282,57,test,distilbert,1,1,0.011958163,0.9880419,-2.181047,2.233264
445,"I’m looking for work, mostly online jobs since I don’t have a car, but have also been applying for in person jobs and remote jobs, so I would need a phone for them to contact me. Would anyone be able to help me out? I can pay it back once I’ve got income again, and I can forward the confirmation to you to prove that it was paid. Or even if someone would be able to get me a cheap phone with some minutes on it, that would work too. Thank you for considering.",0,assistance,460,94,test,distilbert,0,1,0.983997,0.016003042,1.9981833,-2.120661
446,"It would be awesome to see how many people I can have help me wish her a Happy Birthday (sounds clickbait-y, so forgive me.) She loves our dog, Bear, Beyoncé, and a good NetFlix Original series. So basically, she's an incredible lady. Not that I'm biased or anything. Any Happy Birthday wish would be awesome!",0,assistance,309,55,test,distilbert,0,1,0.98782045,0.012179518,2.096664,-2.2990816
447,"Best to work backwards. The first time I went in to an actual psychological professional to get them to weigh in on my condition was due to a flashback - The only one I've ever had and frankly pretty easy to deal with, which sets the tone for me. As far as the disorder goes, I got off pretty easy. Conversation to do with specific details of child abuse caused me to tap into a repressed memory of childhood abuse which I won't go into too much detail on in a public thread, though if anyone is interested in the context, I don't mind sharing over messaging. It was like when one imagines things under their own control - Conjuring images and sounds at will while still experiencing reality, but it wasn't under my control.",0,ptsd,724,135,test,distilbert,0,1,0.97289723,0.02710276,1.7026207,-1.8780222
448,"I'm not sure if he was lying to me, she never found out the truth, she s lying, I have no idea. I really appreciate everyone's advice. I then mentioned I was under the impression from my parents that we weren't actually related but that I was happy to talk to her and that I didn't actually know. She opened that message and never responded so I guess we'll see what happens. Probably last edit: she said she has gotten a DNA test with him in the last and it says 99% he is her father.",0,relationships,485,96,test,distilbert,0,1,0.97841233,0.021587668,1.8112695,-2.0025394
449,"An hour ago I felt like I was having stroke like symptoms, but they passed so maybe it was a panic attack. Now I'm just very lightheaded. I am hoping when I get my ultrasound and my work issue is resolved (both next week), all this will pass and I can chalk it up to anxiety...but I'm not sure and am terrified. Has anyone with anxiety experienced these kinds of symptoms? I feel like I'm not going to make it until next week at this rate.",1,anxiety,439,86,test,distilbert,1,1,0.012798036,0.98720205,-2.1084995,2.2370837
450,"I don’t know why I’m writing this. I don’t know what people will say, I’m seeking therapy for this, I’m openly involving my SO in this so that I don’t feel too isolated, and so she doesn’t either. It felt surreal to tell her and it feels surreal to type it out. If anyone can hear me, please reach out. Thank you.",1,survivorsofabuse,313,62,test,distilbert,1,1,0.016580835,0.9834192,-2.0346742,2.0481138
451,"She also wasn’t wearing her ring. She was also extremely upset when I grabbed her phone, which is locked with a password I don’t know, to hand it to her. Well on Monday we barely spoke during the day, and she was very quiet at dinner. Dreading what might come but knowing I had to ask I asked her if everything was ok. She said no, that she couldn’t marry me, couldn’t have kids as she would be a bad mother, and couldn’t see us being together anymore.",1,relationships,452,88,test,distilbert,1,1,0.27783334,0.72216666,-0.44899997,0.5062345
452,"Our sex life was the biggest irritant for me, as it had declined to fairly rote occurrences when I would push several days in a row every couple weeks. Spent some time or r/deadbedrooms. Last year she took her first international trip alone. When she returned, she seemed distant and cold. I eventually confronted her about it and she said that we had grown apart.",0,relationships,364,65,test,distilbert,0,1,0.7453209,0.25467905,0.4614013,-0.6124094
453,"Hi guys. I'm a current English major at my first year in uni, trying to save up enough money to participate in an in-depth language study in Hokkaido, Japan. My career goal has always been to teach English in Asia, and after years of deliberation and comparing the different countries I could teach in, I believe Japan is best suited to me. The only problem is, my current school only offers Japanese 1 and 2, and I need to be as close to fluent as possible in order to give me an edge in the hiring process. I know the prospect of studying abroad in Asia seems like a cushy vacation.",0,assistance,584,111,test,distilbert,0,1,0.97250235,0.027497608,1.7521355,-1.8136381
454,I was sobbing and shaking and my whole front of my dress was open because he tore at it and th the buttons broke. I was shaking so much it took a while to button up my dress and the whole time it reminded me of when my ex attacked me. Was my trauma triggered? I tried to gather my things and got out and went into the back of his huge suv to get my things out of th backseat. I was hysterical.,1,domesticviolence,393,84,test,distilbert,1,1,0.019103732,0.98089623,-1.9531534,1.9854295
455,"The way he was acting was disproportional to the situation. He is yelling at me nonstop. We pulled into a store. He kept yelling mean things at me, to the point I was asking him to stop over and over,  telling him I didn't want it to escalate and to please go into the store. It all happened so fast.",1,domesticviolence,300,60,test,distilbert,1,1,0.07729611,0.92270386,-1.2456491,1.2340157
456,"Perhaps it is weird to process something after such a long time, but not really. I always felt strong at how I managed to leave, but I never had any closure. I got out of the relationship and pretended nothing ever happened. Just wanted to share I had an eye-opening experience tonight and I feel at peace about everything that happened now because I have deep down, stopped blaming myself. Looking back at every experience I had with him, the mental torture I went through, I cannot believe what I dealt with, but now finally feel ok.",0,survivorsofabuse,535,97,test,distilbert,1,0,0.0478746,0.9521254,-1.4064248,1.5836868
457,"Entering my invite code would give me points,  to move closer to the front of the line to get my loan paid. The app is free to install,  and would not cost you any money,  unless you choose to buy play coins (which is NOT required). My invite code is: F402166 Thank you for taking the time to read my post,  I greatly appreciate it! Have a good night :)",0,assistance,353,70,test,distilbert,0,1,0.987405,0.012594991,2.1073196,-2.2544615
458,"Monetary campaign contributions would be grand, however that is not why I came to r/assistance hat in hand today. What I need is help getting the word out. I need you to share my campaign on Facebook, Twitter, Instagram, Pintrest, Tumblr and whatever other social media outlet you may use. Because the only way I can be successful at what I'm doing is to spread the message as far and wide as possible. TL;DR: I'm broke and live in a camper so I started a GoFundMe campaign because I need help to properly start up my business and I need you to share my campaign with all of your social networks.",0,assistance,596,111,test,distilbert,0,1,0.97746116,0.02253886,1.8812847,-1.888433
459,"I'm a 20 year old guy and go to school with 3 friends, a 20 year old guy, a 20 year old girl and 19 year old girl. All 4 of us have been friends for a few years. All of us are interested in art/drawing and took an art class together last semester at the college we attend. While we were all chatting over break, one of the girls made a comment that it would be nice if we could get more practice with drawing the nude figure since she is taking a class on it this coming semester. I commented that if she wanted, the 4 of us could form a practice group, with each of us taking turns acting as a model.",0,relationships,601,125,test,distilbert,0,1,0.9873488,0.012651213,2.1019464,-2.2553241
460,Willing to pay a slightly higher rate of interest if it means being able to place the order for my supplies. Links to my art and/or printing business and any other info available upon request. Thanks for your time and consideration! &#x200B; (EDIT: Forgot to mention that I have both PayPal and Venmo),0,assistance,301,53,test,distilbert,0,1,0.98723197,0.012768045,2.095211,-2.2527483
461,"-when talking to someone i get out of breath easily while talking (newest one) -can't sit properly, I have to sit in a weird position or else its really uncomfortable -easily startled (for example, im sitting in my room, watching youtube and all of a sudden someone opens the door and I get startled) in general im really not a easy to scare person, but this is ridicilous.. Im wondering if I can get rid of these symptoms, if its possible, sometimes I think that im neck deep in this anxiety that there is no way back to 100% normal... but then again sometimes I tell myself everything will be good again. So yea, some tips ,similar experiences / symptoms / if and how did you get rid of them are gladly appreciated:) Thanks !",1,anxiety,727,135,test,distilbert,1,1,0.04493825,0.95506173,-1.4393351,1.6171515
462,"I let out a loud whistle, as we often invited new comers to go ride. The guy on the black bike was named Devin. Devin had just moved to town a couple weeks prior and had posted in our facebook group looking for friends to ride with. After talking for a couple more minutes, we took off on our adventure. A couple blocks down a guy and girl were cruising on a GSXR - I waved to them.",0,ptsd,382,78,test,distilbert,0,1,0.981501,0.018499078,1.8928783,-2.0784838
463,"I look in the mirror and all I see is fat, even though I'm smaller than a lot of people. Secondly, my sister decided to let my ex, who I broke up with, move in with her, and his new boyfriend. She intentionally told my brother not to tell me about the situation, and then she says that I wouldn't be upset if I didn't love him still. I'm not upset because I still love him. I'm upset because she's my sister.",1,ptsd,408,82,test,distilbert,1,1,0.19625524,0.80374473,-0.6778705,0.73199517
464,"She tells me and her friends constantly about how this girl gives her butterflies, feelings of love, and worries out loud if she's gay/bi. Her boyfriend knows about this, since she talks to anyone she can about her life. He's a huge pushover though and doesn't seem to care allows her to continue texting and stalking this girl's social media profile. I'm okay with my sister exploring her sexuality, but I'm upset she's doing this to someone who takes care of everything for her. But he's okay with it, so is it any of my business?",0,relationships,532,96,test,distilbert,0,1,0.85483325,0.14516675,0.8184873,-0.954536
465,"It's really just standard-issue big corporation stuff. My direct manager slaps together the scheduling for our dept. at the last minute because she's overworked, and she's overworked because it's cheaper to make her do enough work for 2/3 people than to just open up an assistant position. I'm not getting enough sleep. I'm going off my medication because I can't make the appointments I need; my weekly schedule is a complete dice roll.",1,stress,437,73,test,distilbert,1,1,0.0138353,0.9861647,-2.1162102,2.15039
466,"That was about 7 hours ago. Normally, I do not get much effect from tea because I only ever drink half a cup as I don't like it that much. However, I have been feeling jittery all day and my heart periodically feels as though it is racing. I have that adrenalized and uneasy feeling that I always get with caffeine. It wasn't really bothering me because I knew it was probably from the caffeine.",1,anxiety,395,75,test,distilbert,1,1,0.022346532,0.97765344,-1.8342922,1.9441919
467,"He was arrested for assault and battery and DWI. He took off with our infant daughter while inebriated and then returned and beat me down then left again. Why am I being made to feel like this is all my fault. The way he looked at me in the courtroom, like I did this, I didn’t even call the police?! The neighbors did after our children ran over to them screaming.",1,domesticviolence,365,71,test,distilbert,1,1,0.020029664,0.97997034,-1.8941848,1.9961231
468,"I tried everything at work, from doing meditation, office yoga, to getting a board to keep track of my tasks. Everyday seemed overwhelming, and I slowly started dreading my patient appointments and sometimes rushed through them because I could sense a panic attack coming on. To make matters worse, my supervisor is not the most understanding person. English is not her first language, and it's sometimes very hard to communicate with her in person or in email. I meet with her twice a month to discuss my progress and she never gives me positive feedback, only highlights things I've done wrong and things I don't do.",1,anxiety,618,106,test,distilbert,1,1,0.048130263,0.9518697,-1.4389243,1.5455928
469,"Well maybe afraid isn't the best word, but it's not far off. I'm not worried they can physically harm me or anything, nor do I even hate kids, most kids I actually like, but certain kids, like uncle's girlfriend's one kids, make me uncomfortable and make my anxiety go off badly. He's like 6 or something like that, but he is disrespectful to me, and harasses me when I'm around. He'll make smart ass remarks which although typical small child insults, get to me, not because they hurt my feelings so much, but it gets to me that I'm so pathetic, I can't even demand respect from a fucking child. Today, playing some backyard cricket with my brother and other cousin (a very respectful kid who I love), he asks if he can peg the ball at my groin, to which I obviously say no, so what does he do?",1,anxiety,795,150,test,distilbert,1,1,0.014445706,0.9855542,-2.0782607,2.1445463
470,"Pretty normal life. My dad has been suffering of severe depression as long as I can remember, but he always refused to get help. I didn't notice as a child; but it wasn't as bad when I was younger. It really got bad a few years ago, when I was around 15. He gets angry at very little things and when he does, he closes off.",0,relationships,323,66,test,distilbert,1,0,0.1890119,0.8109881,-0.69441265,0.7620308
471,"This weekend she had a breakdown and gave me the following reasons:  - I'm almost a momma's boy  - My mom shares an unhealthy relationship with her children (my mom has admittedly told my gf a number of times that she makes her jealous and I care for another woman, but that's because my mom doesn't have a life outside our family and is understandable. My mom however cares for my gf, buys her presents, keeps in mind her allergies and cooks her food that she'd eat, so I don't get why my gf would have an issue)  - Apparently it's weird that I spend all my time and don't like to hang out with friends",0,relationships,603,116,test,distilbert,1,0,0.1600701,0.8399299,-0.7267784,0.9309282
472,"When sis ""woke up"" as a teenager, she started raising hell about the singing evangelist father who'd held her by the wrist, telling her to ""watch and learn"" while her older sister was forced to copulate him. (Bro was hiding behind the clothes & sliding doors in the closet, watching through the crack.) Spouse had been threatened repeatedly with extinction (from the age of three until she was well-normalized at 13) to ""perform."" (Grampa got *his* turns, too.) Moreover, the perp beat and otherwise terrorized the mother into submission, and then manipulated her to get out of his way when my two step-daughters were left there by my dissociated spouse.",0,survivorsofabuse,654,110,test,distilbert,0,1,0.90415686,0.09584319,1.1952885,-1.049001
473,She referred me to a dermatologist who was known to treat white gay guys and other asian gay guys with genital warts. That's how gossipy these doctors can be. I went to this new dermatologist and showed her my growths. She then showed me pictures of genital warts from her textbook. They looked like cauliflowers.,0,anxiety,313,55,test,distilbert,0,1,0.9860438,0.013956143,2.0238693,-2.2339118
474,"They looked nothing like my growths. She told me I was misdiagnosed. I didn't have an std. I had sebaceous epidermal cysts. Had I never had awful sex, then I would have never thought the growths on my scrotum were stds.",0,anxiety,219,41,test,distilbert,1,0,0.46406078,0.53593916,-0.11491963,0.029085537
475,"I was struggling to read the situation between us. My head was telling me she liked me but my anxiety was telling me I was wrong about this and not to pursue any sort of romantic relationship with her. I ended up getting a little drunk one night just before the new year and was texting her, I realised how much more at ease I was talking to her when I was drunk and that I quite liked her. I felt like I was being weird when I was sober too and i didn't like that. So I decided that instead of hiding my anxiety I would open up to her about it.",1,relationships,545,113,test,distilbert,1,1,0.03392513,0.9660749,-1.6608517,1.6882337
476,I always have to touch my face and trace my fingers along my body because it's so odd to know that I am real. That I am alive. I often now sit and think about what I am made of. How behind my skin is a complex make up of organs that keep my unique body and overly aware mind alive. I think how inside my skull is an organ that is thoroughly condensed and holds vast amounts of knowledge.,0,anxiety,387,80,test,distilbert,0,1,0.9500441,0.049955897,1.4647832,-1.4805846
477,"Switching my major to something I’d actually enjoy would add in years to my education and everyone would be like “wtf you need to just commit and finish it because of the money you’ve paid and time etc” because it’s not like I’m 22 anymore or whatever. But I dream of a career involved in science, something morbid or outdoors. I feel like I’m too old to be indecisive. I want to start a family in the next couple f years but if I switch up this career stuff that’ll just push it back and I am almost 30 after all! :/",1,anxiety,517,102,test,distilbert,0,0,0.5575645,0.4424355,0.12901062,-0.10227283
478,"As a high school junior, I'm always severely depressed whenever I make poor grades on something to the extent I'm always on the verge of crying. Every time this happens, I always feel like my future is bleak and hopeless, my rank is gonna drop like hell, and I'm worthless compared to the other people who do better than me. I'm always driven to think lesser of myself in comparison to other people and I always hate myself because of it. Now the pain is becoming unbearable to the point I nearly start screaming, sobbing alone in my bedroom out of grief. It's only the beginning of my junior year and I feel like hell has already descended upon me and there's little I can actually do.",1,anxiety,686,127,test,distilbert,1,1,0.011719334,0.98828065,-2.1986508,2.236076
479,"My job is very difficult to get, I know multiple people who drive two hours each way because it is the best job around (midwest). It isn't one I can just give up but every time he gets close I start to panic and I can't breathe. My anxiety is through the roof. The worst part is he tries to hit on me and it honestly makes me sick. Add in that I'm pregnant and my hormones are through the roof, I just don't know what to do any advice?",1,ptsd,435,90,test,distilbert,1,1,0.01119226,0.98880774,-2.1839907,2.2972867
480,"I don't remember always being like this, but over the last two years or so I have had a few tumultuous friendships/dating connections with people (I make deep connections quickly, or seemingly deep anyways with lots of self disclosure and vice versa) and after things don't work out I feel like I am lost and won't be able to cope on my own. I recently started talking to someone again after not talking to them for a few months, there was no bad blood between us we just decided it would be best to move on and not talk anymore. They reached out first about a month ago, then nothing. I have been going through it at work, feeling overwhelmed and anxious and so I feel stupid for doing this but I began talking to them again. I feel better, even if its slight.",0,anxiety,761,144,test,distilbert,1,0,0.013679463,0.98632056,-2.0548406,2.223245
481,"But unfortunately it's so easy to lie. I really want to ask people who are on this subreddit, has this ever happened to you personally? Is it possible that someone actually catches feelings through the internet? Every comment would be truly appreciated. P.S: I'm sure he isn't a catfish, I wanted to share as little information as possible but if you really want to know you can PM me.",0,relationships,385,69,test,distilbert,0,1,0.9686766,0.031323317,1.6594098,-1.7721585
482,"It was hard on me. I let her know it but I also let her know I do it because I love her. She seemed to have an issue with me expressing myself. With stress from the school directly into the job itself she became distant. Less and less texting, feeling no need to communicate, moments of depression which she suffers from, low self esteem, her mom becoming ill and needing hip replacement at age 74 and not doing well following the surgery.",1,relationships,439,83,test,distilbert,1,1,0.09295415,0.9070459,-1.2017934,1.0762931
483,"And here I am, several years later. But I hadn't expected to still be alive by now. So planning anything for more than a few hours in the future feels stupid and pointless. Self-harm and suicide seem like pretty decent options most days. As a compromise, I sleep, because being unconscious gives me a chance to not be in this world for a little while.",1,survivorsofabuse,351,65,test,distilbert,1,1,0.025297828,0.97470224,-1.7981951,1.8532182
484,My abuse ended years ago. My life is good now. I'm about to get married to someone really wonderful. Everything is great. But it still feels wrong that I'm still alive.,0,survivorsofabuse,168,31,test,distilbert,1,0,0.043332912,0.95666707,-1.5144339,1.5801092
485,"I recovered somewhat after a few hours but somethings changed now; I cant be alone without constantly feeling like Im on the verge of another attack. When my fiance is home Im perfectly fine, but as soon as she leaves for work (I work from home) I start to feel terrified, my feet and hands start sweating, I feel like Im about to be sick, I get lightheaded and I feel like I become wayyyy too conscious of my breathing to the point where I focus on it and it feels like no matter how much I exhale and inhale Im not actually breathing. I dont understand why this is happening....Ive never had issues being alone; now I cant even be alone in my own home. This feels like my life is ruined if I dont get it under control because I cant work like this. What the hell is happening?",1,anxiety,778,151,test,distilbert,1,1,0.010698622,0.9893014,-2.1833713,2.3435128
486,"It's hard for me to even type this, but today I dropped my classes after only a week of school. I've been in school for a while, just got my associate's degree in liberal arts at a community college and was planning on going to university for an English degree. I will note that the majority of my classes were online as I can't focus in an in-person class due to my social anxiety. However, I panicked about my future and how English isn't a ""lucrative"" field and changed gears. I enrolled in a program that was for Physical Therapy Assisting.",1,anxiety,544,101,test,distilbert,1,1,0.07752124,0.9224788,-1.1458559,1.3306565
487,SIL and BIL are seeing s couples therapist as well as individual therapists. SIL is adamant that she wants my wife and I to participate in group therapy with both of them and that my BIL wants to set the record straight and feels awkward around our family. He hasn't personally apologized for his actions and states that my SIL fell and hit her head on dumbbells in their apt. I do not believe him. He has only apologized that we had to deal with the entire mess.,0,domesticviolence,463,88,test,distilbert,0,1,0.8785324,0.1214676,0.99127704,-0.98732823
488,"I constantly cancel plans on friends because sometimes going out is just too much. I recently heard about a friend of a friend who passed away at 25 from breast cancer and instead of empathy or sympathy, all I could feel was terrified fear that I would get diagnosed with the same cancer that she had. That was all I could think about - and that always happens when I hear about someone else dying. Ugh. I don't even know.",1,anxiety,422,80,test,distilbert,1,1,0.013006269,0.98699373,-2.1500273,2.1792047
489,"I was raised by a narcissistic grandmother and emotionally unavailable mother. In fact, when I was born, she tried to take it upon herself to take full custody away from my mother because apparently my mom was 'unfit' to be a mother. She never did because she found out that my biological father might have had to be involved. My grandma kept me away from my father my entire life, he barely knows I exist, I've never spoken directly with him, in fact, his identity was hidden from me for 22 years, up until last May. My grandmother was very emotionally abusive towards me as a child.",0,ptsd,584,107,test,distilbert,1,0,0.068497814,0.9315022,-1.228932,1.3810647
490,"I told her about the darkest parts of my soul, and she never flinched. Well, a few days ago, she says that I am too old for her, and she just wants to be friends. I have never been friends with an ex before. But I cared about her enough to try. New Years Day - she calls to tell me about how drunk she got at a party, and how they all played a kissing game (she was the judge, and kissed at least half a dozen people, men and women), and how she was so drunk that some of her friends had to babysit her and even help her pee.",0,relationships,525,112,test,distilbert,0,1,0.95396227,0.046037756,1.446872,-1.5842903
491,Exercise has helped in the past with my anxiety but since I have been having my recent dealings of anxiety I have been finding it harder to get active. A triggering factor of my anxiety over the last few weeks has been an increased heart rate. Sometimes if I stand up too fast/run up the stairs my heart starts pounding and then my mind spirals into the fear of a heart attack and my heart beat just keeps increasing till the point of anxiety. I have been taking walks and my heart rate would increase (naturally) and I would get the fear and my fears would multiple till the point when I would be close to a panic attack. I would like to start riding my bike again or working out in general but I am afraid of:,1,anxiety,711,138,test,distilbert,1,1,0.014685351,0.9853146,-1.9977026,2.2084079
492,"and money will be tight. I sometimes augment my income with Mturk, but additional advice on how to make a little extra cash would be appreciated (would have to be one time gigs though due to the nature of my disability, I can't hold down a long term job. Stuff like plasma donation, opinion surveys, medical studies, etc.) Any kind of life hacks, government assistance, etc. that I do not know about would be appreciated.",0,almosthomeless,421,75,test,distilbert,0,1,0.90789133,0.092108674,1.155154,-1.1330016
493,"I've read that quality sleep, regular exercise, and fish oil all can help. Does that sound right? What are the best, non-pharma methods to help resolve anxiety? What about mediation (and is there a suggested starting point)? While I'm probably genetically more prone to anxiety, is it that I've let my body down somehow?",1,anxiety,320,54,test,distilbert,0,0,0.87334794,0.12665206,0.98796624,-0.9429241
494,"And it only took me three doctors telling me this over the span of 10+ years for me to believe it. Given all the crazy symptoms I've had, and that I really trust and like my current doc, I'm willing to believe it. So here I am looking at a bottle of Escitalopram (5mg, Lexapro generic) thinking ""so... it's come to this"". I've always been a shy one, but I thought I could handle anxiety on my own. However, 3 years ago I hit a giant anxiety wall (not knowing that's what it was).",0,anxiety,479,94,test,distilbert,0,1,0.7550937,0.24490632,0.59816176,-0.52780426
495,"It was hard to function I didn't used to be like this though. **Is there a road back to normalcy? **  I want my life back. I guess I'll start doping myself up with Escitalopram for now, but I'd rather it not become a crutch.",1,anxiety,224,45,test,distilbert,0,0,0.58592474,0.41407526,0.20145279,-0.1456908
496,I’m leaving for the airport right now and i’m so fucking scared. I’ve been nauseous all day and already puked like 4 times even though i haven’t had anything to eat since yesterday. I will have to check my bags in and talk to the attendant and then go through security without holding up the queue. And then sit inches away from a stranger on the plane. At least I have a window seat.,1,anxiety,384,74,test,distilbert,1,1,0.012338605,0.98766136,-2.1449888,2.2376182
497,"Tomorrow I bury my best friend who tragically passed away at the age of 25. I'm heartbroken and I will be speaking at his funeral. I am happy with the speech but I am nervous, petrified to mess up. He was an incredible guy and I want to send him off well, justify what he meant to me. my ex who broke up with me 2 months ago has kept contact to ask how I have been doing and if I ever needed anything go to her.",1,anxiety,411,87,test,distilbert,1,1,0.012978819,0.98702115,-2.095734,2.2356389
498,"Hi, everyone! Just a warning, kind of a long story, as you can probably tell from the paragraph. So my relationship with anxiety has always been a thing, at least from what I remember from childhood (undiagnosed OCD). But recently my anxiety has gotten worse, no thanks to unfortunate events over the past few years involving 3 family deaths and the loss of a childhood home and pets. While I have always been kind of an anxious person, I have upgraded (downgraded?)",1,anxiety,466,82,test,distilbert,0,0,0.58125746,0.41874257,0.31772456,-0.010212996
499,"I worry that if I sit around too often, I will develop blood clots and die. Anything to do with death really. On top of that, I have been developing intrusive thoughts. But the worst part is that last week I was laying in bed and randomly became afraid that I was going to lose my sense of reality and start hallucinating. I have never hallucinated in my life (unless you count the 2 times that I tried psychedelics) and have never had this fear before but it scared the shit out of me.",1,anxiety,486,94,test,distilbert,1,1,0.013510409,0.98648953,-2.1071274,2.183565
500,"Other things that are good about me... well, I can cook really well! I can make anything as long as I have a recipe. I can also draw anime art, too, though I'm still an amateur (I can show it privately!). My other interests include being a huge anime fan, MMORPGs (I play World of Warcraft currently! ), learning to play instruments, writing, cooking, spirituality, supernatural, basically anything really.",0,almosthomeless,406,69,test,distilbert,0,1,0.98608553,0.013914418,2.0711207,-2.189697
501,"And I think it's important to get to know someone for a bit before making a decision to live together. I'm happy to send pictures of me, talk via voice, webcam, or whatever. The major restriction I have is that it will have to be at specific times because my abusive partner is home most days. I also will have to speak with anyone on secret messaging accounts when the abusive partner is not home, so I am not always available to talk about this but I check those accounts as much as possible. Due to anticipated trolling and people just asking questions that I've already answered (like telling me to go to a shelter instead), rather than coming back to all these posts (I'm posting this on a ton of websites) to see the replies, I'm just going to let anyone who is serious about speaking to me message me privately through the following places.",0,almosthomeless,847,156,test,distilbert,0,1,0.7711572,0.22884281,0.65529877,-0.55955803
502,"Last time we talked she promised that it wouldn’t be the last time we saw each other, and she said she couldn’t imagine there ever being a last time we saw each other. I don’t know what my exact question is on all of this but if anyone has any advice, criticism or has gone though a similar experience I’d appreciate input. Thanks for reading Tl;dr: Girlfriend and I are taking an indefinite break, but we still see us in the future. Should I maintain this hope for us despite some complications during the break up?",0,relationships,516,96,test,distilbert,0,1,0.98727244,0.012727548,2.1070626,-2.2441146
503,"I have extremely depressed and yes I've thought about suicide, but my family needs me alive, they need me or they may die, it's very dire where they live. I need pointers on how to find a good city to be homeless in, how to obtain a mailing address so I don't lose my SSDI (they've already pulled the stunt of ""you have 10 days from this mailing to respond or you are kicked off of SSDI, give us your last 5 years records) they've done this 4 times already in the past 10 years. I've been rejected for DSS services, no food stamps, I'm losing medicaid (but still have medicare, for now), no housing help (waiting list here is years), and only one agency is still willing to help me, a job agency, and the workers there are very distraught over my situation as they've tried very hard with me to help me get a good job. I have about 10 solid skills but I keep getting turned away and we cannot figure out why? I don't use drugs or alcohol, haven't even smoked weed since a teen and I'm about 61 years old.",1,homeless,1004,195,test,distilbert,1,1,0.011555,0.9884449,-2.1954124,2.2536023
504,"He had the sweetest voice and only the kindest heart. I had started talking to him for a month or so, by then we had gotten to know one another well. He had told me a little about his past as I slowly opened up about mine, sometimes I wouldn't even talk but I'd still sit in his office and he'd make every gesture. Sometimes we wouldn't even talk about my problems but other things in life and what we were into. It was hardly ever about school, it was like I had a friend that developed into a crush real quick.",0,stress,512,102,test,distilbert,0,1,0.98196787,0.018032154,1.8971478,-2.1002543
505,"I noticed that towards the end of my stay at the school he had grown protective, maybe flirty. We were constantly talking, he would pull me out of classes ,I hardly attended, to talk. He would cut someone's counseling session short to see me sooner. If any other authority figure tried to talk to me he was quickly my shadow. He had set me up with several services to do with therapy (I had already seen a lot but he made room for more.)",0,stress,437,84,test,distilbert,0,1,0.9764495,0.023550587,1.8045068,-1.9202654
506,"That's the thing that really bothers me, not so much the act of sending one text, but sending one text doesn't make me feel done, it carries the weight of every other text I'll have to send. When I see someone's name come up on my caller ID I almost always get this flare of panic, and then just ignore it, even though I actually like chatting with my friends on the phone. It hardly ever even occurs to me to actually answer it (except family because they're equally uncommunicative so it's probably really important). Not an excuse, but I think I learned all of this -- especially my refusal to answer the phone -- from my parents, my mom more than my dad. They've don't stay in touch with people they aren't living in close proximity to, and they're pretty terrible at communicating consistently with us as well.",1,relationships,815,149,test,distilbert,1,1,0.017669706,0.9823303,-2.0077949,2.0102808
507,"We had 2 classes together, so we spent a few hours together most days working through problem sets. This next semester, I won't even have that. I'll probably be in more isolation this time around. Any tips are appreciated. Thanks!",1,stress,230,40,test,distilbert,0,0,0.9827391,0.017260903,1.9842331,-2.0576665
508,"*Begins quoting a rap and making hand gestures* ""Go out and make a name or do something!"" Everyone ignores him. He came back to his bunk and starts mumbling, ""I hear you talking under your breathe man don't think I don't cause I do don't start with me today."" Not sure if that was directed towards me or not because I never did that, but whatever. He starts to leave and I start going,",0,homeless,385,74,test,distilbert,0,1,0.6130468,0.38695312,0.30772558,-0.15241222
509,"Am I wrong to be pissed about this? Was he really just being nice to her or is he just biding his time until they live closer?   ---   **tl;dr**: My boyfriend said ""you never know what the future holds"" when talking to a former fling. He says he was just being nice.",1,relationships,266,52,test,distilbert,1,1,0.21048287,0.7895171,-0.68732387,0.6346933
510,"First off I'm male but my relationship with the woman is strictly platonic stemming from professional, we are co-workers. It's no secret to anyone that she's in an abusive relationship as she's come to work several times over the last several months with blackeyes etc and admits to being abused. She been in the relationship for 1.5 years which turned   info is out of the way, here's the new twist that has brought me to split roads. Yesterday she showed me a text from him detailing how angry he'd been at her 12 yr old and that if he didn't have so much will power he would have choked her son to death and that she needs to get her son to behave so he doesn't have to crack his skull. I encouraged her to show that to Leo and have him removed from the apartment as well as get an order of protection, she seemed to be considering that but has expressed fear of retaliation in the past.",1,domesticviolence,890,169,test,distilbert,0,0,0.9539998,0.046000253,1.4405591,-1.5914574
511,Now my dad is doing his best to cope while trying to care for my niece who is special needs. He has noone out in Mississippi with him. I need to go out there for a month and help him sort through all of moms things since she left behind a huge mess for him to deal with. He is finding out that she was paying for accidental life insurance and there was no actual life insurance policy put into place. The bills have been stacking the past few months and he just needs a break.,1,assistance,476,96,test,distilbert,1,1,0.04620655,0.95379347,-1.4156513,1.6116743
512,"Lately I have started having some unusual episodes. \### Introduction I  have never had flashbacks as far as I know, but I was always upset every time somebody unexpectedly grabbed me, or worse, inflicted me some pain,  even if accidentally. If I saw that coming, than OK, but if not, I was  instantly teleported to a very bad place, emotionally. I was not  experiencing something I could call flashbacks, but there sure were very dark, painful and overwhelming feelings.",1,ptsd,471,79,test,distilbert,1,1,0.023575507,0.97642446,-1.8012264,1.9224627
513,"I think is important to mention that I'm plannin on going full work from home as soon I have some savings for it..... Thanks Edit 1: thanks each of you that are giving your opinion on the matter, I'm reading and re reading each of your comment, I'll respond when I have time but I taking my time reading and understanding each comment. Thank you all again **TL;DR: I will take care of my little brother because my mother is in an abusive relationship, I need advice to not mess up**",0,relationships,482,91,test,distilbert,0,1,0.9756429,0.02435707,1.8348043,-1.8554702
514,I am at a high risk for homelessness. I have now hired a lawyer. Update 4/26/2018 I just found out my Vitamin D level was super low and I am now on therapy to get that boosted to normal. I also have just been prescribed Gabapentin for nerve pain and I will see how that goes. I found out as well I have arthritis of the spine.,1,assistance,326,67,test,distilbert,1,1,0.20164531,0.7983547,-0.5943679,0.7816747
515,"I was never given a birthday party because it was inconvenient to have a bunch of kids over. In my pre-teen years I faced several years of having nothing and having to hide when someone knocked on the door because they were debt collectors or people who demanded payment for something. I faced the threat of homelessness, I faced abuse and horrible living conditions, I was bullied to the point of having to go to several different schools. I grew up not being loved, not being cared about, and having to fend for myself because no one would come home until 9-10 at night. I grew up being ashamed of myself.",0,survivorsofabuse,607,111,test,distilbert,1,0,0.018918324,0.9810816,-1.9863733,1.9621514
516,"She ended up relapsing on drugs and said that she hasn't had any feelings for me in months. She stopped taking her bipolar medications about a week before and was absolutely manic. Ended up she had not only relapsed but was cheating on me with a dealer, an ex, and was looking for couples on some hookup site(all things she's claimed on facebook) even though we were having sex at least daily. Then near the end of her manic state she decided she was moving to Colorado at the drop of a dime and left. This leaves me in Georgia staying at her mothers house without a vehicle.",1,almosthomeless,575,108,test,distilbert,1,1,0.2505763,0.7494237,-0.5462571,0.549284
517,On top of that They've now shut the restaurant down for two days out of the week and we close three hours earlier every single day. My hours are being severely cut because of this. I'm looking for another job at the moment. This is all so hard for me to deal with mentally. I'm not really worried about relapsing on anything but my stress and anxiety are just sky high.,1,almosthomeless,369,71,test,distilbert,1,1,0.012679668,0.9873203,-2.1578958,2.197099
518,"Not really sure why I'm posting this but just for my own sanity I suppose, to say something this beats just going into the woods and screaming at trees which I feel like doing often. I have PTSD ,chronic depression, anxiety the whole circus of fun from my time in the Army (15 years). I feel like im on the verge of a psychotic breakdown, literally almost all of the time. Im either so depressed I can hardly move, have little energy and general fatigue OR im so angry I could kill everyone around me. There was a line on a tv show (Vikings) where the main character says ""I feel like im always torn between killing myself, or everyone else"".",1,ptsd,642,121,test,distilbert,1,1,0.012475529,0.9875245,-2.1614845,2.209948
519,"It seems that as of now our best option is just to babysit her for the weekend until she can see a doctor on Monday. Which really, really fucks my weekend, but so be it. FINAL UPDATE: Thanks for all the support, friends. We did end up calling emergency responders for her about twelve hours after my last edit. She was going full-bore psychotic, and it was getting to the point where I was no longer sure she wouldn't attempt to harm herself.",1,ptsd,442,83,test,distilbert,0,0,0.9826827,0.01731734,1.9513022,-2.087276
520,"I developed some health problems with my stomach around September of last year and had to be hospitalized, had very high wbc, did a cat scan and so on. They let me go with some antibiotics and no answer about what was wrong with me. This, I guess, left me feeling very nervous, the next time I was researching my pains and such and blah blah everything online telling me I’m going to die. So I turn off my phone and I’m lying there trying to sleep when i get this sudden gasping feeling and like I can’t breathe. I feel completely overwhelmed by it, my face and hands feel numb, I wake up my family and we wait maybe an hour before taking me to the hospital.",1,anxiety,658,128,test,distilbert,1,1,0.0114699965,0.98853,-2.171347,2.2851374
521,"Eventually my vision started to fade and I started losing feeling in my hands and feet. My mind started to wander off to things other than my struggle for air, and one thought stuck with me ""the sun is really bright and warm on my face."" With that thought, I closed my eyes tight and felt the strength starting to leave my arms. I felt my chest and abdomen twitching trying to expand and pull in air and I thought to myself, ""I'm going to die. I don't want to die.""",1,ptsd,465,91,test,distilbert,1,1,0.025652763,0.9743472,-1.7554126,1.8817039
522,and when my mom tried to ask him where the rest of the money goes he said its up her ass 🙄 real fuckin mature. i cannot fucking stand him. first he had the audacity to try and act like the victim and now he’s straight up refusing to help us or tell us what the plan is. we’re dependent on him cause we got a lot of animals and neither my mom nor i can drive. please someone give me anything im begging here my patience is near nonexistent at this point,1,domesticviolence,452,93,test,distilbert,1,1,0.014106151,0.98589385,-2.1106293,2.1363084
523,"I took the time to write this, so I'm going to share it with you all anyway. Hopefully someone will read about my struggles and feel a little less alone. If it doesn't help anyone, its at least helped me to finally share a little of what I've been through. Thank you, internet strangers, for taking the time to read my ramblings. &#x200B;",0,ptsd,338,63,test,distilbert,0,1,0.98690504,0.013094919,2.080053,-2.2422965
524,"Typing is keeping me from facing my terror. The nightmares have mostly subsided, but without my wife keeping the ghost away, I'm scared the dreams will come back. I keep recalling the most vivid one of them, it replays itself over and over in my head. I've seen many therapists over the years, and sadly none of them have any understanding of what I'm going through, or how to treat it. Their answer is drug me up until I'm numbed to the point where I no longer feel human.",1,ptsd,473,89,test,distilbert,1,1,0.015871989,0.98412806,-2.0262375,2.1009626
525,"I have been seeing mia for about 3-4 months Last night we were together drinking at a little get together before going to the club about 7-8 people in a small group, everyone knows each other pretty well. Mia was drunk and being quite obnoxious which can be fun just as much as it can be bad? She started talking about how her girl friends all get nice things from their boyfriends, a $500 hair job, presents/gifts whatever Made me feel a bit uncomfortable because it was clearly something targeted at me and she was saying this in front of everyone",0,relationships,549,101,test,distilbert,0,1,0.7569494,0.24305059,0.47847542,-0.65755147
526,"and I giggled. He stomped towards me, mocked my laugh with an angry face and ripped the keys from my hands. He grabbed me by the top of my shirt and looked me in my eyes and said ""Stop playing these stupid F*CKING games"". That was my childhood. He'd abuse me and my brother.",0,relationships,274,54,test,distilbert,1,0,0.3407748,0.6592252,-0.27815148,0.38169187
527,"Just a simple ""seen"" status can get me into a deep downward spiral of anxiety that suppresses my hunger, takes away my will to do anything, makes me nauseous, takes away my sleep. As soon as the person texts back, I immediately feel okay. I've had relationships with girls that I've felt this way. Both times it was long term and both times I ended it. I somehow find a way to ignore every good thing I had thought before and find all that I feel she misses on other girls.",1,anxiety,473,91,test,distilbert,1,1,0.30222175,0.6977783,-0.3494648,0.48727563
528,"**TL;DR's** 1st: Why would parents be like this to their kids? Thinking they need to be treated like a king, or willing to say they wish their kids would just vanish isn't normal parenting, right? Or am I just insane? I know I'd never do that.",0,relationships,243,46,test,distilbert,1,0,0.038094185,0.9619058,-1.5950149,1.63384
529,"I'm too insecure not to make it into some sarcastic joke like, ""bet you actually can't wait to get rid of me,"" blah blah. Late August, I'm days from leaving and he's desperate for my time, looking to meet me after work everyday and have me stay over. I'm unsure of what to make of all it which in retrospect is so stupid on my part. I just can't stop denying things to myself. Anyway, two nights before I'm leaving, he mentions how we've never defined what our relationship is.",1,relationships,477,90,test,distilbert,1,1,0.013138224,0.98686177,-2.1448083,2.174196
530,"So I'm a student living off loans and part time work, he's a bank executive. We couldn't be at more different places in our lives, including when we met (again) back in Feb 2017. But we actually had a lot in common, including our sexuality -- both bi and both never formally dated a guy. We first met four years earlier when I was a security guard at the building he worked at. I noticed him right off the bat but was closeted at the time and never put much thought into him other than attraction, even when he became super friendly toward me.",0,relationships,543,104,test,distilbert,0,1,0.98376423,0.01623577,1.9733961,-2.1307733
531,"I also added up the value of everything I can possibly remember that's either missing or destroyed, and it reaches over 2,100 dollars...and that's a lenient estimate, I definitely rounded down. But I'd love to charge another grand for mental anguish or whatever. The whole ordeal has been like Trigger-City for someone like me who is struggling to recover from mental illnesses and over a year and 9 months clean after 10-12 years of substance abuse. I'm also receiving supportive services from a county program aimed at helping mentally ""screwed up"" people become independent, for lack of a better term. What's cool about the service is that I get a case manager who I can call for advice and in turn checks on me and referred me to a halfway house which only lasts 30 days but it's much better than having to stay at the local shelter, which might be my only option come June...",1,almosthomeless,880,156,test,distilbert,0,0,0.78220725,0.21779278,0.71450675,-0.564069
532,"But what should I say? Part of me wants to tell her I'm sorry for being a shit boyfriend at the start and that as I've gotten older I've gotten wiser and more experience. But would she even care about that shit? Or should I just start off with ""Hey, haven't seen you in awhile, hows everything"" and start from there? Ugh, maybe I'm overthinking this... Anyways would really appreciate you guys or gals out there with more experience than me guiding me through this minor plight I put myself in.",1,relationships,494,91,test,distilbert,1,1,0.26596144,0.73403853,-0.49945727,0.5157529
533,"After that I ran to Mexico, just across the border to heal. I needed my daughter to get better to press charges. I didn’t want to risk him walking away free because my daughter wouldn’t talk. She was physically and emotionally hurt. For years without sleep, several visits to the ER because of panick attacks, plus terrible head aches caused by a cyst in the back left side of her brain.",1,survivorsofabuse,387,71,test,distilbert,1,1,0.042584278,0.95741576,-1.5590706,1.5536821
534,I had a pretty creepy experience almost a week ago. I've never had a hallucination like that. So disconnected and vivid and super weird. I was anxious because I was in a building filled with people. Then all of a sudden I hallucinated where I was in a dark room all by myself.,1,anxiety,276,53,test,distilbert,1,1,0.08930527,0.9106948,-1.0879097,1.2342377
535,"I didn’t tell her my feelings, because I value her too much, but do not want to hurt her. I just want to let go of all my feelings, but I can’t. There’s only a few days left at school, after which we might go our different ways. But I have this strange feeling inside, that I do not want to live in any sort of regret, about not telling her how I felt. It’s just really weird.",0,relationships,376,78,test,distilbert,1,0,0.022062328,0.9779377,-1.8646371,1.9269373
536,"They've since tried to apologise for their behaviour, and other friends have tried to encourage me to forgive them and reconnect with them. But I refuse to. I have some amazing people in my life who far more deserve my attention. I now realise these people were a huge source of some of my anxiety and cutting them off has gone a long way towards finding some stability. Don't be afraid to shut the door on those who don't deserve you!",0,anxiety,435,81,test,distilbert,0,1,0.8483583,0.15164174,0.85740006,-0.8643822
537,"I get it, people collect guns as a hobby, this is america. When I saw it I immediately panicked because when I was with one of my abusive exes he bought an AR-15 really close to the end of our relationship and would do things like take it apart and put it back together over and over again in front of me and keep it loaded in our bed and I’ve been terrified of guns of all kinds ever since. I can’t even use a staple gun. This new guy and I just talking and haven’t decided to go on a date yet but it might go that way. Is this something that I’m panicking about because of my past or should I really be concerned?",1,ptsd,615,126,test,distilbert,1,1,0.010878592,0.9891214,-2.2032957,2.3067243
538,"I went to the ER recently because it reached 100 bpm and wouldn’t go down but in retrospect it’s because I was reinforcing my anxiety by numbers high, it won’t go down, oh shit number’s higher and it won’t go down. Repeat. I turned off heart rate tracking and fitness tracking. It’s a shame because I feel it’s turning off a valuable part of the device but quantifiable health data has become one of my triggers. If x to x+5 is a healthy range I freak at x+6 etc.",1,anxiety,463,89,test,distilbert,1,1,0.34020895,0.659791,-0.27271944,0.38964376
539,"Like she knew she had gotten herself into a bad situation but now I'm just ""trying to put doubts in her head about her girlfriend"". And how it's okay because her girlfriend has depression. Well, I have severe depression too and I never hit her once nor did I cut her off from everyone. I've been severely manipulated before but I don't know if mine was ever this bad. I need answers.",1,domesticviolence,383,72,test,distilbert,1,1,0.012051815,0.98794824,-2.1810925,2.2253222
540,"What are you thankful for? For me: Today I'm feeling thankful for being alive. I'm very grateful for my family, our health, our safety, my jobs, my home. I have pain in my foot/leg from an injury I had surgery, as painful as it can be it has also made me grateful for being able to walk.",0,ptsd,287,57,test,distilbert,0,1,0.9379269,0.062073104,1.373933,-1.3414264
541,"I broke of my longest relationship so far with my Gf of 6 months because I thought I didn't love her, afterwards I felt fine for the first week and then I started to miss her. I had a one night stand with a random girl that I met through snapchat, felt disgusted afterwards at myself since it was only two weeks after the break-up. We attend the same school and I feel like someone is crushing my heart whenever I see her or if I see that she's sent me a text. She was one of my best friends and now when i talk to her on social media i feel like I am talking to a stranger. We are meeting tomorrow after school and she's coming over to get her stuff.",1,relationships,651,133,test,distilbert,1,1,0.014134801,0.98586524,-2.0775173,2.1673627
542,"The curfew at the shelter keeps me grounded and safe from myself. The rules and the structure with morning routine even though I've just felt it for one day, has already boosted me. I used to stay up until 2-3am, blowing all my money just binging and purging. Now I have to pause and ride out my emotions. I have to be in bed at 10pm.",0,homeless,334,66,test,distilbert,1,0,0.011860992,0.988139,-2.145012,2.2775562
543,"Well, 18 years of being in and out of hospitals, treatment and addiction finally caught up to me. This is my first time homeless and it's scary but I'm grateful for the bright light that I've started to see. I don't abuse alcohol or drugs, but I'm no different than someone who does...I have other mental health issues that I feel nobody really can understand. It has essentially rendered me a useless piece of shit. I was engaging in unhealthy behaviors up to 10 hours a day, if not more.",0,homeless,489,90,test,distilbert,1,0,0.01495769,0.9850423,-2.0539162,2.1335428
544,"I can't go into public restrooms because I freak out and dissociate with my surroundings. I can't watch certain shows because they were -on- in the hospital room. But I'm doubting myself, I'm doubting that this is real, that it happened and that I could be suffering from it. How to cope? how to stop doubting that this is happening?",1,ptsd,333,60,test,distilbert,1,1,0.012362989,0.98763704,-2.1569932,2.223615
545,"You all saved me. Really. I got plenty of easy to make breakfast stuff so I can make myself a nice hot meal quickly and easily on my crutches, and I’ve got some high protein snacks like nuts, sardines, and turkey jerky to keep me going during the day when I don’t have anyone to help me cook the rice or quinoa I got sent. I’ve got green beans to make green bean casserole, tea and coffee to keep me sane and comfortable while I’m in so much pain. Some people were even kind enough to purchase an Uber giftcard to help me get to doctor’s appointments since I can’t use the public transit until I’m in a walking boot or have a wheelchair (wheelchair should be in a couple of days!)",0,food_pantry,680,132,test,distilbert,0,1,0.9643925,0.035607502,1.6496913,-1.6492509
546,"I have been dating my girlfriend for around 1.5 years now. We moved in together 3 months ago. I paid for the renovation costs, new furniture, and countless other items to get us started, totalling somewhere near $4000. She gave me about $200 to help with these costs during the initial move-in. Our rent is only $240 a month (no lease), so it's more than feasible for her to pay it, but she isn't great at managing money.",0,relationships,421,78,test,distilbert,0,1,0.98509717,0.014902814,2.0210102,-2.17018
547,") So anyway, she kicked me out and I have been staying in my friend's rumpus room. I have been here just over a week now and I can feel it getting slightly more uncomfortable for everyone here the longer I stay. Problem is though: this is actually the nicest ""room"" I have ever been in, and no one disturbs me. It's great.",0,almosthomeless,322,63,test,distilbert,0,1,0.8786449,0.12135514,1.0589746,-0.9206849
548,Im studying at a university abroad And I have failed or got a really bad grade my first semester subjects due to starting a month late and searching for accommodation for atleast 2 weeks or I would have stayed on the streets. I have been doing my absolute best to pass but the subject were very difficult on my own....I have tried studying and watching old lectures and everything but the syllabus was too long in several cases ( mathematics was much more difficult and longer than abitur according to our professor) and exams were just too hard for me in my situation so I failed. The thing is she linked this with studying with my friends which I only recently started doing it because they were very helpful and my progress increased significantly. She now commands me to just cut all relations with any friends that I have made whom for the first time in my life are ones who i looked forward to seeing them the next day because I enjoy there company.,0,stress,955,175,test,distilbert,1,0,0.03024239,0.9697576,-1.6581436,1.8096578
549,So I've got out of my situation. It was very abusive on all levels. Mental physical verbal. I've got a protection order and custody is pending but I'm expecting it to go my way as well especially as I've got the same judge who granted my protection  order. I've got our son with me.,0,domesticviolence,282,54,test,distilbert,1,0,0.02225127,0.97774875,-1.868959,1.9138947
550,"Picture the following scenario. You get to the point of high school with all your elementary school friends, you are in a class separate from nearly all of them. You are 'very' good friends with 2 of them, and at the beginning of the semester you are always with them. Being friends for years, the three of you are a narrow circle of good friends who are always together. As you get acquainted to classmates and meet new people, you slowly get caught in the thought of wanting to spend more time with these new people you've grown accustomed to, and cut off ties with your old buddies, because you feel like you've got a bit tired of them.",0,anxiety,639,119,test,distilbert,0,1,0.9859423,0.014057717,2.0683742,-2.182052
551,"My neighbors, a young gay couple, just had a very loud fight, with lots of objects being thrown around. I've heard shouting matches before, this was different. I wasn't quite sure how to handle it. We went and the door was open so we walked inside to make sure everyone was ok, and nobody was in the process of being killed so we left as we were asked to. There were no visible bruises.",0,domesticviolence,386,74,test,distilbert,0,1,0.9498813,0.050118707,1.3930147,-1.548928
552,"None of them are attending college. As I spend my time in the library studying or working on essays, they have started disliking me. They ignore me and are mean. I call them or try to meet up when I’m free but they never respond. **",1,relationships,232,46,test,distilbert,1,1,0.07589006,0.92410994,-1.2409663,1.258579
553,I'm just really excited right now and I want to plan for what is best. I don't want to make a purchase out of emotions so I am coming here for some advice. It's been tough and lonely but I have been getting into the best shape of my life and I just feel a lot more confident. I know I will come out of this. Also I i realized that laundry mats is getting pretty expensive.,0,homeless,372,77,test,distilbert,0,1,0.9207117,0.07928827,1.215513,-1.2365438
554,"i don’t bother with people and frequently ghost them or cancel plans last minute whereas before i was a very loving and sociable person. i generally don’t trust anybody, and i fret that people i am very close to are secretly horrid and manipulative and going to stab me in the back. so basically, my reactions to the world have regressed back to as if i were still there and interacting with those people. all this began to develop months after i left that bad situation. for ages i was normal.",1,ptsd,494,91,test,distilbert,0,0,0.72893876,0.2710613,0.49525395,-0.4939908
555,"and i still feel like im on meth 5 days later after sleeping less then 10 hours total over that time. im also going in and out of depersonalization and derealization when it gets really bad, and when i haven't done the twitch for a few hours I can start feeling really tired and depressed like my body needs to rest, only to do it again and instantly be jacked up and on a speed high again. this is honestly the most fucked up situation i could ever imagine and can  barely believe its even happening its so fucked up. literally feels like a bad dream. Please help",1,ptsd,564,108,test,distilbert,1,1,0.011456597,0.9885434,-2.1684728,2.289194
556,"I am scared as fuck off what the comedown is going to be like from being jacked up on adrenaline for 5 days straight. I have not felt tired whatsoever during this time. I have been giving valium and trazadone to sleep, by an emerg psyciatrist, of which I cannot feel either whatsoever. On top of that when I do this twitch many times in a row, i can actually see and feel my entire veins/circulatory system constricting down very small. they have been in a state of permenant constriction for 4 days now.",1,ptsd,504,94,test,distilbert,1,1,0.014580921,0.98541915,-2.053257,2.160096
557,"I am absolutely terrified that the repairs are going to eat up my savings/any credit card wiggle room I’ve created. Based on what came on and how my car drove (it was pretty much fine with no weird noises, movements or anything strange), I’d say it’s unlikely but I am very, very scared. I’ve worked very hard to hold onto my money and make sure I had cushions in place in case of emergencies like this. Please, if anyone has any advice for how to keep myself calm and not panic until Monday, I would greatly appreciate it. Thank you.",1,anxiety,534,100,test,distilbert,1,1,0.014658813,0.98534125,-2.0389383,2.169008
558,"It is intimately tied up in mine. She has a couple of friends but really doesn’t see them often, as previously stated she doesn’t have her own goals.. it just feels like she lives whichever life I live. She doesn’t do things on her own. She doesn’t have any sports teams she plays on.. no clubs.. doesn’t go out with her friends (well, very rarely). The more I think about this, the more troubled I become.",1,relationships,406,76,test,distilbert,1,1,0.08783391,0.9121661,-1.1663129,1.1740615
559,I believe he has real deep seeded mental health issues. I also know he verbally and emotionally abuses his wife. I know he has scared his daughter so much she has gone so far as to hide all his beer and she showed up on my doorstep terrified because he got mad.. Chased her around the house and thrown a glider rocking chair at the door she managed to lock. She is 11.,1,domesticviolence,368,73,test,distilbert,1,1,0.20633438,0.7936656,-0.57859886,0.7685653
560,"The terrifying part happened later in the day. I was very fragile, and when my roommate asked me why I was so solemn, I broke down crying. I excused myself to the bathroom, where I continued to cry and try to get a hold of myself. What killed me is when I stood up, I thought, ""I'm a different person. I am not [my name].""",1,ptsd,322,65,test,distilbert,1,1,0.028055934,0.97194403,-1.7367477,1.8083503
561,"So I found a counselor who I like and I've been to the first session where she got my background and overview of my problems I guess. Then, we went right in and she had me working on coping strategies etc. and she said in the future what things we will work on. So my question is: I didn't really say everything that I've had trouble with and how much it really affects me. Like she knows most of it, but between my parent being in the room part of the time and the nervousness of being there, I realized I didn't say everything.",0,anxiety,529,104,test,distilbert,0,1,0.6931352,0.30686474,0.39449537,-0.4203227
562,"I left grandma's and I got a tent. It's pretty big. I got it for $30 off some dude high on H. I have a queen size mattress on pallets and two small dressers, two folding chairs, a cooler, a shelf, a speaker box with wood on top for a table. I found some carpet so I put that down. The weather has been crazy.",0,homeless,308,65,test,distilbert,0,1,0.9778944,0.022105556,1.8024492,-1.9871235
563,The last straw that broke me completely happened the night before/early morning of St Patty's day 2013 (age 21). I went to a bar for a pre-party. I had one shot with the bartender and some other guys there. I then started drinking water and talking to the guy sitting next to me. He said he was a pilot.,1,ptsd,303,59,test,distilbert,0,0,0.931517,0.068482965,1.3053839,-1.3048456
564,(I don't know how to tag this NSFW on my phone but it is. Edit: nvm figured it out lol)  Um... So I don't really know how to start this. I'm 25 now so I'll put my age at the time with the corresponding events.,0,ptsd,209,45,test,distilbert,0,1,0.9206541,0.07934593,1.2901554,-1.1611118
565,"As is usually the case with the stories I read here, I've hit the bottom. I'm at the very last point before pitching a tent in a field, and begging at the street corner for pennies. A lot has happened in the last month, so I'll try to pare it down to make sense and then get to the numbers drama. When I say a lot, I mean we have been homeless since Feb 17th and making it work. There's me (27), my wife (23), and our son (10m).",1,almosthomeless,428,89,test,distilbert,1,1,0.37914822,0.6208518,-0.19173384,0.3014314
566,"I would like to reach out for help from someone supportive before an episode becomes too intense to ask for help. I would like to acknowledge the symptoms and temporary nature of the situation as to let it pass without causing additional damage. I finally realized that fighting my traumatic episodes is like a rigid oak tree trying to resist a flooding dam. Do any of you guys have ways to be ""okay"" with an episode? If so, how do you find the flexibility and patience to not fight against it?",1,ptsd,494,91,test,distilbert,0,0,0.97063994,0.029360054,1.7272227,-1.7710979
567,"I am aftraid to phone her ever because I worry she will be grumpy, and she usually only phones when she needs to get advice or something like that. I think I want to not see her in the future, but I don't know if I am overreacting? I also don't want to cause drama in the family, which is very stressful to me. If I could get some advice that would be very helpful, thank you. Tldr: should I stay in contact with my sister who still talks to our dad?",1,relationships,450,92,test,distilbert,1,1,0.07072008,0.9292799,-1.2220172,1.3536633
568,"I couldn’t stop shaking and now I can’t get her out of my head. I keep looking at the sides of the road any time I drive now. I don’t even know how this triggered my ptsd since mine normally is only triggered by losing my breath or having a heavy feeling in my lungs. Does anyone have any tips on how I can stop worrying about this again? If anyone’s wondering, I can’t remember much but I remember pulling over in a parking lot, calling 911, and passing out from a severe anxiety attack.",1,ptsd,488,95,test,distilbert,1,1,0.01208505,0.9879149,-2.1660407,2.2375867
569,"Okay so I've got anxiety disorder and depression and went to doctors and they prescribed me Zofolt. I'm on my third week (20 days of medication first week 25g next 2 weeks 50g) keep this in mind that I have never token any SSRI before and Zofolt was my first anyway it's been quite tough I guess. I've noticed I've been experiencing Depersonalisation or Dereality or whatever it's called lately and I'm pretty sure it's from the medication, I can't really remember in the past if I've ever had DR OR DP so I'm not sure if Zofolt has caused it, I would be able to fight through it if it is just a TEMPORARY side effect but i was wondering if it's permanent. I hope not because it is really weird and strange and I feel like I'm going insane!",1,anxiety,740,141,test,distilbert,1,1,0.012960635,0.9870394,-2.0950255,2.2377675
570,I just wanted to be believed. She said that she would talk to toe - A few days later she came back to me ( after her convo) and claimed that I was being emotionally abusive. That toe is important and that I'm overstepping my boundaries. I don't even know if its all in my head or not but I feel as though toe is just a nasty piece of work that I don't know what to do about it.,1,relationships,377,80,test,distilbert,1,1,0.012603468,0.98739654,-2.1273267,2.233773
571,"My girlfriend - let's call her Moon, has been best mates with ""Toe"" for about two years now. They met at uni where they are now third years. I've always found toe to be a little abrasive and judgemental, but we got along pleasantly enough for the first few months of my relationship with moon. I've now been dating moon for ten months, and for he last seven, toe has been nasty to me face-to-face ( but only when we are alone) - if she sees me in passing for exsample. Otherwise she just completely ignores my existence.",0,relationships,520,98,test,distilbert,0,1,0.9622037,0.037796333,1.5810728,-1.6559412
572,"I know after we talk, I'll be able to speak with Fred and Ginny, but they're not exactly objective observers. Anyway, thank you to everyone who commented, especially those who said I really needed to talk to Ron. I know it was obvious, I guess I just needed a push. Thank you to those who gave me that push. Really, thanks to everybody who commented and gave comfort and compassion to a stranger on the internet.",0,relationships,412,76,test,distilbert,0,1,0.98738015,0.012619868,2.121772,-2.2380106
573,"I know this is most likely just my stupid brain doing the fucking Cirque du Soleil, but I won't deny the idea did occur to me. Given all this, what do you think I should do? If she’s willing to cheat on him with his cousin (whom he also calls his brother) then I doubt she has any qualms about fucking some stranger. I’m really just…lost. I feel like my mind is in kind of a fog.",1,relationships,379,77,test,distilbert,1,1,0.011669195,0.98833084,-2.1872585,2.2518067
574,"Quite frankly, him being so nonchalant about the whole thing kind of baffles me. Does he just trust her that much? Or is it me he trusts? His reaction (or lack of one) kept on making me think I was overreacting and reading too much into things. I could see that Fred certainly thought it was messed up, even half conscious.",0,relationships,323,61,test,distilbert,1,0,0.07901726,0.9209827,-1.2147298,1.2410452
575,"Cue her giggling and, without warning, springing from Ron’s lap to mine. It was so fast (or I was so drunk) that I didn’t even time to try to block her. She told me that if I ever felt like a seventh wheel, she would gladly share her seat (I don’t think she’s very good with similes). While this is happening, I’m trying to avoid Lavender’s eye contact and look at Ron. Sure enough, he was looking and didn’t seem bothered by it.",0,relationships,429,83,test,distilbert,0,1,0.9199601,0.08003989,1.2782614,-1.1635437
576,"A viewpoint that some of my asshole uncles, aunts, and other various family members have encouraged for reasons I won’t get into lest this post becomes my magnum opus. Anyway, her comment actually got me a little pissed. So, I sniped back, “Yeah, everyone wishes someone will cook, provide for them, and just take care of everything while they just relax but this isn’t Aladdin. Plus, if it was, you’d have to rub the lamp, not Ron, and I just don’t see how that would work out.” Everyone laughed, So did their significant others. All Ron kept saying was some variation of “That’s so true!” while laughing.",0,relationships,606,107,test,distilbert,0,1,0.93933624,0.060663708,1.3380547,-1.4017732
577,"I am so ready to be better. Can I work through the CBT WORKBOOK alone? Has anyone tried? I’ll kick my search into high gear this week,  broadening my search to cities near me. I just want to do something positive before I do something I regret...or wake up in 6 months having done nothing..... which is worse?",0,ptsd,309,58,test,distilbert,1,0,0.16074462,0.83925533,-0.7071875,0.94551057
578,"One thing I'm thankful for in this mess of my life is my friend that has listened to me, held me through my panic attacks and talked me down from ledges. He's still there for me even though he's seen me at some pretty dark places. Ok, rant/vent over. Thank you for being here. Thank you for listening.",0,anxiety,301,58,test,distilbert,0,1,0.9377186,0.06228146,1.3966799,-1.3151062
579,"And now that they have been living separately I had to move back in with my dad (after I couldn’t afford college) and he’s gotten to the point that he won’t even clean up after his dog so the house smells of urine or clean his clothes and all he does is play video games and yell at people. He will smoke weed and go to work and come home and never clean his dishes or anything. He’s turned into this monster who doesn’t care about anyone and will get rid of everyone if they inconvenience him even a little and he’s obsessed with money and making music. Now I have these bad nights a lot when people poke at me about my past, since today someone poked fun at me about an identity issue I used to have and now I’m just in a horrible place. It feels like anxiety is slowly pulling me into my bed.",1,ptsd,795,158,test,distilbert,1,1,0.011463084,0.98853695,-2.17889,2.278204
580,"I was talking to my counselor today about my anxiety disorder, and he suggested to me that I try to reframe my anxiety as excitement, as they cause the same adrenal response. He suggested I view this adrenal response as simply “emotional arousal to something something novel.” This conversation caused me to have the revelation that for at least the past 5 years, I haven’t been able to experience anything “exciting” as something other than anxiety inducing. Things like first dates, roller coasters, etc. are all miserable for me because of my heightened nervous response.",1,anxiety,574,95,test,distilbert,1,1,0.07932978,0.92067015,-1.1799237,1.2715646
581,"Even though those we hold in the highest regard appear to be fine, they may be struggling inside. With the PTSD Project, I want to show how Post Traumatic Stress Disorder - PTSD - effects military veterans, first responders, and family of those who are effected by PTSD. I am looking for people who are interested in being in the project. Please reach out to me if you are interested! Please do not take my photos for use without my permission however.",0,ptsd,452,82,test,distilbert,0,1,0.980681,0.01931901,1.9210176,-2.00614
582,"I am looking for people who are interested in being in the project. Please reach out to me if you are interested! Please do not take my photos for use without my permission however. If you need help, please call 1-800-273-8255 for the Suicide Hotline, or 911 for emergencies. To view this project, you can view it at my website at <url> \- I wanted to showcase the photos in the thread, but I cannot share photos in this thread.",0,ptsd,428,80,test,distilbert,0,1,0.9836273,0.016372679,2.0200665,-2.0755665
583,"- She left a youtube comment on one of my videos saying ""I have many ways of contacting you"". - She blamed me for the outburst, saying that if I just gave her what she wanted she wouldn't have to do this - She told me that ""the water dripping thing"" (nice diminishing statement of what she did) was a joke/prank - I threatened to call the police if she didn't stop - She angrily e-mailed one more time but then immediately became apologetic begging me to not contact the police",0,survivorsofabuse,477,91,test,distilbert,0,1,0.67966765,0.32033235,0.322909,-0.4293358
584,"3 days before, she called me, pretty upset, to say that she didn't feel able to come. Naturally I've learned that she suffers from panic attacks occasionally, and has also said that she is reluctant to try a full relationship because of worries that I'll outgrow her or find someone else (we HAVE gone on dates since she has said these things). Eventually I put the pieces together and began to understand her a little better, but I also have my own neurological obstacles that have affected my thinking with this girl. I'm going to do my best to lay them out now: -Like I mentioned, I have ADHD in a serious way.",0,anxiety,613,113,test,distilbert,0,1,0.9774638,0.022536179,1.8316091,-1.9382303
585,"I came to see her perform in a play one night, and brought flowers and saw her after the show. We walked around the city for a bit and then sat in my car quietly for a bit. And she didn't say much, but she looked really worried/close to tears. I didn't know what to make of it at the time. We had made plans for her to visit me in my town during the summer, with a month of notice.",0,anxiety,381,81,test,distilbert,0,1,0.7621289,0.23787113,0.4665601,-0.69782656
586,"So this is a new dynamic I am learning, and attempting to exercise patience with. But sometimes I message her pictures of animals or just something about my day. Even if she doesn't respond, I don't mind. I just like to share. I don't want to bombard her with questions about her opinion on the nature of our friendship/relationship, or make her feel pressure like I want something to happen faster than it is.",0,anxiety,410,74,test,distilbert,0,1,0.98627615,0.01372381,2.0427017,-2.2321022
587,Just goes to show: It's not the suit. It's how you wear it. Update 2: Got the job. Thread [here. ]( <url>,0,homeless,105,22,test,distilbert,0,1,0.98164487,0.018355142,1.9042711,-2.0750487
588,"The only issue maybe is that she's quite clingy, which I don't mind to a point, but I like my own time and space and that's something I've really began to miss since we moved in together. This stuff doesn't seem to bother her at all and even after spending entire weeks with me straight, she is often sad and upset when we have time apart. I'm starting to realise she loves me more than I love her. And when I think about marriage and children, I'm wondering whether she is the girl I want to do it all with. At the same time, I don't want to end things and then regret it and never get what we've had again.",0,relationships,608,121,test,distilbert,1,0,0.12411277,0.87588716,-0.9812239,0.97282284
589,Obviously this doesn’t help the mental health. I have a great relationship with a professor at my institution. Because I go to a SLAC close professor / student relationships are encouraged. My professor has been very helpful and making sure I get the mental health assistance needed while at school while also frequently checking in on me. This person has also offered to Skype me over break if I needed to chat or if being home became difficult.,0,anxiety,446,78,test,distilbert,0,1,0.98319364,0.016806388,1.9905455,-2.0785015
590,"I've been trying to get in contact with her because I'm scared and worried about her. She isn't answering my phone calls, and will only give a vague text response with an I'll call you later while she is at work. Or HE will text me back and say she is fine and can't talk right now. I spoke to 2 of our mutual friends today and she isn't speaking to them as well. I can feel it in my soul that he is going to seriously hurt her or those babies.",1,domesticviolence,444,92,test,distilbert,1,1,0.018964613,0.9810354,-1.9528972,1.9931365
591,"With the help of my therapist, I've come to somewhat of a revelation. I have a very hard time feeling a sense of accomplishment, especially for ""little"" things throughout the day. Obviously something like applying for a few jobs (I'm unemployed) isn't going to give anybody the same sense of accomplishment as something like earning a college degree. But I have a hard time not feeling like I should have applied for more, I'm still being lazy, a normal person would have done more, etc. Which in turn is making me feel like crap and leading me to apply for even less jobs and get less done.",1,anxiety,591,107,test,distilbert,1,1,0.013326627,0.98667336,-2.1426063,2.161969
592,"He told me that we are at different places in life - he is looking to buy houses and I'm just starting grad school. I understand that I won't be financially stable for a few more years because I do have a student loan. But that being said I'm getting a master's in engineering so at worst I'm looking at a 5 year payback plan. He told me that he doesn't think we will work out long term because of being in different places. He thinks making adjustments to the differences between us will be ""forcing things to work out"".",0,relationships,521,100,test,distilbert,0,1,0.9149823,0.08501766,1.1442195,-1.2318263
593,"she then tells me i’m self centered and i’m a fuck up and i’m fucking my sister up. And once everything has been said 10 mins later she acts like she did none of it. she asks me if i want tea and to watch tv with her. this all probably sounds so confusing but it’s mentally making me lose it. i cant do this anymore, i can’t balance school and my personal issues and family issues and her altogether.",1,stress,400,80,test,distilbert,1,1,0.012302906,0.98769706,-2.1596959,2.2258446
594,"i’m 15, i don’t want to be anywhere near my dad bc of the shit he’s done and this has been going on for 4 years now. she also claims i give her an attitude anytime i do something. today i took the pair of shorts to fold and she looked at me and said “ are you really gonna grab them like that? your a fucking asshole. your giving me an attitude after all this shit?",1,stress,365,77,test,distilbert,0,0,0.5723159,0.42768407,0.06777132,-0.22353497
595,"she asks me if i want tea and to watch tv with her. this all probably sounds so confusing but it’s mentally making me lose it. i cant do this anymore, i can’t balance school and my personal issues and family issues and her altogether. what do i do?? plz?",1,stress,254,50,test,distilbert,1,1,0.011473183,0.9885268,-2.171579,2.2846248
596,Ive been with my partner for a little over a year now. He has mild autism and is hard for him to deal with anger and emotions. He tends to black out i n rage and just break and smash things. Sadly we are young and broke so thearpy has been a hard option to find for a decent price. He got physical with me the other day and smashed my head into a wall.,1,domesticviolence,352,75,test,distilbert,1,1,0.03952118,0.96047884,-1.5560443,1.6345509
597,"Wrote this in about three minutes today. I need to work some things out but it is crazy how much writing has helped me in the past three and a half months. My therapist credits my journaling to the progress I am continuing to make. I want to send my thoughts to everyone posting on this sub, I am strong not only for myself but for you. Being in a toxic relationship is so isolating you don't even realize how many people feel hopeless and desperate for change.",0,domesticviolence,461,88,test,distilbert,1,0,0.27770874,0.72229123,-0.49101478,0.4648408
598,"Hey guys, circumstances in my life has brought me to being homeless starting tomorrow. I live in Central Florida and the reason why I come to this position is due to my car breaking down, not being able to make it to work since its a 35 mile commute, and now that I can't pay rent, I have to leave the room I'm renting. Lately though Ive been thinking a lot of leaving to New York. I'll be homeless there, yes, but at least I'll be able to get around with 24/7 transportation. My question is: Is this a good idea?",0,homeless,513,101,test,distilbert,1,0,0.014482692,0.9855173,-2.0838468,2.1363657
599,Lately I've just been having that terrible feeling in the pit of my stomach and also a feeling of nausea \- like I constantly need to throw up. I'm sleeping normal but still feeling so tired and drained and can't really focus at work \- and because of that I feel like my work performance is slipping up. I am constantly afraid that I'm going to lose my job and that my manager hates me. This has been happening so much more frequently. About a week ago my doc gave me prozac (once a day) and xanax (only as needed) prescriptions and I feel like it's helped with the bigger attacks and some dark thoughts but now its almost like just a little constant anxiety all the time and it sucks.,1,anxiety,686,131,test,distilbert,1,1,0.012230038,0.98776996,-2.1409948,2.25056
600,"For my two worst offenders, they will each get a postcard. Everyone at work will read that post card as it gets passed to the executive director of the rehab center. The old lady will get a warning that she's not smart enough to protect herself and she should be thankful she picked on another elderly widow woman instead of someone looking for revenge for fun. Over the years I've been to the mayor, I've attended a number of (laughable) ""homeless conferences"". It's all a joke so no approaching from that angle.",0,homeless,513,92,test,distilbert,0,1,0.944448,0.055551976,1.4655024,-1.3677793
601,"The difference between nightmares and nigh terrors is diagnosed through sleep studies using tools that measure rapid eye movement. All of which tells me absolutely Sweet F*** All, let’s be honest. &nbsp; Sleep and our need for it is not entirely understood, many fantastic theories abound but what little we do states that it is a fundamental requirement for life. &nbsp;",0,ptsd,371,61,test,distilbert,0,1,0.9761223,0.023877691,1.7501655,-1.960478
602,"Brian has exactly the same responses. I know he is in a nightmare because I am fully aware of his breathing, his perspiration and his heart rate (a gift of growing up as a small child being hunted, there are some skills that are animalistic that I retain to this day). His service dog, Sasha, no longer wakes Brian up from his nightmares but stands up stretches, which is enough to wake me up and if I don’t fix the problem, she will wander over to my side of the bed lay her head on it and make that condescending “get a move on with it woman” growl she has developed. She loves me in that I exist and am occasionally useful. Smile.",0,ptsd,633,123,test,distilbert,0,1,0.98421866,0.015781287,2.0092301,-2.1237934
603,"My own sleep issues were that of a cat: I could sleep anywhere, anytime for brief at most 40 minute slots of time. I was known to lean against a wall and be fast asleep. On a 20 minute taxi ride. Boom. Out.",0,ptsd,206,43,test,distilbert,0,1,0.97401243,0.02598763,1.6691648,-1.9546386
604,"My flaws seemed huge to me, and I assumed everyone thought negatively of me all the time. My life was consumed by a spiral of negative thoughts and social anxiety. I went to my doc, admitted my social anxiety, and he prescribed me Lexapro 10mg/day. I took my first pill a few days ago, and not two hours later, I had nearly complete relief of my anxiety of all kinds. The bad thoughts completely stopped.",0,anxiety,404,75,test,distilbert,1,0,0.057616238,0.9423837,-1.3421643,1.452444
605,"I've got a good handle on my triggers. I know how to prepare myself when I have to encounter a trigger and how to move past it without too much discomfort. That being said today I encountered an event that blindsided me. I was not prepared at all. I know its possible I will come across triggers without warning, but this was something that had not been a trigger before.",1,ptsd,371,70,test,distilbert,0,0,0.9198692,0.08013086,1.2170006,-1.2235696
606,"I am also not sure if I should press charges on my mother for stealing my identity, or even bother looking into the student loan fraud. Student loan fraud is incredibly difficult to prove, and reporting identity theft would be a lengthy process. The debt is paid and I almost feel like just running away and forgetting about it. I am 26 and truly terrified because, though I have been on my own before, I have never been completely alone or financially independent. I am shocked and horrified by everything that has happened to me in the last year.",1,survivorsofabuse,548,99,test,distilbert,1,1,0.012907508,0.9870925,-2.144667,2.1922877
607,"My mother is a narcissist. A few months ago I pulled up my credit report and discovered that my mother had stolen my identity in 2015– but had just paid off the balance. I asked her about it and she admitted it without apologizing. A few weeks ago I was thinking about what I owe in student loans, and it wasn’t adding up. I asked her if she ever pulled out extra money for herself, and she snapped.",1,survivorsofabuse,399,78,test,distilbert,0,0,0.9502202,0.04977974,1.4588008,-1.4902849
608,"I have panic attack after panic attack and I truly just don't know what to do anymore. No matter how I explain the severity of my situation to people, they STILL somehow seem to not understand just how miserable my mind makes me everyday. I get intrusive thoughts like about how something terrible could happen to my family, or a lot of ""what ifs"". My mind is running 24/7 and it's driving me insane. I have a terrible fear of dying along with an even more crippling fear of something happening to my family (my parents, brothers..) all day long my mind plays thoughts and scenarios that leave me sad, scared, constantly wired with fear, and over all exhausted.",1,stress,661,119,test,distilbert,1,1,0.012162285,0.9878377,-2.1379952,2.2591832
609,"I read somewhere that feeling like you can't swallow is a symptom of anxiety. It usually only happens when I take pills, but lately it's expanded to nearly everything I eat or drink. It helps if I'm moving or fidgeting with something, but my family has started noticing. It makes me avoid eating with others when I can, or just eating super slow. It's become a fear of choking or asphyxiating  now.",1,anxiety,398,72,test,distilbert,1,1,0.047202166,0.9527978,-1.5040623,1.5009006
610,"I keep getting this... creeping/moving feeling in my stomach. Right below where my ribs part, maybe slightly to the right. I have no idea what it is but I've never had stomach issues with my anxiety. It just started in the past couple of weeks. Admittedly my anxiety has been a lot worse lately.",1,anxiety,295,54,test,distilbert,1,1,0.023793172,0.97620684,-1.8089248,1.905351
611,"I hadn't realized until a year ago, but this gave me ptsd and shaped the way I interact with men and boys. Now I'm dating a boy who is very sweet, very understanding and such, but I often find myself thinking about ending it because his behavior feels too ""man-ish"" to me, and it makes me uncomfortable and scares me. It puts me in a very irritated state - a response to feeling threatened by men in my case - and often starts ""discourse"" between us. Luckily he is very understanding and we talked about it a lot, but whenever he asks me what he's doing that makes me uncomfortable, I can't answer, I can't put it into words, which means he can't change his behavior perfectly and that the cycle will start over again. I'm fighting as hard as I can against the effects of my ptsd on my relationship, as it is very important to me to make it work, but I know when we end it, it will be partly caused by it.",1,ptsd,905,176,test,distilbert,1,1,0.012096745,0.9879033,-2.1616879,2.2409606
612,"I made some dumb decisions 1-2 years back. I took out some loans i shouldn't have, and i'm paying for it dearly now. I know it was dumb, but i don't feel like i deserve to starve for it, but thats just my opinion. On the other hand, i also know that i am not owed anything, and i am deeply ashamed of myself almost every day. Honestly, i am on a verge of a mental breakdown.",1,assistance,374,77,test,distilbert,1,1,0.012631514,0.9873685,-2.1700122,2.1888363
613,"Alright so, for my entire life I've been a straight-A student. High honor roll every time. I never expected any less and neither did my parents, teachers, friends, etc. Over the past year (8th grade) I've developed anxiety, depression, and OCD. (Not self diagnosed.)",1,anxiety,266,44,test,distilbert,0,0,0.7881345,0.2118655,0.78667825,-0.5270388
614,"Was looking at therapies for my gf and this stood out. Love any feedback from anyone who has used this. She's going to start Monday at 5 mg and go up from there. Here's a collection of studies on both prevention, various effects, and treatment benefits noted using hydrocortisone in people with PTSD or at high risk of it.",0,ptsd,322,59,test,distilbert,0,1,0.98734283,0.012657171,2.0493076,-2.3074858
615,"I'd like to note that I have had a couple close individuals look at my emails, evidence, etc since the last court date. I'm not that crazy, but I showed them the emails because I wanted to make sure they were real. The emails, evidence, and notes are all real. I checked my phone history, and the phone calls to the advocate and office are all logged and sufficient in length to indicate that an actual conversation occurred. I never doubted reality before the abuse, and I have never done so outside of the abuse.",1,survivorsofabuse,514,95,test,distilbert,0,0,0.9814478,0.018552206,1.9258872,-2.042553
616,"He didn't remember, and didn't care that they weren't in the file any longer. He said he had 400 cases on his docket and couldn't remember something so trivial. He didn't care to look at my phone or email, because bond didn't matter when the case wasn't going to win. I started to feel like I was detaching and becoming defensive. The Prosecutor was aggressive, dismissive, and belittling.",0,survivorsofabuse,389,68,test,distilbert,1,0,0.08424117,0.9157588,-1.1331705,1.2528987
617,"I am in a very bad situation, stuck in Nashville, with no friends or family and no money. I have some personal belongings that I am trying to sell, but can't see myself raising more than $100. Food stamps don't come in for another two weeks. I am 19. The plan is to hop on a Greyhound to Atlanta, and stay at Covenant House.",1,homeless,324,64,test,distilbert,1,1,0.015862592,0.9841374,-2.0423846,2.0854175
618,"I am still rather lacking in social skills. Writing this is gradually helping me calm down. Does anybody else feel this way too? Several years ago I just gave up on life, not in the way suicidal people do, but, I just stopped putting in any effort to achieve any goals or plans since it wasn’t working, I stopped standing up for myself or resisting other people, I stopped doing anything that was hard or required effort or that caused me emotional pain, that triggered panic attacks. Not because I wanted to die but because I wanted to live, to live a life free of those burdens.",1,anxiety,580,107,test,distilbert,1,1,0.016192963,0.9838071,-2.0300364,2.0768166
619,"It is quite annoying. I get diarrhea when I get panic attacks and then need to shower thoroughly to get myself cleaned up because it is disgusting. I also get hypochondriac thoughts and sometimes panic so badly I call 911 and have an ambulance sent. Thankfully I have not done that today. This is so annoying, this fight-or-flight response.",1,anxiety,340,59,test,distilbert,1,1,0.013517248,0.9864827,-2.1009166,2.1892624
620,"My best friend died last year, of a rare type of bacteria that killed him very quickly, a contagious disease. He was a year younger than me. I am still relatively young but also starting to get old, my age is in between somewhere. I can feel the medicine starting to work and I am not as anxious now. I have been typing for over half an hour.",1,anxiety,342,68,test,distilbert,0,0,0.5580713,0.44192865,0.15677923,-0.076559134
621,"I am a very strange person in more ways than one. Everything I have written here is top secret classified information, do not disclose it to anyone outside this subreddit, you are all sworn to secrecy. Yes I know Reddit posts are viewable by the public, in retrospect maybe I should not post this because of privacy concerns. Too bad, I am going to do it anyway because I feel like it. Good night and good luck.",0,anxiety,411,77,test,distilbert,0,1,0.6389531,0.36104697,0.36550456,-0.20531844
622,"I need to be my own person, however flawed I am. My panic attack ended at least 20 minutes ago, now. I think that is the end of this post. What more is there to say, other than, I am sorry for writing something so long? It is just who I am, I write long things.",0,anxiety,261,56,test,distilbert,1,0,0.054732345,0.9452677,-1.3409028,1.5081104
623,Today I have $4. And no gas. I have to pick my son up from school in half an hour. My wife and my phones are due tomorrow. And we have cricket so if its not paid.,1,assistance,162,37,test,distilbert,1,1,0.038371615,0.96162844,-1.5555096,1.6658007
624,"I thought. I just lived with it. Until it wasn't fine. Five years later. I've moved a few times since college, found a therapist and decided that medication would again be a good choice for me.",0,anxiety,193,36,test,distilbert,0,1,0.9696676,0.030332413,1.6883572,-1.7763791
625,and we are still trying to recover financially! Any and all help is appreciated! Here is the link to their Amazon wishlist <url> . We live in the Tx Hill Country. Thanks again!,0,assistance,176,33,test,distilbert,0,1,0.9862001,0.01379988,2.0757685,-2.1934311
626,Why fix the leak when the rubber mallet driving the cork into the hole disturbs the family when the damp doesn’t bother them quite so much at the moment. Never mind the water is rotting the floorboards. Never mind the mold growing in corners. Never mind how sick I get from exposure. Now here comes the real question: Do I abandon the ship or go down with it?,1,survivorsofabuse,359,68,test,distilbert,1,1,0.039614294,0.9603857,-1.5958419,1.592303
627,"He used to (while single and during the early phase of our relationship) go out 5 nights a week with friends. Most of these nights would end up between midnight and 2 am. They are harmless. He doesn't drink or do drugs, they don't hang out with girls. It's he and a bunch of old men who like to play pool and poker.",0,anxiety,315,63,test,distilbert,0,1,0.9809853,0.019014787,1.9273555,-2.015985
628,"I forgot about it until I noticed one day that I saw a co workers name written on a receipt that was for a room sale (we stapled the receipt of the room sale on the back of the vip room tracking sheet to keep up with sales) I asked the manager what that was about. He told me that that is how the bookkeepers keep track of who sold which room so they will get credit and the surcharges of the sale. So I explained to him I was never told of this and explained that in my six month tenure I had never received anything. He then told me he would help me go through each sale with me to make sure I get the amount I was supposed to get. I was fired a week after that conversation because an entertainer tipped me 80 bucks when I made her 3500 I never complained or anything about it, but they fired me for not splitting that 80 bucks with everyone.",0,assistance,845,172,test,distilbert,0,1,0.75857985,0.24142021,0.5931407,-0.5517683
629,"My wife suffers from chronic migraines, of which, she is allergic to most of the medications they have out there for this. Our options for relief comes in the form of Methadone that is the only thing that helps, I know what a lot of you are thinking and no we do not do drugs or anything that the stigma of methadone has with it. I paid for her meds no problem for a while while she was filing for disability which many of you know is a very lengthy process. While I was working there I heard rumors that there was a commission system set up for vip hosts that includes giving the surcharges of the bottle sales to the vip host. I asked each manager and none of them could say one way or the other (strange right?).",0,assistance,715,140,test,distilbert,0,1,0.91099966,0.08900035,1.1085252,-1.2173771
630,"However, because the other couple’s share comes out to just under what they owe me, my fiancé and I had planned to keep their share and forgive the rest of their debt. I tried to deposit the check, but since it has all four of our names on it, I was told all four of us have to be present. So I had to get in contact with them. Obviously they weren’t happy that I wanted to keep their share. The way they see it, because they paid the deposit in the first place, the money is theirs.",0,relationships,483,98,test,distilbert,0,1,0.97462535,0.02537463,1.7666602,-1.881643
631,"It’s why I was okay with paying so much rent for them in the first place. But I don’t have a job anymore. I’m trying to get one again, but I have historically had a hard time finding employment. I have my own rent and bills to pay. I need to get into therapy, and I want to go back to school someday.",0,relationships,300,63,test,distilbert,1,0,0.014936615,0.98506343,-2.1045108,2.0843794
632,"But whatever. I got paid today, so food is no longer an emergency and I wouldn't feel right accepting your gifts of compassion. Thank you all so much thoughfor your efforts. I'm in no way in a good position financially at the moment, but at least for the time being I'm not in pain. Thanks again and god bless.",0,food_pantry,310,59,test,distilbert,0,1,0.9645076,0.0354924,1.6925683,-1.6097307
633,"But it took me months afterward to end it. I remember him screaming at me, calling me stupid, calling me a moody bitch when I got frustrated at him for screaming and insulting me, threatening to break up with me, holding his “love” for me over my head when I wasn’t doing things his way, getting drunk and high and cheating on me and then coercing me into helping him fake a piss test, and on and on and on.... And the whole time I knew he was being an abusive asshole and I *still stayed. * I had absolutely no reason not to leave him, and it was 100% in my power to end things between us. But I didn’t.",0,survivorsofabuse,604,121,test,distilbert,1,0,0.018354423,0.9816456,-2.0428586,1.9365009
634,"I needed to run some errands, but it was a Saturday afternoon when stores were usually too busy for me, but I felt so great I decided to try it. I went into a busy store and actually waited in line to pay infont of a very obnoxious couple who didn't understAnd personal space. I was totally fine. I couldn't believe it. In other situations i'd have to avoid the store all together or walk around the store until the line went down or I'd get dizzy and start freaking out, get to the point of feeling like I'm going to pass out.",0,anxiety,527,103,test,distilbert,1,0,0.09814622,0.90185374,-1.0102192,1.2077748
635,"This is a long shot and kind of awkward to admit, but I'm a college student who lives 1500 miles away in Ohio. After months of looking for a job, I finally got one but not in time to pay my rent because of that I got a ton of fee's added to my rent for being late. I have been served an eviction and have pay over $1000 by august the 15th. While I have half of that I' am trying to pick up some web design clients--- I was a web designer before I went back to school. I also have experience being a virtual assistant.",0,assistance,517,108,test,distilbert,1,0,0.23812357,0.76187646,-0.45834494,0.7046498
636,"I am the caseworker of about 300+ homeless men in my city. This number fluctuates, and I help them with anything and everything. If our shelter doesn't offer it, I usually know where to send them or find out for them. I am here to offer a few basic tips just to help anyone out. You are more than welcome to message me about any questions you have.",0,almosthomeless,348,68,test,distilbert,0,1,0.98568916,0.0143108275,2.0653033,-2.167021
637,"I am not, except the one that exists in my mind. We, our nation, are at a very precarious point in our history. All generations have said that, I am sure. But we surely can't feel comfortable when million dollar high rises go up around homeless encampments. Anyway, that is my rant/prayer/I don't know what.",0,homeless,307,55,test,distilbert,1,0,0.13776122,0.86223876,-0.8769885,0.95702183
638,"I fully expect to be asked for a higher deposit due to my rental history in the past three years. It is hard to decide. Do I take the bit of cash I've stashed to rent a storage and a truck to move stuff out ASAP? If I do that, I get a bit of the rent back plus my deposit. Once I store stuff.",0,homeless,292,65,test,distilbert,0,1,0.8147076,0.18529241,0.6807464,-0.8001477
639,"My boyfriend and I are out of options, night has fallen and we have no place to stay for the night. We're terrified beyond all reason. Neither of us has been this bad off before, and all nearby shelters have closed their doors for the night. All we have are two suitcases with our clothes and our phones. Where do we sleep in the city?",1,homeless,335,65,test,distilbert,1,1,0.02377988,0.97622013,-1.789773,1.9250753
640,"So to the point, I’m almost 30 and I’m starting to think maybe I *am* this anxious person who says stupid things and gives off the ‘Don’t mess with me’ vibe I apparently give off when I’m anxious. I’m painfully awkward. I unintentionally say really rude things and I don’t even realize it until way later. I’m socially inept and it’s frustrating that all this work I’ve continually been doing for my mental health has been for nothing. I feel like I should just succumb to accepting that the good times are few and far between and this person I am when I’m unstable mentally is just who I am.",1,anxiety,592,110,test,distilbert,1,1,0.011601516,0.9883985,-2.209635,2.2353148
641,"I picked at it yesterday and made it worse. What do I do about this? I'm still convinced there's something there but nothing I've tried has worked. I've tried flossing and even using a small needle to dislodge whatever I _think_ is in there but it still hurts long after it's healed and it still bothers me like crazy. FYI I have trich and dermo as symptoms of OCD, anxiety, and body dysmorphia and is the main reason why I pick at myself",1,anxiety,438,83,test,distilbert,1,1,0.01479697,0.9852031,-2.052387,2.1460383
642,"They have changed since we first met. I don't feel attracted to the person they actually are compared to who they seemed to be when we first met. I know as you get to know people more, you learn more facets of their personality, but they just aren't a great person honestly... When we first met, they were incredibly sensitive and sweet. They portrayed themselves as a feminist (which is important, but not an end-all be-all for me), they were very in-touch with their emotions, and just came across like someone I'd love to be around.",0,relationships,535,96,test,distilbert,0,1,0.9857201,0.014279975,2.015763,-2.218751
643,"I don't know what to do. We have two weeks. My girlfriend is a single mom with two kids, but her ex-spouse is primary and she pays him child support. We are both struggling to get sustainable work, currently jobless, will lose the kids, and simply can't get funds to continue living in the rental we're currently in. Time is ticking and I'm very scared.",1,assistance,353,65,test,distilbert,1,1,0.017041547,0.9829585,-1.9847553,2.0701573
644,"I then confronted my parents and finally the walls came tumbling down. It wasn't the first time I asked them about it, I did so on at least 3 different occasions throughout my twenties. Well after 2 weeks I got written confirmation, when my parents handed me a note from 1986, where they wrote down, what I told them, when I talked about it afterwards again and again. I addition to this, the memories came back from when I was about 12-15, when my parents used to lock me up in my room and bathroom and made me learn my latin vocabularies on my knees, only being allowed to eat, when I was finnished. That was something I kinda always knew happened, but I thought it was just on a few occasions and well - I was such a rascal, how else could they have handled me?",0,ptsd,764,147,test,distilbert,0,1,0.9631427,0.036857232,1.6016572,-1.6614925
645,I'm living in my car right now which sucks because the radiator just got a hole in it and now I can't keep the AC on at night. I'm working a full time job but I'm not making enough to rent an apartment or even a hotel. What I need is some food. Something portable that won't need refrigeration. I'm former Army so I'm used to MRE's but I don't have anywhere local to get them.,1,almosthomeless,376,76,test,distilbert,1,1,0.013180369,0.9868196,-2.1317747,2.1839838
646,I don't post that much so sorry about the formatting! As a preface my mum has always been protective of me. But the main drama started on boxing day (26th December). She misunderstood me and thought I wasn't going to see her before I moved back to University so she locked herself in her room and began to cry. She even told me to pack up my stuff and move to my boyfriend's.,1,relationships,375,73,test,distilbert,1,1,0.4341688,0.56583124,-0.088511,0.17635155
647,"I'm stuck on my couch alone with bronchitis.  I'm passing out to sleep every hour, and obviously not safe to cook or drive to one of the few open places on this holiday. Due to my bad financial situation after a job was delayed by a month, and another large medical bill, ordering out isn't possible. If anyone in the San Bernardino area would be willing to drop by some soup or hot easy to eat food, I'd appreciate it so much. Thank you and Happy Christmas Eve.",1,assistance,462,88,test,distilbert,1,1,0.022607114,0.97739285,-1.8618271,1.9047967
648,"My boyfriend and I got into a really bad fight the other night and it ended with him throwing a full waste bin over my head while I was sitting on our bed. To clarify- he threw the trash in the waste bin over my head, the actual bin didn't  hit me. Although, even so, I know it's not great. He's apologized but I'm still feeling really shaken up. I'm not sure what to do.",1,relationships,371,75,test,distilbert,1,1,0.01440889,0.98559105,-2.0666912,2.1587052
649,"I did do a couple years of college but in the midst of it, I developed a physical disability (blood clots in the legs) and was forced to drop out. Naturally, this difficult transition wasn't made any easier when mom began calling me to claim I was faking being disabled because I'd seen the actually disabled people in/around my life, how easy they had it not having to work, and I just wanted to do that. For financial reasons, I haven't been able to return to college, but I genuinely want to if it ever becomes feasible. Last year, I finally found a decent therapist and started seeing her every other week. That has helped some, keeping my depression in check and teaching me techniques to rein in my anxiety.",0,survivorsofabuse,713,130,test,distilbert,0,1,0.90237945,0.09762051,1.1359416,-1.0880058
650,"I still have issues with writing, driving, standing up to people/for myself, and with the aforementioned complex PTSD. It's generally triggered by loud confrontation. I do have a great fiancee these days. She has helped me a ton. It's the first genuinely healthy romantic relationship I've ever had.",0,survivorsofabuse,299,48,test,distilbert,0,1,0.96940607,0.030593943,1.6652191,-1.7906626
651,"When I was 17, my mom turned her attacks on my writing into high gear. She constantly berated me about how pointless, worthless, stupid and childish it was to write. How I'd never make it as a writer. How I'd be poor and alone. How (again) I needed to stop doing ""childish things"" like writing (and any other hobby/passion she decided to attack that day) and grow up.",0,survivorsofabuse,367,68,test,distilbert,1,0,0.028427182,0.97157276,-1.7530614,1.7785089
652,"My intelligent and self-worth were constantly, viciously attacked. Eventually, I gave up on school, I lapsed into depression (was suicidal for awhile) and just stumbled through each day in a daze. My grades went from straight A's to D's and F's at midterms that I'd barely get up to low C's at the last minute. Of course, mom used this as further reason to berate me for being ""stupid"" and ""worthless"". She also began blaming me for ""giving up on life"" at the ripe old age of 14.",1,survivorsofabuse,479,88,test,distilbert,1,1,0.029358951,0.970641,-1.7350717,1.7632875
653,"I was very interested but she kept saying ""Don't go! I want you here!"". I decided to say to hell with it and went. When I got there I met back up with an old friend of about 6 years (I'll call her Sha, to make this easy), someone who I'd been crushing on since we first met. The feelings weren't gone but they were buried under everything she had filled my mind with.",0,survivorsofabuse,367,74,test,distilbert,0,1,0.9792203,0.020779723,1.8374951,-2.0152838
654,"Almost decided to live in my car, live with a crack head, travel the country (aka: begin my homeless life, cause I really had no money and if I did it would've gone to beer). I was losing my mind. After being heavily suicidal for a week I decided I can't live like this anymore - but I don't want to die right now. I planted a thought in my head. 'if you ever want to overcome this, you need to begin to change'.",0,anxiety,412,84,test,distilbert,1,0,0.015093411,0.9849066,-2.0344374,2.143851
655,"**I've been sober for a week and the change is awesome! ** I laugh, I stay active, I speak clearly, I look people in the eye, I get things done as I want to get them done - immediately. Living a different reality. If anyone here is being controlled by these substances I just want to remind you that they are holding you back. These coping mechanisms are making you doubt yourself and not allowing you to progress - not allowing you to know yourself without them.",0,anxiety,463,87,test,distilbert,0,1,0.9729149,0.027085207,1.7535617,-1.8277471
656,I'm a single dad of two daughters (3 and 4). I live in a privately owned apartment with them and the AC went out but is getting fixed tomorrow. I live paycheck to paycheck and can't afford to get a hotel. They are at daycare until 4 when I get off work. I live in Mesa AZ and its been over 100 degrees for weeks.,0,assistance,312,65,test,distilbert,0,1,0.7471283,0.2528717,0.5080046,-0.57535017
657,"My car broke. Again massive stress, helplessness, and hopelessness, as if the walls are closing in on me. I knew a bit of mechanic work and decided to fix the car myself. After a few weeks of investigation, learning, part orders, etc, etc I did fix it. But it wasted a lot of my time though.",1,ptsd,291,56,test,distilbert,1,1,0.018454028,0.981546,-1.9810989,1.9927473
658,"About a year and a half ago, we reconnected at a mutual friends wedding. It seemed like we really hit it off! Talking to her felt incredibly natural, and it seemed like we had a great back-and-forth rapport the entire time! As the wedding reception wore on, more than one person who knew the two of us from 8th grade said I should ask her to dance again, just like in the old days! Needless to say, I jumped at the opportunity and asked her to dance at the first slow song.",0,relationships,473,92,test,distilbert,0,1,0.98564607,0.014353893,2.0445087,-2.1847675
659,"I've been dating this guy for a few months, and we've recently become official. He's wonderfully kind, intelligent, and we get along incredibly well. We have some deep conversations about our lives and the struggles we've endured, and I admire him. I haven't told him about my PTSD, mostly because I've been doing really well with managing it; this time last year, I was having panic attacks, flashbacks, hypervigilance, etc but I've been doing so great this year. My ex was the first person to know about my abuse, mostly because I was still suffering and couldn't hide it.",0,ptsd,574,99,test,distilbert,0,1,0.9756655,0.024334455,1.7853899,-1.9058366
660,"And I can't accept it anymore. I can't allow it anymore. It's time to come clean about the pain it causes me to have this sorry excuse of a man be so close to someone that is forever connected to me. Any suggestions, personal experiences, or strategies you used to help relieve the anxiety that is experienced before and during would be GREATLY appreciated. Thank you for taking some time to help.",1,survivorsofabuse,397,72,test,distilbert,1,1,0.013830147,0.9861698,-2.10212,2.1648579
661,"Yep, you read the title correctly. I get anxiety from my dog, more specifically leaving my dog alone for extended periods of time. I got him when he was a puppy and at the time I lived at home with four other humans and my parents two dogs. We all worked different schedules so he wasn't left alone very often, and even when we were all gone there were other dogs their with him. A little over a year and a half ago my bf and I moved in together and my dog had some really bad separation anxiety at first.",1,anxiety,505,101,test,distilbert,0,0,0.7640102,0.23598981,0.6666874,-0.5081051
662,"The judge had to postpone the court date. As of this morning janes mother appeared at the house and gave jane the NEW lease showing that jane is no longer on the lease and wants her out. She left almost immediately, to avoid the police that were called right away. And now she does not know what to do .... I wish I can help but I dont know either.",0,domesticviolence,348,70,test,distilbert,1,0,0.048353426,0.9516466,-1.4217634,1.5578933
663,"Their plan is so bad that some days I want to go out and be homeless on my own, with my own plan but I feel that it would be a bad decision to be on the streets. We've stayed at a couple of relatives places but my mom always messes it up (she's r/raisedbynarcissists material) so we left the first time (her brother) but the second time (her sister) we got kicked out. This was mostly a rant but I'd like some advice - any advice would be nice. Tell me I'm not crazy for wanting to leave California. Should I even try to convince them?",1,homeless,535,107,test,distilbert,1,1,0.014440786,0.9855592,-2.070532,2.1526206
664,"As some of you probably know, I created a political survey last week about the correlation between one's political affiliation and one's favorite characters on The Office. I have gathered together all the answers, and I am going to reveal the favorite and least favorite characters of Republicans, Democrats, and Independents. I am going to start by revealing the Top 5 Favorite Characters on The Office for each political affiliation. Republicans' Top 5 Favorite Characters on The Office:  5.",0,assistance,493,79,test,distilbert,0,1,0.9832773,0.01672268,1.9584658,-2.1156595
665,I've had major brain fog all day and I've been out of it all day now because of how anxious I am about how bad of a job I did and how much I embarrassed myself by crying at my desk. I work in a high pressure job and I know other people have done it but I would love to have thicker skin. &#x200B; Do anyone else cry as an immediate reaction to anything negative? Does anyone have a way to cope when your anxiety manifests like that?,1,anxiety,432,89,test,distilbert,1,1,0.012185275,0.9878148,-2.1431673,2.2520998
666,"CW: mentions of self-harm, suicide I feel so overwhelmed. The flashbacks, the panic attacks, being triggered so easily, sometimes by mere words alone. I get so entrenched in my flashbacks that I can barely medicate myself, and my friend has to intervene and give me a good dose of clonazepam to get me out of it. I can't talk about my trauma, it sends me straight into a state of anxiety and panic.",1,ptsd,398,73,test,distilbert,1,1,0.012871108,0.987129,-2.1268957,2.21292
667,"I have very strong urges to hurt myself. I've been self-harming for over six years. Sometimes I think that all I need is a good deep cut. Other times, I honestly feel like ending my life. I can't handle this constant state of hypervigilance and all the intrusive memories.",1,ptsd,272,49,test,distilbert,1,1,0.011400026,0.9886,-2.225862,2.236812
668,"At this point, my friend's family's finances are all but running out. We started a GoFundMe to help them out and would love to get any help we can. Reddit has done and continues to do amazing things. I'm hoping we can do our bit to help them out. Here's a link to the GoFundMe campaign: <url>",0,assistance,292,57,test,distilbert,0,1,0.983032,0.016968058,1.9857026,-2.0736063
669,"It’s so hard to explain. &nbsp; **PROBLEMS WITH BOB**: Balthazar’s fiance. I don’t know why, but he does not like me either. We used to be close but B got jealous so we stopped talking as much.",1,relationships,193,37,test,distilbert,0,0,0.6581106,0.34188944,0.25137562,-0.40350994
670,I know this is a subreddit for domestic violence but I'm feeling really freaked out right now and when he gets aggressive I feel like I cant phone anyone because he hasnt hit me but I'm scared of him because hes really big and mentally unstable. I'm obviously looking to move out but it's hard with full time school in the fall in a really expensive city I'm struggling to find a room that I can cover. Just dont know what to do when I feel unsafe over the possibly next few weeks while I find a place. I also have pets so I cant just leave and not be in the house and I'm worried he might harm them. I also dont know what my parents should do to deal with him because they cant live like that either.,1,domesticviolence,701,140,test,distilbert,1,1,0.010588448,0.98941153,-2.2182841,2.319063
671,"I was told by my peers, the media, so many things, that what I was doing was okay, was fine, was normal, was desired by every boy my age. I'm sure the majority of my abusers knew I was underage, how could they not? I told some of them how old I was, and most of the ones I told were okay with me being underage, although were extremely coercive, threatening, and frightening at times. I was constantly gaslight, verbally abused, and made to feel frightened and ashamed by many of these people, but I felt like I had to keep trying, like I had to be there to perform for them. All of the physical abuse (sexual and otherwise) that I've survived, happened after I turned 18, starting with my first REAL girlfriend, and the relationships that immediately proceeded her.",0,survivorsofabuse,766,141,test,distilbert,1,0,0.02297504,0.9770249,-1.8658324,1.8842713
672,"You were so kind, thoughtful, and helpful. And right. I felt so exposed and vulnerable that I forgot a few things: my husband has *never* done something he knew would hurt me. More importantly, when I am not ok, he isn’t either, even though it doesn’t show. I don’t have a family of my own that I can trust, and it sucks.",0,relationships,321,62,test,distilbert,1,0,0.049098276,0.95090175,-1.4432616,1.5203253
673,"I don't have PTSD, I know how debilitating it is for you guys who do, but I thought I'd post in here because you might be aware of the symptoms and see if there's any connection? Basically I used to be severely bullied back in school and I've never gotten over it. I have nightmares, and even like ""day-mares"", where something somebody does or says makes me remember something that happened, suddenly, and it makes me lose all concentration as I just stare into space remembering the event. Sometimes they're recurring, sometimes they pop out of some dark corner of my mind, where all the oppressed memories are. I've never fully recovered, and I've only recently got to a place where nobody takes the piss out of me for some reason or another.",1,ptsd,744,133,test,distilbert,1,1,0.013100133,0.9868998,-2.1115937,2.2103522
674,"Our current plan of action is to both apply to be Uber / Lyft drivers and rent or lease a car through one of those two companies. It's a way to make money, and sleeping in a car is infinitely better than sleeping outside. My girlfriend is waiting for the background check, and I need to get a CA driver license before anything (working on it). I'm also using the local library to apply for jobs. I'm a software engineer by trade with many years experience and have had $100k+/yr jobs in the past.",0,homeless,496,94,test,distilbert,0,1,0.9840348,0.015965212,2.0178423,-2.1034067
675,"On a side note, the mere idea of my significant other interacting in any way, hostile or friendly, with my brother makes me wanna freak the fuck out, so there’s also that. (But it doesn’t take much for me to wanna freak out either). Should I just continue to struggle privately to put this all behind me somehow? Also, is it selfish to feel the need to distance myself from my family right now while I’m trying to finally heal? (Like, moving far away so I have a non-hurtful excuse to only see them once every couple years)..",1,ptsd,525,98,test,distilbert,1,1,0.019449199,0.98055077,-1.9601375,1.9601711
676,"I have GAD with obsessive thoughts ( ocd) that are health related ( hypochondria ) And I am 18, I have been single my whole life, have never had a girlfriend or a kiss or anything of the sort. In elementary school I liked 4 girls throughout my time there and they all just ended up as friends and I never confessed my feelings. In middle school I liked the same girl for 2 years who rejected me. Then I liked two more girls, one who ended up as a friend and another moved. Now in high school I’ve liked about 11 girls, and no luck at ALL with any of them.",1,anxiety,555,112,test,distilbert,1,1,0.057338856,0.94266117,-1.4091215,1.3906068
677,"I have a presentation to give on Wednesday as part of my Biology course. It's by myself and I've already jumped to ""would it be so bad if I didn't do it?"" because the thought of doing it feels worse than missing out on 20% towards the module... I can't see my doctor before then because there's no appointments and I tried getting an appointment with the counselling service that uni offers but they haven't got back to me yet. My heart races every time I think about it.",1,anxiety,471,89,test,distilbert,1,1,0.01701232,0.98298764,-1.9447763,2.1118824
678,"However, over the next day she changed her mind and is now convinced that she has given us enough chances, that nothing would change (in terms of me and my issues) if we tried again. The kicker is that she still loves me, she’s still attracted to me (we got onto normal conversation, joked around as usual, even had sex twice in the last couple of days), she comforted me as I bawled about her leaving. We’ve been texting a fair bit since she went, some normal and some more serious conversation. She is now back with her mother, she has taken enough clothes for the week and will come back next weekend to pick up the rest of her stuff. We’re also seeing each other on Tuesday as we have Pokémon Go plans that we can’t miss (don’t judge us).",0,relationships,742,141,test,distilbert,0,1,0.98408914,0.015910879,2.001438,-2.1232755
679,The belt and plugs are a week old. The alternator is 2 days old and the battery and cable were replaced a few hours ago. The warning light is still on and even tho the car started the alternator isn’t putting out enough power. The car has been sitting for 24 hours now. Does anyone know what the issue could be or know anyone who would?,0,homeless,336,66,test,distilbert,0,1,0.9566275,0.043372564,1.5185261,-1.5750608
680,"So I met this girl last year, in November. Although we only dated officially for around a month, the feelings became very intense. Around the week before Christmas, she confessed she had been cheating on me with someone. At the time she was very distant towards me, and of course the cheating explained that. She and I met up last week to talk, I thought I would get closure but all I felt afterwards was a deep sense of regret.",1,relationships,428,80,test,distilbert,0,0,0.9053531,0.09464693,1.0784765,-1.1796949
681,"I've mostly come to terms with it but every time i see his name or face or his girlfriend's it comes back. My question is, when the justice system fails, how do you deal with living near a child molester when you can't just pick up and leave? The only thing that prevents me from making sure he dissapears is the risk of getting caught and how that would hurt my family even more. It's just so hard seeing him walking around free after what he did and what i have no doubt he will do again. How do I deal with this when I am already prone to depression?",1,survivorsofabuse,553,110,test,distilbert,1,1,0.011747944,0.9882521,-2.236798,2.1954613
682,"I’m going to be posting something similar in the anxiety subreddit too but I wanted to talk to you guys about this too. I was formally diagnosed with PTSD, depression and anxiety last year. I’m on medications for this too. I’ve been having a rough week. I haven’t been able to sleep and any sleep I’ve had has been very rough, just the complete opposite of restful.",1,ptsd,365,67,test,distilbert,1,1,0.019727157,0.98027277,-1.9504949,1.9553399
683,"It’s been 12 hours since it’s started and I genuinely can’t get it to stop. It’s been so bad that my tongue is actually really starting to hurt. Has this happened to anyone else before? ? I hope I explained that clearly enough but if you need more descriptions, let me know and I can try to explain it better.",1,ptsd,309,60,test,distilbert,1,1,0.01524928,0.98475075,-2.0449083,2.122948
684,He told me to never talk to him again and that he found someone else. I was so hurt and depressed. I've tried to talk to him and ask him what I've done to make him feel this way and he just continued to curse me and belittle me. He then ignored me and posted pictures of him and a girl all over his Instagram which he knew that I would see. I wanted to make him jealous too so I posted pictures of me and my friend on Instagram with heart emojis.,0,relationships,446,93,test,distilbert,1,0,0.020304343,0.9796957,-1.9457299,1.9306774
685,"-What are you gonna do with that strange looking super shiny thing over there? -That's not really going anywhere *near* me, **is** it??? ? -Wish I could go on my phone right now and play a silly game to distract myself but I've just got to sit here while Dr. fiddles around in my mouth. -I love the way the drill makes a sound like kittens.",0,anxiety,340,66,test,distilbert,0,1,0.87481034,0.12518962,0.9776567,-0.96652085
686,"I don't know why this happened, but I use to have these really bad panic attacks up until about a decade ago. Since then I've been having what feels like one long one. For 9 years I've been in a constant state of panic. It's not as severe as the full blown ones but I'm always short of breath, jittery, with an increased heart rate, a bit warm and super aware of my surroundings. At times I feel like I'm one loud noise away from pulling a seizure or losing consciousness and if I take my mind off my breathing I would stop.",1,anxiety,524,103,test,distilbert,1,1,0.012984569,0.9870155,-2.123614,2.20731
687,"My mother has always been a difficult person to talk with. She is extremely stubborn, and I have never seen her consider another person’s suggestion or opinion. She usually considers helpful advice or offers of assistance to be personal attacks. When having a conversation, she doesn’t listen to the other person, but only waits for her next turn to speak. She tends to obsess about a single topic and will refuse talk about anything else.",0,relationships,439,75,test,distilbert,0,1,0.927804,0.07219605,1.1599941,-1.393441
688,"My mom has a degenerative neurological disease, and can barely walk, bathe, or feed herself anymore. Her most problematic symptom is a movement disorder, but she also has declining mental capacity (but not much confusion/forgetfulness). She either needs to receive in home care or be moved to an assisted living facility as soon as possible. My brother and I made an appointment to have her assessed by the regional health authority at the end of the month. She moved back to her hometown a few years ago, and my brother and I can’t take time off work or afford travel, so we can’t be there.",1,relationships,591,105,test,distilbert,1,1,0.16949332,0.83050674,-0.7254765,0.86374605
689,"I don't know if that's true or if my brain just can't find where all of that is supposed to fit in with this. I don't know if anyone knows what to advise here or if anything even could be, but it's just all so much. I feel like I have poison blood. TL:DR - one more straw added the family history of sexual abuse but my brothers abuse has thrown off my memories of my own childhood. It's all too complex and of course no one in the family will talk to me about it and my SO has no clue how to help me either, and I don't blame her.",1,survivorsofabuse,531,112,test,distilbert,1,1,0.011930707,0.98806936,-2.1690118,2.2476256
690,"aaaa sorry I feel so dumb for messing up like that, I hate when people lie and I really hope I don't come across like that to you but now I just sound desperate? I'm s o r r y I don't think he'll be online for a while but maybe in a few hours you could try and talk to him about it hello?",1,anxiety,288,65,test,distilbert,1,1,0.011398076,0.988602,-2.2025816,2.2602656
691,"All I have from them is a roof over a head and sometimes food that suits my diet. They won’t talk to me about my problem, they won’t lend me a hand to find a job, they won’t support me with my uni, they won’t even lend me a car to drive to doctors. All I keep hearing is to: go talk to doctors if I’m ill and get antidepressants if I’m depressed. Not realising that neither one will solve my problem. So I thought that maybe someone could help me out with this, maybe someone has similar experience.",1,anxiety,499,99,test,distilbert,1,1,0.054661263,0.9453387,-1.4081693,1.4422187
692,"It was one week before the start of my second year of my bachelor’s degree. The first year was wonderful. The second, I was dead because of him… That night, we (my best friend (J), her boyfriend, and L) went to a party at N’s. I don’t really like to drink, so I stayed clear the whole time.",0,survivorsofabuse,290,58,test,distilbert,0,1,0.9768197,0.023180284,1.8029568,-1.9380431
693,"I’m onto new studies now, erasing my ancient life, my life related to him. That’s how i’m reconstruct myself for now. I plan to see another therapist, someone who could help me without any conditions. I just need help. Thanks for reading, it was difficult, but felt good to finally write it down :)",0,survivorsofabuse,298,54,test,distilbert,0,1,0.9586688,0.04133115,1.5625334,-1.5813959
694,"Hi everyone, also posted on r/rapecounseling. Sorry for my english, it’s not my mother tongue. Past few months were pretty rough and I think i’m finally ready to write it down, like if I needed it… I was raped by a “friend” (let’s call him L), the exact day I met my actual boyfriend (let’s call him N), 5 years ago. L wasn’t really a friend of mine, I never appreciated him, but he was closely related to my best friend at the time.",0,survivorsofabuse,433,84,test,distilbert,0,1,0.6836032,0.31639677,0.3483288,-0.42205185
695,"I remember thinking “What the hell is he doing ?!”. This guy was so tall, so much heavier than me… He grabbed me, was on top of me, told me to “shut my fucking mouth right now”. I tried so hard to move, but I couldn’t… I remember him spitting on his dick, and then he penetrated me, his hand over my mouth. It was so violent, so painful. I can still feel the sweat on his cheek...",1,survivorsofabuse,380,78,test,distilbert,1,1,0.027198726,0.9728012,-1.8139082,1.7631013
696,"I do feel like some of my trust has been broken. I know he will always prefer to befriend girls, and I'm not the jealous type, but I just need some help with how to respond to him and how to process this whole scenario. What is the best way to process ""emotional"" cheating from the past?   ---   **tl;dr**: My (33F) husband [33M] of 10 years had private chat giving each other sexual advice with female friend/ childhood friend and hid it from me for 2 years.",1,relationships,459,87,test,distilbert,1,1,0.07241819,0.9275818,-1.1951151,1.3550084
697,"Save yourselves, and get a doggo if you can. *Make sure you have the financial stability, and get a dog that’s on-par with your dog experience. It’s important to remember they are a ton of work, large puppies especially, but the distraction is part of what helps. A lot of people get large, active, intelligent dogs as puppies and don’t understand they are a full-time job. For the protection of the dogs, if you’re a first time owner don’t get one that weighs over 30lbs when mature.",0,anxiety,484,87,test,distilbert,0,1,0.9864987,0.013501299,2.0785053,-2.212871
698,"I'm in my last year of my secondary school and we just had our mocks but that doesn't mean you can ease off the gas. I'm constantly rushing about trying to complete coursework by Christmas trying to revise feeling like I'm not putting enough effort in. my room is a tip and every time I try to fully clean it, it's completely wrecked a week later, I eat all my meals whilst revising (in my room) and the only social contact I have is at school I feel like I'm going crazy time is just passing me by and I'm not catching up i'm crying all the time and my health is just gone I'm getting cold after cold and fever after fever. I have no motivation to do anything I only revise because its all I can do. no amount of baths or trying to tidy my room helps what do I do?",1,stress,765,154,test,distilbert,1,1,0.0102962665,0.9897037,-2.2431538,2.3224702
699,"The knowledge that a small part somewhere inside my dad was ...my dad. He was never able to defeat his demons. They destroyed his life and started waging battles in mine. I'll battle PTSD until my last breath. The thoughts, fears, and distorted reality is always hiding in your mind waiting for its chance.",1,ptsd,306,54,test,distilbert,1,1,0.36032557,0.6396744,-0.28117153,0.2927798
700,day. It is getting on my nerves that she thinks that I am still the 12 year old boy who doesn't know about life. I got trouble to fall asleep since some time and if she is here I wake up between 6-8am after I fall asleep at 2-3am because of noise she make in bath or kitchen. One time she came here without telling me and I had to cancel my plans with my girlfriend which made both of us really angry. She even interfere how I painted my room after 10+ years looking like shit even if she doesn't live here anymore.,1,relationships,515,104,test,distilbert,1,1,0.01711109,0.98288894,-1.9621724,2.088597
701,"However, I've vaguely brought it up before and she said that she wants to also invest one day. My gut feeling is that she's comfortable if we both pay rent and lose money, but might feel weird if one person is benefitting and the other person is not. Unfortunately, I'm 99% sure on my stance that I will either live at home or move out when I can invest in my own place, and I'm not sure how to tell her.   ---   **tl;dr**: Friend wants to rent an apartment together, but I'm getting cold feet.",0,relationships,494,95,test,distilbert,1,0,0.029400133,0.97059983,-1.7592692,1.7376459
702,"I've Shazamed it, I googled it. When I had a podcast, I even asked my listeners if any of them could tell me any information about it. Nothing. So now I'm hoping someone out there knows anything about the band, the song title ( my guess is that it's called ""The Bus"") The song is <url>",0,assistance,285,56,test,distilbert,0,1,0.98201364,0.017986335,1.9858767,-2.014116
703,FOR ANYONE IN A DOMESTIC VIOLENCE SITUATION For anyone who wanted to know the name of Robin McGraw's (Dr. Phil's wife) domestic violence app. The app is Aspire. It disguises itself as a news app with current news stories that way if the abuser finds it he/she won't be alerted. You can preprogram your friends & families numbers & if you hit the top of the app three times it alerts whomever you programmed & let's them know you need help.,0,domesticviolence,439,81,test,distilbert,0,1,0.98442274,0.015577263,2.0096624,-2.1365805
704,"Ok, I don't normally post much and wasn't sure where exactly to post this. I am also not trying to brag or stroke my ego. I have an honest question. So, here is what happened. My youngest son (10) and I where pulling out of a store when we saw an older man standing on the roadside holding a sign.",0,homeless,297,60,test,distilbert,0,1,0.9625172,0.037482746,1.5892607,-1.6564105
705,"I'm not massively worried about it at the moment because it feels good but my question is: Is this a normal symptom of PTSD and if it continues tomorrow, should I call 111 for medical advice? I'm home alone for the next few days, should I try and stay at a friends? Thank you! Edit: Thanks for the advice, I have got in touch with my doctor and they are going to give me a call later today. Hopefully I can get this sorted out soon!",0,ptsd,432,86,test,distilbert,0,1,0.85125285,0.14874715,0.874276,-0.87018526
706,"My daughter's father I was with for 5 years on and off. He was not abusive the first year, however when he became so I left and found out two weeks later I was pregnant. Of course he begged and pleaded for a second chance, and I believed that my daughter deserved me to at least give it a shot. I came back and surprise surprise it was worse than it ever was. I stuck it out until he disappeared for the eleventeenth time on a drunken bender, I checked my Facebook to find some scumbag girl who was dating one of his best friends was posting horrific, nasty, way out shit about me.",1,domesticviolence,581,114,test,distilbert,1,1,0.10228294,0.897717,-1.0933564,1.0787555
707,"I cannot remember for a fact what age we were and for exactly how long the abuse occurred. But of course I can say for sure there is a 5-year age gap between us, me being younger and female. For some reason the age 8 keeps popping into my head as to how old I was when it happened. I may have been a tiny bit older, but I don't think much younger. I know for sure it happened on more than one occasion (so I don't believe this was experimental / curiosity adolescent sexual play).",0,survivorsofabuse,480,96,test,distilbert,1,0,0.15780607,0.84219396,-0.7343927,0.94025075
708,"My other brother is quite religious / catholic - not sure how this will impact how he reacts when he finds out. Also, my husband now finds it very very hard to be around my brother when my mom and him and his gf get together for family occasions. I don't find it totally difficult, because he's always been in my life and I've gotten so used to just burying it and forgetting about the abuse. But my husband, understandably, has a different perspective. He tries to stay ""strong"" and act as ""normal"" as possible when we get together so that no one thinks anything is ""wrong"" or asks / puts us on the spot.",0,survivorsofabuse,605,115,test,distilbert,0,1,0.78255284,0.21744715,0.67801946,-0.6025862
709,"I had been searching for a new place to live since the start of that 6 month notice but I was not capable of finding anywhere to go mainly due to not being able to afford any additional expenses nor was there any source for me to receive the money I required, and since then I have been living outside for the past 5 weeks. During my stay outdoors, I currently work and maintain 3 jobs; one that pays me officially and 'on the books', while the other two serve as jobs that pay me on the side and 'off the books'. This isn't an easy affair either as they all require me to travel to different locations around the area by walking or use of public transportation, which is one of the expenses I am forced to cover on my own and my lack of sleep does not help matters regarding my performance as these jobs. Currently, and for the past 5 weeks, I've been staying at the beach nearby my old home as this is the only area where I am not told to leave by any authority figures, such as on-site workers and police patrolling the area, and also the only area I felt remotely safe at. Recently the weather has gotten pretty bad and this place is no longer the safe haven it once was for me.",1,homeless,1182,231,test,distilbert,1,1,0.030739343,0.9692607,-1.63741,1.8135802
710,"i have horrible vivid nightmares every night. sometimes they're trauma related, but most of the time they're about murder, torture and such depraved things that I can't talk about to anyone. every morning i wake up drenched in sweat, and sometimes vomiting. i have no idea what to do. it's ruining my life.",1,ptsd,306,53,test,distilbert,1,1,0.013155281,0.98684466,-2.1326115,2.185078
711,"Also I can't think about both of them without getting angry and jealous again, but to talk to each of them is actually helping me a lot.   ---   **tl;dr**: Three Friends where one M was fallen in Love with F and F was fallen in Love with the other M, which isn't feeling anything for her as an Girlfriend. We could be the best template for an 2,5h long Teenager-Drama.  ---",1,relationships,373,71,test,distilbert,0,0,0.8521847,0.14781526,0.8305248,-0.9213153
712,"Furthermore, I told him before we got really serious that I have anxiety and depression, and if he can’t handle that then I’ll understand if we end things. But *he* chose to stay with me and help me if I wanted it. Honestly I’m just tired of defending myself to him after this fight. I shouldn’t have to. And he kept threatening to break up; then why don’t you do it?",1,relationships,367,71,test,distilbert,1,1,0.013113587,0.98688644,-2.1322181,2.188688
713,"Here's the link to my amazon wish list where the two items are: <url> If the link doesn't work, let me know. The extra $1.25 an hour doesn't seem like much but I'm the sole supporter at the moment for a family of 7 and it's going to make a small, but huge difference for us. Please and thank you!",0,assistance,296,60,test,distilbert,0,1,0.987305,0.012695042,2.080342,-2.2734253
714,"How can I keep us protected? They have already been told they are unwelcome but the person we live with tried sneaking them in while we were sleeping. I have a child at home and need to keep him protected. We cannot leave, we don't have anywhere to go, nor the money to move at the moment. What are our options here?",1,assistance,316,62,test,distilbert,1,1,0.03488092,0.9651191,-1.6130998,1.7072117
